Date,Close,High,Low,Open,Volume
2000-01-03,35.726715087890625,36.35887680258253,34.32829674932976,35.975748490648044,53228400
2000-01-04,34.51986312866211,35.89912514046215,34.404924627678774,34.80720938112045,54119000
2000-01-05,34.88384246826172,35.6692557253725,33.52373658399671,34.060116369340655,64059600
2000-01-06,33.715301513671875,34.90299963517622,33.21723455949263,34.385776259682395,54976600
2000-01-07,34.15587615966797,34.40490946874014,32.89155320591694,33.29383778211045,62013600
2000-01-10,34.40492248535156,34.84552004501921,34.136732666423434,34.76889438246831,44963600
2000-01-11,33.52373504638672,35.01793580845424,33.313014426095144,34.17505332728795,46743600
2000-01-12,32.43183135986328,33.3704962958546,32.010389960030444,33.255557732263824,66532400
2000-01-13,33.04481887817383,33.293852295806445,31.110020787335827,31.99121595742046,83144000
2000-01-14,34.40492248535156,34.9221457075701,32.41265525902831,32.85325281869596,73416400
2000-01-18,35.34357833862305,35.707550148072286,34.25166291027534,34.27081932129899,81483600
2000-01-19,32.79576110839844,34.175022089592765,32.48925866813303,33.86851964932736,97568200
2000-01-20,32.489288330078125,33.619517110428724,32.45097549006624,32.81494747017915,56349800
2000-01-21,31.79964828491211,32.872407504162155,31.646396967876388,32.79578184564429,68416200
2000-01-24,31.033397674560547,32.393503375112275,30.89930274633714,31.81402172100397,63597600
2000-01-25,31.512306213378906,31.837965304945737,30.516172521527412,30.95677011600019,59823200
2000-01-26,30.458702087402344,31.72302557027565,30.382076421773657,31.397366491353736,49365000
2000-01-27,30.267131805419922,31.014231894287885,29.807377904578104,30.61673633418506,63654800
2000-01-28,30.113882064819336,30.726887297690975,29.807379448383518,30.07556923776486,58225400
2000-01-31,29.99894142150879,30.094723482241577,29.079433638474036,29.92231577292256,73194200
2000-02-01,31.550617218017578,31.646399298217997,29.941478270650563,30.190511679171646,70196600
2000-02-02,30.89931297302246,31.857134205912185,30.80353084973349,31.39738001412512,49915600
2000-02-03,31.761337280273438,31.933745021843073,30.688577999395683,31.28242688702444,49186000
2000-02-04,32.66169738769531,33.10229506506598,31.91938608342951,31.991222661261684,55365400
2000-02-07,32.68084716796875,32.757472835420025,31.95290332718164,32.738316418557204,40005800
2000-02-08,33.696128845214844,33.715285257292855,32.62336976884644,32.62336976884644,56229000
2000-02-09,31.87628173828125,33.54289021858802,31.837968899653507,33.54289021858802,55090000
2000-02-10,32.489288330078125,32.66169611013161,31.41652880974536,31.842759154877577,54527800
2000-02-11,30.63111114501953,32.144468105905425,30.382077721076286,32.144468105905425,115559000
2000-02-14,30.53533935546875,31.186657760792425,30.362931542294838,31.028617265383005,81028600
2000-02-15,30.20966911315918,30.650266696927513,30.075574196360122,30.573641030185197,71027600
2000-02-16,29.922313690185547,30.707726533525886,29.769062403680117,30.4203803713282,65202600
2000-02-17,30.53533935546875,30.554495779154742,29.77387151395063,30.190523729120923,80343400
2000-02-18,29.13690757751465,30.669420796581825,29.07943833179963,30.650264381343483,79063000
2000-02-22,28.753786087036133,29.769076335279244,28.447283370585378,29.156070902377742,66296200
2000-02-23,28.887887954711914,29.347642139667542,28.217413101651623,28.6580108622341,75847200
2000-02-24,29.041133880615234,29.385949454395625,28.19825136692983,28.887882514490617,69733200
2000-02-25,27.98752784729004,29.026763566465593,27.73849440306364,29.02197446176893,65301400
2000-02-28,28.064144134521484,28.2365518459281,27.010541453703272,27.66185947457271,76131800
2000-02-29,27.393688201904297,28.121632363912944,27.240436799376162,28.121632363912944,58437400
2000-03-01,27.834270477294922,28.83998224608913,27.259578037983943,27.470298599064634,106889800
2000-03-02,28.619693756103516,29.2326992448554,27.930062581257648,28.140783218016107,106932600
2000-03-03,29.46257209777832,30.3054545245028,28.772941021367387,29.041130884416084,101435200
2000-03-06,27.776803970336914,29.845696955713734,27.62355263808678,29.424255792025864,93609400
2000-03-07,28.4664306640625,29.88400527317463,28.179084459512744,29.46256417316832,135061000
2000-03-08,29.2901668548584,29.481731059272125,27.891748162638216,28.753787082499972,94290000
2000-03-09,30.6502742767334,30.6502742767334,29.117760562896727,29.21354267001152,88198800
2000-03-10,30.956783294677734,31.416537502024433,30.497029087331036,30.516185512637147,85589000
2000-03-13,30.037261962890625,30.726892977344747,29.884010626345265,29.922323460481604,61831800
2000-03-14,29.156068801879883,30.420392416153256,29.156068801879883,30.228828232172443,73489200
2000-03-15,29.232707977294922,29.6158365222136,28.71548444165471,28.983674423097785,53208000
2000-03-16,29.232707977294922,29.63499294945953,28.581389450933173,29.405115822508325,77300800
2000-03-17,30.458702087402344,30.497014920216685,28.964501607642983,29.19437860452904,81161600
2000-03-20,29.845693588256836,30.573637334311883,29.577503787078662,30.267134704393968,47773000
2000-03-21,31.493144989013672,31.608083474375036,29.57750356632428,29.654129223231852,81648800
2000-03-22,31.646400451660156,32.37434428771529,30.99508228255819,31.512305534492103,93975800
2000-03-23,34.28999710083008,34.5964998682118,32.68085757207604,32.73832684096011,148224000
2000-03-24,34.23251724243164,35.247807345312935,33.581199063224766,34.51986349796408,112196800
2000-03-27,31.895448684692383,33.17892920233466,31.85713583341948,33.030466903652155,111434000
2000-03-28,31.97205924987793,32.929880078214595,31.378210336309195,31.76133866764386,81114400
2000-03-29,32.853248596191406,33.38962816510882,32.22108696139589,32.24024337457151,64363800
2000-03-30,31.684709548950195,33.293848365220946,31.416519746238404,32.54674820052381,64178400
2000-03-31,32.56591033935547,33.17891571044922,31.91459213256836,32.48928466796875,64281400
2000-04-03,27.85342025756836,29.57749716484563,27.58523051643634,28.945335632177297,260118200
2000-04-04,27.1446533203125,28.1982566601976,26.033580707342757,28.06416168966677,181244400
2000-04-05,26.47416877746582,27.125486967360057,26.320917438667173,27.048861297960734,82887600
2000-04-06,26.359233856201172,26.972239294717475,26.134145921745965,26.93392645481021,66421400
2000-04-07,27.297901153564453,27.393683262875204,26.052733732524672,26.665739232113488,82613600
2000-04-10,26.37839126586914,27.163804513436776,26.35923484519676,27.163804513436776,60685400
2000-04-11,25.707914352416992,26.378389018836216,25.5929758381737,26.09104273322798,71961800
2000-04-12,24.328655242919922,25.20985062967135,24.13709102840874,25.171537786769118,153003800
2000-04-13,24.290332794189453,25.20984066021555,24.213707138687276,24.78839955495359,94316200
2000-04-14,22.719514846801758,24.366967019504077,22.451324958222312,24.252028495827172,151217800
2000-04-17,23.255895614624023,23.294208457481723,22.37470022889692,22.75782865747392,119772200
2000-04-18,24.692623138427734,25.114064340169715,23.25589176885281,23.4474559514628,91794600
2000-04-19,24.117916107177734,24.979954411246833,23.945508446363913,24.960798004489742,53715400
2000-04-20,24.194551467895508,24.481897684853887,23.753953935225997,24.09876939557605,52387400
2000-04-24,20.420751571655273,20.84219297369694,19.922684460151487,20.612315845310576,313645800
2000-04-25,21.263635635375977,21.301948492376653,20.727255637366493,21.07207135037259,159517400
2000-04-26,20.842182159423828,21.800003030720877,20.650617985164416,21.45518751705394,107091200
2000-04-27,21.3977108001709,21.436023621657327,20.65061078118552,20.669767191928738,77669800
2000-04-28,21.378555297851562,21.761683528995857,20.91880142047841,21.685057882766998,78082600
2000-05-01,22.508798599243164,22.681206418301198,21.972418717729283,22.33639078018513,107811000
2000-05-02,21.41687774658203,22.527950116261596,21.301939225580696,22.317229494425817,97716200
2000-05-03,21.627595901489258,21.704221573416586,21.091216197997937,21.57012664754376,55354800
2000-05-04,21.589282989501953,21.838316422388843,21.24446746704318,21.550970153673198,43317200
2000-05-05,21.80000877380371,22.010729421002164,21.416880324351975,21.531818859187496,36402200
2000-05-08,21.3977108001709,21.876621068751266,21.35939797868447,21.742526193548763,36187600
2000-05-09,20.784711837768555,21.58928132826282,20.688929755566853,21.512655662501462,60778400
2000-05-10,20.286649703979492,20.80387306753704,20.15255475787198,20.765560225792036,67740000
2000-05-11,20.803869247436523,20.88049491685618,20.15255105736945,20.420740900338245,58390800
2000-05-12,21.091222763061523,21.3785691222313,20.91881494755966,20.976284219393616,37886000
2000-05-15,21.263635635375977,21.282792063876315,20.842194208368525,21.148697064373945,33899600
2000-05-16,21.30193328857422,21.646748755475603,21.167838384779238,21.321089703402073,48410600
2000-05-17,20.74639892578125,21.18699650222905,20.61230401121018,21.11037083675987,53242000
2000-05-18,20.286649703979492,20.861342330154546,20.190867599616983,20.861342330154546,53640400
2000-05-19,19.941829681396484,20.210019513807197,19.769421931989598,20.03761176440031,66578000
2000-05-22,19.673643112182617,19.99930224841154,19.1372633583938,19.960989408855195,69955000
2000-05-23,19.36713981628418,20.09508374607528,19.328826977874122,19.5778604275395,57963200
2000-05-24,20.095077514648438,20.401580126883303,19.309664570796592,19.34797739732595,85482400
2000-05-25,18.849918365478516,19.8460522628412,18.734979838859743,19.788582999531815,94348800
2000-05-26,18.83076286315918,19.194734881877412,18.50510368851655,19.022327083537196,55822000
2000-05-30,19.424610137939453,19.65448718099199,19.003168892343133,19.13726383412378,68536400
2000-05-31,19.175567626953125,19.525172131640332,19.022316337227227,19.506015720424596,54968200
2000-06-01,19.788583755493164,20.229181457696786,19.55870669347388,19.731114489988343,94507200
2000-06-02,20.324966430664062,20.459061402402657,19.922681515448282,20.229184307993638,80463200
2000-06-05,20.49736976623535,20.95712385444998,20.22917988144349,20.233968986529057,64400000
2000-06-06,21.340253829956055,21.416879516957692,20.78471759919418,20.899656129696638,99019000
2000-06-07,21.608436584472656,21.685062246119724,20.573990152237265,21.225308276237328,76310600
2000-06-08,21.091222763061523,22.106513232128066,20.91881494755966,21.9341054166262,94765600
2000-06-09,21.091222763061523,21.359412698286647,20.93797137150431,21.340256274341996,35710200
2000-06-12,20.49736976623535,21.14868805787274,20.344118403497145,21.14868805787274,49260600
2000-06-13,20.803869247436523,20.84218208214635,20.267489561498934,20.459053735048073,44289200
2000-06-14,21.608436584472656,21.76168790776679,21.301933937884392,21.397716014943224,79992400
2000-06-15,22.183135986328125,22.278918093350267,21.64675618700413,21.704225451217415,65592600
2000-06-16,22.240591049194336,22.412998731746228,21.91493209326298,22.259747458366768,68710600
2000-06-19,22.585420608520508,22.623733450943785,22.0681972358063,22.240605026711037,46604800
2000-06-20,22.968542098999023,23.06432417614247,22.604570205853918,22.642883036711297,62275000
2000-06-21,24.73093032836914,25.19068426166183,23.581545495137423,23.600701909024618,160399600
2000-06-22,24.481895446777344,25.13321347900773,24.30948773236342,24.941649351881146,87315200
2000-06-23,23.811424255371094,24.53936803791663,23.600703686739493,24.50105520725634,49811600
2000-06-26,24.366962432861328,24.558526602930993,23.7539570886384,23.7539570886384,48287000
2000-06-27,24.1562442779541,24.558529075604408,24.022149345404,24.290339210504204,31071200
2000-06-28,24.194551467895508,24.539366928245563,24.09876939557605,24.2137078823594,37459200
2000-06-29,23.658180236816406,24.194560031659208,23.619867394327635,23.983839397970964,38449000
2000-06-30,24.52021026611328,24.52021026611328,23.504920309782026,23.619858795404433,52356400
2000-07-03,24.52021026611328,24.539366680383683,24.32864612340927,24.424428194761276,15734800
2000-07-05,24.06046485900879,24.481906122462764,23.98383917474443,24.481906122462764,34824400
2000-07-06,24.80755615234375,25.037433120550798,24.06045600567085,24.175394489774373,47873200
2000-07-07,25.13322639465332,25.401416310449925,24.69262867584461,24.90813842960974,54153200
2000-07-10,24.347803115844727,24.92249555760345,24.328646701119435,24.730931410350543,52689800
2000-07-11,24.252031326293945,24.67347262896256,24.06046709780821,24.156249212051076,37164800
2000-07-12,24.615989685058594,24.826710219327577,23.65816907474503,23.98382808225164,58370200
2000-07-13,24.501056671142578,24.52021308761728,23.715643595679836,24.156241174597962,80843200
2000-07-14,24.194551467895508,24.443584855926105,24.041300152184373,24.36695919807054,51180600
2000-07-17,23.96468734741211,24.386128691651173,23.753966675292578,23.983843772150248,53992800
2000-07-18,24.06046485900879,24.366967596066225,23.73480570088526,23.792274964083532,70617200
2000-07-19,22.413007736206055,23.753956917004707,22.317225651863293,23.313359329028007,139924600
2000-07-20,22.930240631103516,23.064335605554415,22.413017158221482,22.508799282829266,54690600
2000-07-21,22.163976669311523,22.98770268208628,22.029881736999354,22.911077006479328,56100600
2000-07-24,21.627595901489258,22.106506351035076,21.455188139652762,22.087349933053243,56165600
2000-07-25,21.14868927001953,21.761694756107055,20.957125055617183,21.70422549178635,64188600
2000-07-26,20.784711837768555,21.301935081657724,20.612304089805495,21.167840166575346,85404600
2000-07-27,21.263635635375977,21.49351277738004,20.688942780365814,20.80388135136785,74337600
2000-07-28,21.35940933227539,22.010727643752848,21.340252911349584,21.74253775079154,75645600
2000-07-31,21.3977108001709,21.79999542577841,21.225303103481966,21.512649264630188,70283800
2000-08-01,21.052900314331055,21.474341448921848,20.899648992661675,21.436028618504505,47163600
2000-08-02,21.263635635375977,21.589294919881734,20.995445636371237,21.014602064871575,48269200
2000-08-03,21.531814575195312,21.570127412517724,20.880496340714313,20.89965275937552,54543400
2000-08-04,21.187000274658203,21.416877311996267,20.899653977985622,21.28278237354906,38107400
2000-08-07,21.4551944732666,21.800010098729814,21.37856877871922,21.512663744177136,52741800
2000-08-08,22.719514846801758,22.89192263231712,21.455191086355793,21.47434750696861,138038800
2000-08-09,22.757831573486328,22.94939581232039,22.41301594358502,22.60458018241908,63945600
2000-08-10,22.259756088256836,22.700353670038165,21.9915662558682,22.623728003641414,48986000
2000-08-11,22.202289581298828,22.27891525716181,21.953256134744137,22.202289581298828,35629600
2000-08-14,22.12566566467285,22.489637653961843,21.87663219831723,22.16397850565064,53427000
2000-08-15,21.953256607055664,22.374697833369122,21.914943768299896,22.068195123322973,40714200
2000-08-16,21.761688232421875,22.144816546372965,21.627593322538996,22.029878052187637,44976200
2000-08-17,21.93410301208496,22.06819796499727,21.62760026257111,21.80000805917265,36112800
2000-08-18,21.761688232421875,21.895783142304758,21.455185581261006,21.800001063816985,54438800
2000-08-21,21.646753311157227,21.70422256773552,21.474345541422345,21.665909730016658,34119600
2000-08-22,21.838319778442383,22.202291774749757,21.522238834280717,21.704224832434402,54428200
2000-08-23,21.68507194519043,21.800010489069532,21.570133401311328,21.70422836917028,36726800
2000-08-24,21.80000877380371,21.8191651962763,21.436036746824563,21.646757394023016,42405400
2000-08-25,21.646753311157227,21.972412431767555,21.627596892297795,21.665909730016658,52729400
2000-08-28,21.857481002807617,22.10651452869412,21.49350892651196,21.512665351580154,56421600
2000-08-29,21.742530822753906,22.298066852586388,21.7233744079321,21.819156482041144,59400200
2000-08-30,21.4551944732666,21.74254082781928,21.359412355082377,21.6659151332719,53498800
2000-08-31,21.3977108001709,22.068185176183416,21.35939797868447,21.72336978280555,72575400
2000-09-01,21.512657165527344,21.646752089978538,21.359405823297408,21.455187912191118,37629800
2000-09-05,21.493499755859375,21.665907507911722,21.39771767138585,21.455186922069966,50755200
2000-09-06,21.282777786254883,21.665906099238768,21.24446495495649,21.474341942746825,62960800
2000-09-07,21.474342346191406,22.08734765848233,21.28277818610049,21.455185930182314,111711200
2000-09-08,21.24446678161621,21.72337721402415,21.206153947023576,21.57012587565361,56709600
2000-09-11,21.091222763061523,21.359412698286647,20.861345675725705,21.187004882784784,48495200
2000-09-12,20.8804988861084,21.244470885040563,20.727247518136963,21.072063096072696,46781200
2000-09-13,20.918800354003906,21.072051638648624,20.593141374133882,20.708079837617422,40744800
2000-09-14,20.171710968017578,21.072062739619504,20.133398126672816,21.052906318947123,78503000
2000-09-15,19.673643112182617,20.11424076708057,19.405453235288206,20.056771507746056,99915200
2000-09-18,19.309667587280273,19.807734409968056,19.06063417593638,19.69279591242472,69037800
2000-09-19,19.922664642333984,20.152541542053225,19.424598026275635,19.501223659515382,79311200
2000-09-20,19.692806243896484,19.922683359583992,19.367146996672517,19.884370506969407,67791400
2000-09-21,19.673643112182617,19.960989408855195,19.482078914400894,19.6161738528481,48952200
2000-09-22,19.386295318603516,19.462920991799578,18.696664259838965,18.734977096436992,84476600
2000-09-25,18.773286819458008,19.46291776384626,18.52425342287336,19.386292103358677,53484200
2000-09-26,19.213890075683594,20.19086753715903,18.524258926406816,18.677510292912764,155704800
2000-09-27,18.581727981567383,19.482079749746422,18.33269451377318,19.443766908547314,106155600
2000-09-28,18.792451858520508,18.964859673736292,18.581731195478994,18.639200467217588,52360400
2000-09-29,18.485942840576172,18.792445519798157,17.968719569389066,18.69666343254129,74053600
2000-10-02,18.121965408325195,18.639188522516292,17.85377564541129,18.543406464332758,58562400
2000-10-03,17.336559295654297,18.332693089437747,17.317402876543078,18.256067412992866,85374000
2000-10-04,16.991750717163086,17.33656640251702,16.70440431270148,17.279097121624694,136453400
2000-10-05,16.972583770751953,17.547276223486218,16.934270940569668,17.010896600934238,81099400
2000-10-06,17.030054092407227,17.394026002143715,16.78102068048226,17.10667975761491,61794000
2000-10-09,16.60861587524414,17.08752636760989,16.24464390104617,17.04921352822063,58323600
2000-10-10,16.723554611206055,17.030057330311777,16.493677571876763,16.531990411764976,62066200
2000-10-11,17.0875244140625,17.451496346649034,16.55114472393498,16.55114472393498,101205800
2000-10-12,16.666080474853516,17.432337048409998,16.493672745803305,17.259929319359788,90219600
2000-10-13,16.47452163696289,16.819337206108624,15.976454703752385,16.512834477979084,104521200
2000-10-16,15.440074920654297,16.49367804799423,15.191041454192131,16.397895945508782,119759000
2000-10-17,15.459227561950684,16.07223286800077,15.401758314508488,15.899825125674186,81276600
2000-10-18,15.861510276794434,16.321264197860938,14.846220367772567,15.210192221950217,110536400
2000-10-19,18.964853286743164,19.060635374049948,17.777155404139048,17.911250326368545,256993200
2000-10-20,19.980140686035156,20.26748690874899,18.73497372094188,18.79244296548465,160378600
2000-10-23,19.041479110717773,20.305802673401246,18.600881505540197,19.807735815374425,185170400
2000-10-24,18.849918365478516,19.29051605085047,18.447633522312813,19.19473394533483,94427400
2000-10-25,18.773286819458008,19.443761348724365,18.52425342287336,18.984007385798865,167603800
2000-10-26,19.75027084350586,19.941835061192627,18.6391983809226,18.69666764622863,114826600
2000-10-27,20.74639892578125,21.20615291859635,19.80773452378376,19.826890940151056,124292400
2000-10-30,21.16783332824707,21.493492302527795,20.650610251448274,20.688923071951887,110057600
2000-10-31,21.110370635986328,21.301934797837387,20.84218080939485,21.14868346835654,104474000
2000-11-01,21.340253829956055,21.47434878220892,20.976281816698275,20.995438238448685,81309400
2000-11-02,21.550968170166016,21.713797707451715,21.34024759250217,21.570124586317277,77985200
2000-11-03,20.918800354003906,21.340241386776878,20.861331122262136,21.22530292329334,68711000
2000-11-06,21.30193328857422,21.493497436852763,20.91880499201713,21.05289989581211,74851400
2000-11-07,21.608436584472656,22.02987772353152,21.301933937884392,21.37855959953146,104331200
2000-11-08,21.282777786254883,22.183129321767012,20.84218022632341,21.800001008783127,206149400
2000-11-09,21.723377227783203,21.85747214894236,20.976276952753626,20.995433370062074,91058600
2000-11-10,20.650625228881836,21.550977163721768,20.478217411572064,21.436038618848585,93744400
2000-11-13,20.363269805908203,20.88049302769515,19.740686298201695,20.439895468395157,83364800
2000-11-14,21.091222763061523,21.397725546175952,20.631468588389883,20.842189251781054,84218600
2000-11-15,21.474342346191406,21.723375754309593,21.052901193991396,21.167839690045945,60422200
2000-11-16,21.12952995300293,21.914943124420084,21.12952995300293,21.28278130352335,92128600
2000-11-17,21.16783332824707,21.455179482024178,20.77991602064797,21.282771789757913,106525600
2000-11-20,20.593149185180664,20.995433959960938,20.09508232116699,20.880495452880858,80157200
2000-11-21,20.765565872192383,21.22532009814498,20.65062731570423,20.65062731570423,59487600
2000-11-22,20.918800354003906,21.3019285656157,20.22916957310268,20.24832598368327,76343200
2000-11-24,21.43602752685547,21.589278840720386,20.995429999493826,21.148681313358747,34439200
2000-11-27,21.665908813476562,22.144819264702836,21.646752395427512,21.895785830065176,85307600
2000-11-28,20.535675048828125,21.378557233668083,20.478205808952673,21.26361875391718,127446200
2000-11-29,19.941829681396484,20.57399142922173,19.386293599974294,20.478209346217906,98280400
2000-11-30,17.585594177246094,19.022325727674698,17.470655653211807,19.003169307002317,197200800
2000-12-01,17.355712890625,18.581723514245308,17.183305146678393,17.79631045848855,109809800
2000-12-04,17.298240661621094,18.083653582026923,16.915112407764592,17.54727402662782,80407200
2000-12-05,18.35184669494629,18.543410856688944,17.853779874415387,18.14112611702937,101734400
2000-12-06,17.37487030029297,18.409316823132905,17.183306129396684,18.390160406043275,90560800
2000-12-07,16.282955169677734,16.551145019531248,16.014765319824217,16.378737258911134,145308400
2000-12-08,16.685230255126953,17.12582760973995,16.378727747570085,16.742699475293865,120939800
2000-12-11,17.796310424804688,18.00703100034059,16.85764604287204,17.010897370534515,95576200
2000-12-12,17.892087936401367,18.39015462413845,17.394021248664284,17.71968023680007,63106000
2000-12-13,17.54728126525879,18.543415136212346,17.413186321091967,18.543415136212346,98360400
2000-12-14,17.010896682739258,18.00224116847322,16.97258385237273,17.75799687488659,71201400
2000-12-15,15.076094627380371,15.938133074943417,14.635497198625925,15.645997823269274,116899800
2000-12-18,14.654659271240234,15.325133878421159,14.40562584571589,15.018631200852736,107187400
2000-12-19,13.735151290893555,14.712128579367157,13.6393692037883,14.539720822577697,120271800
2000-12-20,12.71986198425293,13.486118730292263,12.681549146950964,13.12214677592358,149037800
2000-12-21,13.31371021270752,13.830933487158028,12.355889334095467,12.489984257101154,163173000
2000-12-22,14.23321533203125,14.443935882034404,13.715992163841689,13.715992163841689,109551800
2000-12-26,14.367310523986816,14.88453370285034,14.060807899475096,14.367310523986815,66941600
2000-12-27,14.23321533203125,14.348153813851152,13.79261781838829,14.137433263847997,69003800
2000-12-28,13.658530235290527,14.175753680385682,13.447809572473984,13.830938050322246,77619200
2000-12-29,13.29455852508545,14.041659076206967,13.179619978759064,13.466966344575031,99977600
2001-01-02,13.29455852508545,13.792625559166462,13.1413071299836,13.524435617738224,82413200
2001-01-03,14.692974090576172,14.980320389609604,13.217929755537886,13.237086175473447,135962200
2001-01-04,14.846234321594238,15.478396557223412,14.367323537026682,14.654670007767216,112397000
2001-01-05,15.056941032409668,15.286817994736534,14.5780306942287,14.865376897137281,93414600
2001-01-08,14.999470710754395,15.24850406865964,14.30983987347833,14.999470710754395,79817600
2001-01-09,15.880668640136719,16.129702044626196,15.248506921048042,15.325132583967882,114965400
2001-01-10,16.206327438354492,16.493673669530992,15.55500931435443,15.631634976001497,90230200
2001-01-11,16.857650756835938,17.087527812610972,16.033924640308726,16.244645274769173,101854800
2001-01-12,16.39788055419922,16.85763421459733,16.091378113933814,16.819321409564154,73712000
2001-01-16,16.11054229736328,16.397888473891758,15.669944826686281,16.35957565035463,68462400
2001-01-17,16.22548484802246,16.819333762176765,16.110546348508723,16.436205430464312,72844200
2001-01-18,17.010896682739258,17.221617249755173,16.12970158430907,16.455360642424576,109788800
2001-01-19,18.696664810180664,18.830759742220895,18.045346568842405,18.390162108374422,209348800
2001-01-22,18.428482055664062,18.69667202321011,18.08366638310486,18.62004631819695,76673000
2001-01-23,18.56256866455078,18.677507170213634,18.064501806678418,18.3135352356146,70295200
2001-01-24,19.290512084960938,19.443763422279396,18.620037484192682,18.69666315285191,110455000
2001-01-25,18.945697784423828,19.616172427957533,18.86907211087712,19.23304406022399,85657400
2001-01-26,19.616168975830078,19.711951050907373,18.696661055088043,18.696661055088043,93080000
2001-01-29,19.769420623779297,19.807733454445536,19.462917978449383,19.482074393782504,84983800
2001-01-30,19.424610137939453,19.846051383535773,19.271358775904428,19.76942570251826,57276800
2001-01-31,18.7158203125,19.539546283265096,18.69666389457523,19.309669268167863,81898800
2001-02-01,19.118101119995117,19.19472677578668,18.505095873662608,18.639190771297844,71792800
2001-02-02,18.639190673828125,19.4246036415845,18.62003425998041,19.156413847716472,71100000
2001-02-05,18.9840145111084,19.02232735573223,18.466791108686675,18.620042487182,51399200
2001-02-06,19.175567626953125,19.558695851267874,18.9073778699328,19.022316337227227,96442000
2001-02-07,19.826892852783203,19.9418313620747,18.945697614881727,19.003166869527476,126061800
2001-02-08,19.079788208007812,19.769419107092432,19.003162552553967,19.539542140730894,88041200
2001-02-09,18.121965408325195,18.869065462156783,17.93040129195812,18.792439815609953,100575200
2001-02-12,18.00702667236328,18.217747197252642,17.528116388523834,18.02618308371686,71289400
2001-02-13,17.834625244140625,18.715820476396768,17.8154688260481,18.2752228602687,76070600
2001-02-14,17.892087936401367,18.083652047069474,17.27908278226342,17.662211003599637,61728400
2001-02-15,18.026187896728516,18.447629059032476,17.738841649703087,18.0836571461336,65627800
2001-02-16,17.566429138183594,17.853775307292377,17.202457323979136,17.470647081813997,66958400
2001-02-20,17.125839233398438,17.853783182916494,16.972587875605164,17.58559330677826,60730800
2001-02-21,17.240768432617188,17.79630430433485,16.915109473334418,16.934265882703993,63947200
2001-02-22,16.915115356445312,17.413182173282888,16.51283061976881,17.25993084502517,100816400
2001-02-23,17.39402961730957,17.623906660710137,16.646929226257726,16.68524206682449,92620600
2001-02-26,18.256065368652344,18.371003870448686,17.585590774840348,17.662216442704576,87936800
2001-02-27,18.1986026763916,18.754138968618292,17.983092907855383,18.1986026763916,99148600
2001-02-28,18.08365821838379,18.414106422056587,17.834624789528927,18.25606597682177,84608400
2001-03-01,18.193805694580078,18.236907629629094,17.240774019607336,17.949561395968974,81781600
2001-03-02,17.37487030029297,17.815467893354423,17.298244631934455,17.623903722458138,79800800
2001-03-05,17.604747772216797,17.96871970657166,17.336557925850055,17.547278519423926,49383600
2001-03-06,18.21775245666504,18.39016020862086,17.89209336963738,17.968719037173297,66781800
2001-03-07,18.60088539123535,18.734980342562487,18.17944411563579,18.351851910199247,59743600
2001-03-08,18.16029167175293,18.572154826755767,17.91125813616982,18.485950910592383,54626000
2001-03-09,17.37487030029297,17.83462431044405,16.819334204693746,17.757998642085536,103794400
2001-03-12,15.91898250579834,16.857646937548182,15.823200420925907,16.76186485267575,114376000
2001-03-13,16.60861587524414,16.78102365249581,15.938141185932095,15.995610445015984,91035600
2001-03-14,16.551143646240234,16.934271971384682,15.99560757478078,16.091389656066895,90686200
2001-03-15,16.455368041992188,17.18810125224388,16.397898770599898,16.95343506072536,71638400
2001-03-16,16.723554611206055,16.895962390703023,16.08660364806447,16.0913927530505,112848800
2001-03-19,16.646921157836914,17.010892966811486,16.282949348862346,16.7043903908329,61036400
2001-03-20,16.14885902404785,17.20246192597268,16.129702607649218,16.72355151600685,91822800
2001-03-21,15.344295501708984,16.321273117922665,15.24851338247235,16.014770336365434,124988600
2001-03-22,16.551143646240234,16.570300062497456,15.478384335835774,15.497540752092997,126363200
2001-03-23,17.336559295654297,17.47065422943284,16.666084626761588,16.838492398762572,99519600
2001-03-26,17.183313369750977,17.62391114846254,17.030061968459997,17.508972597494306,63118600
2001-03-27,17.853782653808594,17.949564749590827,17.12583872586361,17.18330798333295,95135600
2001-03-28,17.030054092407227,17.757997911880203,16.972584843501465,17.58559016516292,78681600
2001-03-29,16.972583770751953,17.528119808395076,16.723550374567104,16.972583770751953,86985000
2001-03-30,16.76186752319336,17.22162160382952,16.51283406284877,17.087526663643974,91201600
2001-04-02,17.106687545776367,17.45150319619515,16.742715470334314,16.800184745404113,75924000
2001-04-03,16.35957908630371,16.953427975853376,16.168014928384462,16.953427975853376,94187600
2001-04-04,15.91898250579834,16.857646937548182,15.650792668155528,16.35958009621153,104046600
2001-04-05,17.39402961730957,17.585593820143377,16.39789576257378,16.474521443707303,113364000
2001-04-06,17.221616744995117,17.52811937894386,16.876801281802777,17.279085988860505,92622000
2001-04-09,17.516633987426758,17.599388707429462,17.059944340086403,17.338861817429148,56295600
2001-04-10,18.29207992553711,18.417745976810064,17.709724369365883,17.76183043264317,109199400
2001-04-11,18.402423858642578,18.849917555777875,18.298212885549347,18.589390707652353,109879600
2001-04-12,19.058334350585938,19.098180021379015,18.190931313527393,18.255297756874608,87520000
2001-04-16,18.632305145263672,18.87444263336138,18.42694766509999,18.819272036852652,65857400
2001-04-17,18.843786239624023,19.036883271938454,18.402422763548934,18.54954392224063,85149200
2001-04-18,20.05447769165039,20.324199305666465,19.309675816615147,19.42921171792926,156696400
2001-04-19,20.854433059692383,21.14867521688101,20.152541963911975,20.170931367977268,159375600
2001-04-20,21.14868927001953,21.79234456272536,20.995437898497652,21.547143771348562,192919600
2001-04-23,20.918800354003906,20.986231293396227,20.505022353148977,20.87589018137771,92171200
2001-04-24,20.704254150390625,21.43372958763437,20.578586946254468,20.903478994521333,89176600
2001-04-25,21.36017417907715,21.39082398177538,20.61230683340398,20.710387605096358,76744000
2001-04-26,21.18852424621582,21.7616849595194,20.918802795594353,21.47663744327303,118737600
2001-04-27,20.572463989257812,21.357110226320724,20.2935453837339,21.311134349336204,121572400
2001-04-30,20.765565872192383,21.167083814559756,20.744110768518496,21.004637695538786,74368200
2001-05-01,21.50729751586914,21.547144370167644,20.7195855378925,20.73797729311889,83702800
2001-05-02,21.381624221801758,21.807662692384902,21.255957020478203,21.76168682998776,92864400
2001-05-03,21.004627227783203,21.510357091984368,20.88509137568126,21.22530952041133,66273400
2001-05-04,21.68507194519043,21.777023715665976,20.829928898118236,20.84218929007702,119538400
2001-05-07,21.878162384033203,22.114170777946292,21.669740449734018,21.709587298239647,109356200
2001-05-08,22.086580276489258,22.09884066313733,21.685062552090788,21.99156520300373,75084000
2001-05-09,21.577791213989258,21.853644120193355,21.412279470266796,21.83525236749302,76676600
2001-05-10,21.4551944732666,21.835257263461035,21.442934081527344,21.80154177078574,64334600
2001-05-11,21.271291732788086,21.455192918690773,21.041414665802115,21.44293252783987,51128800
2001-05-14,21.06285858154297,21.2099785167774,20.934128053605534,21.18852342878783,44968000
2001-05-15,20.9249324798584,21.240632137328326,20.842177802785674,21.068989082938117,61385600
2001-05-16,21.197729110717773,21.418409103515028,20.636828575253116,20.750233084378756,91893800
2001-05-17,20.894285202026367,21.498095799933385,20.7042550545959,21.179332761601724,106984800
2001-05-18,20.86976432800293,21.209982456772096,20.612303224301748,20.74716513867645,90605400
2001-05-21,21.084320068359375,21.452122356498055,20.76555699403856,20.85750873528819,103491600
2001-05-22,21.550199508666992,21.562459894672912,21.2038523731105,21.286607055613548,83455600
2001-05-23,21.363231658935547,21.945587104084613,21.304997751321228,21.57471921483801,93637400
2001-05-24,21.982372283935547,22.00076169618718,21.23143932511945,21.436797895125306,80781600
2001-05-25,21.734100341796875,22.037537258989268,21.565522977562637,21.9639772902458,52747600
2001-05-29,21.559389114379883,21.991558849761876,21.470505429111235,21.700382350885747,71210800
2001-05-30,21.206924438476562,21.632963042113932,21.04141268521431,21.320328950919606,86501800
2001-05-31,21.2038516998291,21.571653914609826,20.964780026378687,21.298866765321073,70682600
2001-06-01,21.559389114379883,21.66973022390597,21.056725099173928,21.33257787298914,57587600
2001-06-04,21.694257736206055,21.76781771928814,21.39388644120355,21.62376343446105,43736600
2001-06-05,22.252094268798828,22.39921658522193,21.60843910361128,21.68813045577504,89454200
2001-06-06,22.17854118347168,22.52182513636205,21.93027468180981,22.34098728151862,80022800
2001-06-07,22.583120346069336,22.59844641733481,22.092716465166177,22.104976854492527,66960000
2001-06-08,22.432926177978516,22.604566886719287,22.083513398939502,22.589240821254887,51867000
2001-06-11,22.104976654052734,22.328722326546817,21.91800981077404,22.328722326546817,47345600
2001-06-12,22.09272003173828,22.193866506186776,21.703460207683968,21.76782550821559,66714600
2001-06-13,21.666677474975586,22.160147028720694,21.65135140399265,22.08352135066624,55302400
2001-06-14,21.1180362701416,21.623766187378425,20.964784921792866,21.522619736245062,71972400
2001-06-15,20.84832000732422,20.93414275799463,20.35178695410081,20.692005258643956,108354400
2001-06-18,20.498889923095703,20.829913241886292,20.232234198316263,20.826847561593166,56846800
2001-06-19,20.633758544921875,21.10270723073811,20.489701923594346,20.906545719526477,63457400
2001-06-20,21.274356842041016,21.329525091738347,20.56633390466353,20.578594295184175,64108400
2001-06-21,21.40614891052246,21.623767900234036,21.124166968447717,21.194663623181498,69603800
2001-06-22,21.096576690673828,21.642151000680595,21.01995103278682,21.45518420836194,51092000
2001-06-25,21.10270881652832,21.39695110545698,20.771685364572384,21.179334485679426,49215600
2001-06-26,21.49809455871582,21.519549649555675,20.750227383561686,20.78700854147123,63077000
2001-06-27,21.804595947265625,21.92413178060725,21.25902166413115,21.412272972356764,69199800
2001-06-28,22.29500389099121,23.340179133605425,21.61763326087814,21.93026729842561,128975600
2001-06-29,22.374692916870117,22.500360122822027,21.88428915624107,22.25209139210546,94283800
2001-07-02,21.639089584350586,22.42067238420831,21.501164308342734,22.08351989074359,72810200
2001-07-03,21.5992431640625,21.700389604676467,21.43373144444776,21.547138272266125,28037400
2001-07-05,20.998498916625977,21.675869547687483,20.977043822915608,21.522618210204882,49242600
2001-07-06,20.247560501098633,20.964777783136718,20.128024677163822,20.934127991589442,67467800
2001-07-09,20.13416290283203,20.50809656710919,19.934935682208792,20.29047759454396,66476600
2001-07-10,19.76329231262207,20.30580098551468,19.723445470697,20.198525523465825,66562600
2001-07-11,20.382427215576172,20.459052881800144,19.67747015094374,19.68053583235303,73822600
2001-07-12,21.945594787597656,22.083522417818887,21.556337353179998,21.66974186558542,128078000
2001-07-13,21.865903854370117,22.068196780639177,21.743304631888563,21.88429560848657,58934600
2001-07-16,21.816856384277344,22.117229978020855,21.50115906273256,21.89961106200651,55990800
2001-07-17,22.013017654418945,22.071253899404056,21.498093169116714,21.65747583799301,63241000
2001-07-18,21.629898071289062,21.914945710430473,21.41534709061501,21.639092779256476,57590800
2001-07-19,22.242902755737305,22.37469902159349,21.82912454288703,21.82912454288703,76549400
2001-07-20,21.2038516998291,21.27128265150577,20.82378909943176,20.85137321324706,124203600
2001-07-23,20.563261032104492,21.222242176974547,20.336449732857208,21.222242176974547,79999400
2001-07-24,20.327255249023438,20.83911410309099,20.13722276797908,20.53567714040352,67530200
2001-07-25,20.68280029296875,20.69505834141266,20.10963948338374,20.30886667782781,74065400
2001-07-26,20.410011291503906,20.633759265332408,20.075924509892435,20.572459667849675,77974000
2001-07-27,20.066728591918945,20.305800281461373,19.937998041923727,20.244500687681636,65396000
2001-07-30,20.167879104614258,20.49890025176578,20.08818774584163,20.121903230767355,42196400
2001-07-31,20.28742218017578,20.65522462474379,20.183210006541934,20.23225157964749,59031600
2001-08-01,20.373239517211914,20.477449336673494,20.155622830897528,20.474385992640315,55679000
2001-08-02,20.67361068725586,20.701197152254363,20.3088739848619,20.600050677977407,54198400
2001-08-03,20.501970291137695,20.646026968542078,20.229183010345363,20.627637550466822,43260400
2001-08-06,20.26901626586914,20.572455526078773,20.131091030086058,20.391617774581484,27831600
2001-08-07,20.336458206176758,20.5510115470151,20.226117022529735,20.24144309631481,31347800
2001-08-08,19.879764556884766,20.609240113448827,19.766357720340924,20.385494460435492,54996400
2001-08-09,19.92574119567871,20.091252934405926,19.708124559138305,19.91654648882109,45536200
2001-08-10,20.082059860229492,20.186272014893248,19.27902412346811,19.852182789612062,51756400
2001-08-13,20.17707061767578,20.22610982716753,19.84604718449505,19.99623283275253,32675400
2001-08-14,19.827655792236328,20.256757601528523,19.75409347770383,20.1525478302517,36481200
2001-08-15,19.370969772338867,19.93800043662444,19.370969772338867,19.83378830856671,39503000
2001-08-16,19.80620574951172,19.83378987066929,19.217719944634418,19.26063013649958,43905600
2001-08-17,18.966384887695312,19.6560147020084,18.84991354976377,19.54873923892333,52234200
2001-08-20,19.217716217041016,19.23304111556105,18.727311279896227,18.898953183279126,48371200
2001-08-21,18.629228591918945,19.37096552926043,18.607773502375753,19.21771422154352,47111800
2001-08-22,18.592451095581055,18.74263791171299,18.108177506327266,18.73650771827752,78107200
2001-08-23,18.120426177978516,18.859097103434472,18.083646207986305,18.59550478519295,51813200
2001-08-24,19.018491744995117,19.088987223627804,18.15415424980833,18.26755991811178,63399000
2001-08-27,19.098186492919922,19.420014141850157,18.871373946796457,18.972520414034204,44562800
2001-08-28,18.61697769165039,19.294348493712473,18.56793729804443,19.107381627709994,47422800
2001-08-29,18.466785430908203,18.788612992956576,18.24916882096467,18.711987327268158,48170000
2001-08-30,17.452266693115234,18.285954572535783,17.323536095436307,18.095923189155595,97632000
2001-08-31,17.485979080200195,17.79554746690073,17.256102051531794,17.424678305378947,57900800
2001-09-04,17.194793701171875,18.108172388248132,17.185598998224876,17.528881549082254,67189200
2001-09-05,17.69746208190918,17.896688086629833,16.977180211632188,17.2193175659931,89470600
2001-09-06,17.170276641845703,17.896687512406498,17.133496655406024,17.335788334646296,112356800
2001-09-07,16.98025131225586,17.580996368383527,16.9526660204329,17.197867964850815,89863800
2001-09-10,17.64842414855957,17.761829808107407,16.765696139145206,16.83312593090114,84471800
2001-09-17,16.21706199645996,16.88830266181481,16.183346503682333,16.55728026835739,127502000
2001-09-18,16.64922523498535,16.857647147804492,16.29674669057256,16.370307847126636,83182600
2001-09-19,16.51129913330078,16.765696920296463,15.509035223987622,16.69213576224502,126950200
2001-09-20,15.558074951171875,16.125105589883805,15.530489664215997,16.045414241249098,117983200
2001-09-21,15.236248970031738,15.509036186559682,14.558878282147631,14.687608855208678,184976600
2001-09-24,15.941202163696289,16.076064076738746,15.285286685874624,15.524359545715885,85580200
2001-09-25,15.723587989807129,16.24464280416095,15.374175105244857,16.02089597754151,84940600
2001-09-26,15.40788459777832,15.876833163751671,15.187202369454608,15.787947136319671,58524400
2001-09-27,15.3128662109375,15.533548408022753,14.712121529110279,15.355776378323105,81191200
2001-09-28,15.683738708496094,15.812470418564786,15.012498382868836,15.208659875149968,116641200
2001-10-01,15.873773574829102,16.091390190122034,15.450799562451436,15.61324560355533,69999600
2001-10-02,16.259973526000977,16.413224928073024,15.80328500258691,15.824740105339764,80860800
2001-10-03,17.234649658203125,17.44920181911279,16.06074472238765,16.085264334631926,97199200
2001-10-04,17.299001693725586,17.899747517564112,17.22850625489651,17.446122762049004,101778000
2001-10-05,17.691335678100586,17.777156057332018,16.839257403045043,17.213191059779092,80844400
2001-10-08,17.789411544799805,17.976378321659727,17.390958390575115,17.40934779865009,60605800
2001-10-09,16.7227840423584,17.64535645130086,16.60937722655139,17.623901360572994,99477600
2001-10-10,17.01396369934082,17.08752485892801,16.244642466783578,16.428543611929104,86349200
2001-10-11,17.262235641479492,17.421617219679653,16.731985998021493,17.09059367206041,83742600
2001-10-12,17.280622482299805,17.360312669517413,16.719721982383753,17.072200553619908,63307000
2001-10-15,17.79555320739746,17.930414020135636,17.118181122477516,17.133507198037993,68437000
2001-10-16,17.915077209472656,18.05606812490545,17.535013470898786,17.73730514019377,66169000
2001-10-17,17.173343658447266,18.175607496532614,17.158018759296667,18.120436924218566,73710600
2001-10-18,17.39402961730957,17.648427439896114,17.010901211641958,17.2683635470192,78348000
2001-10-19,17.74650764465332,17.780221961121754,17.050746342141714,17.59325628733927,91219600
2001-10-22,18.439199447631836,18.44532964096102,17.61470773690128,17.746503970441662,72323600
2001-10-23,18.521957397460938,18.831524595681564,18.206260005218173,18.53421778550521,80325000
2001-10-24,18.794740676879883,18.88669122958497,18.273685985931444,18.543408620519116,79141400
2001-10-25,19.174806594848633,19.187065812494666,18.25836313825768,18.577126181351474,75318200
2001-10-26,19.064464569091797,19.502763440754475,19.02768457942644,19.101244558757152,64509400
2001-10-29,18.279815673828125,19.06446278495182,18.24916588017781,19.033811822086825,55129400
2001-10-30,18.046875,18.249166686993796,17.83538743913281,18.05913421647331,57395600
2001-10-31,17.823131561279297,18.613907878850217,17.807805491691006,18.175608946725948,64700000
2001-11-01,18.954126358032227,19.079792413909455,18.267559819366276,18.414682139177888,109671200
2001-11-02,18.819265365600586,19.315799388947138,18.546476993245953,18.981711414837708,83360000
2001-11-05,19.392423629760742,19.625365139203556,18.926539441660243,18.960254921667136,66401600
2001-11-06,19.85523796081543,19.90427949903168,19.05220147995832,19.217713163794294,68612000
2001-11-07,19.692806243896484,19.938009436002204,19.625375249145865,19.683611533417935,58899000
2001-11-08,19.744895935058594,20.24755998663533,19.51195448526007,19.757156319051823,74227800
2001-11-09,19.98703956604004,20.121901494103383,19.588586314211398,19.720381391486576,48013600
2001-11-12,20.164817810058594,20.36404508112122,19.508902059862688,19.830728569951003,57752800
2001-11-13,20.81153678894043,20.826860523084907,20.413082286298323,20.4743842381673,60159600
2001-11-14,20.213851928710938,20.94639318735539,20.16481271318198,20.912680042046105,88625600
2001-11-15,20.265958786010742,20.551006382392522,20.060600205679386,20.259827422665353,77922000
2001-11-16,20.15255355834961,20.416146080940077,19.907350450404476,20.33952040201099,59249000
2001-11-19,20.394689559936523,20.52648581202662,20.137226080733324,20.3058034979753,56005000
2001-11-20,20.045272827148438,20.780879619952234,19.931866010191463,20.367099191329796,65921800
2001-11-21,19.631502151489258,19.8000772616061,19.45679450761163,19.72651725607203,50785200
2001-11-23,19.833784103393555,19.8644338974663,19.499696203455976,19.732637678367045,15754600
2001-11-26,19.965585708618164,20.14029215423578,19.73877436517758,19.919609835891418,41983600
2001-11-27,19.536481857299805,19.94412982455095,19.23304368157417,19.858309446017017,90819000
2001-11-28,19.24837303161621,19.652957749179677,19.22691793202314,19.361778725067474,54536600
2001-11-29,19.87363624572754,19.892027999988613,19.294347431970085,19.3464523357775,54034400
2001-11-30,19.680540084838867,19.94719830275135,19.59471969427308,19.81846771690267,48234200
2001-12-03,19.85218048095703,19.99317379235812,19.55487363259934,19.564069509420992,47211800
2001-12-04,20.22917938232422,20.253700160980575,19.64682375060158,19.922676664410215,51005800
2001-12-05,20.872838973999023,20.89429407518893,19.98398043904583,20.37936930820044,74243000
2001-12-06,21.041414260864258,21.148689755707128,20.70426170345936,20.83605797953214,56026200
2001-12-07,20.790081024169922,21.099647102074293,20.397757898501997,20.918811611324035,42334800
2001-12-10,20.554075241088867,20.980113909147846,20.492775621765645,20.695066236276748,38367400
2001-12-11,20.633758544921875,20.882024946017605,20.557132881528904,20.737970663119743,54334000
2001-12-12,20.82685089111328,20.836047933462964,20.30579740256999,20.58471589311172,47884200
2001-12-13,20.311925888061523,20.91573637276447,20.25062630459521,20.575518306139248,53227800
2001-12-14,20.670549392700195,20.826864135611377,20.207729514139942,20.235313643442822,43000600
2001-12-17,21.142547607421875,21.182392098368066,20.584713042030447,20.587776383960108,57079800
2001-12-18,21.2314453125,21.27129216818868,21.026089023012414,21.124169813396822,47255200
2001-12-19,21.298870086669922,21.42147162352515,20.98010702621826,21.032214257821856,56996200
2001-12-20,20.46211814880371,21.225309114177726,20.4192079636617,21.19465931599482,78585000
2001-12-21,20.701189041137695,20.84830900205022,20.535677331288888,20.845245659252193,84307600
2001-12-24,20.618438720703125,20.851381462719548,20.596983621993086,20.756366359636566,11701600
2001-12-26,20.744102478027344,21.170141036733696,20.655216415921917,20.66441112261731,29328000
2001-12-27,20.796201705932617,21.05979413868584,20.615366287738542,20.836048541990483,32406600
2001-12-28,20.80233383178711,21.1027050923293,20.750226608753543,20.91267496296612,28787200
2001-12-31,20.305805206298828,20.98930730102013,20.305805206298828,20.793143408803516,43006200
2002-01-02,20.547943115234375,20.56939821260444,20.07899431669567,20.428407238682556,48124000
2002-01-03,21.219196319580078,21.22532534853261,20.56327797694715,20.569409344331177,67590800
2002-01-04,21.1180362701416,21.427604648566444,21.047539620991984,21.225311746299717,52731400
2002-01-07,21.013816833496094,21.461310334527216,20.949451570172698,21.378555664091188,58508800
2002-01-08,21.265151977539062,21.41227427126932,20.842179183012558,21.053666749490574,47736400
2002-01-09,21.059804916381836,21.645226325922916,21.010765689467757,21.369373366935772,76304000
2002-01-10,21.234506607055664,21.393889320015074,20.882028035611214,20.989305850977363,50296600
2002-01-11,21.02915382385254,21.55327324472596,20.872836766894725,21.308070109828623,72993200
2002-01-14,20.98623275756836,21.16093914071513,20.762484837467806,20.934127878376856,50997800
2002-01-15,21.317258834838867,21.338713925384543,20.99543013822422,21.044471681431187,60717400
2002-01-16,20.80233383178711,21.406142033856856,20.796202469816368,21.1027050923293,61955400
2002-01-17,21.412275314331055,21.45518549825319,20.964781725979044,21.00462622864113,78958000
2002-01-18,20.25982666015625,20.796206349622572,20.051404744426428,20.56632933985129,107140400
2002-01-22,19.75716781616211,20.422278250439863,19.69280251656399,20.41614922409121,76837200
2002-01-23,19.536481857299805,19.83378866974163,19.383230513223516,19.63149811154449,80403000
2002-01-24,19.800071716308594,19.977843823456144,19.55486981784204,19.646820383615136,83886000
2002-01-25,19.554874420166016,19.87670206072282,19.465988345672518,19.67441146994097,48981200
2002-01-28,19.560998916625977,19.73877101382362,19.282081553503495,19.6866661248473,41622000
2002-01-29,19.101242065429688,19.76941783140825,19.00009681474898,19.585516737871707,58666000
2002-01-30,19.263696670532227,19.279022742848046,18.79781353635339,19.141096276511803,66100000
2002-01-31,19.527286529541016,19.557937500745346,19.039947194934673,19.328060478180372,69566200
2002-02-01,19.205455780029297,19.769420696272963,19.147220698120396,19.66214523770004,63462200
2002-02-04,18.733448028564453,19.214657259615475,18.620042336774237,19.125772349409747,70308400
2002-02-05,18.742630004882812,19.07365212624822,18.54340289452858,18.6353534188404,66772600
2002-02-06,18.512758255004883,18.969446492680184,18.46678239546309,18.883626135364487,66103000
2002-02-07,18.328853607177734,18.88362368448706,18.313528712391022,18.482104893473895,63314000
2002-02-08,18.58939552307129,18.59246003665532,18.031560513545028,18.426948241947862,61283000
2002-02-11,18.73650360107422,18.77021907295317,18.264489333198053,18.393219859410866,50899600
2002-02-12,18.433076858520508,18.650693550013465,18.396296852587337,18.54035353221395,44973800
2002-02-13,18.947996139526367,18.966386721782868,18.37483643850428,18.469851523792105,54168600
2002-02-14,18.905086517333984,19.30660547286834,18.794745358914465,19.003167287214666,57267000
2002-02-15,18.460660934448242,19.021561541608794,18.451466225876835,18.911220361890965,50179800
2002-02-19,18.06220245361328,18.433070404050273,17.961056011195065,18.362574930189805,52262600
2002-02-20,18.359516143798828,18.500507135491205,18.022362399803495,18.206264760859657,50492000
2002-02-21,17.792482376098633,18.472918777707754,17.780221986884126,18.304342518261056,59398400
2002-02-22,17.774097442626953,18.007039050355516,17.5166350502873,17.79248686186991,71347800
2002-02-25,18.108179092407227,18.35644551760761,17.743440150946,17.75876505126955,51832200
2002-02-26,17.94573211669922,18.390161247353248,17.74650607138187,18.114308360956965,63276200
2002-02-27,17.896696090698242,18.436141606717214,17.77409568739593,18.10511806244895,65750000
2002-02-28,17.881366729736328,18.298210569344764,17.82006595875598,18.016227490521135,68068000
2002-03-01,18.81006622314453,18.82539112092169,18.03767944918515,18.098980209508547,62115600
2002-03-04,19.401611328125,19.462912072432243,18.656810032445946,18.770216818639405,74464200
2002-03-05,19.33419418334961,19.57939615143588,19.1073816321103,19.309673401933374,55926400
2002-03-06,19.502765655517578,19.524220749360072,19.06140105255214,19.282083354034857,49835400
2002-03-07,19.22385025024414,19.57939334531659,18.960257733873785,19.515026887931587,58079200
2002-03-08,19.600849151611328,19.8307250220886,19.36177623526502,19.502768374879796,57701800
2002-03-11,19.720378875732422,19.92267174202068,19.30966645765081,19.46598229071062,43718200
2002-03-12,19.168682098388672,19.248372298238785,18.902023866379988,19.162551903136325,66407200
2002-03-13,19.03382110595703,19.315804255780712,18.98784639305709,19.02769207960924,44387400
2002-03-14,18.764089584350586,19.076722377292832,18.711983534252894,19.04607141570165,51819600
2002-03-15,19.153350830078125,19.159479854078562,18.687466668653002,18.696661373868466,69086800
2002-03-18,19.04607391357422,19.306601859801372,18.757961852119323,19.229976199595995,52296800
2002-03-19,19.07366180419922,19.30966901018505,18.849914986133026,19.05833690390714,36376400
2002-03-20,18.420806884765625,19.00929251965755,18.420806884765625,18.819261223767782,55235200
2002-03-21,18.807008743286133,18.877504234791402,18.33805991451772,18.45453011654459,46123400
2002-03-22,18.528085708618164,18.739572119422824,18.457590238349947,18.71198683373397,41341400
2002-03-25,18.154155731201172,18.62923470723214,18.129636121909193,18.537284126260833,47752400
2002-03-26,18.108179092407227,18.672142907289558,17.872171885936712,18.114308117164686,69357200
2002-03-27,18.218523025512695,18.353384983709976,17.957996155892825,18.022361452733236,47318400
2002-03-28,18.485170364379883,18.589381284648336,18.285943226767852,18.374829252423343,43901200
2002-04-01,18.50663185119629,18.5127620450045,18.144958601016118,18.33805561372263,47010000
2002-04-02,17.556472778320312,18.111243038727366,17.504367885005767,18.053007951632004,76509400
2002-04-03,17.265291213989258,17.657614149543075,17.010893506631056,17.605508101981634,76931400
2002-04-04,17.302080154418945,17.46146172180536,16.986381532635296,17.158023490408784,61763800
2002-04-05,17.12430191040039,17.562600772507935,17.115107205488197,17.43693473877733,50166000
2002-04-08,17.53807830810547,17.56566358755591,16.630829766854504,16.643090150880163,73389600
2002-04-09,16.81780433654785,17.60245174014537,16.796349239152402,17.571801935070475,63413000
2002-04-10,17.256093978881836,17.504361474618005,16.876031457375895,16.89442086276892,75636400
2002-04-11,16.793289184570312,17.30208380070681,16.704403089354706,17.130441806761027,58165800
2002-04-12,17.142696380615234,17.243841665252344,16.81473857987077,16.903624644913858,52297600
2002-04-15,17.069128036499023,17.394021187975806,16.980243178062196,17.164144255976126,47388800
2002-04-16,17.71892547607422,17.807810390376602,17.2744962277012,17.28675661905852,51921600
2002-04-17,17.357250213623047,17.862979024936987,17.292883750657694,17.761833730360255,55158600
2002-04-18,17.277557373046875,17.56567066770607,16.1465627981407,17.40628911877472,74794800
2002-04-19,17.531953811645508,17.771025531739483,17.42774285200186,17.60551380126752,104268600
2002-04-22,17.03848648071289,17.378704691562774,16.857649826712283,17.323534107683596,51465200
2002-04-23,16.548078536987305,17.108977776768057,16.336590960841193,17.07219778626149,68281400
2002-04-24,16.250774383544922,16.682943172743258,16.244644188828232,16.505171033604537,61220400
2002-04-25,16.468385696411133,16.689067957819027,16.207858936082697,16.21398912881233,57290400
2002-04-26,15.784882545471191,16.68906537172458,15.772622161911764,16.572594066339096,62776600
2002-04-29,16.011701583862305,16.21705783191366,15.766498488162458,15.77569436424096,70246000
2002-04-30,16.01782989501953,16.336592969849512,15.913618934756457,15.968789511908376,77384000
2002-05-01,16.168020248413086,16.30288103904635,15.527429446778442,15.987183577065071,76413000
2002-05-02,15.696000099182129,16.57259784701045,15.677610688862384,16.13429897309629,79009200
2002-05-03,15.190274238586426,15.840059635448721,15.174948168208696,15.711327893408873,71628000
2002-05-06,14.902166366577148,15.490652372602874,14.825540663708178,15.153498578450138,66299400
2002-05-07,15.162687301635742,15.41401939488932,14.819403472964852,15.073801247646946,88385400
2002-05-08,16.848453521728516,16.848453521728516,15.699068415244543,15.714393316154665,101242000
2002-05-09,15.974921226501465,16.85764937573854,15.907491424064759,16.673748213871058,83288200
2002-05-10,15.340455055236816,16.14349154818417,15.322065647343482,16.100581370813533,64408800
2002-05-13,16.149625778198242,16.217056741904916,15.248508320478306,15.463060430187321,64819000
2002-05-14,16.82086944580078,16.888299248512453,16.545016532659602,16.673748281863848,64832400
2002-05-15,16.781021118164062,17.29901020756081,16.50823392998427,16.701330938724137,70412000
2002-05-16,17.08446502685547,17.173349942137683,16.75037695858494,16.768766376608365,53406400
2002-05-17,17.173343658447266,17.286750484434393,16.94040215139952,17.228514230761313,54646200
2002-05-20,16.55420684814453,17.026221187974787,16.397891018312315,17.010896290024924,52115800
2002-05-21,15.996374130249023,16.73504552759445,15.977984718112193,16.535819491084347,63120000
2002-05-22,16.45612907409668,16.465324949901373,15.892164075366338,15.898294269497807,54169400
2002-05-23,16.80247688293457,16.808607076861843,16.247706609273415,16.459194207511974,51412800
2002-05-24,16.3243350982666,16.710529197864272,16.256905291853386,16.59405783156488,35982000
2002-05-28,16.036218643188477,16.45612694863161,15.861512225259043,16.42547715114796,49602000
2002-05-29,15.95346736907959,16.15882481269027,15.80021599921482,15.830866974716873,45393200
2002-05-30,16.134294509887695,16.35497672639599,15.7634266943114,15.827791951054829,63213000
2002-05-31,15.604055404663086,16.373376814841922,15.594860696047418,16.213996409165897,66468000
2002-06-03,15.147356986999512,15.827793090752662,15.070731341773781,15.628567114694496,88439000
2002-06-04,15.31900691986084,15.702135347736156,15.09219554531915,15.17188574386254,88008400
2002-06-05,15.8339262008667,15.861511485000507,15.426278301127933,15.456928097181155,66969400
2002-06-06,15.907492637634277,15.981052640307073,15.325136965268026,15.784891074226067,78703400
2002-06-07,15.932008743286133,16.12204007246285,15.282223406310498,15.291418112317707,97834400
2002-06-10,16.189476013183594,16.336597200617746,15.772632064179193,15.830868338040707,71825400
2002-06-11,16.11284828186035,16.606317859925642,16.066872405075777,16.31820571715897,74368200
2002-06-12,17.023160934448242,17.096720930694666,16.091392407749783,16.115913185975298,136198600
2002-06-13,16.618574142456055,17.004766968983958,16.61244394911881,16.808605459051385,79771600
2002-06-14,16.93427848815918,17.026229087735988,16.244647237510165,16.290623121906222,109433600
2002-06-17,17.066070556640625,17.299012095920904,16.971054298015567,17.05994036228917,94486600
2002-06-18,17.16107940673828,17.253029943884574,16.96491677982113,17.02008733595181,77518400
2002-06-19,16.66148567199707,17.145759292595777,16.649225284332566,17.001703829790078,81247000
2002-06-20,16.5817928314209,16.88829548020291,16.520493237036348,16.66454868689782,86401200
2002-06-21,16.023958206176758,16.719719363646632,16.023958206176758,16.367242016832485,116820000
2002-06-24,16.60019302368164,16.74731423998243,15.892171074094563,15.965732266852704,104523200
2002-06-25,16.229320526123047,16.857650917382447,16.183344646844112,16.76570032803976,84025200
2002-06-26,16.590993881225586,16.670684080312377,15.646964867280266,15.646964867280266,112131400
2002-06-27,16.83312225341797,16.83925244573197,16.20172764486609,16.735041514823216,95812400
2002-06-28,16.765697479248047,17.09978546015726,16.551145361094566,16.719721607781235,89555600
2002-07-01,16.140426635742188,16.670675985765786,16.115907036088498,16.587920144657186,66473800
2002-07-02,15.766494750976562,16.220118499753276,15.732780444063513,16.054607969366923,82814200
2002-07-03,15.889094352722168,16.097516207988665,15.463055938614492,15.70519326594095,80936600
2002-07-05,16.81166648864746,16.826992553423263,16.25996206394161,16.272222448076416,35673600
2002-07-08,16.220125198364258,16.83619638934494,16.115915384335814,16.676814816783153,63199400
2002-07-09,16.309001922607422,16.774885982268415,16.235441958522003,16.33965288198847,85277200
2002-07-10,16.011701583862305,16.6124465960539,15.977986099742825,16.4561295640845,90673400
2002-07-11,16.21706199645996,16.26610239435052,15.708267429889707,15.950404906006025,129550600
2002-07-12,15.89522933959961,16.468389029867364,15.77875799259043,16.358047876828664,95733800
2002-07-15,15.876836776733398,15.895227356350237,14.712126959607438,15.751170739055345,136965600
2002-07-16,15.708263397216797,16.183342349045716,15.52129656287796,15.726653980160211,97154600
2002-07-17,15.938140869140625,16.33659415702613,15.683743059429197,16.09752241813784,98034800
2002-07-18,15.665353775024414,16.164953522251206,15.52742732097836,15.956531584851627,91053600
2002-07-19,15.190274238586426,15.597922221746753,14.960397213500634,15.285289327324277,112543400
2002-07-22,14.561944007873535,15.322071797788388,14.068475600813041,15.003308681916367,180069800
2002-07-23,13.1826810836792,14.344326638806672,13.170421863844478,14.249311546708551,168061600
2002-07-24,14.169617652893066,14.20946332557099,12.69227494385144,12.796485893706507,202307800
2002-07-25,13.127506256103516,14.010232857679155,13.007969266001487,13.930542700159041,163411400
2002-07-26,13.899894714355469,13.918285294278812,13.388035849911347,13.40642642983469,123538000
2002-07-29,14.788753509521484,14.804078408848998,14.267698747881896,14.359649313061855,112148600
2002-07-30,14.742778778076172,14.966526768511459,14.506772737978336,14.57420253405702,122690600
2002-07-31,14.706005096435547,14.712135293113533,14.209470857673296,14.59259938093146,93875600
2002-08-01,14.022500991821289,14.73971748276174,13.945875303341392,14.583401592717445,92002800
2002-08-02,13.611785888671875,14.053149389101753,13.424819040471164,13.948938416459479,85947600
2002-08-05,13.483055114746094,13.844727247259712,13.427884531823743,13.575005696544983,78941600
2002-08-06,13.997980117797852,14.48225502701444,13.743583441717337,13.761974027748483,88715800
2002-08-07,14.433209419250488,14.497574693283687,13.84165922826395,14.405624134777003,86349400
2002-08-08,14.991046905517578,15.018632195093494,14.22479016086995,14.439342283214287,88748000
2002-08-09,14.748918533325195,15.064617300680471,14.607927486507114,14.758114414963396,69049400
2002-08-12,14.85619068145752,14.942011088947687,14.589532410958162,14.592598093634445,56866600
2002-08-13,14.424019813537598,15.233186885207687,14.381108446463408,14.709067464132543,100122800
2002-08-14,15.236248970031738,15.242379164351076,14.469992218339758,14.482252606978435,96706000
2002-08-15,15.254642486572266,15.551950537552132,14.942009531454467,15.312877589982499,98745600
2002-08-16,15.3251371383667,15.395632628897364,14.994113614954694,15.150430668526532,69334000
2002-08-19,15.938140869140625,15.953465770748712,15.279159577057447,15.337395840069243,79848200
2002-08-20,15.643895149230957,15.846186846453133,15.555009102320433,15.748106094419034,70317600
2002-08-21,16.023958206176758,16.05460917277896,15.67761105268305,15.80327709271502,81203400
2002-08-22,16.315134048461914,16.382564997878863,16.122037073722726,16.198662727436645,72517600
2002-08-23,16.005569458007812,16.19866529412851,15.889098118527563,16.14043020899582,57929200
2002-08-26,15.968791007995605,16.137368436872936,15.686809070991831,16.091392561867288,55652400
2002-08-27,15.582596778869629,16.076066295973188,15.524361688789787,16.039286300618286,65470200
2002-08-28,15.135099411010742,15.52742238289378,15.11057864066071,15.472251818820894,68875000
2002-08-29,15.502902030944824,15.631632561403952,14.871506255586535,14.98491188992643,94275600
2002-08-30,15.0431489944458,15.472251956456345,15.018628223877641,15.368041019971056,58138400
2002-09-03,14.411751747131348,14.871505626549434,14.405621555100023,14.871505626549434,74452600
2002-09-04,14.776493072509766,14.89602892376182,14.451600998689285,14.543551563558953,80232000
2002-09-05,14.071538925170898,14.565008459769208,14.06234421830994,14.558878265456897,90438800
2002-09-06,14.656960487365723,14.794886950012728,14.549684999315344,14.635505389755647,69918400
2002-09-09,14.926678657531738,15.003304316790922,14.292218292402888,14.482249599985526,81653200
2002-09-10,15.260774612426758,15.269969322229521,14.819409834447978,14.877646114439838,83950000
2002-09-11,14.889902114868164,15.662287910067311,14.874576044097156,15.395630881505342,77443200
2002-09-12,14.451600074768066,14.804077412436316,14.41175440382651,14.758102717548175,63726800
2002-09-13,14.684548377990723,14.791823885021053,14.35965500507477,14.374981079692247,59549200
2002-09-16,14.644706726074219,14.751983431895747,14.42095977171365,14.58953611604387,50166200
2002-09-17,14.494514465332031,14.987984050532903,14.469993685568323,14.917487393319808,73343400
2002-09-18,14.635504722595215,14.785691568234595,14.301416714619727,14.319807298539368,83951800
2002-09-19,14.466927528381348,14.656958873090423,14.279960696186855,14.307545985678091,77777600
2002-09-20,14.546618461608887,14.71213020704981,14.49757807435399,14.623244139770604,130619200
2002-09-23,13.863118171691895,14.316742066357484,13.734387587855695,14.283026579386544,89783800
2002-09-24,13.988776206970215,14.246238395960471,13.679209145658026,13.740509889553696,104142200
2002-09-25,14.255438804626465,14.393365241298655,13.8079451827255,14.22172449274207,107116600
2002-09-26,14.160425186157227,14.55887846828843,14.08379951000834,14.439342600570573,100852200
2002-09-27,13.869245529174805,14.436274989200975,13.850854948439759,14.11138291405263,81011600
2002-09-30,13.406424522399902,13.804877676996137,13.21332755293005,13.752771625900932,115577000
2002-10-01,14.169617652893066,14.175747846321581,13.237849297625987,13.584197626440595,110636600
2002-10-02,13.979585647583008,14.347389050744324,13.841659225245666,14.129771286961057,103488600
2002-10-03,13.73132038116455,14.27996048099185,13.6700196088617,13.884571727314189,105221400
2002-10-04,13.415623664855957,13.967328305223374,13.391102887001162,13.912157724265128,107120400
2002-10-07,13.501443862915039,13.811012248384321,13.391102702518662,13.427883868794137,89790000
2002-10-08,13.789558410644531,14.092995460201195,13.525965874365326,13.71599724059784,115667600
2002-10-09,13.483055114746094,13.930548803591748,13.427884531823743,13.55661511249917,123142600
2002-10-10,14.215594291687012,14.28915427839785,13.256240598453443,13.486117603050902,118515000
2002-10-11,14.978788375854492,14.987984252997673,14.408693100013616,14.515969759106286,108828800
2002-10-14,15.107523918151855,15.119784311271204,14.663094605906796,14.788760712341494,76216200
2002-10-15,16.02703094482422,16.05155055968818,15.524366563351942,15.711332280487586,133374200
2002-10-16,15.450806617736816,15.71133353875982,15.410960925024503,15.444676421226042,95437400
2002-10-17,15.561145782470703,16.091395434580573,15.340463413790424,16.02396445099154,182602400
2002-10-18,16.290616989135742,16.305941888426776,15.67454598238832,16.122039589289766,152817200
2002-10-21,16.094457626342773,16.2415799637187,15.74198019300387,15.928947042921298,112378600
2002-10-22,15.836995124816895,15.916686487500138,15.640833569312141,15.763435126110162,87159000
2002-10-23,16.30594253540039,16.324331947593322,15.763432660625492,15.763432660625492,110866600
2002-10-24,15.702129364013672,16.358044795507414,15.600984105590625,16.3549802837069,95833400
2002-10-25,16.146556854248047,16.18333683839577,15.6806727679233,15.708258048337747,75425800
2002-10-28,15.922805786132812,16.397884447497834,15.787943932099232,16.36723466387982,79906600
2002-10-29,15.959595680236816,16.08832742371903,15.585662007758753,15.984116457743912,90517200
2002-10-30,16.27835464477539,16.36417500585839,15.824730898856387,15.999437302040912,94451200
2002-10-31,16.388700485229492,16.572601645870535,16.198667960790008,16.302878930277284,105973800
2002-11-01,16.244644165039062,16.31820533231652,15.907491640620515,16.069937708122076,105097800
2002-11-04,17.194793701171875,17.547272124190773,17.017022818647604,17.39402083926334,139964200
2002-11-05,17.372568130493164,17.409348116529333,17.035415725196472,17.096715312185196,76658200
2002-11-06,17.479846954345703,17.501302047780186,17.020092947809815,17.46758773610807,115407000
2002-11-07,17.167217254638672,17.354184105507894,17.010901378051766,17.225453521167516,73699600
2002-11-08,16.888301849365234,17.332731091551743,16.86071655380289,17.164154804988655,64522200
2002-11-11,16.508235931396484,16.888298632056774,16.495975542545498,16.87910392502605,58341200
2002-11-12,16.70746421813965,16.98944735326394,16.520498524681756,16.58179813868621,81398600
2002-11-13,16.96799087524414,17.14269733322891,16.58486247278366,16.624708154019775,107370200
2002-11-14,17.467588424682617,17.470652937059103,17.1243045777688,17.16108574157632,78337000
2002-11-15,17.375638961791992,17.446134447840443,17.063006043741186,17.34805366992824,77533600
2002-11-18,17.11818504333496,17.47985852815252,17.08447070933983,17.45533890622736,58086400
2002-11-19,16.814743041992188,17.10285524017096,16.646166743385297,17.026229543602796,76403400
2002-11-20,17.35417938232422,17.440000917742054,16.836190334689793,16.860709938227174,76435400
2002-11-21,17.72810935974121,17.777149726009895,17.403216202452064,17.464516952591563,82922200
2002-11-22,17.844589233398438,17.86910884369479,17.485980432941407,17.608581992068537,70002000
2002-11-25,17.847646713256836,17.973312735695885,17.645355038861908,17.795541831149876,61583000
2002-11-26,17.440000534057617,17.85377862682165,17.40321937573854,17.66681183095139,68650400
2002-11-27,17.801681518554688,17.964127613196872,17.593259540530802,17.65455915941936,55191800
2002-11-29,17.67906951904297,17.97024721395091,17.67906951904297,17.90894646198904,28393000
2002-12-02,17.682140350341797,18.07139891982942,17.473718420707243,17.976383831082646,63735000
2002-12-03,17.381763458251953,17.577924949768196,17.289812905255555,17.556469859709527,58457400
2002-12-04,17.329660415649414,17.605512103960162,17.10897812962894,17.203994373713275,83892000
2002-12-05,16.961856842041016,17.4982364841033,16.949596455325175,17.455326299812686,68435800
2002-12-06,17.001697540283203,17.084453372582026,16.61856933661152,16.817795300992103,71670200
2002-12-09,16.407085418701172,16.925075611981168,16.40095522579206,16.857644659195667,63862800
2002-12-10,16.55420684814453,16.69826346114572,16.391760825289417,16.41628159738101,63730200
2002-12-11,16.753433227539062,16.860708677270075,16.42241100464428,16.505165683456944,69186200
2002-12-12,16.60325050354004,16.876038885489375,16.45612934956697,16.857648302787116,55242000
2002-12-13,16.091392517089844,16.47452091035389,16.088328004398363,16.453065813868307,65245400
2002-12-16,16.698266983032227,16.71972207853015,16.143496674206563,16.244643126595363,60140400
2002-12-17,16.66148567199707,16.854582685460787,16.48371355850652,16.679875084278905,49549800
2002-12-18,16.407085418701172,16.673743548781246,16.180274127137707,16.50210165497031,62709400
2002-12-19,16.27835464477539,16.78101876405821,16.207859181140822,16.32126482531689,82686600
2002-12-20,16.256906509399414,16.46532847766468,16.229321214505035,16.394832983871314,98294600
2002-12-23,16.551143646240234,16.636964016923834,16.21399118779906,16.259965885287478,48798400
2002-12-24,16.4959774017334,16.62164347858168,16.404026813417733,16.410157008534135,18386000
2002-12-26,16.364173889160156,16.76262704170241,16.2967429419309,16.56033536922929,37228000
2002-12-27,16.235450744628906,16.551148197204505,16.21399564605863,16.33046584709292,40891600
2002-12-30,16.168020248413086,16.318207112094747,16.02089906702719,16.24771044987474,48019600
2002-12-31,15.846186637878418,16.24157532199491,15.711324728695553,16.16494966240093,58208800
2003-01-02,16.465330123901367,16.47452483338039,15.849258866069247,16.03009555752055,67025200
2003-01-03,16.486778259277344,16.48984277140371,16.20786088718396,16.425477493816356,55546800
2003-01-06,16.787151336669922,16.928142283926295,16.489843373321353,16.55727433471131,59456200
2003-01-07,17.102853775024414,17.16721907401602,16.759571011187273,16.833131018830468,80517400
2003-01-08,16.624706268310547,17.02622404024806,16.58486059159405,16.97105346301444,64566000
2003-01-09,17.105915069580078,17.139629382392993,16.71359084232814,16.77182710009078,61808000
2003-01-10,17.13962173461914,17.256093028959476,16.826990168002812,16.888289741557752,67730200
2003-01-13,17.283681869506836,17.39402299540667,17.09365058002082,17.323527535907253,60817800
2003-01-14,17.461458206176758,17.470652912508243,17.22238531862364,17.265296676338778,54206400
2003-01-15,17.246910095214844,17.56873775283536,17.222389313689554,17.470656965164636,59622600
2003-01-16,16.964927673339844,17.363382205520256,16.891367664074266,17.262235731261,81371000
2003-01-17,15.772632598876953,16.24464715532253,15.726657883928809,16.226256567814087,155876000
2003-01-21,15.732782363891602,15.984114455785702,15.720521976673627,15.898292914474753,86159200
2003-01-22,15.631630897521973,16.060734958473084,15.604045619757766,15.812467458595219,86948000
2003-01-23,16.023958206176758,16.10364955012766,15.772626126112817,15.92281293942655,71374800
2003-01-24,15.279153823852539,15.953459763640986,15.233179136339562,15.947329571463001,103027000
2003-01-27,15.070734977722168,15.509033867694006,14.83779347449115,15.116710843635516,114838600
2003-01-28,14.963462829589844,15.233185552962532,14.883772636137625,15.230119870974889,86151200
2003-01-29,15.297545433044434,15.337391100283806,14.690670397032228,14.935872254630894,106884000
2003-01-30,14.785686492919922,15.37723545742564,14.77036042697349,15.374170945765156,87877400
2003-01-31,14.546618461608887,14.819405688790193,14.414822201633527,14.543553948937044,106858400
2003-02-03,14.883773803710938,15.049284398359216,14.546620080742928,14.690676745870226,80129800
2003-02-04,14.503703117370605,14.693734404334606,14.368842392624323,14.650824226879635,81854800
2003-02-05,14.393363952636719,14.874573012553531,14.32286848447471,14.660022096066903,101072000
2003-02-06,14.534358978271484,14.595659758464132,14.270767611108834,14.362718196790237,83312000
2003-02-07,14.276894569396973,14.69680288931604,14.224788508820664,14.675347796494874,75208000
2003-02-10,14.522095680236816,14.565005863559238,14.26463341108748,14.34432358451272,74081400
2003-02-11,14.233985900878906,14.610984106305427,14.099125124949,14.497578427245845,84292000
2003-02-12,14.233985900878906,14.43627764938131,14.178815317722334,14.267701387165154,71315200
2003-02-13,14.402563095092773,14.442407606215637,14.138970573067333,14.224790959135126,73558200
2003-02-14,14.804079055786133,14.8653798249899,14.335130334424917,14.482251478985006,90446400
2003-02-18,15.30060863494873,15.31899921114984,14.957326063696756,15.092187950742398,57415500
2003-02-19,15.085368156433105,15.300608910143355,14.863976326360694,15.26371066278933,46902700
2003-02-20,14.845529556274414,15.294463208716174,14.820931110824853,15.23296533563072,50897200
2003-02-21,15.146871566772461,15.251417624819739,14.574944373545812,14.93778062365256,56853200
2003-02-24,14.802481651306152,15.066921689034496,14.661037361861721,15.030023433739077,62403700
2003-02-25,14.876277923583984,14.925475983635335,14.378146245967994,14.476543539044972,68113000
2003-02-26,14.5195894241333,15.048468193726174,14.50113971463419,14.802477931941803,57096000
2003-02-27,14.501147270202637,14.888581987757322,14.32895341074794,14.697939582165315,75434300
2003-02-28,14.574944496154785,14.802485159541169,14.482697076591732,14.599542947856845,56585400
2003-03-03,14.476548194885254,14.833234538215942,14.390450682374638,14.771736650129688,50653500
2003-03-04,14.187504768371582,14.550340923070737,14.18135486387125,14.501142860042428,56605700
2003-03-05,14.415047645568848,14.482694254297979,14.175206043608219,14.187505853549673,55415900
2003-03-06,14.310504913330078,14.451949241412956,14.224407396822263,14.2490070223887,54607600
2003-03-07,14.488848686218262,14.630294198789885,14.082964215129685,14.113713749590822,66167600
2003-03-10,14.113712310791016,14.427349319497763,14.076812873199305,14.335103071467856,48413600
2003-03-11,14.021459579467773,14.304349295659222,13.996861136697435,14.18135356288481,53990700
2003-03-12,14.384302139282227,14.415051672726415,13.867721707167517,14.027615762153,72379500
2003-03-13,15.171472549438477,15.21452072313975,14.415051623895307,14.587244318700396,80701300
2003-03-14,15.288311958312988,15.349808653010653,14.919325925255675,15.177616031098367,75451400
2003-03-17,15.94633960723877,15.95863941780746,14.962377048258967,15.079222902712534,100983800
2003-03-18,16.013986587524414,16.013986587524414,15.681898756707582,15.921739185870114,78108800
2003-03-19,16.186176300048828,16.253824069536208,15.829490086979941,15.977084260700767,73652100
2003-03-20,16.14313507080078,16.309179027328668,15.786448704726839,16.001690740265794,71798500
2003-03-21,16.33992576599121,16.481370082495502,16.00783905885181,16.450621726029215,85586800
2003-03-24,15.552754402160645,15.946338940096485,15.485106619837502,15.712647240966245,61105200
2003-03-25,15.675751686096191,15.835645725440116,15.392863043931694,15.743399480081028,63595100
2003-03-26,15.528157234191895,15.755699064227505,15.522007328193675,15.657301741230619,51673600
2003-03-27,15.399012565612793,15.534306977230457,15.122272663469142,15.337514679250358,60043300
2003-03-28,15.171472549438477,15.435912671288875,15.128424375737204,15.171472549438477,39584600
2003-03-31,14.888581275939941,15.196069541924407,14.765586673330946,14.91318090024653,71384000
2003-04-01,14.974677085876465,15.189919082194098,14.913179205075066,15.042323699080939,49803200
2003-04-02,15.817191123962402,15.989384922319667,15.435906448064998,15.435906448064998,68282500
2003-04-03,15.823346138000488,16.044738068386394,15.74339970368039,15.983240179615347,57394300
2003-04-04,15.429762840270996,15.86639565906724,15.331366679050019,15.841797205249378,55740600
2003-04-07,15.47895622253418,16.25382663668305,15.47895622253418,16.130830886002503,65627100
2003-04-08,15.731097221374512,15.884841330720619,15.497406691277199,15.565053301766847,54132100
2003-04-09,15.10997200012207,15.786446366038831,15.09152345633519,15.749548105490513,76875800
2003-04-10,15.122271537780762,15.245267301349939,14.931629159925617,15.196068057542641,51608900
2003-04-11,14.882431983947754,15.485108681130656,14.72868785672918,15.306764930529303,71565500
2003-04-14,15.226816177368164,15.300612690308357,14.759433961174055,14.925477874751126,51599600
2003-04-15,15.12841510772705,15.245260916887226,14.820927000549565,15.177613157956486,63399000
2003-04-16,15.325213432312012,15.829493941908254,15.128421152759772,15.743397612847776,86178700
2003-04-17,15.681900978088379,15.706500601473973,15.214518690533497,15.232968408072693,58356600
2003-04-21,15.503557205200195,15.749548746804438,15.423610775261038,15.749548746804438,41557800
2003-04-22,15.84179973602295,15.866398193770486,15.392867032112088,15.411315582179002,58844000
2003-04-23,15.817191123962402,15.98323501813109,15.663447038170869,15.835640836528132,55559300
2003-04-24,15.675751686096191,15.81719600717844,15.571205628562648,15.669601780008964,51703600
2003-04-25,15.509710311889648,15.768000545499659,15.478961949330655,15.577358117089245,53657400
2003-04-28,15.82949447631836,15.95249024167815,15.571204307442438,15.614252473426,56287600
2003-04-29,15.866395950317383,16.143135891940567,15.792599414534394,15.958643379508302,65877300
2003-04-30,15.724946022033691,15.915588373499576,15.52815376594318,15.823342150078945,55566800
2003-05-01,15.817191123962402,15.958636574351075,15.583500629667956,15.7064963674909,42085800
2003-05-02,16.05088996887207,16.16773585475761,15.718802032031531,15.774150021504955,52695400
2003-05-05,15.90329360961914,16.229230423268092,15.89099379737493,16.143134083507938,50391500
2003-05-06,16.216934204101562,16.296880649670264,15.878696354757471,15.903295982916967,54299500
2003-05-07,15.98323917388916,16.204631090344247,15.890992933024403,16.057036870365717,49120000
2003-05-08,15.82949447631836,16.075484834063392,15.811044759622025,15.835644381883803,46401400
2003-05-09,16.210783004760742,16.296879350505836,15.921743261802655,15.927893168352266,58913600
2003-05-12,16.112382888793945,16.27842563295524,16.026285391219236,16.081633363597817,53900800
2003-05-13,15.98323917388916,16.11238484947949,15.921741288987791,16.013988702827138,44501900
2003-05-14,15.755696296691895,16.100082761277264,15.706498230322556,16.038584885071984,45021000
2003-05-15,15.86024284362793,15.995537237244367,15.724947277037026,15.897141101346145,45450200
2003-05-16,15.724946022033691,16.020134406169454,15.626549893988436,15.915588373499576,60620900
2003-05-19,15.226816177368164,15.706498203377114,15.214516367553324,15.620400707647658,55336300
2003-05-20,15.146871566772461,15.374413401219355,15.06692513319497,15.288317061524417,52677600
2003-05-21,14.777881622314453,15.19606454113716,14.691784138549377,15.146866481688944,108960900
2003-05-22,14.857832908630371,14.925480702453761,14.784036381709079,14.882432532920566,93157100
2003-05-23,14.894731521606445,15.091525001621966,14.777886822410116,14.882432882147398,76968000
2003-05-27,15.24526596069336,15.306762664095444,14.894728417239557,14.913178132044841,68486800
2003-05-28,15.011574745178223,15.294464516368183,14.94392696170301,15.23911654315655,91467000
2003-05-29,15.005428314208984,15.171472272287557,14.900882248712264,15.048476487123859,75451300
2003-05-30,15.134575843811035,15.319068370985882,15.073077943761124,15.208372385491021,85096700
2003-06-02,15.1530122756958,15.39285377680463,15.10996413197661,15.362104264880964,66310800
2003-06-03,15.300609588623047,15.32520920326598,15.109967267037055,15.220663186981884,61058200
2003-06-04,15.294464111328125,15.509704920368229,15.214516519706569,15.368260625006322,83484600
2003-06-05,14.814783096313477,15.079223163236573,14.765585026163214,15.048473636283587,115877900
2003-06-06,14.556489944458008,15.103818509064403,14.544190136203548,15.0300220054862,119629400
2003-06-09,14.605690956115723,14.747135260703171,14.513444721514105,14.587241240005595,73610000
2003-06-10,15.177620887756348,15.22066905700932,14.667190416803908,14.722538398121914,80655300
2003-06-11,15.300609588623047,15.349807644934726,15.017721058074427,15.171465130670203,75768600
2003-06-12,15.368260383605957,15.460506610741945,15.214516280721176,15.355960573861315,66177700
2003-06-13,15.159165382385254,15.52815139264695,15.060769269378694,15.497403047197723,55157500
2003-06-16,15.614251136779785,15.632700851896743,15.171468530742796,15.251414950300724,69658600
2003-06-17,15.964789390563965,16.07548534833414,15.700350480637486,15.767997098072358,122213900
2003-06-18,16.032434463500977,16.253826341515754,15.8110425854862,15.977086493997282,89957700
2003-06-19,16.032434463500977,16.229226722636604,15.995536208156643,16.044734272940552,63626900
2003-06-20,16.19232940673828,16.223077759146786,15.995537136185167,16.198479311814875,86048900
2003-06-23,15.854096412658691,16.13698507211253,15.675752644153228,16.075487180456346,52584500
2003-06-24,15.804895401000977,16.01398749004578,15.694199451156729,15.774145874391738,51820300
2003-06-25,15.534306526184082,15.983239089538026,15.460508830096988,15.76799708000647,60483500
2003-06-26,15.835637092590332,16.30301914365279,15.503549382766737,15.614245286041267,51758100
2003-06-27,15.761850357055664,16.198484370043808,15.700353633035348,15.958643862035071,76040300
2003-06-30,15.767992973327637,16.06318250782109,15.681896661128116,15.95248657900783,48073100
2003-07-01,16.08163833618164,16.112387870885794,15.614255965451806,15.737251758318799,60926000
2003-07-02,16.53056526184082,16.561314785896947,16.266126392804566,16.296874743886285,94069300
2003-07-03,16.296876907348633,16.57361679571985,16.241528929674388,16.413722768324764,39440900
2003-07-07,16.862659454345703,16.942605901145793,16.573620856868633,16.61666903383598,88960800
2003-07-08,17.034852981567383,17.096349705687082,16.758113031129444,16.76426293813638,61896800
2003-07-09,16.893396377563477,17.034841799928813,16.758102031142343,16.94874433132077,62300700
2003-07-10,16.549022674560547,16.862660927985072,16.352230320954952,16.75811484351023,55350800
2003-07-11,16.795007705688477,16.881105212383943,16.536717531551226,16.57361696569553,50377300
2003-07-14,16.850358963012695,17.102499280525773,16.635116913849753,16.99180330250056,60464400
2003-07-15,16.77040672302246,16.930300727908183,16.665860688019272,16.893401299336894,53567600
2003-07-16,16.92414665222168,16.985644511710063,16.727354440238145,16.94874509223257,49838900
2003-07-17,16.41372299194336,16.77040931238429,16.321476752221056,16.69046171111027,72805000
2003-07-18,16.536718368530273,16.74581048069922,16.450622030451754,16.67201395462467,63388400
2003-07-21,16.013986587524414,16.54901541765228,15.989386967623417,16.524416970725724,48480800
2003-07-22,16.223079681396484,16.333775639942434,16.069335555188133,16.16158296929282,51791000
2003-07-23,16.266124725341797,16.389119290034746,16.075481214660154,16.247675012799426,49828200
2003-07-24,15.98938274383545,16.555160949382437,15.977082937134092,16.4690646484212,53556600
2003-07-25,16.536718368530273,16.57361780454218,16.03243780611386,16.161583486206275,54173000
2003-07-28,16.364532470703125,16.60437303925138,16.290734741086286,16.567474760930523,52658300
2003-07-29,16.27843475341797,16.542874953392673,16.136990377190834,16.530575136422893,62391100
2003-07-30,16.13083267211914,16.33992476764354,16.093934412019113,16.27227697998137,41240300
2003-07-31,16.241531372070312,16.598217741290163,16.180033479520393,16.35837725061769,64504800
2003-08-01,16.09393310546875,16.303025184018473,16.06318475337739,16.19232923973045,42649700
2003-08-04,16.100088119506836,16.241532460770614,15.835647984898577,16.081638398612718,51825600
2003-08-05,15.78029727935791,16.32147726936525,15.743399016894786,16.180031779469818,58825800
2003-08-06,15.774147987365723,16.106235881382204,15.63885357108567,15.706501365713025,56294900
2003-08-07,15.811041831970215,15.872539703262856,15.651149008773412,15.81719173639691,44258500
2003-08-08,15.731097221374512,15.977087561733388,15.681899153302737,15.915589683400052,33241400
2003-08-11,15.749544143676758,15.983234632330424,15.706495988370104,15.749544143676758,36433900
2003-08-12,15.823346138000488,15.847945762698773,15.651153457011151,15.811046325651345,38208400
2003-08-13,15.743387222290039,15.921729668063682,15.681889382274607,15.860233001021985,39636900
2003-08-14,15.761850357055664,15.81104844005681,15.694203726038351,15.780300078046652,37338300
2003-08-15,15.706504821777344,15.780301365813893,15.638857012264742,15.749553001294483,27607900
2003-08-18,15.804895401000977,15.884841824235988,15.657300019225644,15.718797899469616,45817400
2003-08-19,16.370676040649414,16.389124586179147,15.84794574610484,15.89714382247523,72952900
2003-08-20,16.266124725341797,16.315322785813834,15.989384902077662,16.173877335604228,56739300
2003-08-21,16.13697624206543,16.438314456018254,16.06932848096256,16.3891164042091,63802700
2003-08-22,16.124685287475586,16.573619076271044,16.118535381001706,16.46907301216453,65846300
2003-08-25,16.296876907348633,16.32147652985921,16.1308329743259,16.180031046372502,36132900
2003-08-26,16.33992576599121,16.401423651898394,15.964789717634558,16.180031731822385,47546000
2003-08-27,16.2476749420166,16.346071062532012,16.173877265142902,16.303022906428307,30633900
2003-08-28,16.303028106689453,16.34607627652446,16.136984160490446,16.29687820057379,46211200
2003-08-29,16.30917739868164,16.3276259433593,16.204631344601324,16.272277963377096,34503000
2003-09-02,16.76426124572754,16.788859698297156,16.278429197999507,16.419874698929956,74168900
2003-09-03,17.403831481933594,17.465329355931736,16.838053152504603,16.86265277129361,109437800
2003-09-04,17.483776092529297,17.508374534154797,17.213186196803683,17.28083396397863,59840800
2003-09-05,17.453031539916992,17.680573347806245,17.32388704544774,17.360785304871168,64024500
2003-09-08,17.735916137695312,17.78511419353323,17.428427995464773,17.459176340498157,46105300
2003-09-09,17.446884155273438,17.655975090141588,17.40998472002499,17.61907682786775,44315200
2003-09-10,16.942604064941406,17.330039961607714,16.899555892639533,17.237793710535882,54763500
2003-09-11,17.12094497680664,17.286988904814834,16.96720085968228,17.010249024801176,37813300
2003-09-12,17.428428649902344,17.46532689992277,16.881100111531534,16.899548650054637,55777200
2003-09-15,17.44074058532715,17.59448476912453,17.422290861000448,17.446890493436047,41432300
2003-09-16,17.772823333740234,17.803572867228098,17.416136956104403,17.471484943407788,52060600
2003-09-17,17.526819229125977,17.803558949301717,17.508369523456313,17.686713159341533,47221600
2003-09-18,18.141799926757812,18.147949830201746,17.47762560347683,17.520673754610222,67268100
2003-09-19,18.424692153930664,18.43084205861181,18.154103385806607,18.30169757923092,92433800
2003-09-22,17.877365112304688,18.44929339523282,17.717471095455732,18.074157387511253,65678700
2003-09-23,18.203306198120117,18.270952821307727,17.760522329384624,17.908117734279582,57827800
2003-09-24,17.502227783203125,18.26479955151779,17.477629337146677,18.209451581672784,66336500
2003-09-25,17.3669376373291,17.809720331213384,17.354637824810865,17.508381962364744,56224500
2003-09-26,17.3361873626709,17.69902358102821,17.305437834774356,17.38538543433081,49864700
2003-09-29,17.72976303100586,17.77896107795558,17.280830705967926,17.471472991276343,47380300
2003-09-30,17.096342086791992,17.59447377559051,17.065593738434984,17.582173967057987,63333700
2003-10-01,17.53912353515625,17.606770127362044,17.102489772682127,17.237785303042013,58375900
2003-10-02,17.526819229125977,17.680563257451645,17.33617696243483,17.496070892650383,38143600
2003-10-03,17.883512496948242,18.117202997575085,17.79126627756855,17.9327105588157,57303000
2003-10-06,17.9511661529541,18.01881277707496,17.778972293517537,17.926566527474005,34047600
2003-10-07,17.920412063598633,18.061857528187478,17.78511767679018,17.84046564706964,52356800
2003-10-08,17.72362518310547,18.055713105613645,17.63752883562917,18.055713105613645,46989100
2003-10-09,17.797420501708984,18.049560776600913,17.71132299281263,17.969613173552485,62653300
2003-10-10,17.77896499633789,17.957308688945282,17.63137082295982,17.77896499633789,37604700
2003-10-13,17.699020385742188,17.895812636854025,17.526826579532162,17.822014956199915,39320300
2003-10-14,17.637523651123047,17.692871621938345,17.514527899761404,17.625223841392,34851300
2003-10-15,17.9776668548584,18.095168276922095,17.74884959982203,18.058062999264536,57242100
2003-10-16,18.076602935791016,18.12607699936869,17.81067940172801,17.878706681480327,42232500
2003-10-17,17.891075134277344,18.1137090056995,17.810679045350586,18.1075246004317,49960000
2003-10-20,18.15081787109375,18.163186684091656,17.810682590980875,17.90344750891025,38794500
2003-10-21,18.15081787109375,18.20029194353045,18.03950091322244,18.15081787109375,44166800
2003-10-22,17.86634063720703,18.06423692216093,17.810682159619386,17.95292114654054,48798500
2003-10-23,17.878713607788086,17.98384618106389,17.377788372558744,17.761212218937438,67357900
2003-10-24,16.456336975097656,16.944893517389673,16.33883555675179,16.864498555082797,210558300
2003-10-27,16.64185905456543,16.75936043420156,16.58620056839858,16.64185905456543,65619100
2003-10-28,16.821195602416992,16.83356323178686,16.62329819829006,16.75316833288728,71752600
2003-10-29,16.536724090576172,16.852121739915678,16.48725001888889,16.796463261823124,73551500
2003-10-30,16.153308868408203,16.72226158333359,16.02343862435882,16.703708354310667,98729400
2003-10-31,16.165668487548828,16.351197147060756,16.147116447286102,16.30790748037446,69623700
2003-11-03,16.499614715576172,16.542904370058803,16.258428823713167,16.295534073333332,57772300
2003-11-04,16.122373580932617,16.46250875637973,16.08526833291178,16.44395554259203,84026100
2003-11-05,16.14093589782715,16.276989337004185,16.079092996544777,16.17185675869072,61514400
2003-11-06,16.22132682800293,16.264616494317096,16.079089015954974,16.239880047661117,68189800
2003-11-07,16.14093589782715,16.382121915317647,16.097646220796058,16.314094605951514,57822100
2003-11-10,16.079090118408203,16.22132794020861,16.079090118408203,16.153301822574296,54579100
2003-11-11,15.955404281616211,16.128564137688677,15.875009350312395,16.085274468559316,64990700
2003-11-12,16.06672477722168,16.165672951127096,15.831723159085136,15.986329828256759,75877300
2003-11-13,15.887372016906738,16.035794187730435,15.738949846083043,15.992504535351177,78949500
2003-11-14,15.769874572753906,16.09145661184048,15.732769315799255,15.893560335342544,83146400
2003-11-17,15.553433418273926,15.732777752242415,15.361721445058514,15.70185570523639,103900200
2003-11-18,15.553433418273926,15.980148230513187,15.534881369625795,15.664750428384645,106868300
2003-11-19,15.677117347717285,15.79461875299251,15.565800351093948,15.640012075361286,78853300
2003-11-20,15.52250862121582,15.850273979615704,15.510139805544645,15.565798296509753,106845700
2003-11-21,15.528693199157715,15.69566749432695,15.510139975447714,15.664746634365477,70712900
2003-11-24,15.912110328674316,15.961584391439326,15.63381916795415,15.664740014849267,99463800
2003-11-25,15.708029747009277,16.04816496224628,15.695660936370542,15.998690899246041,85663800
2003-11-26,15.7389554977417,15.850271281165634,15.658559389121379,15.837903647155185,69758400
2003-11-28,15.899744987487793,15.924482614045504,15.70803309988535,15.769875986724674,33402600
2003-12-01,15.980135917663574,16.208952991424958,15.769870878255798,16.017241165925366,101914600
2003-12-02,15.868828773498535,16.134752438968658,15.837907910815856,16.048173079812916,85121700
2003-12-03,15.875008583068848,16.12237895153474,15.84408772934372,15.967772323799187,93121600
2003-12-04,16.20277976989746,16.221331815705053,15.86882879069715,15.905934061867638,87202400
2003-12-05,16.06672477722168,16.375938115564924,16.02961950689597,16.054355960594684,96610900
2003-12-08,16.227510452270508,16.28935333526158,15.961586881097316,16.15329993632513,90504000
2003-12-09,16.314090728759766,16.456329721771407,16.23369580188793,16.351197168443647,103547100
2003-12-10,16.4439640045166,16.468700456074803,16.31409380028172,16.35738465473013,82853700
2003-12-11,16.456336975097656,16.555285165424024,16.252256185105082,16.44396815641799,79309000
2003-12-12,16.48106575012207,16.580013894322978,16.388302012378084,16.50580337594976,69154100
2003-12-15,16.536724090576172,16.759358002946392,16.49961883169944,16.72843597092002,88860600
2003-12-16,16.734615325927734,16.796458191758095,16.555272312529702,16.592377560206096,73978000
2003-12-17,16.72225570678711,16.746992157235905,16.604754323378756,16.72225570678711,53712300
2003-12-18,16.944889068603516,16.975811107184267,16.7284395167589,16.759361555339655,61177800
2003-12-19,16.92013931274414,17.037639428293474,16.815006823347105,17.000534190728118,76856400
2003-12-22,16.808828353881836,16.9634349411257,16.67895820722857,16.79645954380921,43894800
2003-12-23,16.790279388427734,16.907780754748217,16.70370005511525,16.802648201630934,39609000
2003-12-24,16.72225570678711,16.796466237688612,16.697518076783197,16.784097422686656,19924200
2003-12-26,16.82738494873047,16.852122575578253,16.697515946444508,16.72843680044927,12076900
2003-12-29,16.98198890686035,17.025279747034997,16.79646145290244,16.82738230204383,40426700
2003-12-30,17.019092559814453,17.037644594445357,16.944880882627054,16.951065287355554,34406600
2003-12-31,16.92633819580078,17.037654003725688,16.839757661341086,16.95725905696516,42198900
2004-01-02,16.97580337524414,17.17369961380484,16.901591696006566,17.05619827982644,44487700
2004-01-05,17.402524948120117,17.427262579446023,17.142785716974064,17.14897012480554,67333700
2004-01-06,17.464372634887695,17.489110272995635,17.35924003203997,17.433451766808282,46950800
2004-01-07,17.445816040039062,17.507658943820466,17.32213141203153,17.42107958625967,54298200
2004-01-08,17.414894104003906,17.61279044025653,17.315945935877593,17.55713194824108,58810800
2004-01-09,17.105670928955078,17.35304120675812,17.06238127778386,17.334489173144473,67079900
2004-01-12,17.050016403198242,17.14896453715117,16.913963013901665,17.111859281807522,55845200
2004-01-13,16.963441848754883,17.09331086873705,16.85830927943617,17.03765238030037,51555900
2004-01-14,17.130413055419922,17.148965093916665,16.988174076134147,17.019096106220115,43907000
2004-01-15,17.031475067138672,17.142790903115625,16.95726333026516,17.03765829728555,58504100
2004-01-16,17.198444366455078,17.24173404211931,17.025285663798144,17.136601467125374,63983400
2004-01-20,17.377788543701172,17.439631442629256,17.272655969389984,17.303576829076434,63068500
2004-01-21,17.50147819519043,17.50147819519043,17.223186839314003,17.39634559064453,53570600
2004-01-22,17.322126388549805,17.588049972002313,17.27883672232357,17.538575899235912,78425200
2004-01-23,17.612794876098633,17.7859548037082,17.45200376750879,17.48911022456795,127259100
2004-01-26,17.810680389404297,17.829233606607797,17.51383599147701,17.618968529853937,58299600
2004-01-27,17.470556259155273,17.761216416526036,17.452003031408243,17.711742322089407,63196200
2004-01-28,17.136606216430664,17.588058680966142,16.988183924638165,17.50147812608721,71336000
2004-01-29,17.260286331176758,17.285023961391225,17.050021192574295,17.198443435195717,63748400
2004-01-30,17.0994930267334,17.25409965659456,17.03765013887794,17.216994395703274,40528700
2004-02-02,16.944889068603516,17.192259479473716,16.845940904255432,17.074759271532347,62891800
2004-02-03,16.87685775756836,17.03764759056634,16.80883047314666,16.94488386243526,47993800
2004-02-04,16.703704833984375,16.963444087787238,16.703704833984375,16.83357387110816,60648000
2004-02-05,16.67278480529785,16.80265503765821,16.592389845878913,16.734627716919192,55527500
2004-02-06,16.74698829650879,16.815015583781925,16.654224564489418,16.716067445687283,47209600
2004-02-09,16.635677337646484,16.839758093411263,16.60475647568875,16.815021639756125,48108500
2004-02-10,16.709877014160156,16.790271905039212,16.586191296364536,16.617113315590654,37790600
2004-02-11,16.790279388427734,16.839753461685575,16.604751908599564,16.67896242870885,51515300
2004-02-12,16.666595458984375,16.790280057278554,16.654226645288457,16.7531747957458,44537000
2004-02-13,16.4439640045166,16.73462409276773,16.388305514066676,16.68515001009615,67541100
2004-02-17,16.691329956054688,16.75935724387668,16.443959608822254,16.52435452933972,43477000
2004-02-18,16.55527114868164,16.765536169990344,16.536717936370472,16.6356660429211,50334700
2004-02-19,16.36356544494629,16.68514752417664,16.345013403930498,16.64804226259006,61840600
2004-02-20,16.43159294128418,16.573830762063878,16.388303272312534,16.487251424120586,57821900
2004-02-23,16.456336975097656,16.549100756084194,16.37594083323531,16.530547528064698,50256800
2004-02-24,16.62330436706543,16.666595214365753,16.419223662298112,16.456330102841246,55426500
2004-02-25,16.51198387145996,16.691326898012708,16.456325406085572,16.635668432638322,64275700
2004-02-26,16.388303756713867,16.481067504331428,16.332645272232323,16.443962241195415,66602700
2004-02-27,16.406856536865234,16.462515019850077,16.29553957089555,16.369750095171995,58266500
2004-03-01,16.51198387145996,16.524351501889548,16.388298130726955,16.46869303651516,51912300
2004-03-02,16.32027244567871,16.505801074856844,16.29553600285448,16.456327009653627,66331000
2004-03-03,16.307907104492188,16.419222882167677,16.215142187096895,16.295538291565492,54998700
2004-03-04,16.307907104492188,16.338827957254,16.208957780633547,16.283169478638797,44023200
2004-03-05,16.295541763305664,16.4501484191633,16.20277800570212,16.221330049489723,59849800
2004-03-08,15.973958969116211,16.29554108296729,15.961590154070757,16.27080345287638,69367800
2004-03-09,15.905928611755371,16.060535231471498,15.794612836385873,15.955402682882335,81111700
2004-03-10,15.689483642578125,15.955406094524237,15.677114827262915,15.862642338770463,75155800
2004-03-11,15.516325950622559,15.943040702612599,15.50395713356654,15.571984447819316,90536300
2004-03-12,15.695661544799805,15.77605763751337,15.602897820522788,15.695661544799805,64137100
2004-03-15,15.559612274169922,15.72658772973946,15.497769381786199,15.6461916157741,68835300
2004-03-16,15.571980476379395,15.689481849333657,15.522506400328393,15.621454552430396,65453800
2004-03-17,15.541057586669922,15.74513828659765,15.52868995300381,15.615269286441345,56241400
2004-03-18,15.392623901367188,15.479204349869557,15.200912157458495,15.435913535841335,123231000
2004-03-19,15.231851577758789,15.423564735199399,15.188561890451396,15.318432131929084,86281600
2004-03-22,15.151453971862793,15.361719141755108,14.848425033972173,15.139085154914937,127605200
2004-03-23,14.934998512268066,15.250396142906627,14.910262067668587,15.244211736868046,91696300
2004-03-24,15.095795631408691,15.200928217443073,14.953557773701975,15.077242405794864,97584700
2004-03-25,15.578163146972656,15.609083998724932,15.20092262190948,15.213291434432346,85677900
2004-03-26,15.479220390319824,15.776064916796125,15.460667165081821,15.528694478065875,61584900
2004-03-29,15.652375221252441,15.708033703591456,15.460663326281946,15.615269959544765,51881600
2004-03-30,15.584343910217285,15.664738813712917,15.479211387458625,15.590527135478435,59010400
2004-03-31,15.417373657226562,15.584349104238512,15.38026839552002,15.584349104238512,70533200
2004-04-01,15.51014518737793,15.528698417322442,15.367907296470122,15.429750216729568,69051900
2004-04-02,15.98632526397705,16.017246117161005,15.732770493292815,15.75750693992899,98043800
2004-04-05,16.048175811767578,16.066727860713268,15.912121161869862,15.961595258317532,53800300
2004-04-06,15.955404281616211,16.017247171610308,15.868824943357483,15.936852240306493,48992000
2004-04-07,15.825536727905273,15.943038111731813,15.677114486018914,15.918300481639855,63268900
2004-04-08,15.757511138916016,15.986329523938517,15.683300599677276,15.967776299351204,45294600
2004-04-12,15.837898254394531,15.918293156085628,15.726581329318721,15.757502173148854,38786800
2004-04-13,15.7389554977417,15.936851796568671,15.714217870610836,15.881193315079212,56971500
2004-04-14,15.776061058044434,15.881193616234263,15.695664947899559,15.70184935479955,61079600
2004-04-15,15.596721649169922,15.912119421868155,15.522511102391148,15.788434784051738,73756900
2004-04-16,15.559612274169922,15.708034508157823,15.528691417755592,15.664744837355736,51768600
2004-04-19,15.788434028625488,15.83172370876773,15.497772725575606,15.510141542632052,44592100
2004-04-20,15.664745330810547,16.004879480302996,15.63382447342218,15.862641649028344,59902600
2004-04-21,15.7389554977417,15.76369194531758,15.584348866838756,15.683297016252242,49252000
2004-04-22,16.048175811767578,16.072912270213664,15.751330053526061,15.776067691527647,99207700
2004-04-23,17.031475067138672,17.142790903115625,16.907789232201335,16.94489451086032,258269000
2004-04-26,16.845935821533203,17.037647684670294,16.759356498739965,16.97580598527787,89391000
2004-04-27,16.833572387695312,16.926337325529403,16.77791389681693,16.796467120294786,80716800
2004-04-28,16.42540740966797,16.728436251275454,16.369748930642622,16.703699804794706,72842200
2004-04-29,16.375930786132812,16.66040754345309,16.27079825096843,16.394484002769378,77787300
2004-04-30,16.159488677978516,16.54291373973559,16.054356094880227,16.44396556500253,66172200
2004-05-03,16.295541763305664,16.400674336471063,16.196593597921193,16.196593597921193,65916200
2004-05-04,16.28317642211914,16.413046654118926,16.09146445822514,16.295545240320152,55496400
2004-05-05,16.264617919921875,16.450146594100648,16.233697064002936,16.276986734111468,51841700
2004-05-06,16.153308868408203,16.28936234257636,16.097650360894974,16.1780453275499,62693900
2004-05-07,15.943035125732422,16.314090071175215,15.924481906638318,16.09764174618522,68290200
2004-05-10,16.035799026489258,16.110009544516647,15.844087145437763,15.850270372310948,64621400
2004-05-11,16.041976928710938,16.147109436252947,15.949213229010208,16.134740628411667,57917200
2004-05-12,16.041976928710938,16.07908217268034,15.726579406084907,15.998687280820894,64145600
2004-05-13,16.14093589782715,16.196594391025762,15.949223965451504,15.967776010147553,63861500
2004-05-14,15.992506980895996,16.184218833415176,15.856452418836474,16.07908629889406,43775300
2004-05-17,15.794617652893066,15.949224319755896,15.720405933794597,15.751326795345058,55149600
2004-05-18,15.973958969116211,16.060538315324145,15.85645758529464,15.893564030431007,58158600
2004-05-19,15.844091415405273,16.24606850512501,15.844091415405273,16.097646249515655,60052800
2004-05-20,15.912110328674316,15.998690823179107,15.825531013724223,15.924479139254244,52089900
2004-05-21,16.01106071472168,16.20277376711341,15.94303460603723,16.060534784471674,57809300
2004-05-24,15.930671691894531,16.184226540683934,15.918302874988877,16.11001481880531,56250500
2004-05-25,16.14093589782715,16.196594391025762,15.83172257097052,15.89974870078142,66615000
2004-05-26,16.165668487548828,16.17185289415472,15.986325414197745,16.07290474757034,50306900
2004-05-27,16.19658660888672,16.19658660888672,16.029611209519253,16.17803339354989,49071900
2004-05-28,16.22132682800293,16.29553852708074,16.091457829060435,16.165668348583306,37393000
2004-06-01,16.147111892700195,16.246060011374464,15.998689714688794,16.159479522868516,48369500
2004-06-02,16.159488677978516,16.252253623901634,16.08527813670636,16.153305449168574,54020000
2004-06-03,16.01106071472168,16.15948292397166,15.992508675787223,16.110008854221665,45933100
2004-06-04,16.048175811767578,16.227518969057066,16.041991402267183,16.09764990821525,48815300
2004-06-07,16.34501075744629,16.34501075744629,16.06053398586326,16.0914560151412,65218600
2004-06-08,16.450149536132812,16.481070397581803,16.22751555912326,16.252253191926656,58447700
2004-06-09,16.369749069213867,16.481066028206868,16.32645940283991,16.32645940283991,50385500
2004-06-10,16.55527114868164,16.56763995688909,16.31408410685432,16.31408410685432,48109200
2004-06-14,16.635677337646484,16.635677337646484,16.406860128226572,16.419227765276503,67377500
2004-06-15,16.951065063476562,17.06856639265698,16.678957156789387,16.691325966083024,114183400
2004-06-16,16.895414352416992,17.006731328020123,16.790281784297935,16.907783167385144,67431100
2004-06-17,17.1737060546875,17.26646980385892,16.876861585516934,16.889229220399407,105427500
2004-06-18,17.532390594482422,17.62515432872262,17.130413626404987,17.17370329041342,134218700
2004-06-21,17.532390594482422,17.724102469186146,17.390152790010465,17.45199449313401,116881700
2004-06-22,17.495290756225586,17.532396025504813,17.198445063326037,17.408710221833733,98932000
2004-06-23,17.50147819519043,17.55095229264994,17.315950624606145,17.439636458032687,58558400
2004-06-24,17.557130813598633,17.717921871301453,17.538578770495892,17.612789302017113,65503800
2004-06-25,17.66844940185547,17.7055546710002,17.47055306034325,17.612790908360754,71136500
2004-06-28,17.489103317260742,17.77976337209518,17.421076019075112,17.686999625195256,77024100
2004-06-29,17.62515640258789,17.674630478641024,17.427260098375353,17.427260098375353,55371700
2004-06-30,17.662260055541992,17.81068227017874,17.557127506063264,17.668444461929553,83544400
2004-07-01,17.70554542541504,17.835415568938107,17.47672834235979,17.748836259625808,78441400
2004-07-02,17.66844940185547,17.736476711583506,17.5633168229827,17.69937144243878,36690100
2004-07-06,17.32831573486328,17.520027674039934,17.278841647993328,17.51384326573678,69158900
2004-07-07,17.377788543701172,17.513841977698807,17.0376531893743,17.11186490399904,66255700
2004-07-08,17.09330940246582,17.40870708336702,17.03765091880355,17.2417316323802,59125100
2004-07-09,17.22936248779297,17.315941819432553,17.09330790429656,17.17988841549107,50249300
2004-07-12,17.24791717529297,17.315944477483573,17.062389670570543,17.111863750466863,45757300
2004-07-13,17.068578720092773,17.285028320839498,17.068578720092773,17.26029068438596,43274100
2004-07-14,17.396337509155273,17.53857650538516,16.90778117114647,16.94488643211493,87656300
2004-07-15,17.23554801940918,17.439628728421226,17.19225717120844,17.34686380468893,46759700
2004-07-16,16.994354248046875,17.439621933908683,16.852116483754152,17.427253124955957,66406300
2004-07-19,17.285018920898438,17.476730780934858,17.068569437861296,17.080938249361655,60354500
2004-07-20,17.513839721679688,17.612787875396688,17.223179667580375,17.315943414245687,89010700
2004-07-21,17.84778594970703,18.484764374951986,17.816863922548954,18.484764374951986,201518000
2004-07-22,17.934377670288086,18.11990524333092,17.829245064349003,17.97766735869438,124640700
2004-07-23,17.334495544433594,17.56331269317014,17.328311137771127,17.550943879845203,97372700
2004-07-26,17.724103927612305,17.755024781718397,17.439628295260338,17.538576443865804,72387600
2004-07-27,17.588048934936523,17.785945214333328,17.39633588216036,17.748839956835145,72968400
2004-07-28,17.674631118774414,17.80450131033937,17.48910362174455,17.526208885239512,62718800
2004-07-29,17.612794876098633,17.810691262192133,17.47055699603837,17.79832362272792,60148400
2004-07-30,17.618976593017578,17.816872948867896,17.52002841509242,17.59424013831395,59552900
2004-08-02,17.63751983642578,17.656071872064796,17.414885972320334,17.48291324847581,52267000
2004-08-03,17.35923194885254,17.575681463286987,17.31594228187664,17.55094383669793,53990900
2004-08-04,17.353046417236328,17.439626925130213,17.309756753066825,17.322125565559507,46217900
2004-08-05,17.025279998779297,17.445808979272364,17.019095592948617,17.414888129673763,55591700
2004-08-06,16.784095764160156,17.22936362379035,16.73462168859625,16.932517990851885,75628000
2004-08-09,16.808828353881836,16.870671224690312,16.759354293145982,16.858302414617686,51877500
2004-08-10,17.14278221130371,17.161335431004034,16.852122179994954,16.883043033273882,57632700
2004-08-11,16.951065063476562,17.01290793039018,16.82119610455708,16.938696254182922,53097300
2004-08-12,16.62330436706543,16.889227959849656,16.61093673310603,16.839753885347122,50279700
2004-08-13,16.709877014160156,16.85211476393702,16.68513939877926,16.70369261031493,43333200
2004-08-16,16.753173828125,16.821201119968464,16.672777723300012,16.716068568735352,54347200
2004-08-17,16.728437423706055,16.9325181345839,16.685147754664545,16.833569982616158,56879700
2004-08-18,16.98198890686035,17.006726529817293,16.62948603660745,16.65422365956439,58844000
2004-08-19,16.771724700927734,16.975805368348595,16.703697418602523,16.91396249164884,46293000
2004-08-20,16.821195602416992,16.926328119165394,16.722247490130798,16.777904771181557,46494800
2004-08-23,16.8956298828125,16.95145254361641,16.821200457096886,16.9142378307586,39572200
2004-08-24,16.8956298828125,17.032084618647392,16.802592509150784,16.99486990578958,40835300
2004-08-25,17.08791160583496,17.162342233429605,16.85841943823464,16.87702620785728,53512700
2004-08-26,17.019678115844727,17.118918124902255,16.98866487361786,17.03208222970125,35465500
2004-08-27,17.03207778930664,17.14992571297642,17.02587632551226,17.056888376619824,33248700
2004-08-30,16.932849884033203,16.988672562271304,16.65373767587746,16.932849884033203,36679600
2004-08-31,16.932849884033203,16.945255186538283,16.77778715182398,16.926648415815425,52106700
2004-09-01,16.988670349121094,17.06930362186509,16.83360763711222,16.889430308078186,48507500
2004-09-02,17.131330490112305,17.16854521310497,16.96386246209325,16.99487453408135,42161700
2004-09-03,16.815000534057617,17.13132860222236,16.80879788373659,17.032087380120554,46174400
2004-09-07,16.97005271911621,16.98245682903135,16.846002155694006,16.926635376828592,44893400
2004-09-08,16.908039093017578,17.038291209670152,16.83360846704849,16.932848512984165,53278100
2004-09-09,16.920438766479492,17.03828554243351,16.858413462641746,16.932842880819624,56904700
2004-09-10,17.05069351196289,17.06309881128143,16.85841610466334,16.957656133142752,52664500
2004-09-13,16.901836395263672,17.100316486583058,16.585508306085405,17.075507066685468,48239200
2004-09-14,17.019678115844727,17.06309547192812,16.914235458341828,16.976260759761338,55920000
2004-09-15,16.864625930786133,16.99487807995409,16.833612669292602,16.970068653794225,52605700
2004-09-16,16.908039093017578,16.96386176673573,16.852216419299427,16.883228490016325,35951500
2004-09-17,17.063106536865234,17.075511841800466,16.9080437742798,16.988675890288828,65283000
2004-09-20,17.063106536865234,17.14994130534188,16.951461158518125,17.019689152626913,51513600
2004-09-21,16.908039093017578,17.075507114172034,16.901836442267264,17.025887091204194,73874400
2004-09-22,16.821197509765625,17.205752235663347,16.790184268622788,16.92043751535434,68409000
2004-09-23,16.963863372802734,16.98867279511817,16.852218014796318,16.864623317471427,52155800
2004-09-24,16.926645278930664,17.0320867815789,16.864619960934697,16.988669413892087,49859800
2004-09-27,16.864625930786133,16.9452580445994,16.827410016993895,16.85222062618872,47813600
2004-09-28,16.914234161376953,16.97005681007067,16.771576807174846,16.877018273558384,62055100
2004-09-29,17.106517791748047,17.174745761410396,16.889429765305227,16.90803771604075,61529300
2004-09-30,17.149938583374023,17.236774521103417,17.06930648016259,17.112723857509888,71218000
2004-10-01,17.5220890045166,17.565506380905944,17.230571489449023,17.255380911799456,66302800
2004-10-04,17.44145965576172,17.65234391964469,17.41044639413557,17.639939798029197,62016200
2004-10-05,17.602712631225586,17.646131169746106,17.42904320928034,17.460055268046506,58017700
2004-10-06,17.695755004882812,17.708159121254354,17.509679062896094,17.608919092075226,56999600
2004-10-07,17.47246551513672,17.73297090489624,17.46626286501928,17.701958837343614,38401500
2004-10-08,17.360815048217773,17.571700357746607,17.34840975164921,17.429042996310688,49556600
2004-10-11,17.404237747192383,17.50347778414444,17.323605660806795,17.491073666801352,44691000
2004-10-12,17.385629653930664,17.466261734167706,17.249173726251023,17.26157902568271,56412900
2004-10-13,17.385629653930664,17.534489698007526,17.32980698952253,17.48486968331524,49500700
2004-10-14,17.242969512939453,17.46626015032394,17.242969512939453,17.39183072655202,41548700
2004-10-15,17.360815048217773,17.51587770622226,17.25537239345336,17.34840975164921,49828500
2004-10-18,17.621320724487305,17.64613131813624,17.35461275793235,17.410435410608233,50350700
2004-10-19,17.478670120239258,17.73297288832505,17.472467469428057,17.69575816649253,57026500
2004-10-20,17.801193237304688,17.832205295038914,17.441447925630488,17.503472041098938,69078100
2004-10-21,17.714359283447266,17.9190419627663,17.658536626993502,17.869421955144542,94988500
2004-10-22,17.205759048461914,17.577909808293633,17.106519003578075,17.55309920555535,101912800
2004-10-25,17.137529373168945,17.224365291100348,17.087909355651515,17.16233997344493,61529500
2004-10-26,17.304996490478516,17.304996490478516,17.137528496288127,17.18714851126663,76966600
2004-10-27,17.46004867553711,17.584099229831565,17.1065061337418,17.280176673147288,72392600
2004-10-28,17.37322425842285,17.701957593337863,17.30499629496034,17.43524957220382,63059600
2004-10-29,17.348411560058594,17.46005687474527,17.242968894302766,17.441450110987034,80010100
2004-11-01,17.416645050048828,17.540695702018905,17.342214422259843,17.46626507422992,72930900
2004-11-02,17.515888214111328,17.658545661128326,17.385636071104916,17.528293518121913,89417100
2004-11-03,17.65854263305664,17.770187983937234,17.55930258405938,17.770187983937234,79666700
2004-11-04,17.987285614013672,17.987285614013672,17.602729332075075,17.602729332075075,87867700
2004-11-05,18.179550170898438,18.210563419958547,18.005880708299756,18.117524855812697,95337700
2004-11-08,18.16094398498535,18.2849934360874,18.067905417865656,18.09891866791706,112802100
2004-11-09,18.464860916137695,18.53929032672776,18.20435561300417,18.25397561440893,100401000
2004-11-10,18.4400577545166,18.607525770378317,18.415248335334102,18.557905748978694,84097700
2004-11-11,18.59511947631836,18.657144795514487,18.49587943881838,18.539296807345302,87358900
2004-11-12,18.588918685913086,18.731577289247518,18.483475987640517,18.706766685872942,162269000
2004-11-15,18.934566497802734,19.010609357164306,18.803221418865927,18.900002280933126,104468000
2004-11-16,18.747915267944336,18.89999964693186,18.699523525114504,18.89308654081331,64522600
2004-11-17,18.78247833251953,18.906911597971042,18.706435488401368,18.837781859549082,58830700
2004-11-18,18.713359832763672,18.782489612702843,18.664969382368515,18.754837173310822,63249900
2004-11-19,18.56818199157715,18.713353292021946,18.554355776713713,18.6857021808355,85808600
2004-11-22,18.423006057739258,18.5405262258522,18.042794447189255,18.49213580107749,92410800
2004-11-23,18.34005355834961,18.457573740161134,18.250184485972383,18.333140451355952,70459700
2004-11-24,18.41609001159668,18.478306638814775,18.250179445195084,18.402265119968195,60069200
2004-11-26,18.388442993164062,18.540527383169277,18.353877460067242,18.360790566686607,24398700
2004-11-29,18.505956649780273,18.630389888015955,18.395349619912956,18.4160876139257,67079900
2004-11-30,18.533613204956055,18.671872692268792,18.457571673620222,18.49213588617831,75960400
2004-12-01,18.837787628173828,18.858526951613367,18.533617477096378,18.630399667940406,99889000
2004-12-02,18.7271728515625,18.941473831625082,18.609652704068836,18.85160610403108,96088300
2004-12-03,18.82395362854004,18.969126195504643,18.76173700248949,18.775563212398488,76498400
2004-12-06,18.893089294433594,18.969132154280498,18.71335246477569,18.734091786154035,55297400
2004-12-07,18.713359832763672,18.927660963888307,18.664969382368515,18.844706282794007,111656000
2004-12-08,18.913820266723633,18.913820266723633,18.602737176071027,18.671866898276026,95655000
2004-12-09,18.82395362854004,18.91382267440859,18.62347885901934,18.75482389753499,83006000
2004-12-10,18.720272064208984,18.78940184090441,18.692620944655307,18.720272064208984,70949200
2004-12-13,18.837787628173828,18.858526951613367,18.602747236687684,18.734093648057115,93812500
2004-12-14,18.82395362854004,18.89308335954509,18.69260859002439,18.69952037643894,127843200
2004-12-15,18.741004943847656,18.941479776884467,18.713352515268582,18.817046485359374,106303900
2004-12-16,18.775562286376953,18.858518223199567,18.671868354253593,18.76864918176341,88997500
2004-12-17,18.63731575012207,18.886182414558384,18.526708636715,18.66496818774424,126184400
2004-12-20,18.630395889282227,18.768654061882515,18.588917250815935,18.67187320920829,85552800
2004-12-21,18.713359832763672,18.782489612702843,18.623492041821365,18.664969382368515,94646100
2004-12-22,18.64421844482422,18.768651707533667,18.512873395110965,18.554350709834093,63651900
2004-12-23,18.671876907348633,18.768657779191216,18.54744360438503,18.57509603550605,65801900
2004-12-27,18.56125831604004,18.734081947812218,18.540519005553094,18.67186533489106,55958500
2004-12-28,18.630395889282227,18.685699422030385,18.526700611656725,18.56126614371197,55075900
2004-12-29,18.59583854675293,18.66496832276764,18.540534989649323,18.56127431801598,47594900
2004-12-30,18.499046325683594,18.623479582619446,18.492133220460488,18.58891405650393,48355400
2004-12-31,18.47140121459961,18.59583452077827,18.44375010130464,18.492140538476228,54959500
2005-01-03,18.485219955444336,18.630392526794573,18.423003327514234,18.52669726788441,65002900
2005-01-04,18.55435562133789,18.734092457436148,18.429922325689837,18.57509494345937,109442100
2005-01-05,18.512880325317383,18.73409451137127,18.499054109053876,18.554357655567348,72463500
2005-01-06,18.49212646484375,18.706427374310685,18.416083653709876,18.56125617328004,76890500
2005-01-07,18.43683624267578,18.588920655957175,18.40227202282925,18.540530220755844,68723300
2005-01-10,18.526700973510742,18.568179612787173,18.346965477473887,18.388442798210065,70376600
2005-01-11,18.478313446044922,18.540530096183023,18.39535879155443,18.45066233406158,64712000
2005-01-12,18.512880325317383,18.561270763699103,18.40227323229044,18.50596721718563,72940600
2005-01-13,18.160320281982422,18.526705794482346,18.084277408728205,18.443751131423742,89861600
2005-01-14,18.056617736816406,18.28474492992846,18.001314214805603,18.250179404584227,92180800
2005-01-18,18.19488525390625,18.215624579794646,17.863063950935835,17.99441037781437,69146400
2005-01-19,17.9598388671875,18.153401888875774,17.918361547732946,18.118836357213468,58114100
2005-01-20,17.87688446044922,18.042795058962362,17.793928501922533,17.863058247604734,58380100
2005-01-21,17.731714248657227,18.063535490333663,17.72480114130475,17.939103513610302,76501000
2005-01-24,17.74553680419922,17.97366402562906,17.724797486418275,17.807753439001917,69010900
2005-01-25,17.98749542236328,18.105015619916788,17.8008454641535,17.80775857207318,67580700
2005-01-26,17.980575561523438,18.09118260961685,17.90453272150671,18.022052874923464,64974500
2005-01-27,18.049701690673828,18.08426589184609,17.869964943790585,17.939094664674872,93204100
2005-01-28,18.098094940185547,18.423002965233582,17.946009266662667,18.346961447012106,110466500
2005-01-31,18.167232513427734,18.33314315007733,18.08427653583267,18.2156229509663,71442100
2005-02-01,18.243270874023438,18.27092330123268,18.125750695464752,18.146490015871684,57981700
2005-02-02,18.291662216186523,18.319314644776128,18.167230243154407,18.264011106137286,79329500
2005-02-03,18.098094940185547,18.25017929516846,18.042791418506308,18.229441298626224,62545400
2005-02-04,18.19488525390625,18.229450797053577,18.070451935657182,18.09119126154558,61246500
2005-02-07,18.084270477294922,18.181051319948825,18.015140738882092,18.16031332140304,57763400
2005-02-08,18.139570236206055,18.20869996025865,18.084266720671945,18.105006033449666,61343700
2005-02-09,18.022058486938477,18.187969110742667,18.00132048305072,18.14649178442673,77874800
2005-02-10,18.015148162841797,18.063538604110228,17.97367083011752,18.042800597018406,71796400
2005-02-11,17.952926635742188,18.056621917242197,17.842319566113098,17.9944052757583,83835900
2005-02-14,17.980575561523438,18.056618401540167,17.91144582683005,17.92527203747673,58694000
2005-02-15,17.980573654174805,18.084587505209868,17.932033945198967,18.029113363150643,76551600
2005-02-16,17.883495330810547,17.980574754704122,17.80028345132466,17.938969476265157,57506600
2005-02-17,17.78641128540039,17.932031716839973,17.751740446899767,17.82801655612268,67024800
2005-02-18,17.668535232543945,17.786417979462986,17.613061076500173,17.77948354463149,77091100
2005-02-22,17.495176315307617,17.675467632344432,17.47437433581633,17.509045183373846,96419200
2005-02-23,17.4743709564209,17.57838480158611,17.453567658344735,17.502107364581317,83689400
2005-02-24,17.592256546020508,17.640796260200826,17.439701647044636,17.46050494852535,85236300
2005-02-25,17.509048461914062,17.599193476007947,17.439705431206605,17.564522621958368,62467700
2005-02-28,17.44664192199707,17.592262435899702,17.42583861355142,17.488247216279913,82728000
2005-03-01,17.52984619140625,17.619991176823685,17.42583101712967,17.467437615883455,56394800
2005-03-02,17.515981674194336,17.66853527301207,17.446638648328747,17.467441952870885,67739000
2005-03-03,17.453575134277344,17.550654588332783,17.432771827290452,17.543720152670485,52183600
2005-03-04,17.453575134277344,17.543720152670485,17.425837391628153,17.48131155431817,63058200
2005-03-07,17.661603927612305,17.883501913719233,17.446641700174197,17.45357613623458,80407400
2005-03-08,17.613056182861328,17.765611061551773,17.571450908040223,17.613056182861328,52871800
2005-03-09,17.5506534576416,17.73094480542108,17.52985147460323,17.60612761675773,62991800
2005-03-10,17.633867263793945,17.668538121011245,17.509050061638188,17.633867263793945,59132900
2005-03-11,17.398101806640625,17.668538197408495,17.37729849865524,17.64773621203154,60617900
2005-03-14,17.41196632385254,17.439702738287675,17.30795113254851,17.391163021070113,65550500
2005-03-15,17.273277282714844,17.50210828313099,17.259408416602867,17.40502886556289,71469400
2005-03-16,17.079124450683594,17.314889985282147,17.0305847210795,17.210876090043595,74841400
2005-03-17,17.016704559326172,17.11378394658186,17.009770128435413,17.086046223018833,60573200
2005-03-18,16.857229232788086,17.273286172006262,16.83642724552273,17.009784193312928,135904000
2005-03-21,16.78095245361328,16.891900790281095,16.746280271774275,16.884966353913295,71446200
2005-03-22,16.63533592224121,16.829496219250213,16.6145326081517,16.77402203762033,102113300
2005-03-23,16.76707649230957,16.91269562664491,16.614521601930136,16.635324902238587,79293300
2005-03-24,16.83641815185547,16.96816840873706,16.78094401142958,16.808680420338607,78820900
2005-03-28,16.78095245361328,16.968176945109906,16.767083580877678,16.9196372131438,49802000
2005-03-29,16.5867919921875,16.808688662701023,16.517448951999903,16.739345622513426,74231700
2005-03-30,16.75320816040039,16.77401146137313,16.642259867095063,16.669997601725385,59585700
2005-03-31,16.760141372680664,16.857220791596273,16.725470529527342,16.81561551529071,62382300
2005-04-01,16.725473403930664,16.884961426017824,16.711604535242707,16.808683970842175,64619600
2005-04-04,16.80175018310547,16.82255348693801,16.600656869823574,16.718539612991638,62196400
2005-04-05,16.96817398071289,16.988977286181886,16.725475363282623,16.794817069629403,73549600
2005-04-06,17.10685920715332,17.294084979449465,16.95430560895361,16.968173155983983,78020200
2005-04-07,17.405029296875,17.42583127395059,17.079117548206497,17.099920847889987,77451500
2005-04-08,17.29408073425293,17.509042870451033,17.273277434901676,17.384225719559268,47956300
2005-04-11,17.314889907836914,17.411970689219324,17.238613757060975,17.356496523832988,47791800
2005-04-12,17.557579040527344,17.578382335685212,17.196996526769954,17.280208384793816,67517800
2005-04-13,17.363433837890625,17.64773914794638,17.32876165214684,17.495184175891044,60929300
2005-04-14,17.224742889404297,17.432770654848856,17.217808454208374,17.34262564251842,66754400
2005-04-15,16.96123695373535,17.266345440949436,16.926566105859962,17.04444884028758,100251600
2005-04-18,17.092988967895508,17.224740573688628,16.9196320791286,16.954304250446842,75766400
2005-04-19,17.079124450683594,17.197007217982872,16.954308569962393,17.13459861631805,65956200
2005-04-20,16.864158630371094,17.127661852937727,16.85028976126587,17.09992411472728,91923500
2005-04-21,17.52984619140625,17.606122310572424,16.9681690117011,16.97510344482673,93562300
2005-04-22,17.321821212768555,17.509046983082932,17.183136485675387,17.370360933381573,80087500
2005-04-25,17.328754425048828,17.52984905066866,17.238609424928004,17.384228576494284,75457900
2005-04-26,17.169265747070312,17.509045076979927,17.155396879088357,17.30101734768279,60464300
2005-04-27,17.328754425048828,17.439702727939736,17.079120082240237,17.09992338501032,47732800
2005-04-28,16.954301834106445,17.280212262400305,16.947367400831098,17.210869252254742,83623100
2005-04-29,17.54370880126953,17.54370880126953,17.19006206957286,17.25246930493712,98641200
2005-05-02,17.495176315307617,17.58532263513005,17.301017452812626,17.495176315307617,54376700
2005-05-03,17.585325241088867,17.613061658723513,17.398099462274057,17.425835879908707,67867800
2005-05-04,17.481304168701172,17.613055745404825,17.41196248659086,17.571450471617073,86864200
2005-05-05,17.495176315307617,17.56451933303071,17.391162450027007,17.47437433581633,59362300
2005-05-06,17.488250732421875,17.668542140707714,17.46744874240229,17.56452822278362,64322600
2005-05-09,17.41196632385254,17.56451990976603,17.370359718287688,17.495176889766046,61872400
2005-05-10,17.266342163085938,17.39115930791481,17.210868023451752,17.363422899401623,62235100
2005-05-11,17.273277282714844,17.314882558442907,17.086051558026757,17.259408416602867,59463300
2005-05-12,17.335693359375,17.411970833390953,17.217810591626915,17.224745027683678,74540700
2005-05-13,17.54370880126953,17.599182928065826,17.328746725259837,17.356484449961737,77204300
2005-05-16,17.731536865234375,17.738493296331715,17.52284923952837,17.550673637114173,50577300
2005-05-17,17.710660934448242,17.73848664840926,17.56457991656211,17.606317160700566,39983200
2005-05-18,17.877620697021484,17.9750080865798,17.68284459110119,17.738494717535037,71182400
2005-05-19,18.03065299987793,18.121083931635592,17.877615528132928,17.912396349546654,52120800
2005-05-20,17.905447006225586,18.03066013575505,17.898490573829083,18.00283440616903,64444500
2005-05-23,17.98196029663086,18.134997776694586,17.905440893197312,17.905440893197312,75421100
2005-05-24,17.912403106689453,18.002834072560624,17.891533809886663,17.947183941223646,61287700
2005-05-25,17.88457679748535,17.926315389737027,17.738495705015726,17.86370882816326,35749000
2005-05-26,18.01674461364746,18.086307600548757,17.898487933956343,17.912400796697327,50579200
2005-05-27,18.135000228881836,18.148913090806186,17.95413700427591,17.96804986620026,54978000
2005-05-31,17.94718360900879,18.1071788945943,17.912402775118416,18.079353166038988,46131100
2005-06-01,17.954133987426758,18.08630349989244,17.815009371971115,17.898483875883837,54621000
2005-06-02,17.940223693847656,17.98891737896077,17.835878566544235,17.88457225165735,27212500
2005-06-03,17.68979835510254,17.954136084099783,17.627191806455183,17.877618001044606,79659500
2005-06-06,17.64805793762207,17.738488865692965,17.60631936146329,17.655013040178634,40756900
2005-06-07,17.745450973510742,17.96805147704239,17.606324995401632,17.620237858573272,54511400
2005-06-08,17.668922424316406,17.821961186530505,17.62718518316846,17.773266190587762,45369700
2005-06-09,17.745450973510742,17.815013962565295,17.634150721744916,17.668931552870365,52767900
2005-06-10,17.68979835510254,17.752404903749895,17.627191806455183,17.73153561193295,39459800
2005-06-13,17.606325149536133,17.731538265569778,17.571544318106195,17.64110730776974,49104100
2005-06-14,17.6411075592041,17.69675768636737,17.557631705057354,17.606325400474752,44243300
2005-06-15,17.571544647216797,17.67588847026461,17.467200824168984,17.668932038487597,50764800
2005-06-16,17.41851234436035,17.5506806072892,17.355905766423913,17.543724173429137,65918800
2005-06-17,17.41851234436035,17.592419210449552,17.335036464843732,17.578506342729433,90821300
2005-06-20,17.46719741821289,17.585454081755678,17.34198432424953,17.376765149548937,50538900
2005-06-21,17.49502182006836,17.522847541761728,17.418503739018465,17.4463281339084,81084000
2005-06-22,17.439373016357422,17.571542550744052,17.411548619372812,17.46719874014557,60492700
2005-06-23,17.606325149536133,17.821970550173486,17.49502489679593,17.508937760089374,105159800
2005-06-24,17.41851234436035,17.668937329302018,17.41851234436035,17.543724173429137,57970700
2005-06-27,17.425458908081055,17.564584863463526,17.41154737398556,17.43937176897999,61636200
2005-06-28,17.439373016357422,17.52980529186537,17.411548619372812,17.453285878251496,53058100
2005-06-29,17.453298568725586,17.613292616430158,17.390691971483886,17.54372958318332,55859900
2005-06-30,17.279376983642578,17.48806457946106,17.265464123440445,17.432414465455906,82018200
2005-07-01,17.188936233520508,17.38371219978576,17.161111853655598,17.286324880054494,69718400
2005-07-05,17.376768112182617,17.52285052231385,17.12634320836341,17.15416760798614,61883500
2005-07-06,17.181997299194336,17.446335127223247,17.175040865982528,17.36981568869731,64214600
2005-07-07,17.14720916748047,17.18894642542662,17.042865359213334,17.098515478742705,80082900
2005-07-08,17.453298568725586,17.47416787674099,17.13330914651194,17.140265582517078,56104000
2005-07-11,17.592409133911133,17.655014349184615,17.467196049757508,17.49502044245646,61525400
2005-07-12,17.815006256103516,17.821962684680106,17.52979931847869,17.55762370598197,63384800
2005-07-13,17.849794387817383,17.912400943862554,17.724581275727044,17.759363432865268,44749200
2005-07-14,18.065441131591797,18.155873426746773,17.940229327752622,17.940229327752622,69506800
2005-07-15,17.940223693847656,18.15586772512147,17.9123979727525,18.11413047028215,56472800
2005-07-18,17.77327537536621,17.940227079840362,17.77327537536621,17.88457562714654,39668000
2005-07-19,18.197603225708008,18.260209765333414,17.91239624599373,17.94022196440648,113290100
2005-07-20,18.218475341796875,18.246299737724343,18.00282997104245,18.08630581243182,71424800
2005-07-21,18.392383575439453,18.42020797355595,18.086307235336445,18.294994865022737,112932100
2005-07-22,17.863710403442383,18.32282434426698,17.82892824016545,18.079354508543908,97558900
2005-07-25,17.870664596557617,18.016745683602355,17.842838869423172,17.870664596557617,45174600
2005-07-26,17.766321182250977,17.90544584071365,17.759364750307284,17.891532976826266,51476400
2005-07-27,17.891529083251953,17.947179199887128,17.75936088549556,17.815011002130735,57977300
2005-07-28,17.912403106689453,17.981966102561625,17.849796543084874,17.912403106689453,44738700
2005-07-29,17.815006256103516,18.086300336575153,17.801093398950332,17.9332628882994,59524400
2005-08-01,18.03065299987793,18.121083931635592,17.919352779190056,17.954133600603786,61346800
2005-08-02,18.64975929260254,18.712365828055624,17.99587087511975,18.016738835735314,137510100
2005-08-03,18.955835342407227,19.08104841200338,18.594108991752382,18.614978278952798,139422400
2005-08-04,19.00453758239746,19.129750708413866,18.816717893372857,18.89323732078372,91461400
2005-08-05,19.310609817504883,19.435822916626726,18.95583981226083,18.983665535089457,82212400
2005-08-08,18.87236785888672,19.366263926425233,18.83758702498847,19.33843819786362,77207200
2005-08-09,19.025413513183594,19.136713813607873,18.788900043080947,18.934981189836222,64761800
2005-08-10,18.747154235839844,19.129748678692234,18.677591248011144,19.067142122326768,62818800
2005-08-11,18.969745635986328,18.99061359356239,18.705406674396876,18.768013200731062,48646800
2005-08-12,18.816720962524414,18.879327535744228,18.71237711609272,18.83759026253235,52006500
2005-08-15,18.928340911865234,19.046948339018723,18.621358078664702,18.82368761278601,45976600
2005-08-16,18.65624237060547,18.935318282921322,18.628335444743342,18.858573238746285,46894600
2005-08-17,18.80275535583496,18.942292626583114,18.60042451675286,18.712054865646873,52413100
2005-08-18,18.712055206298828,18.893454859238652,18.698101079748362,18.760893318486712,40861900
2005-08-19,18.64229393005371,18.77485552787527,18.628341128235117,18.732994460940844,36043500
2005-08-22,18.77485466003418,18.956254382684183,18.677178398122358,18.691132530035265,41691700
2005-08-23,18.7469425201416,18.88647980829757,18.656242018638274,18.726011328085704,48296700
2005-08-24,18.705078125,18.949270016442878,18.684148265933217,18.726009314805534,63645000
2005-08-25,18.858577728271484,18.900438792399694,18.732993205147622,18.76787720346459,39306300
2005-08-26,18.81671905517578,18.89346546353992,18.74695104474238,18.87951132915744,36774600
2005-08-29,18.94230079650879,18.998115995029217,18.70508587011214,18.70508587011214,52307700
2005-08-30,18.963224411010742,18.998108397107604,18.8097316784115,18.879500981343995,55163200
2005-08-31,19.102764129638672,19.144626515196194,18.865550598507404,18.95624977240416,65210200
2005-09-01,18.977184295654297,19.10974454763379,18.94229896823403,19.102767482149737,75974500
2005-09-02,18.851600646972656,19.02602329989267,18.816715317945114,18.98416090505962,52047500
2005-09-06,18.837644577026367,19.039975472349195,18.823690446851185,18.879505636812812,46089000
2005-09-07,18.73299217224121,18.91439188111368,18.7120609759616,18.79578443034088,44656100
2005-09-08,18.56554412841797,18.75391954695852,18.502751878658124,18.698104361698544,52552300
2005-09-09,18.544614791870117,18.712060364417084,18.50973079661667,18.57252305266417,41515800
2005-09-12,18.56554412841797,18.66322036993818,18.502751878658124,18.57252119291784,40550500
2005-09-13,18.474843978881836,18.670197796449113,18.398098929373166,18.51670636669276,63422900
2005-09-14,18.35623550415039,18.58647330114242,18.349258439909548,18.50275119173019,54969600
2005-09-15,18.328325271606445,18.439955617844596,18.293439956695337,18.398094570689963,60357200
2005-09-16,18.188793182373047,18.419031020223116,18.119023858322294,18.377169958088334,187384300
2005-09-19,18.139957427978516,18.32833422833881,18.042281159972145,18.20274969476528,61832300
2005-09-20,18.0283203125,18.293442082946097,17.923667017080195,18.188788787526292,61043400
2005-09-21,17.78413963317871,18.070192775643648,17.742278554723757,18.000423424392267,68281800
2005-09-22,17.679473876953125,17.860873530735244,17.546912335585663,17.784127165090066,71314900
2005-09-23,17.630643844604492,17.819020648026708,17.52599050850527,17.65855077988591,66396800
2005-09-26,17.630643844604492,17.784135315500723,17.58878144557331,17.721343047693317,56203700
2005-09-27,17.679473876953125,17.756220242598303,17.651565623722604,17.700405066876016,48797900
2005-09-28,17.909711837768555,18.049250443959966,17.707380991864888,17.714358055248336,71019400
2005-09-29,18.09808921813965,18.139950269231,17.79110507174579,17.86785144102896,66807100
2005-09-30,17.95157241821289,18.105065147160065,17.867850321276922,18.077156894355582,57644500
2005-10-03,17.791105270385742,17.951573743643273,17.749244218827002,17.93761961621075,55341300
2005-10-04,17.428314208984375,17.714367303351015,17.267845659605914,17.69343743301263,151666300
2005-10-05,17.212024688720703,17.4771464932031,17.212024688720703,17.47017075925324,73684700
2005-10-06,17.253881454467773,17.407374177966087,17.114344187615032,17.205043344532378,81724600
2005-10-07,17.156217575073242,17.33064028215553,17.107379430008546,17.281802137090835,50768700
2005-10-10,17.065505981445312,17.218998716047164,16.988760944883175,17.21202165258901,48880900
2005-10-11,17.030628204345703,17.128304466895564,16.918997809791787,17.10039753362672,76567300
2005-10-12,16.953876495361328,17.232953725016724,16.93294663465437,17.086438046373758,71294400
2005-10-13,17.156217575073242,17.253893865202638,16.932956722926253,16.960863664074804,70192000
2005-10-14,17.212024688720703,17.25388574611497,17.093417250487757,17.23993161673721,53846700
2005-10-17,17.114343643188477,17.22597398541506,17.051551409343695,17.21899692268357,46924400
2005-10-18,17.142255783081055,17.32365547711894,17.0585336662876,17.0864405949724,69328200
2005-10-19,17.50505828857422,17.50505828857422,17.093420703938595,17.135281769790218,66574500
2005-10-20,17.295747756958008,17.53296129751029,17.26086243427459,17.47714611195581,58830600
2005-10-21,17.288766860961914,17.4422582545359,17.14225119963969,17.379466018360475,69431200
2005-10-24,17.51203727722168,17.51203727722168,17.219007122611586,17.365521534546914,51868000
2005-10-25,17.46320152282715,17.532969539512965,17.323662827976282,17.407386311034728,41310500
2005-10-26,17.51900863647461,17.672500065267602,17.393424135308067,17.42133106293452,58178100
2005-10-27,17.337604522705078,17.63063450703137,17.337604522705078,17.595749192981415,61566100
2005-10-28,17.812042236328125,17.860880367436803,17.512035052958502,17.512035052958502,106559300
2005-10-31,17.930648803710938,18.000416798541426,17.79111015257156,17.867856543772135,75122100
2005-11-01,18.112043380737305,18.20972094830267,17.867852788671193,17.867852788671193,71370400
2005-11-02,18.46089744567871,18.488805715702686,18.091122183037974,18.091122183037974,75067100
2005-11-03,18.446937561035156,18.58647486537863,18.31437599078067,18.558567936805552,73421600
2005-11-04,18.600431442260742,18.635315440251475,18.4539170538126,18.509732249041303,57464000
2005-11-07,18.844623565673828,18.893461695533002,18.628339848837815,18.642292649698128,77104800
2005-11-08,18.872529983520508,18.96323050570511,18.677177469410655,18.79578492329415,60091700
2005-11-09,18.809743881225586,18.942305509722754,18.795791076178226,18.82369801701258,59562100
2005-11-10,18.90043067932129,18.94229172548049,18.586469506280604,18.79577739855395,73314800
2005-11-11,19.033000946044922,19.10974601076713,18.928346286510436,18.942300418546935,51945600
2005-11-14,19.095787048339844,19.14462516397103,18.97717962577604,19.0888099845727,67152200
2005-11-15,19.24273681640625,19.2707268924029,19.067802845348012,19.123781662701035,65081000
2005-11-16,19.41067123413086,19.508633820571617,19.200751024717764,19.228739763140776,86277000
2005-11-17,19.571611404418945,19.592603960561455,19.424667515342044,19.487643849129352,91351000
2005-11-18,19.641578674316406,19.76753129967974,19.52262356532212,19.676566256161653,75431200
2005-11-21,19.70456314086914,19.760541960346142,19.480647862961135,19.641586802127474,65794400
2005-11-22,19.529624938964844,19.648580071453818,19.49463868484928,19.634585035951574,104253300
2005-11-23,19.5366268157959,19.65558197482656,19.410674137452805,19.5366268157959,70541300
2005-11-25,19.424665451049805,19.55061810523922,19.22174143382462,19.45265418829185,44082500
2005-11-28,19.41766357421875,19.487637403576326,19.263722217343915,19.445653639817696,57517200
2005-11-29,19.368688583374023,19.445659954125134,19.312709768638733,19.445659954125134,62220400
2005-11-30,19.368688583374023,19.431664916781255,19.33370099001433,19.368688583374023,55904700
2005-12-01,19.51563262939453,19.662577853413215,19.403674999018502,19.403674999018502,61006100
2005-12-02,19.599597930908203,19.6625742532941,19.44565655098712,19.466647768689093,42319600
2005-12-05,19.487640380859375,19.606595508549045,19.389676470936127,19.54361918596981,47517300
2005-12-06,19.375694274902344,19.536633268321914,19.368696753278783,19.52263822507479,65980000
2005-12-07,19.41766357421875,19.41766357421875,19.277715915503602,19.36168477766065,55583200
2005-12-08,19.375694274902344,19.45966186510352,19.31271791493107,19.389687983508686,63931600
2005-12-09,19.389684677124023,19.473653587647362,19.340703368752308,19.389684677124023,48467000
2005-12-12,19.207746505737305,19.417666692885472,19.12377763009404,19.382680439907446,63757200
2005-12-13,18.983827590942383,19.193749086656442,18.892862543714177,19.095786522773782,104285500
2005-12-14,18.955839157104492,19.06079923929243,18.78790275867582,18.892862840863756,65076200
2005-12-15,18.836891174316406,18.969841373906377,18.759919795400048,18.948848815663634,79018100
2005-12-16,18.822898864746094,18.948851563184544,18.759922515526867,18.808903823888365,88542500
2005-12-19,18.77391242980957,18.801902503881806,18.6479597657649,18.76691491129151,68680100
2005-12-20,18.794906616210938,18.808900319821106,18.661956422112027,18.72493275959886,62960600
2005-12-21,18.703937530517578,18.829890187499938,18.68994249426618,18.801901449637256,75800900
2005-12-22,18.60597801208496,18.738928209101655,18.487022853625888,18.689945574149995,91276900
2005-12-23,18.640966415405273,18.66195897565343,18.501020017672374,18.55699884369363,30689200
2005-12-27,18.515018463134766,18.787916477662087,18.508022275901478,18.668961275083724,37819000
2005-12-28,18.466028213500977,18.654957208803562,18.438039474182176,18.54999710073774,35444400
2005-12-29,18.38205909729004,18.542998004943858,18.375061579395513,18.48002167853322,34495500
2005-12-30,18.298093795776367,18.41005143470429,18.26310753410152,18.298093795776367,49044600
2006-01-03,18.78091049194336,18.892868122192542,18.263106118380836,18.368066229909417,79973000
2006-01-04,18.871864318847656,18.948835644260974,18.73191803176096,18.73191803176096,57975600
2006-01-05,18.885866165161133,18.98382873494722,18.829887363191954,18.864873613932723,48245500
2006-01-06,18.829893112182617,18.89286945045536,18.536003978456588,18.81589807375749,100963000
2006-01-09,18.794906616210938,18.94185051392002,18.72493275959886,18.843887915447297,55625000
2006-01-10,18.89286994934082,18.9068649881355,18.605978327251687,18.64796210899537,64921900
2006-01-11,19.095788955688477,19.165761461868232,18.82289110995541,18.899862468321146,70120700
2006-01-12,18.990835189819336,19.074804099611967,18.87188001282009,19.067806579242536,45994800
2006-01-13,19.02580451965332,19.067788266908988,18.89985194324705,18.91384697054536,41418000
2006-01-17,18.885866165161133,19.025813837404044,18.822889846115817,18.822889846115817,58566600
2006-01-18,18.77391242980957,18.87887253830007,18.682947358355193,18.710936097787236,52376200
2006-01-19,18.906862258911133,19.060803659509933,18.78790711560837,18.80190215238285,60367600
2006-01-20,18.480024337768555,18.89986612937377,18.375064223527318,18.89986612937377,79165900
2006-01-23,18.43804168701172,18.563994365662904,18.403054090363973,18.480025468348664,47925600
2006-01-24,18.389053344726562,18.508008458497375,18.347068244826396,18.4310371099869,63040700
2006-01-25,18.473026275634766,18.59198142418082,18.354071127088716,18.480023794330442,59072100
2006-01-26,18.54300308227539,18.69694451418599,18.410052875155984,18.584986866498202,69509300
2006-01-27,19.44565200805664,19.557609591778046,19.02581040178154,19.053799130392054,134520700
2006-01-30,19.592601776123047,19.718554429654823,19.438660385495364,19.46664912259127,103999200
2006-01-31,19.697561264038086,19.858500167600933,19.501636106532025,19.52962484275859,94841300
2006-02-01,19.620594024658203,19.641585246148974,19.424667504689552,19.564613874975535,68448800
2006-02-02,19.368688583374023,19.58560632364325,19.277722175279038,19.571611286299376,55073400
2006-02-03,19.270732879638672,19.38269054912892,19.130785125455517,19.228747752599308,75022700
2006-02-06,19.011817932128906,19.270720713523367,18.955839132724677,19.249728163256837,60170500
2006-02-07,18.85087776184082,18.99782159974045,18.759911384878396,18.857875278117913,72159500
2006-02-08,18.829893112182617,18.948848269515544,18.689945397212004,18.899866969667926,51795200
2006-02-09,18.654958724975586,18.913861591577643,18.64796120591712,18.864878958168383,52861700
2006-02-10,18.675949096679688,18.815895457551512,18.549996437646953,18.626967803642543,52127000
2006-02-13,18.466028213500977,18.682947282762544,18.43104195569243,18.633964653334324,46707000
2006-02-14,18.64796257019043,18.66895512890163,18.43804232164,18.48002610442201,58432900
2006-02-15,18.87263298034668,18.90773912902577,18.605832946198788,18.67604390439433,62808900
2006-02-16,18.82347869873047,18.886668403649065,18.654973265334924,18.851563607210796,48868500
2006-02-17,18.746253967285156,18.823484812365397,18.647958094840863,18.725190279083684,41513200
2006-02-21,18.633920669555664,18.760298806332436,18.49349873203101,18.760298806332436,50216100
2006-02-22,18.76029396057129,18.85858982711398,18.584767253585234,18.626894627458885,43043100
2006-02-23,18.718175888061523,18.87966020578072,18.633923782800668,18.767323172657534,47359100
2006-02-24,18.69710922241211,18.774341422603285,18.61987836138379,18.669025638173498,44753800
2006-02-27,18.991989135742188,19.139432265784894,18.725189130698833,18.781357623295463,51301500
2006-02-28,18.865612030029297,19.16751685673464,18.865612030029297,18.92178052559803,65036100
2006-03-01,19.055179595947266,19.097306971399597,18.92178025783586,18.942842606399477,53061200
2006-03-02,18.935819625854492,19.027094258397014,18.8866723648681,18.970925768817935,41850300
2006-03-03,18.90774154663086,19.06922583371466,18.774340842918548,18.823488118190763,45218800
2006-03-06,18.89369773864746,19.062203244354006,18.83752923674528,18.900718968780573,53054100
2006-03-07,18.999008178710938,19.027093091359088,18.82348149214704,18.88667120644303,51613900
2006-03-08,19.132415771484375,19.30794252168148,18.935825329165002,18.949867790579848,57547400
2006-03-09,18.956890106201172,19.25177511697526,18.956890106201172,19.14645932866228,45360700
2006-03-10,19.076242446899414,19.111347252407278,18.87263082529882,18.99901026778712,41297200
2006-03-13,19.034130096435547,19.160509629780364,18.914771797072493,19.083277395144428,40342600
2006-03-14,19.11836814880371,19.223683902657974,18.949862674804397,18.98496881886413,39821800
2006-03-15,19.209644317626953,19.272834042816193,18.963906646242418,19.09730732599332,57152000
2006-03-16,19.146451950073242,19.293893729058265,19.111345808056054,19.19559920973492,73793700
2006-03-17,19.307939529418945,19.420276525002556,19.146455265662834,19.20262376345464,120615000
2006-03-20,19.58176612854004,19.651977104716387,19.42730305228246,19.44836674688426,67094100
2006-03-21,19.476451873779297,19.813462979076256,19.43432582040795,19.476451873779297,73199600
2006-03-22,19.06219482421875,19.30793241367983,18.81645723475767,19.01304757415896,145696100
2006-03-23,18.851573944091797,19.02710070085399,18.718173233986928,19.01305823891392,73682900
2006-03-24,18.963912963867188,19.104333580607566,18.690091622934883,18.75328003001209,69157600
2006-03-27,18.963912963867188,19.167523326847792,18.956891732155714,18.963912963867188,59908600
2006-03-28,18.88667869567871,19.10433149835952,18.823488956325754,18.963910896924073,58520500
2006-03-29,18.97092056274414,19.09729996440615,18.90070963524724,18.921773315244927,53150300
2006-03-30,19.11836814880371,19.23070513146992,18.95688390361634,18.97794759005218,54612000
2006-03-31,19.104328155517578,19.33602471871181,19.104328155517578,19.167517883813705,62190500
2006-04-03,19.350065231323242,19.469423454449583,19.265813155682647,19.427297416629283,57605300
2006-04-04,19.40623664855957,19.518573659094226,19.28687840747115,19.378153065507306,45470000
2006-04-05,19.476451873779297,19.616873837234575,19.406240892051656,19.574746444700136,41539300
2006-04-06,19.350065231323242,19.46240222495243,19.2166658883652,19.420276187132135,51885500
2006-04-07,19.132415771484375,19.462405579756314,19.11837331006953,19.385174720300313,47249400
2006-04-10,19.160497665405273,19.26581343104256,19.09730793819038,19.118370287820266,39432000
2006-04-11,19.04815673828125,19.1815574041508,18.95688344426257,19.160495057387802,42953400
2006-04-12,19.09731101989746,19.09731101989746,18.93582539142145,19.027100051755216,32183000
2006-04-13,19.00603485107422,19.09730950416361,18.956887579024265,19.01305608124746,28160000
2006-04-17,18.84454345703125,18.991985217492648,18.76731129345877,18.977944101612195,35796200
2006-04-18,19.11135482788086,19.307945298473093,18.8305122550084,18.91476569645165,56272700
2006-04-19,18.97794532775879,19.09028229703371,18.928796731933993,19.03411381239625,45111100
2006-04-20,18.97794532775879,19.09028229703371,18.746250161233977,18.991986444546423,45648300
2006-04-21,19.06219482421875,19.23070025549323,18.956879097067468,18.991983893063853,58528000
2006-04-24,19.034130096435547,19.132424693853313,18.942855393836087,19.006045160508496,42318400
2006-04-25,19.034130096435547,19.104339757926265,18.97094032976314,19.020087628472023,49222500
2006-04-26,19.027097702026367,19.118371011925614,18.956886742554744,19.013055242299508,39190000
2006-04-27,19.132415771484375,19.39921584255233,18.91476297620556,18.935825329165002,96509600
2006-04-28,16.955881118774414,17.20161879800704,16.850565353149754,17.012049616385077,591052200
2006-05-01,17.054182052612305,17.552677449376347,16.91376009735209,17.07524440848723,174800900
2006-05-02,16.85759162902832,17.552677497218617,16.780359419508393,17.194602715575794,190533500
2006-05-03,16.267807006835938,16.864597775759325,16.253764555999663,16.843534099504918,211527100
2006-05-04,16.457386016845703,16.618870281523144,16.246753144552734,16.394196289074074,171257400
2006-05-05,16.710147857666016,16.8154649902989,16.5135587336323,16.61185329564916,131604300
2006-05-08,16.660993576049805,17.552669508479543,16.50653056647365,16.745246978921966,80693500
2006-05-09,16.583768844604492,16.850568930099392,16.49249417963523,16.675042170410855,75345900
2006-05-10,16.68907928466797,16.703121742342326,16.562699843923706,16.618868335458657,76563300
2006-05-11,16.302928924560547,16.703131158923455,16.253781634155427,16.646961296559628,92916700
2006-05-12,16.267807006835938,16.408228836875022,16.183553640980122,16.246743330581527,83115900
2006-05-15,16.31715202331543,16.373539536856484,16.232571425196028,16.281910331496405,67314800
2006-05-16,16.218473434448242,16.916269385264275,16.147988709799446,16.32419984922928,82095100
2006-05-17,16.021114349365234,16.26781018072363,16.021114349365234,16.133889356091792,98598300
2006-05-18,16.091602325439453,16.310103777200897,16.042263418046648,16.098650932836193,95476400
2006-05-19,15.901299476623535,16.140946833732723,15.873106381637973,16.063414814233774,100071200
2006-05-22,16.126846313476562,16.22552548669221,15.823764218583372,15.844908699398832,87322300
2006-05-23,16.063413619995117,16.479270814713015,16.049316401357967,16.28896374065051,79986300
2006-05-24,16.563852310180664,16.592046746651597,16.197332702366886,16.20438131148462,107356700
2006-05-25,16.733015060424805,16.859887337022368,16.592046909837865,16.613191393014297,83052700
2006-05-26,16.718914031982422,16.831689064505603,16.60613899945924,16.754157069886187,46861600
2006-05-30,16.31715202331543,16.747107654306216,16.31010341607475,16.59908959102071,52497500
2006-05-31,15.964730262756348,16.458122031068314,15.964730262756346,16.394685908160078,120202000
2006-06-01,16.084558486938477,16.098655705911636,15.94359033036129,16.028170955430642,80230800
2006-06-02,16.042264938354492,16.204378890689753,15.97882881015643,16.11979828268202,73935600
2006-06-05,15.8590087890625,16.021122778476112,15.851960179385625,16.014074168799237,63914100
2006-06-06,15.598214149475098,15.901297615305609,15.492487702981471,15.894249006288074,126601300
2006-06-07,15.534774780273438,15.781469301283192,15.513628959450754,15.612306767854657,73827500
2006-06-08,15.58411979675293,15.654603205037686,15.485440605261562,15.527732263494222,104126900
2006-06-09,15.450197219848633,15.640505628031969,15.429051393033363,15.612311192278279,52573800
2006-06-12,15.302181243896484,15.577071653093792,15.295133978365033,15.478392458650069,74309700
2006-06-13,15.161212921142578,15.527732566672887,15.125969871927241,15.316278304535464,113175300
2006-06-14,15.422004699707031,15.464296358590737,15.189405953386082,15.217600392641886,86081500
2006-06-15,15.555925369262695,15.598215683141323,15.365616940231615,15.513635055384068,121577300
2006-06-16,15.577070236206055,15.703942514389935,15.358568726214239,15.485439660013363,147506500
2006-06-19,15.894250869750977,15.929493918970598,15.591168712771418,15.605264588074403,129640900
2006-06-20,15.901299476623535,16.042268984705952,15.859009161952757,15.887203601323186,90598500
2006-06-21,16.267807006835938,16.317145894604657,15.88014316489554,15.936530657257487,91660300
2006-06-22,16.126846313476562,16.331251923923283,16.056362918245572,16.253718575907687,76590600
2006-06-23,15.8590087890625,16.11980196956752,15.859008789062498,16.10570475021377,60532600
2006-06-26,16.084558486938477,16.133897408959733,15.950637595463073,15.96473481443623,53644100
2006-06-27,16.112756729125977,16.32420968610845,16.098659506824447,16.133901218193156,84759100
2006-06-28,16.324203491210938,16.387639623109227,16.147992312467828,16.18323401046261,71906500
2006-06-29,16.542709350585938,16.655484427250325,16.366498125249716,16.436982884261198,121395500
2006-06-30,16.422893524169922,16.66958962659526,16.422893524169922,16.592057564519457,73048800
2006-07-03,16.704816818237305,16.71891268788115,16.52860567603811,16.58499318776648,25711400
2006-07-05,16.458126068115234,16.577949735846534,16.422883022085593,16.54975529902282,53093500
2006-07-06,16.54974937438965,16.641379916879224,16.507459078678295,16.5286048987261,44775200
2006-07-07,16.422893524169922,16.59910483384722,16.422893524169922,16.4863297032046,63168800
2006-07-10,16.563852310180664,16.676627367294948,16.47927034515259,16.514513390741257,50565100
2006-07-11,16.281909942626953,16.472218300426924,16.028165465560328,16.472218300426924,88676300
2006-07-12,15.957682609558105,16.12684516596795,15.943586738145655,16.06341038365069,77379300
2006-07-13,15.689847946166992,15.936543934931422,15.682799335701153,15.767381316906237,73099500
2006-07-14,15.710993766784668,15.894252261230807,15.668702104018651,15.703945156323664,67499400
2006-07-17,15.8449125289917,15.936543115953734,15.68984713986699,15.710992970177823,37053500
2006-07-18,16.02817153930664,16.042268758793334,15.844911719134174,15.922445081926138,65047300
2006-07-19,16.493370056152344,16.535660372865667,16.014075318784947,16.084560076230435,82188200
2006-07-20,16.10569953918457,16.528606572270842,16.056360631794977,16.521557964874557,76605200
2006-07-21,16.824647903442383,17.02200360974469,16.211432265353977,16.972664683169114,175483800
2006-07-24,16.916271209716797,16.993804549631022,16.76825448193631,16.92331981738031,59586700
2006-07-25,17.071340560913086,17.120680826164183,16.845790440161412,16.9162751889925,60075800
2006-07-26,17.177072525024414,17.28984761276943,16.986764060310293,17.000861282374693,54942100
2006-07-27,16.824647903442383,17.339184343994713,16.754163146455163,17.325087123720287,85386800
2006-07-28,17.09248924255371,17.11363507404887,16.95856833185436,16.97266555285113,51705800
2006-07-31,16.95857048034668,17.212315112895684,16.923328767774944,16.96561909173806,40254400
2006-08-01,16.90922737121582,17.05724548512852,16.810549524863905,16.930373200170443,49168700
2006-08-02,17.127717971801758,17.19820267898948,16.937411010094074,17.000847112124625,46462000
2006-08-03,17.064292907714844,17.254601336906457,17.022002593800543,17.050197032666635,43155300
2006-08-04,17.120681762695312,17.26164992368393,17.02200257117996,17.198213780704357,45690400
2006-08-07,17.071340560913086,17.25460037012001,17.050196077333094,17.113632216842596,36862400
2006-08-08,17.15591812133789,17.28279036776568,17.057240304953798,17.19115981450809,58171300
2006-08-09,17.22640037536621,17.367368472163978,17.155915654775214,17.261642063469598,44405700
2006-08-10,17.240501403808594,17.339180579922925,17.15592078929303,17.177066615114235,31753400
2006-08-11,17.219362258911133,17.23345948049421,17.057248243860876,17.219362258911133,30255500
2006-08-14,17.289833068847656,17.339171960184903,17.16296086576104,17.282784463744626,47831900
2006-08-15,17.417179107666016,17.438401451054094,17.2898396499969,17.36765715797846,48994500
2006-08-16,17.473770141601562,17.49499247997285,17.311057901190907,17.41010042781801,52373600
2006-08-17,17.473770141601562,17.509141605110273,17.41010042781801,17.473770141601562,45674800
2006-08-18,18.244884490966797,18.251957705972657,17.67185692335933,17.721377524411416,128414800
2006-08-21,18.478343963623047,18.48541718025449,18.082176365487687,18.152920675821537,88398300
2006-08-22,18.12462615966797,18.57031307987733,18.12462615966797,18.40052752221016,89312400
2006-08-23,18.15999984741211,18.358083696716555,18.053884029666662,18.14585071188983,44648500
2006-08-24,18.209516525268555,18.294409970664717,18.039730983811765,18.26611170575415,35933300
2006-08-25,18.287334442138672,18.3934502312983,18.174144087123672,18.188291869498947,33115900
2006-08-28,18.358076095581055,18.393447570405417,18.174141457956768,18.28025723176513,34190900
2006-08-29,18.28026008605957,18.37930131050038,18.13169690006287,18.33685526421653,42711200
2006-08-30,18.25196647644043,18.3156362367693,18.138776091263733,18.28733931514304,30283100
2006-08-31,18.181217193603516,18.37929962431229,18.167068063028502,18.301482104820423,26380500
2006-09-01,18.28026008605957,18.372226744563825,18.138771465999426,18.315631566406864,31594600
2006-09-05,18.1175479888916,18.36515103456918,18.082175161412376,18.174143163522963,44222400
2006-09-06,18.1175479888916,18.1953655106751,18.04680368326855,18.04680368326855,50160400
2006-09-07,17.99021339416504,18.181222666418254,17.961915124496812,18.025584881914554,51266900
2006-09-08,18.110471725463867,18.24488575861225,18.011429167143085,18.06095112097111,36866800
2006-09-11,18.329776763916016,18.358075021588206,17.98313120344285,17.990205767860893,55608200
2006-09-12,18.34392738342285,18.379298859052266,18.195364217241647,18.322703688444022,52248800
2006-09-13,18.379302978515625,18.46419642812332,18.266112611929103,18.266112611929103,37706700
2006-09-14,18.626901626586914,18.747166522402146,18.37929727057494,18.38637183495645,74324500
2006-09-15,18.994773864746094,19.05844360485453,18.740094904312343,18.80376464442078,126057700
2006-09-18,18.952322006225586,19.129182041299728,18.867428595682608,18.91694918960977,49135000
2006-09-19,19.001842498779297,19.058437655727694,18.902799962118376,18.91694908868922,43039100
2006-09-20,19.22823143005371,19.263602912420588,19.093817368255557,19.107966500936534,71676400
2006-09-21,19.030141830444336,19.277746179683447,18.994770358839528,19.270671615495456,58495100
2006-09-22,18.860368728637695,18.9947828378453,18.733029188265867,18.980633700173755,47712500
2006-09-25,19.065513610839844,19.23529909407976,18.9523232886799,18.966471066948586,67903900
2006-09-26,19.242374420166016,19.327266490481428,19.015992417542954,19.037216109789373,54766500
2006-09-27,19.412166595458984,19.433388945679006,19.18578586420813,19.228231913983766,66233900
2006-09-28,19.383861541748047,19.468754960907827,19.284820343840902,19.433382140701617,44179700
2006-09-29,19.34848976135254,19.398010359513915,19.24944721569469,19.34848976135254,34283500
2006-10-02,19.35556983947754,19.447536498072548,19.20700665333424,19.327271575703392,52908100
2006-10-03,19.362642288208008,19.440459806406967,19.24945059482388,19.362642288208008,39386200
2006-10-04,19.765880584716797,19.78002836395142,19.362639865823926,19.37678764505855,82191200
2006-10-05,19.75172996520996,19.88614397780655,19.652688771367774,19.75172996520996,81967200
2006-10-06,19.716354370117188,19.80832098096436,19.56071669883535,19.63853553447627,36452200
2006-10-09,19.61024284362793,19.75880599474728,19.53949989954127,19.666838008498356,33366300
2006-10-10,19.589027404785156,19.631473456065372,19.41216728355934,19.589027404785156,34598500
2006-10-11,19.482912063598633,19.574878735107685,19.39801860969086,19.426315528103,37219600
2006-10-12,19.963964462280273,20.013486415933198,19.48290619938356,19.511203109278537,120174900
2006-10-13,20.070083618164062,20.296464317597366,20.027636225018767,20.048859921591415,129751900
2006-10-16,20.126686096191406,20.232801918889027,20.04179262843177,20.147908451129393,49744800
2006-10-17,20.119606018066406,20.169126631807664,19.928596779919687,19.97811739366094,40122600
2006-10-18,20.176191329956055,20.303530759773224,19.992256747924017,20.16204220456862,40630800
2006-10-19,20.01348304748535,20.126673366684845,19.893218164669012,20.055929079851403,44730800
2006-10-20,20.112533569335938,20.154979621392037,19.92859887797862,20.14790505449341,48887800
2006-10-23,20.126686096191406,20.29647168237478,19.93567680573415,20.020568924157892,48525000
2006-10-24,20.00642204284668,20.112537870347342,19.900304866010064,20.112537870347342,61409600
2006-10-25,20.027633666992188,20.133749437631,19.907368767112136,20.006411322465564,40717100
2006-10-26,20.05592918395996,20.098375216546344,19.836623108039422,20.041780056652815,69964200
2006-10-27,20.048858642578125,20.367207324181837,19.98518890625738,20.154974420000922,89060100
2006-10-30,20.183277130126953,20.402583298396173,20.03471392951285,20.055937629410757,47296800
2006-10-31,20.310611724853516,20.409654291031142,20.204495942617488,20.275240247219966,61861700
2006-11-01,20.381349563598633,20.508689001618368,20.303532067624868,20.36012722348531,75895900
2006-11-02,20.353063583374023,20.41673333655404,20.21864951006781,20.310616181696897,58674400
2006-11-03,20.32476234436035,20.466250963928868,20.239870252087623,20.409655785968557,41124500
2006-11-06,20.402578353881836,20.551140169156735,20.34598318387207,20.353057748790203,60446200
2006-11-07,20.48039436340332,20.565286431915226,20.374277253760788,20.41672463735184,56511200
2006-11-08,20.501619338989258,20.678479411995035,20.275238661435505,20.3601320901858,77403300
2006-11-09,20.69969940185547,20.79874059322584,20.51576479692832,20.593583646910776,89407500
2006-11-10,20.685564041137695,20.720936882550227,20.621894275931066,20.63604341249608,37855100
2006-11-13,20.763370513916016,20.84118801977002,20.62895649568074,20.650180187823718,47271800
2006-11-14,20.749183654785156,20.88405727905505,20.635606293489126,20.78467742640826,63012500
2006-11-15,20.67108917236328,20.84145512453202,20.66399042177939,20.678186568998942,63943200
2006-11-16,20.919544219970703,21.040220303998233,20.678192051915648,20.685290804381808,64328500
2006-11-17,20.86985206604004,20.96923323594798,20.784669753488597,20.805964654652236,49356700
2006-11-20,21.217683792114258,21.295768710650165,20.940839232139332,20.955036736227406,85703800
2006-11-21,21.238981246948242,21.295769912557116,21.14670017306454,21.23188249450356,66446600
2006-11-22,21.238981246948242,21.295769912557116,21.16799507645,21.27447365522307,43907200
2006-11-24,21.125402450561523,21.182191112231777,21.040218781081897,21.054416284986583,20456700
2006-11-27,20.926637649536133,21.111201104864936,20.820159097524815,21.07570870551058,72722100
2006-11-28,20.86275291442871,20.884049169132577,20.67818943550713,20.827260510537354,52602300
2006-11-29,20.990528106689453,21.13959918436109,20.89114829087399,20.89824704256773,58775100
2006-11-30,20.841463088989258,20.99053284637255,20.82016682909932,20.884054254820377,53297400
2006-12-01,20.67108917236328,20.798862621028658,20.5149193674141,20.74917272088964,72257000
2006-12-04,20.82016372680664,20.955037311448656,20.706586398881328,20.74917755836618,55123400
2006-12-05,20.678186416625977,20.86984861913407,20.60720161920658,20.841454970955958,45606000
2006-12-06,20.57881736755371,20.678197219015953,20.493635024571482,20.65690231024486,48564100
2006-12-07,20.479433059692383,20.635601557142923,20.45103804891121,20.557516631443335,46831100
2006-12-08,20.86985206604004,20.86985206604004,20.443936441437497,20.458133944845553,108854900
2006-12-11,20.969236373901367,21.118306120148237,20.66399677469265,20.7207854428746,107712000
2006-12-12,20.891151428222656,21.03312242157274,20.742080328164125,20.983432506202778,68529400
2006-12-13,20.976337432861328,21.011831202886228,20.813070152593447,21.011831202886228,46002500
2006-12-14,21.345455169677734,21.352553920573982,20.95503334802226,20.969230849814753,85866500
2006-12-15,21.430646896362305,21.45904055669085,21.317069547150517,21.39515312851562,102783700
2006-12-18,21.217683792114258,21.480332201949622,21.139600227526863,21.43064229158987,56986800
2006-12-19,21.288663864135742,21.41643865645233,20.96212948728058,21.089902925649042,53822100
2006-12-20,21.359661102294922,21.46613969986996,21.2744774118656,21.288674919261958,31202100
2006-12-21,21.281574249267578,21.395151590313738,21.217686825685526,21.388052837254765,32270500
2006-12-22,21.04021644592285,21.19638626364483,21.026020297542225,21.175090010151376,37971700
2006-12-26,21.288663864135742,21.295762614147566,20.86984709107499,20.96212948728058,37098300
2006-12-27,21.309967041015625,21.38805060863065,21.231882119452035,21.288670784057764,31248400
2006-12-28,21.281574249267578,21.317068014562444,21.160898155162446,21.19639192045731,26690600
2006-12-29,21.19638442993164,21.402242780099385,21.17508817828054,21.19638442993164,41739800
2007-01-03,21.19638442993164,21.473228931654834,20.86984867435588,21.231876828735253,76935100
2007-01-04,21.160892486572266,21.27446979719328,20.898245463491797,21.082808931738032,45774500
2007-01-05,21.04021644592285,21.11830135478384,20.90534423564267,21.033117694758364,44607200
2007-01-08,21.246078491210938,21.366754566307016,20.962135183322665,21.0473174987149,50220200
2007-01-09,21.267372131347656,21.42354195688243,21.104104908241677,21.29576713742613,44636600
2007-01-10,21.054414749145508,21.21768197029419,20.89114752799683,21.153794561331942,55017400
2007-01-11,21.79266357421875,21.828155969174762,21.04731109460979,21.12539598825071,99464300
2007-01-12,22.15469741821289,22.282472247220795,21.75007802898686,21.757176781037135,103972500
2007-01-16,22.119203567504883,22.325063301674454,22.02692250477439,22.190189729423647,62379600
2007-01-17,22.076614379882812,22.317966539552128,22.012726963855727,22.190191707497956,58519600
2007-01-18,22.005626678466797,22.26827507649549,21.863654351865048,22.112105246443882,56364300
2007-01-19,22.083717346191406,22.083717346191406,21.78557646582228,21.813970126169966,75826900
2007-01-22,21.806869506835938,22.09081420971178,21.657799756379937,22.04822169191119,56143900
2007-01-23,21.821062088012695,21.977230556190076,21.664893619835315,21.742977176949815,49171200
2007-01-24,22.069517135620117,22.218586880569863,21.75717878636288,21.84946121757346,58527800
2007-01-25,21.615205764770508,22.346359623362897,21.615205764770508,22.062416311581945,97378700
2007-01-26,21.7216739654541,22.16888429872484,21.7216739654541,22.16178555007637,96103700
2007-01-29,21.671995162963867,21.84945990809605,21.537121577557812,21.757177482416125,57605900
2007-01-30,21.636503219604492,21.750080557716693,21.395151037628896,21.70039064153619,61900400
2007-01-31,21.906253814697266,22.0766198483201,21.54422548551792,21.586816655436408,73968400
2007-02-01,21.693294525146484,21.96304175140809,21.558422265964516,21.892055567973518,55355800
2007-02-02,21.430646896362305,21.8920550467788,21.388054374946282,21.877857539640125,60401700
2007-02-05,21.018918991088867,21.309960983708795,20.876946692955556,21.274467232201378,99102100
2007-02-06,20.947940826416016,21.118306836742786,20.742081051053233,21.004729496524938,79281100
2007-02-07,20.848556518554688,21.08280990173178,20.76337285469556,21.040217392828012,65145500
2007-02-08,20.770469665527344,21.153792732207283,20.72787851455141,20.75627216388594,48749000
2007-02-09,20.571718215942383,20.869859118519035,20.53622579937686,20.834366701953513,69823100
2007-02-12,20.543319702148438,20.649798280648852,20.46523477940546,20.50782594001591,52774400
2007-02-13,20.664411544799805,20.799752778806052,20.62879471551231,20.6857816423723,50348100
2007-02-14,20.942224502563477,21.14879812017314,20.764144359924938,20.7783910974105,55588600
2007-02-15,20.984949111938477,21.120290308895328,20.813992454086915,21.070428120185632,63858100
2007-02-16,20.47208023071289,20.614544799178717,20.40797131076755,20.593174706316,109340300
2007-02-20,20.536190032958984,20.557560126739833,20.279754342160324,20.393725458372423,53978200
2007-02-21,20.90660285949707,20.93509496743224,20.472087004678798,20.479210371323408,68604900
2007-02-22,20.935087203979492,21.041936305382023,20.77125390783833,20.878101650598097,57754400
2007-02-23,20.58605194091797,20.85673435714917,20.578928576423163,20.813994170180333,63787100
2007-02-26,20.7071475982666,20.721394328066843,20.52906755169239,20.62879194300821,63481900
2007-02-27,19.85236167907715,20.635912697990058,19.795376125726342,20.450709309939242,87143300
2007-02-28,20.06606674194336,20.12305232249318,19.887986632894748,19.90935673509221,86333300
2007-03-01,20.00907325744629,20.180029931564757,19.75263756694715,19.816746489571933,80175700
2007-03-02,19.77402114868164,20.05894913323018,19.77402114868164,19.95922467829914,63254700
2007-03-05,19.624422073364258,19.88085779459303,19.52469767450553,19.581683239373806,56454300
2007-03-06,19.82387351989746,19.90222918618201,19.695655650938427,19.802503422189915,49361800
2007-03-07,19.66716766357422,19.87373988342352,19.624427459210853,19.774015457195816,52044700
2007-03-08,19.46059226989746,19.83812255469933,18.947722093165634,19.745520145859587,72175200
2007-03-09,19.439220428466797,19.57456029881471,19.254016998964158,19.531821463896584,80125000
2007-03-12,19.546066284179688,19.574558385125243,19.325246048297682,19.360862872783297,36516400
2007-03-13,19.03319549560547,19.517573455114373,19.026072130478223,19.41072569549164,75169500
2007-03-14,19.51757049560547,19.51757049560547,19.040315973591373,19.104424891372577,75730300
2007-03-15,19.432090759277344,19.56743058572223,19.37510521165775,19.460582853765825,51757100
2007-03-16,19.467710494995117,19.57455825043086,19.375109469255584,19.481957224691328,65055300
2007-03-19,19.82387351989746,19.82387351989746,19.37511233718397,19.47483674253294,49412000
2007-03-20,19.831003189086914,20.058945535846423,19.774017602397038,19.89511214394347,47902400
2007-03-21,20.315372467041016,20.315372467041016,19.631544367302354,19.873733344434488,72808200
2007-03-22,20.13729476928711,20.33674357941945,19.952091332276275,20.315374840415625,47934900
2007-03-23,19.95922088623047,20.13730101257019,19.802509505519645,20.10168417211612,50519800
2007-03-26,20.101680755615234,20.101680755615234,19.73127518835219,19.90223191754513,47491500
2007-03-27,19.745515823364258,20.058937097633113,19.69565362581664,19.97345943287805,58979800
2007-03-28,19.68853759765625,19.944973404769197,19.517580845795447,19.645798749351922,46947000
2007-03-29,19.766891479492188,19.838123792588398,19.58168800889938,19.83100042541444,42629900
2007-03-30,19.85236167907715,19.909347232427955,19.58880264567794,19.766882669729558,47061000
2007-04-02,19.75975799560547,19.895099185331187,19.631540169406648,19.866605731223597,41977600
2007-04-03,19.85236167907715,19.98770151913359,19.766882669729558,19.845238315077953,39821300
2007-04-04,20.301122665405273,20.500572780703106,19.87373033756293,19.95208598261614,63244200
2007-04-05,20.336742401123047,20.407974697175927,20.15866234031236,20.172909071251546,30131200
2007-04-09,20.35098648071289,20.45783423155045,20.222768636250674,20.358109845254443,31384600
2007-04-10,20.229890823364258,20.40084748648284,20.101672986364626,20.301123105991028,38643100
2007-04-11,20.02332305908203,20.350989728426967,19.93784402958509,20.158662931041157,44050200
2007-04-12,20.32961654663086,20.386602100959237,19.97345649241778,19.98770186201779,43762100
2007-04-13,20.37948226928711,20.443591198849116,20.0161987879834,20.251264410163092,36002900
2007-04-16,20.464962005615234,20.47920873776804,20.094555121501244,20.372360963908314,30740100
2007-04-17,20.55044174194336,20.578933848579172,20.343868194600088,20.393730400195167,33170200
2007-04-18,20.37236213684082,20.422224343603283,20.201405417093852,20.37948550332735,41778400
2007-04-19,20.436481475830078,20.578944802124443,20.130183354263494,20.187168956510025,43648800
2007-04-20,20.67153549194336,20.728521061762674,20.443593212666094,20.643042027712124,60311500
2007-04-23,20.500577926635742,20.650164531675383,20.42222226191416,20.62879443439411,41739100
2007-04-24,20.507701873779297,20.628795019210166,20.365237271818184,20.507701873779297,34236700
2007-04-25,20.650171279907227,20.657294647995485,20.436475671833655,20.557570212046958,39475000
2007-04-26,20.72852325439453,20.906603348747332,20.593182002266282,20.721399887583225,68760300
2007-04-27,21.45508575439453,21.896723532634354,21.369606729672917,21.49070122215345,128298800
2007-04-30,21.326873779296875,21.633171777625606,21.326873779296875,21.46221368102643,67788800
2007-05-01,21.654539108276367,21.668785841837604,21.298378921105233,21.326872388227702,73539300
2007-05-02,21.80412483215332,21.861110401845195,21.58330456078454,21.647413496518297,80686700
2007-05-03,22.060556411743164,22.08192650715188,21.747136497606533,21.796998694917225,82036800
2007-05-04,21.768510818481445,21.868236597327698,21.576185345039136,21.853989863400614,104385900
2007-05-07,21.87535858154297,21.91097541632143,21.71152521749203,21.740018685314798,59889100
2007-05-08,21.903850555419922,22.039191801060507,21.782756042719026,21.85398834877424,60551700
2007-05-09,21.925220489501953,22.032068268457472,21.775632512049647,21.868234916816128,51735000
2007-05-10,21.782747268676758,22.03205956012596,21.747131809316596,21.85397954603977,55398600
2007-05-11,22.00358009338379,22.06768904790025,21.761391011575732,21.775637747833514,43425300
2007-05-14,22.060556411743164,22.074803142015643,21.946585286849302,21.96795538225802,70188500
2007-05-15,22.081995010375977,22.21777465104992,22.03911773128467,22.081995010375977,75013900
2007-05-16,22.203481674194336,22.217774554844254,22.01767831487773,22.153457954963734,45833600
2007-05-17,22.139162063598633,22.253502367160564,22.124869184892408,22.174894260364198,41045600
2007-05-18,22.031972885131836,22.146313213011574,21.853315952439218,22.13202033126555,58453000
2007-05-21,22.18919563293457,22.267805137694868,21.960514924225922,21.960514924225922,41836400
2007-05-22,21.931922912597656,22.103433384660484,21.910483592448276,22.081994064511104,39999500
2007-05-23,21.853315353393555,22.039118721865922,21.846168912716443,22.039118721865922,46322500
2007-05-24,21.560317993164062,22.01053284921994,21.41024546578265,21.8247308447198,64046400
2007-05-25,21.78185272216797,21.910485930703654,21.567464949971296,21.638927995051592,47726500
2007-05-29,22.003389358520508,22.031973760103522,21.717537164424687,21.78900021294864,42373100
2007-05-30,22.23206901550293,22.246360534124413,21.803292106841457,21.83187650712864,57376800
2007-05-31,21.931922912597656,22.267797416673517,21.874752755243378,22.239213019518413,85290500
2007-06-01,21.860462188720703,22.081996401533832,21.83187642549619,22.003388278754848,39469400
2007-06-04,21.95336151123047,21.981947272264982,21.724680875130794,21.73897375564805,41434500
2007-06-05,21.853315353393555,21.88904619373493,21.674658425598302,21.881901116102007,44265000
2007-06-06,21.64607048034668,21.817580939371716,21.617484722320526,21.703240633355026,38217500
2007-06-07,21.167280197143555,21.64608097179568,21.1458408682327,21.45313110073185,71971400
2007-06-08,21.47456169128418,21.481708131800062,21.017200402621,21.138687165302677,61346200
2007-06-11,21.453126907348633,21.617490974403534,21.388810296232478,21.395956737805868,48467400
2007-06-12,21.33164405822754,21.610348515734714,21.274473878148,21.41025220393402,56981800
2007-06-13,21.717546463012695,21.731839351445988,21.33164801662784,21.41740262113787,64435600
2007-06-14,21.810441970825195,21.94622027882711,21.653222973915398,21.68895518368782,59065700
2007-06-15,21.788999557495117,22.067703939005895,21.746122274888286,22.053412420166442,100933000
2007-06-18,21.80329132080078,21.953362483747693,21.738974718668057,21.93192452506623,45412600
2007-06-19,21.767560958862305,21.910487056365795,21.710390792469767,21.781853841221512,46802600
2007-06-20,21.445981979370117,21.803295904991657,21.410249768981288,21.75327217349175,46861600
2007-06-21,21.596050262451172,21.653220428321585,21.37451604008386,21.42453976483994,56564800
2007-06-22,21.074371337890625,21.51029468406437,21.04578693782118,21.438831639324444,86219900
2007-06-25,21.074371337890625,21.27446759055357,20.99576185237229,21.060078456333798,53905800
2007-06-26,21.095813751220703,21.29590867015769,21.08152086756966,21.117251713652863,48340300
2007-06-27,21.345932006835938,21.403102173692396,20.98147168198441,20.98147168198441,53468600
2007-06-28,21.317350387573242,21.417397858267684,21.210156474251406,21.338789715455434,46055200
2007-06-29,21.060077667236328,21.388807115505166,20.752788903543575,21.34592983548546,71193900
2007-07-02,21.25303077697754,21.29590806366515,21.074373825560738,21.203007048667935,47316000
2007-07-03,21.453126907348633,21.596051649683364,21.28161639872034,21.28876284029373,35202600
2007-07-05,21.431686401367188,21.59605045936275,21.317346068583817,21.474563685399882,47838500
2007-07-06,21.417387008666992,21.467412081717118,21.195852851620497,21.3745097376679,57541000
2007-07-09,21.345932006835938,21.403102173692396,21.303053359410374,21.338785565598343,33831400
2007-07-10,20.960039138793945,21.43169350869985,20.852845211641643,21.224452097944702,66013500
2007-07-11,21.074371337890625,21.188711664256818,20.874275085227683,20.89571440756292,48017000
2007-07-12,21.488859176635742,21.517444944824213,21.038644232022943,21.124398810499454,54302400
2007-07-13,21.310205459594727,21.4531315962122,21.195865095518613,21.395961414174142,42173000
2007-07-16,21.460268020629883,21.61033916727738,21.238732475992116,21.267318235188224,48023200
2007-07-17,21.996240615844727,22.067702293847198,21.445976971743224,21.453123412152298,77539600
2007-07-18,22.096290588378906,22.132021431475962,21.79614687201302,21.80329331324129,64414400
2007-07-19,22.51792335510254,22.753750487289974,22.103439263286912,22.189193840603565,121159300
2007-07-20,22.267797470092773,22.296383230360522,22.003386002836464,22.260651030025837,98292600
2007-07-23,22.28924560546875,22.525072768768684,22.239221868260373,22.41073240856536,48910600
2007-07-24,22.010541915893555,22.496489175329927,21.946225286671403,22.160614505093488,59729300
2007-07-25,21.946218490600586,22.36784899024877,21.70324629916818,22.146314759888575,54950100
2007-07-26,21.42453956604004,21.817585645415754,21.088665015048505,21.61034294415586,87025300
2007-07-27,21.00290298461914,21.438826220612295,20.9814650307466,21.388802510851217,69214600
2007-07-30,21.010061264038086,21.07437788798976,20.68847950732435,21.017207707037677,67499600
2007-07-31,20.71706199645996,21.238740019685213,20.709915554122624,21.231593577347873,66554000
2007-08-01,20.938594818115234,21.11725177514026,20.595573787757846,20.688476168715727,80006300
2007-08-02,21.095813751220703,21.288763591376576,20.738499838211048,20.859986623156107,47938300
2007-08-03,20.695615768432617,21.281611577291862,20.652738491750643,21.045784510974915,61535500
2007-08-06,21.110109329223633,21.110109329223633,20.545552620350854,20.7599404503019,59530500
2007-08-07,21.11725425720215,21.288766155584273,20.759940301154433,20.960036607237196,49163000
2007-08-08,21.43883514404297,21.445981585989646,20.874278497655176,21.23873885866924,52898600
2007-08-09,20.938594818115234,21.510297898421964,20.66703684317674,21.181568388712822,72964500
2007-08-10,20.5169620513916,20.75993559547248,20.19538038166874,20.65274170556486,76576200
2007-08-13,20.45979118347168,20.717057600852815,20.324012897004273,20.68132675979175,55492300
2007-08-14,20.27333641052246,20.717957801280612,20.223137353613158,20.631902665956584,42944100
2007-08-15,20.15142822265625,20.789675858785653,20.11557076860167,20.251826358365054,48117700
2007-08-16,19.94346046447754,20.33071278797327,19.72832119663909,19.993659535785035,81447400
2007-08-17,20.258995056152344,20.258995056152344,19.95062783290632,20.14425395464059,76747700
2007-08-20,20.266164779663086,20.431104927733035,20.137080709757317,20.20879423390738,49952000
2007-08-21,20.129911422729492,20.309194568806983,19.98648572656061,20.15142589267466,50786200
2007-08-22,20.237478256225586,20.30919177836767,20.086881090766706,20.27333570120746,44763500
2007-08-23,20.294845581054688,20.31636004463103,20.151419927343436,20.280503973158577,33886600
2007-08-24,20.660593032836914,20.68210750659528,20.12991499052947,20.23031313242431,45158900
2007-08-27,20.431110382080078,20.631908029741417,20.366568329896864,20.517166907598387,32789500
2007-08-28,20.029510498046875,20.43110430611837,20.015167520088905,20.29484875116099,43924400
2007-08-29,20.502819061279297,20.517162040099958,19.950626687079474,20.17293738751277,45753700
2007-08-30,20.40242576599121,20.74664913209191,20.309197749450146,20.38091129267664,33690700
2007-08-31,20.603225708007812,20.739481327576346,20.337887329072696,20.581712598691205,42511900
2007-09-04,20.660593032836914,20.868562175701477,20.423939292783295,20.438282275288874,45689600
2007-09-05,20.423931121826172,20.603214227954187,20.380903559345484,20.545843688706082,47669800
2007-09-06,20.7323055267334,20.804019067804408,20.474137326006577,20.48130881689588,45430800
2007-09-07,20.3952579498291,20.674939314202867,20.309201408886697,20.52434207733155,52160900
2007-09-10,20.423931121826172,20.6175572047216,20.373732070961776,20.560186665473495,37247600
2007-09-11,20.74664306640625,20.760986044422516,20.495646422408313,20.531502499627305,34380800
2007-09-12,20.74664306640625,20.918754699136407,20.653415077122208,20.660586566130338,42364700
2007-09-13,20.911582946777344,20.983296468133865,20.768155904064297,20.882898358927726,35288600
2007-09-14,20.825531005859375,20.875730068152894,20.710788533417507,20.782502065760475,33496600
2007-09-17,20.603225708007812,20.710795358057787,20.524342027476397,20.646254662285653,39536500
2007-09-18,20.74664306640625,20.775327654617108,20.273335734442902,20.581702922684226,77462400
2007-09-19,20.56018829345703,20.73229992482937,20.29484867353614,20.70361533684481,94242200
2007-09-20,20.380905151367188,20.495646238826208,20.323534607637676,20.423932717208906,67168900
2007-09-21,20.545841217041016,20.660582281733866,20.395244082564666,20.57452716712492,135636100
2007-09-24,20.85421371459961,21.234294444214044,20.653416115739233,20.660587605108006,104459800
2007-09-25,21.198434829711914,21.198434829711914,20.875726048046417,20.89723914613116,75621000
2007-09-26,21.155410766601562,21.40640743909171,21.141067786957137,21.284494847757742,60337000
2007-09-27,21.148229598999023,21.313169685965125,21.112373534118113,21.29882808070548,43407100
2007-09-28,21.12671661376953,21.29165808006777,20.961776515292588,21.148231074892248,45819100
2007-10-01,21.349037170410156,21.363380150244087,21.09086900468675,21.126725086449735,43875100
2007-10-02,21.298837661743164,21.406407272596045,21.205609662601336,21.298837661743164,33700900
2007-10-03,21.119552612304688,21.4064053379278,21.004811522055444,21.306005858093446,37633900
2007-10-04,21.30600929260254,21.349038234248496,21.11238452648336,21.198439674131457,37868000
2007-10-05,21.39923858642578,21.50680821137177,21.32035355648179,21.43509467213378,45012300
2007-10-08,21.39923858642578,21.406410077131778,21.227126912947796,21.270154489361794,30265400
2007-10-09,21.585691452026367,21.793659193973408,21.51397791873288,21.53549238906749,63603100
2007-10-10,21.678916931152344,21.779316419535153,21.53549124003974,21.54266272976864,32251500
2007-10-11,21.449440002441406,21.965775079418425,21.36338484018964,21.729121331492856,50788400
2007-10-12,21.635889053344727,21.800829211301682,21.47812038501483,21.5354909342095,31121100
2007-10-15,21.54266929626465,21.75063709050694,21.513983328605175,21.585696879931636,47150500
2007-10-16,21.743465423583984,21.929920108403167,21.678923364691876,21.686094856549023,56286200
2007-10-17,22.28847885131836,22.396048456644124,21.980111646315226,22.05182517247298,86092400
2007-10-18,22.345849990844727,22.396049050138906,21.965769249611704,22.388877560550913,49208600
2007-10-19,21.635889053344727,22.295651052994334,21.59286148340417,22.295651052994334,75200200
2007-10-22,21.879714965820312,22.01597053767701,21.600033700060308,21.600033700060308,58785100
2007-10-23,22.159395217895508,22.317165252140313,22.02313965227184,22.02313965227184,49956200
2007-10-24,22.410390853881836,22.446246932119365,21.872541473388672,22.12353812451649,77979200
2007-10-25,22.941070556640625,23.106012085893838,22.582504274665332,22.639874825068507,169588700
2007-10-26,25.121143341064453,25.838275633855492,24.78409302368963,25.82393265972256,288121200
2007-10-29,24.791269302368164,25.307605556867973,24.705214171832623,24.992065518832188,114655600
2007-10-30,25.50840950012207,25.52275248216319,24.633506745122258,24.647849727163383,107297300
2007-10-31,26.397647857666016,26.533902045500497,25.465373435120245,25.472546291957677,185635800
2007-11-01,26.576940536499023,26.885307835955448,26.074947067455238,26.19685832109673,152078800
2007-11-02,26.576940536499023,26.892477959727874,26.117973281378436,26.69168166636809,96389800
2007-11-05,26.340272903442383,26.60561112727274,26.26856075721029,26.361786000183404,75485400
2007-11-06,26.110788345336914,26.290071430030423,25.72353622584467,26.23987238516766,100966700
2007-11-07,25.472557067871094,25.931521616466963,25.422357991346203,25.845466447516362,74897800
2007-11-08,24.91318702697754,25.745060710154597,24.669361840409593,25.529918747690644,133742400
2007-11-09,24.18889045715332,24.76976904460026,24.13152125226981,24.51160078351273,125136900
2007-11-12,23.937881469726562,24.174533750973925,23.679713355170794,23.89485253875289,84865200
2007-11-13,24.794099807739258,24.94519494407938,24.01703714606925,24.132157642045886,104311500
2007-11-14,24.412761688232422,25.002754525076377,24.28325079773605,24.90921827200924,84063100
2007-11-15,24.29044532775879,24.53507671189598,24.139350199385845,24.29044532775879,64014100
2007-11-16,24.527875900268555,24.65019018517615,24.254463785308726,24.362390414676295,71113800
2007-11-19,24.434335708618164,24.635798534453894,24.369580290436634,24.434335708618164,63026200
2007-11-20,24.88044548034668,25.16105155431173,24.5350812027241,24.628617475608944,100009400
2007-11-21,24.62861442565918,24.98836632099984,24.59263978506294,24.75093149731336,89518700
2007-11-23,24.542282104492188,24.779716999433493,24.254479403973672,24.72215810614377,33467200
2007-11-26,23.722036361694336,24.72933983094885,23.693255556795705,24.52787968603567,80335000
2007-11-27,23.786792755126953,24.175322658098818,23.513380586992973,23.937887869876498,84178400
2007-11-28,24.24727439880371,24.38397910897912,23.671672007685284,24.01703344235634,88585000
2007-11-29,24.168121337890625,24.412752624145988,23.96666124733487,24.160927510951296,53633600
2007-11-30,24.175321578979492,24.5494638069125,23.880325191817317,24.405562527755404,71027800
2007-12-03,23.68606185913086,24.204105431451335,23.513382498150005,24.103375346764345,61770600
2007-12-04,23.5781307220459,23.91629825535254,23.477400668215356,23.556546494707387,54801500
2007-12-05,24.571048736572266,24.837264296795034,23.76520273827831,23.844348572457932,84894700
2007-12-06,24.858842849731445,24.902014043431777,24.369580299878713,24.650186197211475,49209700
2007-12-07,24.844453811645508,24.96677082814736,24.621409493705276,24.902015406396476,40771000
2007-12-10,25.00994300842285,25.14665044399507,24.801289058060743,24.923603348111346,36083500
2007-12-11,24.535078048706055,25.175438724932835,24.412763722317575,24.988366203211577,55070700
2007-12-12,24.801298141479492,25.24738975193866,24.41276541074603,24.902028239516465,63345400
2007-12-13,25.34092903137207,25.50641460420143,24.664593587550733,24.80849492100355,73913200
2007-12-14,25.405681610107422,25.787017767481437,25.189828262087314,25.218609074448572,71126200
2007-12-17,24.74372673034668,25.276160566838456,24.722142502072767,25.20420856477836,58121200
2007-12-18,24.995553970336914,25.182623681450615,24.614215231058427,24.923601970148447,52791800
2007-12-19,25.031532287597656,25.283357463654546,24.736535905064482,24.95958027680385,58469100
2007-12-20,25.556785583496094,25.75105201698663,25.24020477226538,25.391299972305703,59345000
2007-12-21,25.94530487060547,25.94530487060547,25.722257731558514,25.830184386349682,83240500
2007-12-24,26.319440841674805,26.42017089824343,25.938102098637327,25.995663699355507,29622600
2007-12-26,26.341028213500977,26.36261244400236,26.089200297334607,26.197126939218553,30252400
2007-12-27,25.880544662475586,26.297855311824296,25.858957688677858,26.153954046822264,33311100
2007-12-28,25.988473892211914,26.06761974145848,25.6646966656073,25.974083488286276,33447200
2007-12-31,25.61431884765625,25.89492746720381,25.556760005353247,25.830172054183226,35229700
2008-01-02,25.34092903137207,25.873360397050945,25.18263729010501,25.751046047664325,63004200
2008-01-03,25.44883918762207,25.650302043201926,25.081893593542457,25.34091530451073,49599600
2008-01-04,24.736530303955078,25.32652293542899,24.52787363693217,25.31932636363485,72090800
2008-01-07,24.902021408081055,25.038726111530206,24.64299965865018,24.858850201613052,80164300
2008-01-08,24.067399978637695,24.973973458012615,24.031425341581897,24.973973458012615,79148300
2008-01-09,24.779706954956055,24.85165897326485,23.995447795867747,24.002644370043054,74305500
2008-01-10,24.700557708740234,24.822871992411944,24.304828568183133,24.714945364134884,72446000
2008-01-11,24.398365020751953,24.63580250726976,24.26166033574025,24.563850506193972,55187900
2008-01-14,24.74372673034668,24.873237589366617,24.520682385680967,24.79409175944463,52792200
2008-01-15,24.463115692138672,24.736527753681003,24.463115692138672,24.48469991591992,61606200
2008-01-16,23.909101486206055,24.21129438989703,23.391058076843287,24.045806166037632,120778500
2008-01-17,23.82276153564453,24.319217966964295,23.722031483900352,24.132148262966258,94247800
2008-01-18,23.75081443786621,24.463124263798637,23.72203637763686,23.8587410839643,117062000
2008-01-22,22.99533462524414,23.405451461734852,22.664363624688207,22.69314442769875,108521400
2008-01-23,22.9737548828125,23.060094564020492,22.333396986532694,22.649977647421313,137597400
2008-01-24,23.92350196838379,24.00264782757985,23.11046188485505,23.275947433769883,155640400
2008-01-25,23.700450897216797,25.18262950776159,23.65008585777638,25.110680235614932,196992300
2008-01-28,23.54215431213379,23.815563653344096,23.3263010763422,23.75800480323747,81019000
2008-01-29,23.45581817626953,23.664474896022476,23.275942261590505,23.635694090948558,68023000
2008-01-30,23.16801643371582,23.599717495184148,23.060089796004533,23.42703816847218,106432600
2008-01-31,23.45581817626953,23.556550994028242,22.82265556043086,22.95936163984333,103642200
2008-02-01,21.908884048461914,23.923493476492006,21.764982786883703,22.34778028882159,291138900
2008-02-04,21.72181510925293,22.10315115722779,21.66425487338818,21.93766565065967,119998600
2008-02-05,20.915966033935547,21.541934668057724,20.78645518740379,21.5203490695211,137534100
2008-02-06,20.52024269104004,21.117430615115143,20.354757194905243,21.067065583451875,138315600
2008-02-07,20.232439041137695,20.70731124175637,20.074147392702127,20.390729317229248,164964900
2008-02-08,20.549022674560547,20.9231648803442,20.318781739414984,20.35475774324662,124872000
2008-02-11,20.29720115661621,20.585003769066006,20.081350569623428,20.52024831849926,156814100
2008-02-12,20.390727996826172,20.592189457996692,20.225242531763207,20.455483417475843,84365900
2008-02-13,20.836822509765625,20.901577940173464,20.527437130682106,20.59219256108995,88986200
2008-02-14,20.505842208862305,20.894374614702475,20.47706142072147,20.779252834482655,69113500
2008-02-15,20.44829559326172,20.60658591619313,20.325979907068767,20.3691497456238,68166100
2008-02-19,20.347177505493164,20.831118238333957,20.27494727805721,20.802225596288775,68261200
2008-02-20,20.383285522460938,20.412178155423117,20.166596285950863,20.33272479245369,93056200
2008-02-21,20.296613693237305,20.91779024891615,20.195490839033518,20.672209717018703,98776500
2008-02-22,19.993242263793945,20.50607403931526,19.646538975187166,20.397729433835188,125705400
2008-02-25,20.108810424804688,20.397729837697426,19.848782264363006,19.971573187051977,109974300
2008-02-26,20.49884796142578,20.845552578313455,19.986016258968345,20.036576975810494,108923500
2008-02-27,20.412179946899414,20.715545731244372,20.296612160261017,20.361619212454702,75199500
2008-02-28,20.17382049560547,20.419402377876896,20.079920811261115,20.238827545481826,83002900
2008-02-29,19.646541595458984,20.101589550235868,19.516527500472275,20.000468088658025,117411400
2008-03-03,19.494857788085938,19.783777230274328,19.408182644267704,19.675432611663254,76544300
2008-03-04,19.928234100341797,19.95712535059038,19.47318485425877,19.51652379614613,86925600
2008-03-05,20.311052322387695,20.520518355558657,20.007686629983056,20.043801035733686,106489800
2008-03-06,19.913795471191406,20.34717541357378,19.863234730487555,20.267722033795234,91127700
2008-03-07,20.13047981262207,20.274938829621842,19.733214416100733,19.74766073110364,77597600
2008-03-10,20.260486602783203,20.412170110700913,20.04379745167336,20.10158131714772,72175100
2008-03-11,21.148923873901367,21.192261445893603,20.49885340563497,20.513299722191242,98740700
2008-03-12,20.679428100585938,21.300605931865658,20.614422431841298,21.25726836014371,75993800
2008-03-13,20.67220687866211,20.93945685212545,20.33994847934425,20.614422988912473,84552200
2008-03-14,20.195484161376953,20.953899117589145,19.964348647067983,20.74443169669893,105214900
2008-03-17,20.44106674194336,20.751655617353773,19.704322607391756,19.71876754431036,84490100
2008-03-18,21.25004768371582,21.29338526049919,20.70832315205516,20.70832315205516,83695300
2008-03-19,20.67220687866211,21.37283671408602,20.67220687866211,21.22115314244535,61442100
2008-03-20,21.07668685913086,21.10557810523235,20.65053030214382,20.75887488595765,60170200
2008-03-24,21.06946563720703,21.235594106149335,20.99001229220147,21.185033387573526,48294700
2008-03-25,21.047794342041016,21.213924174252174,20.903335355449048,21.185031550328098,49149000
2008-03-26,20.62886619567871,20.99723897852539,20.498852110241472,20.968347724915166,45868100
2008-03-27,20.260486602783203,20.578298551730196,20.224372203490237,20.571075396336397,47894400
2008-03-28,20.159374237060547,20.53497022017814,20.101590345632964,20.390509802770868,49244000
2008-03-31,20.49884796142578,20.650531489628428,20.10880716173193,20.137698409494785,46780600
2008-04-01,21.30783462524414,21.33672726568194,20.679433472491297,20.823893919326434,65796200
2008-04-02,21.0622501373291,21.365615936742348,20.94668234495041,21.35839277750909,49499400
2008-04-03,20.946680068969727,21.17781562861286,20.802219655354463,20.946680068969727,38961400
2008-04-04,21.0622501373291,21.13448035198497,20.758884337915852,21.040580659629313,43860800
2008-04-07,21.0622501373291,21.37283909597561,20.9683518226502,21.343946459042563,44428600
2008-04-08,20.766101837158203,20.946676635742186,20.61441966763232,20.903339069831418,44733500
2008-04-09,20.86722183227539,20.975567806031847,20.614418233980416,20.74443092267085,45839300
2008-04-10,21.026124954223633,21.235590954042205,20.802211265658475,20.82388073226428,65591600
2008-04-11,20.426620483398438,20.953898532912685,20.37605838558739,20.852777092643183,54373700
2008-04-14,20.26772117614746,20.448296029692514,20.173822858481824,20.39773529112819,43418100
2008-04-15,20.404953002929688,20.57108149319615,20.24604767019782,20.311054710332773,34310000
2008-04-16,20.91055679321289,20.98278559173578,20.49884520218192,20.63608239919224,54107400
2008-04-17,21.105579376220703,21.192255875097143,20.87444388278514,21.033350567779248,48743300
2008-04-18,21.66897964477539,21.741209852459964,21.387283350249827,21.676202803311508,73658900
2008-04-21,21.97234344482422,22.102357531463802,21.75565421887591,21.806214946418752,54411700
2008-04-22,21.849552154541016,22.174587365761802,21.647307870039583,22.131248419148047,67387500
2008-04-23,22.716310501098633,22.723532280778386,21.88566531493423,21.994011297600125,98351500
2008-04-24,22.9691162109375,23.18580544064055,22.506845119476843,22.846325280058696,115416700
2008-04-25,21.546194076538086,21.95068141166421,21.380065521820907,21.70509947091839,145194900
2008-04-28,20.939462661743164,21.553417521721634,20.81667168974747,21.524524879992303,97473000
2008-04-29,20.6866455078125,20.874443436634127,20.549409672565922,20.802213252060245,84428900
2008-04-30,20.599973678588867,21.098359138628307,20.592750521210213,20.758879007890027,74733600
2008-05-01,21.2356014251709,21.30060847936679,20.57108594269479,20.58553226088871,71699400
2008-05-02,21.120031356811523,21.394505862182175,20.845558229117454,21.37283638722873,66024200
2008-05-05,21.00446319580078,21.83510709972022,20.93945614980324,21.618417864846123,119687700
2008-05-06,21.452295303344727,21.56786311098794,20.89612436801368,20.946685111647966,93582000
2008-05-07,21.098363876342773,21.770102508958438,21.00446556468788,21.44506861998992,88775000
2008-05-08,21.141698837280273,21.228373973564054,20.946677714127087,21.148921994916662,69589900
2008-05-09,21.228374481201172,21.343942250794104,20.91056380365885,21.098360395990003,51621200
2008-05-12,21.661754608154297,21.712315335846874,21.19948352333474,21.235597935207583,64278800
2008-05-13,21.589258193969727,21.842992487155428,21.408018622980972,21.74874851865048,70934700
2008-05-14,21.698009490966797,21.937245755703955,21.553017228747862,21.669010485423534,66730400
2008-05-15,22.074979782104492,22.132976388151558,21.705250900023884,21.73424851167334,53355800
2008-05-16,21.741500854492188,22.096730281760347,21.690753990989354,22.089480532295898,81538200
2008-05-19,21.357271194458008,21.669003489662973,21.248527724275593,21.654505374320696,59615000
2008-05-20,20.849807739257812,21.248534382449385,20.755562354886123,21.241284631132434,75767600
2008-05-21,20.480073928833008,21.06004007106345,20.436576813852813,20.886050228394318,60125100
2008-05-22,20.639562606811523,20.80630406915288,20.42932541574808,20.501821523364118,52203100
2008-05-23,20.3350772857666,20.538066082838697,20.262582570792617,20.487319229257686,48890700
2008-05-27,20.61781883239746,20.661315952496288,20.335084094883783,20.37858259773113,47334500
2008-05-28,20.429332733154297,20.712066133103608,20.327838975787618,20.704816381470454,52318500
2008-05-29,20.52356719970703,20.79180235446534,20.400324244723176,20.451071099819806,47699200
2008-05-30,20.53082275390625,20.806307734832814,20.44382851563885,20.574319873039947,63399200
2008-06-02,20.153844833374023,20.559822570551,19.972605216589187,20.47282694608492,77028400
2008-06-03,19.79861068725586,20.52356898364639,19.76961307442931,20.23358594163982,86616700
2008-06-04,19.96535873413086,20.037853481491876,19.71887272140712,19.776869348945137,79567400
2008-06-05,20.516313552856445,20.516313552856445,20.00884371557338,20.095837912708614,76063400
2008-06-06,19.929107666015625,20.422079634280593,19.929107666015625,20.29158689176945,78500800
2008-06-09,20.088592529296875,20.23358473301335,19.791359756151422,20.045095421281186,66787100
2008-06-10,20.219087600708008,20.509072042054544,19.805861569361976,19.834860566595946,77433900
2008-06-11,19.660871505737305,20.255337144962503,19.6536217561433,20.190090781364777,59330800
2008-06-12,20.47281837463379,20.697555018185845,19.7116128559344,19.863853406575092,113996300
2008-06-13,21.07453727722168,21.437016422362056,20.661311273001367,20.755555242328654,131969100
2008-06-16,20.973047256469727,21.103539992964972,20.762808651505512,21.038293624717348,74718900
2008-06-17,20.87879753112793,21.110785338016687,20.871549165278175,21.052788731981536,44256700
2008-06-18,20.632312774658203,20.922297203954155,20.632312774658203,20.697559132974966,49677800
2008-06-19,20.973047256469727,21.16153661110192,20.538071929068398,20.69756228325789,62037800
2008-06-20,20.465572357177734,20.9657939684151,20.371328387139382,20.951294470640516,97480400
2008-06-23,20.277080535888672,20.596062533884663,20.146589220240717,20.51631668869865,57145300
2008-06-24,20.103090286254883,20.30607907733923,19.943599982169477,20.24083272958883,65218300
2008-06-25,20.552562713623047,20.78454908779304,20.12483731771668,20.161084670150295,64280200
2008-06-26,20.117595672607422,20.443827506884208,20.117595672607422,20.32058452312947,67049100
2008-06-27,20.030597686767578,20.233586513281146,19.907354717589385,20.066846432260135,73450200
2008-06-30,19.943599700927734,20.284329547793092,19.92910020546589,20.10309000276403,57830500
2008-07-01,19.479633331298828,19.84936090825294,19.167900989819312,19.76961642241404,100327800
2008-07-02,18.761920928955078,19.573874865101878,18.761920928955078,19.501378755718513,84669000
2008-07-03,18.834421157836914,18.92141678467445,18.558937541223784,18.827171407038072,37074500
2008-07-07,18.870670318603516,19.131654439244684,18.450194442446996,18.928666943495845,71527600
2008-07-08,18.740177154541016,18.993912901392353,18.493691158485266,18.798173778157157,65553200
2008-07-09,18.290695190429688,18.740169886187985,18.254447833258812,18.696672781033325,54255800
2008-07-10,18.45018768310547,18.609677997441942,18.10945642678704,18.268948123871617,57830600
2008-07-11,18.30519676208496,18.587930051772393,18.029713221203384,18.239950405580444,69532600
2008-07-14,18.23270034790039,18.711172698995725,18.174703741184235,18.471936523448058,51216200
2008-07-15,18.957660675048828,19.312890102475944,18.073211981214893,18.073211981214893,92719300
2008-07-16,19.762361526489258,19.784110771190413,18.790917387140514,18.94315795180432,82060400
2008-07-17,19.950855255126953,20.233588585179234,19.653622425392914,19.99435237142383,96526100
2008-07-18,18.747434616088867,19.189658534516337,18.203715527527116,19.109914008463367,150277000
2008-07-21,18.587934494018555,18.972162976064812,18.508190003592752,18.60243399509544,77575600
2008-07-22,18.70392417907715,18.80541928455933,18.47193773697205,18.515436231927954,88657200
2008-07-23,19.1606502532959,19.457883079230815,18.740174447138084,18.7474241968863,79408800
2008-07-24,18.44294548034668,18.972164877968886,18.44294548034668,18.91416825059589,81092600
2008-07-25,18.96491050720215,19.00840762144964,18.48643810223476,18.587931829728348,58682300
2008-07-28,18.48643684387207,18.92866185398923,18.370443625275477,18.89241310896015,59707800
2008-07-29,18.928667068481445,18.986663693756725,18.41394580925832,18.500941438545542,66368200
2008-07-30,19.015653610229492,19.204142911688926,18.776417455059455,18.993905748780982,51977700
2008-07-31,18.645925521850586,19.05190313371999,18.638675773487048,18.740170867828457,60461000
2008-08-01,18.44294548034668,18.812674498380304,18.174710214528638,18.790925244584678,82720200
2008-08-04,18.326946258544922,18.522683947980802,18.203703292660293,18.406690731000943,60588300
2008-08-05,19.001163482666016,19.051911744146228,18.486443560962535,18.587937318425475,84297600
2008-08-06,19.588369369506836,19.689863067118935,19.124395217391676,19.378130844169856,95550000
2008-08-07,19.856611251831055,20.11759673300907,19.37813879150369,19.50138178175459,82565800
2008-08-08,20.393075942993164,20.465572048022725,19.711616150860586,19.82760936580861,80814100
2008-08-11,20.22633171081543,20.588810778689353,20.052341924165695,20.197334104414427,68743800
2008-08-12,20.38582420349121,20.55981399712119,19.99434613076279,20.139338316828418,62813000
2008-08-13,20.233585357666016,20.66131085081144,20.12484189289559,20.34957857112089,51165200
2008-08-14,20.233585357666016,20.501820527998028,19.979849684702906,20.168339002254125,49732300
2008-08-15,20.16109275817871,20.4075787253041,19.994352657696364,20.284335741741405,47267400
2008-08-18,20.074098587036133,20.335082672117586,19.97260347024206,20.1393449539936,38078200
2008-08-19,19.88484764099121,20.197823140607344,19.848455722169078,20.04497541563912,40332900
2008-08-20,19.86301612854004,20.074091789348717,19.775673566240044,20.044978527424007,41497200
2008-08-21,19.7829532623291,19.819345188701984,19.55004160171144,19.724725347174683,43614200
2008-08-22,20.263330459594727,20.292443718083913,19.812063152778833,19.81934181446682,47930400
2008-08-25,20.132322311401367,20.26333547770435,19.986751818117366,20.09593038221192,51381300
2008-08-26,19.848461151123047,20.17599267489687,19.775675905307832,20.07409416371343,44774400
2008-08-27,20.059539794921875,20.226946301461933,19.746564163548538,19.899413341126277,33975300
2008-08-28,20.336122512817383,20.38707177346861,20.088653485428647,20.095932149559285,48372600
2008-08-29,19.86301612854004,20.219662263761062,19.86301612854004,20.14687702655489,50735500
2008-09-02,19.724727630615234,20.20510833331637,19.695612975536054,20.139601747651383,66079200
2008-09-03,19.579153060913086,19.78295143930476,19.535482475637327,19.651938295214602,57127700
2008-09-04,19.17884063720703,19.571878768978465,19.17884063720703,19.462701587278797,66141900
2008-09-05,18.66934585571289,19.084219992110008,18.654788527493952,18.945929538819787,82305200
2008-09-08,19.01143455505371,19.16428232392041,18.683901638534913,19.076939750094358,62110800
2008-09-09,18.996877670288086,19.360802524553133,18.960484351903695,19.069662918793725,85735700
2008-09-10,19.244340896606445,19.550037737814527,19.106049104848267,19.30256880025262,75064900
2008-09-11,19.8994197845459,19.98676101007424,18.94593664098963,18.996885920591787,72913300
2008-09-12,20.10321617126465,20.190557387582558,19.60827798458449,19.753847141202204,75628500
2008-09-15,19.520931243896484,20.00859066118065,19.455424651405828,19.593716500915363,82349400
2008-09-16,18.916810989379883,19.28073579037972,18.5747221762147,18.98959622723244,111729700
2008-09-17,17.88327407836914,18.82947990077134,17.83232480105973,18.727579957888832,106972100
2008-09-18,18.385482788085938,18.450989369294827,17.47567070269924,18.050671218766837,132291300
2008-09-19,18.312700271606445,19.215233828166987,17.104469753286423,19.193399223353417,134926100
2008-09-22,18.48738670349121,19.15700864967736,18.42915876852996,19.084223383909922,105207700
2008-09-23,18.516498565673828,19.0478285653987,18.443713310910482,18.676625015542577,92181300
2008-09-24,18.720291137695312,18.989596099458836,18.531050075857173,18.618392638345135,80250300
2008-09-25,19.368080139160156,19.564598494738895,18.73485031620201,18.79307823419998,96203500
2008-09-26,19.943084716796875,20.059540576506315,19.02599378038752,19.047829774681798,100744300
2008-09-29,18.203521728515625,20.132323215720994,18.203521728515625,19.60827191523243,134383100
2008-09-30,19.426311492919922,19.426311492919922,18.589284503062764,18.756689623381533,107192700
2008-10-01,19.273466110229492,19.644669746841533,19.127896954944347,19.200680838455124,88957000
2008-10-02,19.106054306030273,19.30985271840265,18.70573753301869,19.055105050002958,93819800
2008-10-03,19.15700912475586,19.994036231180274,19.0987811883506,19.19340245267384,114289400
2008-10-06,18.1307373046875,18.91681498536767,17.570292659576328,18.6547886290532,146374600
2008-10-07,16.907949447631836,18.349091626976154,16.842442858728617,18.181686516784925,145941200
2008-10-08,16.74781608581543,17.68674115860806,16.37661269806771,16.66775220171416,171598600
2008-10-09,16.231048583984375,17.40288710510108,16.06364347761433,17.300988586139002,131948700
2008-10-10,15.64876937866211,16.267441934075812,15.03009682324841,15.85984646920575,228467500
2008-10-13,18.560169219970703,18.560169219970703,16.471239759671494,16.638646262617982,144935400
2008-10-14,17.54117774963379,18.727572129641562,17.17725290581675,18.662065546693444,165674900
2008-10-15,16.49307632446289,17.650357615245188,16.362063138598735,17.308268709693582,113280200
2008-10-16,17.606687545776367,17.606687545776367,15.510479285407987,16.69687527019438,161147800
2008-10-17,17.417442321777344,18.276305129674324,16.96617492858531,17.155416003906936,133673100
2008-10-20,17.992446899414062,18.01428289360536,16.747824384040463,17.613966051275025,93484300
2008-10-21,17.002573013305664,18.203524993313565,16.937066415463104,17.686750875695967,100385600
2008-10-22,15.670602798461914,16.784211827158536,15.212056761017324,16.769655889856896,150054800
2008-10-23,16.2455997467041,16.442119434348747,15.204774795396528,15.685155328574997,154774100
2008-10-24,15.983583450317383,16.638649483743126,15.248456258608117,15.328518805155177,153919700
2008-10-27,15.415861129760742,15.98358316421629,15.299405256628141,15.77250741476227,117683900
2008-10-28,16.813323974609375,16.89338647676668,15.532308669202086,15.75066296710421,134088800
2008-10-29,16.74053382873535,17.446547146955393,16.522179594969835,16.83515362649711,111701800
2008-10-30,16.47123908996582,17.38105126963891,16.29655531806017,17.242760817878114,95323000
2008-10-31,16.252887725830078,16.67504059968553,16.100039917763684,16.39845825678581,93055200
2008-11-03,16.463964462280273,16.67504020001719,16.165544742147222,16.362064537748218,61923500
2008-11-04,17.126300811767578,17.22092064464458,16.64592020859506,16.835159874349067,72123000
2008-11-05,16.070919036865234,16.988009695142413,16.049083049193303,16.9807310325851,81179700
2008-11-06,15.197504043579102,16.07092440660946,15.182948101863866,15.918076606624016,95509700
2008-11-07,15.64876937866211,15.677884034570145,15.284844509390899,15.517756203602362,71256300
2008-11-10,15.50319766998291,15.99085701241217,15.423135148988589,15.903515828006894,67106800
2008-11-11,15.430421829223633,15.503205724621626,15.132003415647644,15.495928445692881,78014500
2008-11-12,14.775351524353027,15.284846978956963,14.760795582310415,15.204783050537177,90162300
2008-11-13,15.466800689697266,15.466800689697266,13.639898418110919,14.666166023401585,148413700
2008-11-14,14.600662231445312,15.532310196514247,14.302244013779267,14.964587022575893,96624500
2008-11-17,14.062057495117188,14.731679346706734,13.938322977271405,14.367754457544226,97289000
2008-11-18,14.377150535583496,14.406461021682427,13.739631040338088,14.289216281951612,108966500
2008-11-19,13.402554512023926,14.618969893720518,13.373242624432333,14.384478985990949,103010500
2008-11-20,12.845643997192383,13.805586160162607,12.82366007675745,13.277984648736505,139532800
2008-11-21,14.421125411987305,14.435781362456535,13.17539757547013,13.20470947640859,157231900
2008-11-24,15.161230087280273,15.344425226187152,14.560350255292592,14.57500480417747,125289900
2008-11-25,14.648279190063477,15.33709311799453,14.325855441166532,15.285798716556572,92948100
2008-11-26,15.014674186706543,15.153902890759364,14.457760768163325,14.457760768163325,79678300
2008-11-28,14.81682014465332,14.882770496738912,14.670264893760285,14.824148116848141,28650800
2008-12-01,13.637040138244629,14.6189657302261,13.629712168433741,14.567669941549896,79639900
2008-12-02,14.032744407653809,14.149989160067546,13.600403859002768,13.915499655240072,79689800
2008-12-03,14.560345649719238,14.582328164927274,13.629714302999368,13.666352760124461,80961500
2008-12-04,14.003430366516113,14.596981949769084,13.76894092116518,14.215935902240146,78719200
2008-12-05,14.560345649719238,14.640950534927953,13.534452078206048,13.856875812043553,91996200
2008-12-08,15.39571475982666,15.571581869693684,14.758195263599598,14.912079858275462,107225000
2008-12-09,15.095279693603516,15.57158677422261,14.992689465617936,15.109935640125455,80484900
2008-12-10,15.102608680725098,15.359080773736434,14.875445687389226,15.2564919365319,61499000
2008-12-11,14.252584457397461,14.743547557616848,14.149994214141637,14.736219583265132,83564300
2008-12-12,14.186628341674805,14.545690553513902,13.702993411632947,14.032743737933687,78112600
2008-12-15,13.95213794708252,14.245249795200316,13.84221978107925,14.171971483753982,59925900
2008-12-16,14.736212730407715,14.78750712934783,13.922826125307205,14.076709322127547,97688700
2008-12-17,14.406464576721191,14.692248525628631,14.289219808058247,14.516381372634214,78922700
2008-12-18,14.142663955688477,14.670266842456293,13.91550237814565,14.553022067100772,80759200
2008-12-19,14.010761260986328,14.50905073753592,14.003433289581059,14.230594812473864,113530400
2008-12-22,14.05472469329834,14.135330963892025,13.842217760884923,14.09869111468247,58575400
2008-12-23,14.128008842468262,14.340514465182983,13.93015776783641,14.128008842468262,47511400
2008-12-24,14.047404289245605,14.252583362324474,13.99610987039291,14.113354655675668,16880400
2008-12-26,14.01809024810791,14.164646906109526,13.988779755108311,14.069386056775988,23101000
2008-12-29,13.893509864807129,14.076704887693301,13.659020459139565,14.03273847354741,58512800
2008-12-30,14.17197036743164,14.28188712710926,13.922824966739746,13.930152937073911,43224100
2008-12-31,14.24525260925293,14.421119752864964,14.120679874485928,14.149990366254027,46419000
2009-01-02,14.89742660522461,14.948721013485573,14.193958038786606,14.311202799859608,50084000
2009-01-05,15.03665542602539,15.146572215867451,14.69957568648622,14.802165901650914,61475200
2009-01-06,15.212528228759766,15.38839543746777,15.102611398025806,15.20520025368839,58083400
2009-01-07,14.29654312133789,14.868112230537218,14.274559210253035,14.794833924588467,72709900
2009-01-08,14.74354362487793,14.794838033989311,14.325857584254187,14.3844799657626,70255400
2009-01-09,14.303875923156738,14.875443827748603,14.22326961961977,14.780182976205928,49815300
2009-01-12,14.267227172851562,14.50171796457671,14.142654507549814,14.443094218395146,52163500
2009-01-13,14.523710250854492,14.648283000033755,14.303876645323076,14.303876645323076,65843500
2009-01-14,13.988780975341797,14.421121616724735,13.930158586561125,14.311204812469478,80257500
2009-01-15,14.09869384765625,14.142660277563092,13.57109249577132,13.974121131530524,96169800
2009-01-16,14.443100929260254,14.589657567476397,14.032744298989813,14.384478553507334,79634100
2009-01-20,13.541781425476074,14.377152029972605,13.461176532075125,14.259905880387452,89873000
2009-01-21,14.201288223266602,14.252584042234417,13.527129976896441,13.827571325892459,68340900
2009-01-22,12.537871360778809,13.321946056934122,12.508559477943935,13.226683835388288,222436600
2009-01-23,12.603824615478516,12.81633022452609,12.274072845633182,12.435284045519888,117020600
2009-01-26,12.91891860961914,13.050819313134058,12.625806711623644,12.669774544573801,92476500
2009-01-27,12.94090461730957,13.168066200256307,12.77236542343515,13.028838899752051,61695000
2009-01-28,13.219361305236816,13.417210984210753,13.014182255645114,13.04349274977654,64145500
2009-01-29,12.889602661132812,13.16073052785637,12.867618753965827,13.028831277856014,49192800
2009-01-30,12.530545234680176,13.036164106673402,12.530545234680176,12.999524247736092,62370900
2009-02-02,13.06547737121582,13.285310980860721,12.457269560352394,12.479253480384086,88871700
2009-02-03,13.556435585021973,13.637041865483814,12.896933592851703,13.080128668324972,86865100
2009-02-04,13.651700973510742,13.92283039083244,13.556440117389482,13.585752010145544,75618000
2009-02-05,13.95213794708252,14.025414860861314,13.373240824090773,13.563763874784227,75195200
2009-02-06,14.406464576721191,14.604315647965368,13.966795995401204,14.040074325232517,86746000
2009-02-09,14.24525260925293,14.487070106427954,14.11335190212695,14.391807863429051,52196400
2009-02-10,13.776276588439941,14.509057287775432,13.702999636641003,14.106028462208219,83953200
2009-02-11,14.076711654663086,14.281890682089607,13.86420605274613,13.878861997062549,58599000
2009-02-12,14.113357543945312,14.15732399800697,13.585755902200317,13.900850453588621,75323200
2009-02-13,13.988780975341797,14.267236972632979,13.952142506479376,14.120681699515302,47416000
2009-02-17,13.34688949584961,13.649389363763751,13.199327966854453,13.642011146588889,75853300
2009-02-18,13.369024276733398,13.612499816855562,13.280487077029408,13.442803634693833,54946900
2009-02-19,13.214085578918457,13.560853373536645,13.140304807845117,13.501829038128205,49195600
2009-02-20,13.280487060546875,13.420670373549608,13.029633303489796,13.110792285846806,69413800
2009-02-23,12.697622299194336,13.391159334491064,12.66073261521896,13.295245311804345,70803400
2009-02-24,12.668108940124512,12.800914034189173,12.070487424084567,12.564816714630233,122674500
2009-02-25,12.513171195983887,12.719757087264743,12.144268723358165,12.55006228759721,105894600
2009-02-26,12.114754676818848,12.60170572438183,12.114754676818848,12.57957107412862,83219500
2009-02-27,11.915548324584961,12.18853674465675,11.878658644123066,12.01884196293026,93428000
2009-03-02,11.649938583374023,11.98932884339357,11.598292468901114,11.77536546448726,80602100
2009-03-03,11.716340065002441,11.981949534178648,11.539267085551637,11.8270112048783,80476600
2009-03-04,11.893412590026855,12.099997008979031,11.723717140190503,11.893412590026855,69285100
2009-03-05,11.266282081604004,11.716342854085077,11.266282081604004,11.701586417138662,89708500
2009-03-06,11.27365779876709,11.524511557850182,10.971157925858254,11.325304616218363,92821400
2009-03-09,11.177742004394531,11.613046932066906,11.140852328727755,11.214632383686768,66479100
2009-03-10,12.159021377563477,12.262314994696855,11.251521914950304,11.34005839640339,95184200
2009-03-11,12.623841285705566,12.690243834006555,12.1221337684319,12.269693892349943,84522200
2009-03-12,12.550060272216797,12.572194923630247,12.15902320741867,12.550060272216797,93694100
2009-03-13,12.284448623657227,12.57957023782525,11.937680902916156,12.527924131252202,82965800
2009-03-16,11.989327430725098,12.513168138371727,11.981949214205311,12.40987592159654,67028900
2009-03-17,12.468896865844727,12.468896865844727,11.996702394610535,12.04097027447611,62481000
2009-03-18,12.513171195983887,12.705000650619413,12.24756237262422,12.56481872424254,70710700
2009-03-19,12.645971298217773,12.874691753798063,12.48365478121785,12.81566743786621,58994600
2009-03-20,12.58695125579834,13.022256261309202,12.454146148049105,12.778780699519329,81725500
2009-03-23,13.52396297454834,13.715792406267242,12.771401682555208,12.815670987202628,71600000
2009-03-24,13.228841781616211,13.435426248282104,13.162439229544708,13.310000769092747,50044100
2009-03-25,13.191950798034668,13.50920712551067,12.926341994887089,13.265731568395553,73927100
2009-03-26,13.892865180969238,13.929754860334503,13.369024416276934,13.4059140956422,63775100
2009-03-27,13.376397132873535,13.737922634823384,13.317372819601227,13.678898321551076,47670400
2009-03-30,12.89682674407959,13.103412581519976,12.741888421437467,13.088656148720473,49633000
2009-03-31,13.553470611572266,13.863348588210707,13.11816580135992,13.15505546707261,92423300
2009-04-01,14.2470121383667,14.283903227493152,13.413293225625122,13.450182907500414,96438900
2009-04-02,14.232258796691895,14.674940660664124,14.018294676154168,14.38719716763191,99082300
2009-04-03,13.833834648132324,14.128956172509062,13.597737428630936,14.114199744477617,81858400
2009-04-06,13.841215133666992,13.841215133666994,13.479691031068496,13.678898620434198,47476100
2009-04-07,13.841215133666992,14.12158027602376,13.7452997429721,13.841215133666994,65815200
2009-04-08,14.158473014831543,14.475729270577634,13.988776859193539,13.996155075286568,56408900
2009-04-09,14.512617111206055,14.53475175669008,14.18060446519892,14.350300599408483,55759600
2009-04-13,14.453592300415039,14.645421666265056,14.291275794196073,14.527373042242061,44444700
2009-04-14,14.276530265808105,14.424090454887153,14.018298175855174,14.342932843431763,63796300
2009-04-15,13.892865180969238,14.202743272291086,13.656767855628985,14.173230402998023,72725500
2009-04-16,14.579017639160156,14.59377406745724,14.010907814976555,14.13633464100085,67688700
2009-04-17,14.165854454040527,14.527378681350527,14.01829291310736,14.527378681350527,61398500
2009-04-20,13.730549812316895,13.981403594057593,13.70103694046449,13.937134286278987,62937200
2009-04-21,13.99615478515625,14.07731375324637,13.701033183806905,13.715789615687072,60928300
2009-04-22,13.85597038269043,14.15847014493429,13.796946073161154,13.841213953495476,59401000
2009-04-23,13.959268569946289,13.974025005481128,13.627255806668172,13.95926856994629,86116300
2009-04-24,15.427495002746582,15.641459025115704,14.387190566660422,14.623287827722432,168478500
2009-04-27,15.051216125488281,15.361094166627048,14.96268034644911,15.161886552912662,68219600
2009-04-28,14.704442977905273,14.955296604581305,14.601150804774079,14.940540177776757,76685200
2009-04-29,14.94054126739502,15.412735701575272,14.80035801702885,14.837249086730695,79301600
2009-04-30,14.94792366027832,15.56767973202832,14.763472481953933,15.19877737537955,87439900
2009-05-01,14.933172225952148,15.014331221896592,14.652806960259685,14.896282540841737,63224500
2009-05-04,14.896278381347656,15.051216704249432,14.741338651194992,15.029083462263973,54313400
2009-05-05,14.601157188415527,14.933168493171628,14.490485346245897,14.859387734142185,66835500
2009-05-06,14.601157188415527,14.807741624996853,14.468352103612714,14.800363408368815,59639100
2009-05-07,14.254388809204102,14.748718091841143,14.12158371726415,14.726583440767481,68727200
2009-05-08,14.328173637390137,14.490490236229785,14.121587723843069,14.357685106610342,67597600
2009-05-11,14.254388809204102,14.556888670955768,14.025669710446964,14.16585301941147,63762600
2009-05-12,14.67493724822998,14.800364122456347,14.365059171156073,14.394572039092157,71966800
2009-05-13,14.571642875671387,14.756094051312797,14.512618555756166,14.697069731397576,49281700
2009-05-14,14.800363540649414,14.925790409945213,14.608534128358727,14.630668778440672,54539500
2009-05-15,14.918407440185547,15.124993220045122,14.74133451769898,14.852004918346774,61289900
2009-05-18,15.198775291442871,15.198775291442871,14.933165180753868,15.021702353400409,46073800
2009-05-19,15.079977035522461,15.399248079236276,15.035428015712196,15.228475656473753,51368300
2009-05-20,15.131958961486816,15.362132084735746,15.013160569701547,15.154234191017256,47450700
2009-05-21,14.716158866882324,15.020579804461336,14.485987249339459,14.953755558047602,58232800
2009-05-22,14.664183616638184,14.976029603361043,14.456285820093653,14.79783209897482,37318700
2009-05-26,15.102256774902344,15.183931182496382,14.441440687825423,14.50826494564087,44991700
2009-05-27,14.946331977844238,15.295303392026524,14.901782947846462,15.035431454027922,42892900
2009-05-28,15.183928489685059,15.317575565425923,14.886931211537416,15.087403949430682,45480800
2009-05-29,15.510622024536133,15.547747389513853,15.072552631114126,15.26560028043466,46134900
2009-06-01,15.889298439025879,15.963547781713393,15.488354254414777,15.592302484464245,57317100
2009-06-02,15.889298439025879,16.319942927187356,15.740801169839273,15.859599551663926,48935700
2009-06-03,16.13431739807129,16.15659262175723,15.807622614473164,15.822471347408957,56039600
2009-06-04,16.208568572998047,16.260542684661473,16.022945936378193,16.164019536742014,42330000
2009-06-05,16.438737869262695,16.564961300563123,16.19371608099576,16.305089363628344,59579200
2009-06-08,16.371912002563477,16.57238474125315,16.060065992219982,16.319937903537557,49000600
2009-06-09,16.394189834594727,16.572387380861294,16.24569117127848,16.37933968502546,50887700
2009-06-10,16.743154525756836,16.795130032714034,16.42388490871776,16.461008854642284,61297200
2009-06-11,16.9510555267334,17.270326620640777,16.75800785562224,16.772858003289567,65124600
2009-06-12,17.32230567932129,17.35942964292729,16.88423611106601,17.00303449403133,50963500
2009-06-15,17.389123916625977,17.478223381046597,17.092128062203813,17.24805035470497,69089600
2009-06-16,17.41139793395996,17.90144141395022,17.403972861088857,17.42624666351433,105295600
2009-06-17,17.582170486450195,17.68611867500912,17.2035002644583,17.44852200619566,86483100
2009-06-18,17.44852638244629,17.589599971007278,17.300027719099123,17.53762586369223,58852200
2009-06-19,17.871742248535156,18.072214980122954,17.63414556644055,17.849468444706247,115459000
2009-06-22,17.285175323486328,17.782643899255465,17.262900103847265,17.782643899255465,71291600
2009-06-23,17.329723358154297,17.567320022667715,17.23319882807833,17.35942223312456,56752700
2009-06-24,17.426239013671875,17.634136714235524,17.344566080318515,17.41139029063586,54287700
2009-06-25,17.663850784301758,17.760373932241905,17.22578124848994,17.39655373433161,57724300
2009-06-26,17.337156295776367,17.589603220388923,17.314881067302856,17.50050372268336,65126400
2009-06-29,17.715824127197266,17.842047571295883,17.48565104807209,17.522776423505956,62854900
2009-06-30,17.649002075195312,17.997972150794304,17.545052427166414,17.797499346940473,66452400
2009-07-01,17.84947395324707,18.042520254884163,17.790073348203816,17.856897612689107,54908400
2009-07-02,17.35199737548828,17.849465888450936,17.233197635266578,17.64156811329762,65422200
2009-07-06,17.22578239440918,17.285181585444175,16.98076055436628,17.233206054123684,49207700
2009-07-07,16.728315353393555,17.181233700397538,16.676339816744576,17.13668465660127,52842500
2009-07-08,16.750587463378906,16.84711203400597,16.33479312580038,16.564964814222083,73023400
2009-07-09,16.661483764648438,16.936204399667094,16.609509667006417,16.817406057574495,46981200
2009-07-10,16.62435531616211,16.735729980394137,16.446157836053622,16.475858124165544,43229200
2009-07-13,17.248048782348633,17.292599218591633,16.438734267709023,16.646632054946252,67584000
2009-07-14,17.158954620361328,17.24062760622358,16.973332009292733,17.225778873641072,45448700
2009-07-15,17.90886878967285,17.90886878967285,17.493073152551965,17.634146722867552,67238700
2009-07-16,18.146461486816406,18.146461486816406,17.715817213170762,17.767791302305763,64555100
2009-07-17,18.03509521484375,18.15389358345942,17.89402162104204,18.11676820814936,52860100
2009-07-20,18.213285446166992,18.213285446166992,17.931138371984517,18.14646121365997,47798000
2009-07-21,18.436038970947266,18.436038970947266,18.09449402233688,18.33209075462032,52028400
2009-07-22,18.41375160217285,18.488000886090344,18.198430236618158,18.339503734442662,66192500
2009-07-23,18.978055953979492,19.096854315492028,18.44346332717309,18.510287582547413,106060500
2009-07-24,17.41139793395996,17.738092643161572,16.93620318352407,17.530196267521973,215135700
2009-07-27,17.158954620361328,17.41140148470967,17.003030890645878,17.40397641032435,80950000
2009-07-28,17.426239013671875,17.4856381543776,17.003019959120177,17.06984416943752,70288400
2009-07-29,17.671274185180664,17.75294859729715,17.329729218490474,17.619300074265922,73626900
2009-07-30,17.678693771362305,18.139038383737166,17.60444445760018,17.96826595341579,67820000
2009-07-31,17.463380813598633,17.871750113642868,17.44853066038539,17.649003480198477,54258200
2009-08-03,17.693552017211914,17.7158272463942,17.448530160960857,17.68612694081782,46902900
2009-08-04,17.649002075195312,17.663852227226364,17.470804499388056,17.582177807244037,49218300
2009-08-05,17.678693771362305,18.005389902202918,17.663845041560176,17.700968990347302,53310300
2009-08-06,17.4188289642334,17.804924419842493,17.277756768528434,17.767800455959808,59686000
2009-08-07,17.49306869506836,17.686116316785764,17.448519679652858,17.6341422294364,46169700
2009-08-10,17.389123916625977,17.4856470382427,17.300024452205356,17.418822793974222,35261900
2009-08-11,17.173803329467773,17.37427608903297,17.114404150654547,17.31487691021974,33615800
2009-08-12,17.470800399780273,17.745521066947926,17.099555183249194,17.17380309360492,61972300
2009-08-13,17.537630081176758,17.70840259376197,17.37428122897477,17.545053741559983,38954500
2009-08-14,17.589588165283203,17.671261100737773,17.45593974121012,17.53761409285195,46330200
2009-08-17,17.262908935546875,17.522780966201434,17.248058781523497,17.31488305844006,42474400
2009-08-18,17.606367111206055,17.658633452543427,17.37490127493299,17.389834922215382,38878900
2009-08-19,17.658628463745117,17.71089479031655,17.359962723229355,17.359962723229355,41821300
2009-08-20,17.673564910888672,17.822898516915053,17.576499063877094,17.621298576024685,39505900
2009-08-21,18.226104736328125,18.233571562224355,17.74823927218085,17.867705638217668,69011400
2009-08-24,18.397830963134766,18.465030948320805,18.129032446541533,18.226098300615302,54180900
2009-08-25,18.397830963134766,18.532230933506842,18.263430992762693,18.367965094247037,43980300
2009-08-26,18.330631256103516,18.479964875260947,18.23356540055684,18.360498549595377,41079000
2009-08-27,18.43517303466797,18.50237304885248,18.143972498484572,18.22610616563265,45495600
2009-08-28,18.427696228027344,19.03249460398686,18.375429895113047,18.718895182350302,55808000
2009-08-31,18.405296325683594,18.554629930723337,18.13649783042318,18.345563168497858,49592800
2009-09-01,17.91996955871582,18.472501782544743,17.84530273405759,18.181302732944005,62608500
2009-09-02,17.815439224243164,18.02450465206472,17.755706041415376,17.78557192075356,40771300
2009-09-03,18.00210189819336,18.02450094705493,17.740768742983093,17.852768259744316,34120000
2009-09-04,18.38290023803711,18.51729879520491,17.979700294080608,17.987167117948438,44999700
2009-09-08,18.53223419189453,18.547167841039528,18.22610150517791,18.382901972898054,53737100
2009-09-09,18.50236701965332,18.629300180178,18.42023337926939,18.472499723458775,49900300
2009-09-10,18.666635513305664,18.703968214671768,18.40530233128913,18.51730185953871,46256000
2009-09-11,18.562097549438477,18.793563365440924,18.52476343450204,18.61436388619862,54303500
2009-09-14,18.666635513305664,18.733835515085666,18.397835506185654,18.40530233128913,42806800
2009-09-15,18.81597137451172,18.86823773221652,18.56210498781574,18.644237225286954,44716600
2009-09-16,18.81597137451172,18.927970915900783,18.629304997479466,18.853304080257594,50055800
2009-09-17,18.890636444091797,18.95036962669492,18.711436896282436,18.711436896282436,42428800
2009-09-18,18.860763549804688,19.025029384828482,18.74129722903268,19.01009573869426,68016500
2009-09-21,18.890636444091797,18.942904225002014,18.7413041996597,18.748771025504016,28878700
2009-09-22,19.241565704345703,19.278898400813617,18.883166691309846,18.96529890836947,61376700
2009-09-23,19.196762084960938,19.59996198656265,19.14449574752758,19.3535625214119,60599900
2009-09-24,19.368505477905273,19.495438683038426,19.15943860352374,19.35357182455983,56302900
2009-09-25,19.077293395996094,19.278893321773758,19.054894353676826,19.18182748203861,50158900
2009-09-28,19.286359786987305,19.53275921699397,19.114627153014624,19.114627153014624,44358000
2009-09-29,19.22662925720215,19.383428268522835,19.181829743132077,19.346095577489585,39050300
2009-09-30,19.2042293548584,19.405829310349766,18.950363060717617,19.234096647887156,63533400
2009-10-01,18.57703971862793,19.017572541712,18.517306526895428,18.97277300395053,75958100
2009-10-02,18.63676643371582,18.733833726643102,18.241034710069442,18.26343375909025,51219700
2009-10-05,18.397830963134766,18.711430419285968,18.308231932320663,18.651697257359594,60804900
2009-10-06,18.748767852783203,18.823433250288453,18.412767867404906,18.427701516566422,48795300
2009-10-07,18.74129867553711,18.801031840533483,18.577031403683844,18.659165039610475,38472700
2009-10-08,19.16690444946289,19.338637181693578,18.83090438714068,18.995171717232203,60521300
2009-10-09,19.077293395996094,19.25649427945449,19.010093420736872,19.09222704030941,39520000
2009-10-12,19.2042293548584,19.331162501928787,19.077296207788006,19.159429839466178,29145800
2009-10-13,19.271432876586914,19.368500172592604,19.054900658995535,19.107167007236516,37749000
2009-10-14,19.38343048095703,19.562631405993145,19.27889779481183,19.517830462658598,45365500
2009-10-15,19.943435668945312,19.943435668945312,19.338636987005525,19.338636987005525,65620100
2009-10-16,19.78662872314453,19.883694577046764,19.48796291404046,19.749296031063118,56500900
2009-10-19,19.682096481323242,19.846362323925977,19.5999628479464,19.77916233737237,48143200
2009-10-20,19.68956184387207,19.794094515577036,19.368495581748714,19.72689453400932,54604700
2009-10-21,19.846364974975586,19.973298141626735,19.704498159506386,19.756764506218424,61672700
2009-10-22,19.853830337524414,19.950896199392393,19.5103635607548,19.83142986594671,61600000
2009-10-23,20.921566009521484,21.914630989603058,20.817031879304107,21.80263145822494,281761000
2009-10-26,21.414363861083984,21.668230210556345,20.988764811718916,21.003697037336938,124149700
2009-10-27,21.3471622467041,21.563694455376154,21.235162730208135,21.451694938880188,69685800
2009-10-28,20.921566009521484,21.48156509056338,20.869299656488447,21.085831893932635,73542400
2009-10-29,21.07089614868164,21.21276296720518,20.79463076035551,20.95889662843723,65225500
2009-10-30,20.705032348632812,21.2052982513467,20.652765995597996,20.929032835548004,73371800
2009-11-02,20.81702423095703,20.943957366322962,20.466092115133947,20.68262569717321,62428900
2009-11-03,20.555692672729492,20.712491675065458,20.481025870790596,20.63782487312656,50294800
2009-11-04,20.95142936706543,21.197828876126582,20.62289763775132,20.675163984498965,63898400
2009-11-05,21.257556915283203,21.45915685334051,21.115691558117657,21.294891028340555,52681700
2009-11-06,21.294902801513672,21.37703504734617,21.055970042452625,21.190368651310777,38908500
2009-11-09,21.64582633972168,21.653293163434775,21.302360993825197,21.36956098309207,57518000
2009-11-10,21.66075897216797,21.86235893052203,21.511425353205492,21.578625339323512,65881100
2009-11-11,21.74288558959961,21.877284094320597,21.668218804209854,21.713018305783514,49693400
2009-11-12,21.92209243774414,22.019158294689312,21.653292489048336,21.66075931252888,55352400
2009-11-13,22.12369155883789,22.24315931352776,21.929559839825473,22.00422522829902,53037600
2009-11-16,22.056489944458008,22.250621636629308,21.929556807791666,22.10875627882342,54129500
2009-11-17,22.498977661132812,22.498977661132812,22.101495207492068,22.123994700113933,75648900
2009-11-18,22.581464767456055,22.603962820064073,22.356474228254825,22.49896809337102,59431200
2009-11-19,22.333988189697266,22.498980196175093,22.273990966392,22.491480364456105,51967700
2009-11-20,22.2139892578125,22.326483849990023,22.071495344816253,22.24398714818488,42647100
2009-11-23,22.453977584838867,22.506474964614817,22.27398595541576,22.37898071496766,41832700
2009-11-24,22.43147087097168,22.491468061458043,22.31147648999895,22.46147018143779,37341400
2009-11-25,22.34147834777832,22.39397571663376,22.183984810765978,22.356476574275575,32033500
2009-11-27,21.913999557495117,22.041493797201586,21.561516156163684,21.831504294470605,29357900
2009-11-30,22.056493759155273,22.086493077355442,21.749007899834687,21.861502482192865,44172000
2009-12-01,22.506473541259766,22.53647142904333,22.056493780936474,22.138990475622176,49904200
2009-12-02,22.333988189697266,22.491480364456105,22.236491807797055,22.42398330943185,36308600
2009-12-03,22.371477127075195,22.64896506985358,22.31897975611752,22.37897695584716,43095200
2009-12-04,22.483976364135742,22.77646402516158,22.371481770101052,22.53647374598884,58810700
2009-12-07,22.34147834777832,22.558967651671722,22.25898166503633,22.333978519306683,38082700
2009-12-08,22.176490783691406,22.303985040169852,22.033996866345756,22.13899306196979,37402200
2009-12-09,22.281478881835938,22.35647573328511,21.936495367794095,22.101487296625503,44713300
2009-12-10,22.40148162841797,22.468977242099676,22.243988048636908,22.2814857707319,45940200
2009-12-11,22.386474609375,22.49896916913147,22.3414770715616,22.4764696850018,43744200
2009-12-14,22.581464767456055,22.618962475433328,22.42397124697061,22.431471074655235,34651200
2009-12-15,22.513975143432617,22.65646762490445,22.4089789518078,22.416478781955743,49473200
2009-12-16,22.57396125793457,22.806450156455377,22.528963729611814,22.551461778550376,55737800
2009-12-17,22.198986053466797,22.468972745501812,22.176486566444662,22.461474346940555,43691200
2009-12-18,22.76896095275879,22.83645798565797,22.348979096842523,22.378978413884898,94118000
2009-12-21,22.88895606994629,23.128944891943984,22.77646148844065,22.798959546474048,40129100
2009-12-22,23.11394691467285,23.19644361465415,22.903957395369645,22.948954945156572,36321000
2009-12-23,23.188940048217773,23.21143953470909,23.016448276455947,23.03144650367074,28362700
2009-12-24,23.248943328857422,23.248943328857422,23.06895168119081,23.158946789800886,11083900
2009-12-28,23.37643051147461,23.383930339995075,23.166439604239677,23.248936287518763,25384000
2009-12-29,23.54141616821289,23.62391282948704,23.421421804784483,23.51141829257861,29716200
2009-12-30,23.218936920166016,23.46642696943546,23.098942525005935,23.36143080083587,42006200
2009-12-31,22.858959197998047,23.241441960401797,22.858959197998047,23.233942130106072,31929700
2010-01-04,23.211444854736328,23.323939452084318,22.941456676744014,22.96395616839218,38409100
2010-01-05,23.218936920166016,23.323933088765603,22.978948129845854,23.136441667522224,49749600
2010-01-06,23.07645034790039,23.30893936893614,22.888958878899796,23.15894562155711,58182400
2010-01-07,22.83646011352539,23.023951571171917,22.641468825919446,22.971452761455996,50559700
2010-01-08,22.993959426879883,23.15895144613593,22.678973622520704,22.70897295172003,51197400
2010-01-11,22.701467514038086,23.068950623311448,22.58897291821096,23.031451471071477,68754700
2010-01-12,22.551469802856445,22.79895844236192,22.43147539766871,22.611467005450315,65912100
2010-01-13,22.761463165283203,22.88895741325766,22.50647466933429,22.693966126329297,51863500
2010-01-14,23.218936920166016,23.323933088765603,22.693961798952166,22.731459511022432,63228100
2010-01-15,23.143945693969727,23.428932076555416,23.031449676461886,23.308937659630253,79913200
2010-01-19,23.323938369750977,23.428933131677365,23.008952653525473,23.061450034488665,46575700
2010-01-20,22.94144630432129,23.20393453308648,22.73145543521998,23.106438210471463,54849500
2010-01-21,22.506473541259766,23.038948565822533,22.49897371170232,22.956453301583057,73086700
2010-01-22,21.719005584716797,22.64896429435358,21.629010503426805,22.49897058494222,102004600
2010-01-25,21.988988876342773,22.243977268260448,21.823996976461924,21.928991691800125,63373000
2010-01-26,22.123987197875977,22.386475467668788,21.816501388544566,21.89899806973699,66639900
2010-01-27,22.251482009887695,22.363976576946467,21.764004599002334,22.011493218710044,63949500
2010-01-28,21.869003295898438,22.401479774344267,21.66651218027342,22.378980284681614,117513700
2010-01-29,21.134035110473633,22.438975346697596,20.744052576306615,22.423975688357444,193888500
2010-02-01,21.30653190612793,21.35902929223148,20.93904877295658,21.291532244256487,85931100
2010-02-02,21.34403419494629,21.374033525104757,21.104045275465722,21.276538562983323,54413700
2010-02-03,21.47152328491211,21.591519146025508,21.08904193119023,21.1940367004122,61397900
2010-02-04,20.879053115844727,21.37403055101137,20.85655362135657,21.284034003505344,77850000
2010-02-05,21.0140438079834,21.20903510386308,20.67655859772119,20.99904414742811,80960100
2010-02-08,20.78905487060547,21.059043060628422,20.67656026824473,21.006545674889843,52820600
2010-02-09,21.006542205810547,21.25403086231179,20.81155092637832,20.9765428872304,59195800
2010-02-10,20.99153709411621,21.179028495203827,20.879042539552813,21.021536404904246,48591300
2010-02-11,21.089031219482422,21.29902065126687,20.774045641360033,20.946537369024604,65993700
2010-02-12,20.946550369262695,21.044045318750932,20.68406198617599,20.856553820895655,81117200
2010-02-16,21.360950469970703,21.376020268274683,21.112304546495277,21.19518556289704,51935600
2010-02-17,21.541786193847656,21.586994156777973,21.368487805002097,21.496578230917343,45882900
2010-02-18,21.828109741210938,21.87331915066425,21.481512891548704,21.541790667017594,42856500
2010-02-19,21.677419662475586,21.790440330823003,21.617141876881245,21.692489468158115,44451800
2010-02-22,21.64727783203125,21.805507901205964,21.58700005261603,21.730160317653034,36707100
2010-02-23,21.345882415771484,21.722618781342554,21.16504913275359,21.609598159098272,52266200
2010-02-24,21.571929931640625,21.692486925836004,21.38356169409277,21.489048884371776,43165900
2010-02-25,21.549314498901367,21.586987550291287,21.112300491958255,21.300668623177437,48735300
2010-02-26,21.602066040039062,21.73769137904454,21.481510502508723,21.586996238563927,40370600
2010-03-01,21.865779876708984,21.88838313978026,21.49657839614728,21.677411686393715,43805400
2010-03-02,21.4438419342041,22.0767593999896,21.27807838350248,21.910995849287975,93123900
2010-03-03,21.4438419342041,21.556864039415327,21.36096087742117,21.481516448319766,48442100
2010-03-04,21.571929931640625,21.586999735556997,21.300680646823924,21.44383947262266,42890600
2010-03-05,21.541786193847656,21.60959885681074,21.41369576793241,21.594529056788893,56001800
2010-03-08,21.571929931640625,21.79797267897941,21.473979080455404,21.489048884371776,39414500
2010-03-09,21.70001220703125,21.933589768240175,21.51164404052183,21.519178939638415,50271600
2010-03-10,21.828109741210938,21.93359692613314,21.700019288697607,21.74522869815092,44891400
2010-03-11,21.98633575439453,21.993870654583613,21.737689796695932,21.76782796031699,35349700
2010-03-12,22.05414581298828,22.137026831004214,21.880847440522587,22.091818872346877,31700200
2010-03-15,22.06922149658203,22.12949926991056,21.858248571364438,21.9863390193295,37512000
2010-03-16,22.129501342773438,22.219917292667727,22.001410882810188,22.16717441570679,36723500
2010-03-17,22.325401306152344,22.506236066114678,22.152102884751898,22.227450461880288,50385700
2010-03-18,22.310325622558594,22.393206636792566,22.22744317118959,22.325393983333388,43845200
2010-03-19,22.295265197753906,22.52884141501334,22.114431858217348,22.423355659567587,81332100
2010-03-22,22.30278968811035,22.37813723702614,22.144559691673702,22.227442139194565,37718200
2010-03-23,22.513765335083008,22.528835135127608,22.159633656846317,22.295258982977245,42026600
2010-03-24,22.340469360351562,22.491164502812993,22.3027962933039,22.393212229072446,33987700
2010-03-25,22.611717224121094,23.033661558442073,22.453487200541222,22.47609190023412,73168700
2010-03-26,22.34800148010254,22.754877451833696,22.295258617945212,22.671994990080634,55595500
2010-03-29,22.295265197753906,22.46856363516782,22.26512558926333,22.38568114895437,33336000
2010-03-30,22.43088722229004,22.498699894162584,22.2274492066724,22.32540004541307,34954800
2010-03-31,22.06922149658203,22.393213630013207,21.9788041180215,22.332935856684678,63760000
2010-04-01,21.971269607543945,22.25759011379921,21.564394989622652,22.114429860671578,74768100
2010-04-05,22.05414581298828,22.174701327497903,21.87331254122385,21.948658659941042,34331200
2010-04-06,22.091819763183594,22.287722841445152,21.83563892523657,21.96372934421008,47366800
2010-04-07,22.114421844482422,22.272650406002832,21.956191845827032,21.971261643248493,58318800
2010-04-08,22.543907165527344,22.589115132998504,22.076753377874073,22.091823179409587,63713800
2010-04-09,22.860368728637695,22.913111603605586,22.52884023823666,22.566514746881982,54752500
2010-04-12,22.84528923034668,22.97337963111206,22.762406783635274,22.79254637776122,37068800
2010-04-13,22.943252563476562,22.980925637207893,22.70214000533487,22.71720980968166,41374600
2010-04-14,23.222030639648438,23.35765596876355,23.10147511090951,23.19942737621943,68941200
2010-04-15,23.259706497192383,23.319984265077498,23.139149524286807,23.222031994054593,52745400
2010-04-16,23.109018325805664,23.342594567137,23.056275442647213,23.199435723459995,88703100
2010-04-19,23.387798309326172,23.546026920406295,23.176825390750576,23.184360291821356,64970300
2010-04-20,23.62890625,23.689184013407743,23.455606422709394,23.523419086185015,52199500
2010-04-21,23.606304168701172,23.734394609795004,23.530956596798553,23.606304168701172,55343100
2010-04-22,23.651498794555664,23.756985910565433,23.282297481357944,23.387784597367713,84847600
2010-04-23,23.327518463134766,23.794672256806223,23.093942284866735,23.44807543983659,126766600
2010-04-26,23.440532684326172,23.568623081835845,23.252164537231643,23.35765023972141,63649300
2010-04-27,23.244638442993164,23.546027305070982,23.169290868189847,23.319986017796484,68730900
2010-04-28,23.28983497619629,23.35764761650531,23.071328697416472,23.29736987369004,64557900
2010-04-29,23.357654571533203,23.68164807456384,23.109008628740998,23.30491171050685,52665200
2010-04-30,23.011062622070312,23.41793723309033,22.995992819441856,23.4104023317761,63214800
2010-05-03,23.252166748046875,23.4028604177695,23.041193885873145,23.10900654024559,43989500
2010-05-04,22.702133178710938,23.018591789154897,22.415814167897455,22.99598852656725,82085600
2010-05-05,22.491161346435547,22.671994629730147,22.37060582423915,22.430883585337348,66833800
2010-05-06,21.835636138916016,22.513761208129658,21.029420667073747,22.295254896077857,128613000
2010-05-07,21.25546646118164,21.813037583774364,20.584876146006586,21.79796778324261,173718100
2010-05-10,21.805505752563477,22.21238036424022,21.63220589632745,21.858248624712733,86653300
2010-05-11,21.760295867919922,22.340470323123284,21.52671968046049,21.609602156099672,63789400
2010-05-12,22.182241439819336,22.28772718052156,21.790435207017595,21.8356431762992,47146800
2010-05-13,22.031539916992188,22.4007413397422,21.98633196079331,22.046609714770153,45188800
2010-05-14,21.797964096069336,22.00893551928652,21.57945633672578,22.001402057430223,63334000
2010-05-17,21.805505752563477,22.024012142486892,21.43630421038321,21.941131102167553,46053300
2010-05-18,21.646554946899414,21.949303674373713,21.495179861352362,21.850910879301992,52690600
2010-05-19,21.374082565307617,21.714675820954746,21.033490753280443,21.58600741811249,61746700
2010-05-20,20.518817901611328,21.071334586900054,20.465837047353503,20.927528379900245,87991100
2010-05-21,20.31446647644043,20.518822483023193,20.011717639069847,20.15552243455817,117596300
2010-05-24,19.88304328918457,20.329598232850877,19.875474390048883,20.32202933371519,73711700
2010-05-25,19.731670379638672,19.928457448107473,19.209427830379934,19.413783798822926,98373600
2010-05-26,18.929384231567383,20.14038070155218,18.5887909781398,19.852768300075567,176684100
2010-05-27,19.678693771362305,19.951168454770453,19.47433775880619,19.47433775880619,136433600
2010-05-28,19.527313232421875,19.769513686115303,19.42135152641973,19.557588830491042,67496900
2010-06-01,19.595439910888672,19.913326602723714,19.315397732141466,19.322966634759037,76152400
2010-06-02,20.026840209960938,20.04197800231234,19.47432378170865,19.7240915810295,65718800
2010-06-03,20.329601287841797,20.38258214613331,19.989007993653335,20.09496971023636,67837000
2010-06-04,19.51974868774414,20.110108501940793,19.39108026400022,19.754378833293572,89832200
2010-06-07,19.14130401611328,19.55001436841707,19.103459529294696,19.542445471053355,80456200
2010-06-08,19.005069732666016,19.11860032369539,18.65690761740684,19.111031425144127,87355000
2010-06-09,18.762874603271484,19.315391318301,18.732599002854485,19.08832864603374,87794000
2010-06-10,18.921817779541016,19.035348397494236,18.7553063027843,19.02021059680177,78930900
2010-06-11,19.421356201171875,19.46676816558639,18.747739861812033,18.952095867107825,68057700
2010-06-14,19.300251007080078,19.648411704858482,19.277544309721527,19.572725600903105,50972400
2010-06-15,20.1176700592041,20.17065090076771,19.481897073201473,19.489465971084798,81641500
2010-06-16,19.9208927154541,20.117679825089482,19.852774045056456,20.034423351576724,48698000
2010-06-17,19.958736419677734,20.185797682781203,19.708968452815796,20.102541212620455,47995500
2010-06-18,20.011709213256836,20.079827853436804,19.807353292716936,19.958728369476802,52075600
2010-06-21,19.640840530395508,20.352299589477656,19.595427144277362,20.269044602166968,54625300
2010-06-22,19.504608154296875,20.019281777178403,19.49703925471097,19.79978802004717,55985400
2010-06-23,19.156442642211914,19.512173642454893,19.08832400146835,19.512173642454893,61466200
2010-06-24,18.921817779541016,19.46676561188855,18.86883692073752,19.269978533746908,85243400
2010-06-25,18.566083908081055,19.005069923114867,18.399571025524217,18.959656531352202,156256700
2010-06-28,18.399572372436523,18.626635017012212,18.255767618853817,18.550947468820315,73784800
2010-06-29,17.6427059173584,18.316323742701066,17.491332211916983,18.26334142999514,119882100
2010-06-30,17.4156494140625,17.922754425799283,17.370237434336747,17.635141852420972,81050500
2010-07-01,17.5291748046875,17.650274343223273,17.20371925351497,17.476193937030644,92239400
2010-07-02,17.612415313720703,17.77135777261522,17.44590251645704,17.680533922852373,62485100
2010-07-06,18.028709411621094,18.23306540895067,17.847060117423784,17.937885486332572,73592000
2010-07-07,18.392005920410156,18.40714372078668,17.8697648000009,18.028707373094125,79965300
2010-07-08,18.475257873535156,18.63420185148884,18.142233564562478,18.619064054803776,50758100
2010-07-09,18.369298934936523,18.475260640361135,18.278473584844022,18.41471088817279,53806100
2010-07-12,18.79315185546875,18.838563819953926,18.4828341181828,18.490403019533716,49854200
2010-07-13,19.020206451416016,19.148874842018888,18.846126112253256,19.027775350112634,61928700
2010-07-14,19.254840850830078,19.38350926061595,19.012641830908446,19.300252806160376,72808100
2010-07-15,19.307815551757812,19.368365287438426,18.90667265061151,19.300246654345287,56934700
2010-07-16,18.838560104370117,19.406214601145788,18.83099120451204,19.307821790230822,65064800
2010-07-19,19.095897674560547,19.14887853202652,18.85369864407605,18.89154170123172,38181800
2010-07-20,19.285110473632812,19.285110473632812,18.694750862240184,18.815850343737118,45530700
2010-07-21,19.01263999938965,19.413781546134715,18.906676855666515,19.375938494274955,73297300
2010-07-22,19.55759048461914,19.671121099740688,19.2775469532739,19.307822553903698,73016400
2010-07-23,19.534881591796875,19.693825590025238,19.111033335887797,19.557588289720908,108520100
2010-07-26,19.754379272460938,19.83006683698474,19.527316578889533,19.572729983775943,67249900
2010-07-27,19.799789428710938,19.860339186086016,19.648414313463206,19.784651628462147,60672100
2010-07-28,19.640840530395508,19.822489744009225,19.55001520177884,19.731664415392554,69704800
2010-07-29,19.701400756835938,19.989011803936872,19.375945201155677,19.77708688675381,69446200
2010-07-30,19.534881591796875,19.557588289720908,19.18672088534797,19.489469639568743,83534800
2010-08-02,19.928449630737305,19.966292672143442,19.48946370977644,19.67111290704099,55044600
2010-08-03,19.799789428710938,19.94359564383428,19.6559832135876,19.83006502920852,56877700
2010-08-04,19.474334716796875,19.860339976788598,19.254842378931077,19.79222131657711,78531900
2010-08-05,19.20185661315918,19.36079915062661,19.080755680910947,19.292680507820634,64922100
2010-08-06,19.33810043334961,19.345669334964015,18.936958753128767,19.0580582917185,55982100
2010-08-09,19.38351058959961,19.474334506487327,19.20186131220404,19.33809718753562,57096500
2010-08-10,18.97480010986328,19.179156104199212,18.830993879372787,19.171587203266,87257700
2010-08-11,18.81584930419922,18.84612345109102,18.588786706222454,18.679612034137083,76746900
2010-08-12,18.53581428527832,18.67962051828405,18.437421458666147,18.482833421439437,70240500
2010-08-13,18.467693328857422,18.67204930142243,18.346593814067806,18.4298502718432,45263500
2010-08-16,18.543384552001953,18.62664102623477,18.392009406782357,18.43742281652046,40909700
2010-08-17,18.802085876464844,18.992313381251357,18.718386761256845,18.802085876464844,52912600
2010-08-18,18.885793685913086,18.98471283907829,18.573820574523577,18.779266706800936,46818900
2010-08-19,18.596643447875977,18.824915899772012,18.421633020013434,18.73360749954194,54064600
2010-08-20,18.436851501464844,18.566206277407193,18.414025127153213,18.497724251830604,49560100
2010-08-23,18.474895477294922,18.748822092692382,18.444458380405948,18.596640962209495,51643000
2010-08-24,18.29227638244629,18.52815806686695,18.261839287000736,18.330321300432637,66522500
2010-08-25,18.337934494018555,18.429242897231155,18.16292551176032,18.261843190460787,47404800
2010-08-26,18.124881744384766,18.40641917269488,18.102055365954968,18.330327858179622,49105300
2010-08-27,18.208576202392578,18.27705821725779,17.888993950128462,18.170529832289336,60939400
2010-08-30,17.987918853759766,18.124882938647673,17.9574831967409,18.064010173288736,45453100
2010-08-31,17.858562469482422,18.056399302265113,17.744426225925007,17.95748161153431,66074600
2010-09-01,18.185752868652344,18.223799248145593,17.911826192905842,18.010743876946332,65235900
2010-09-02,18.2161865234375,18.223795797895512,18.041176113544644,18.17053087668943,48837100
2010-09-03,18.48250961303711,18.604255129974838,18.414027578344506,18.444463231918416,64189100
2010-09-07,18.231403350830078,18.49011287328539,18.200967704769816,18.337931740342707,51928700
2010-09-08,18.208576202392578,18.41402224698821,18.064002898641505,18.315103136040406,65512400
2010-09-09,18.269451141357422,18.421632286118456,18.25423259148508,18.40641518756691,46028900
2010-09-10,18.147703170776367,18.284667198312285,18.102048978704595,18.246620828818642,58284300
2010-09-13,19.1064510345459,19.243415070127266,18.330322467131932,18.41402303361403,114680400
2010-09-14,19.045581817626953,19.28907283649225,18.939053408382673,19.053191093381614,87160400
2010-09-15,19.11406135559082,19.19015120057326,18.961878762984412,19.098842806066028,56201900
2010-09-16,19.27385902404785,19.304296134550377,19.060803604494083,19.068412882119713,44548300
2010-09-17,19.19015884399414,19.42604210161821,19.08363185753252,19.327122941628417,70341600
2010-09-20,19.34994125366211,19.41842326878194,19.10645028937855,19.23580504556927,49838700
2010-09-21,19.136898040771484,19.342344216101765,19.08363454005361,19.342344216101765,52675700
2010-09-22,18.72599983215332,18.999926507684272,18.5357722887997,18.939053751863952,94299400
2010-09-23,18.589035034179688,18.71078054100954,18.53577155635674,18.649907787594614,46201800
2010-09-24,18.855356216430664,18.870573318183652,18.703173588331964,18.748827796233133,51948800
2010-09-27,18.817306518554688,19.015143319700115,18.71077956844594,18.908616369591364,43603300
2010-09-28,18.779268264770508,18.94666802459478,18.528167899373425,18.870576696921432,56041200
2010-09-29,18.64229965209961,18.764045166374988,18.566208342847247,18.741217338202976,44318900
2010-09-30,18.634687423706055,18.893396963383537,18.53576975327444,18.725997270606666,61262700
2010-10-01,18.550983428955078,18.88578420405804,18.490110692692767,18.847739288139287,62672300
2010-10-04,18.193363189697266,18.254235949062416,18.09444549997429,18.231408120055086,98143400
2010-10-05,18.528160095214844,18.604251390838137,18.193359265264817,18.30749548303938,78152900
2010-10-06,18.589035034179688,18.672735614370556,18.36076112038302,18.505334453988816,50489700
2010-10-07,18.665124893188477,18.832524589284404,18.474897372084595,18.73360691689154,50096100
2010-10-08,18.695554733276367,18.756427463063968,18.543373634467542,18.733601096468842,41327800
2010-10-11,18.710777282714844,18.824913494077038,18.642295265633393,18.824913494077038,27587800
2010-10-12,18.89339256286621,18.969483842340605,18.589028896289072,18.75642855007639,50141500
2010-10-13,19.281469345092773,19.43365200319818,18.9390590900163,19.037978253181233,75336500
2010-10-14,19.19776153564453,19.28146211133299,19.022752560405802,19.243417186740512,51949100
2010-10-15,19.433643341064453,19.44125116438945,19.197760181008842,19.296679300082676,68954800
2010-10-18,19.646699905395508,19.74561903796052,19.365163961709417,19.471690918637027,48330500
2010-10-19,19.098846435546875,19.304292539211588,18.98471019506238,19.228201228448246,66150900
2010-10-20,19.258628845214844,19.32711085119178,19.098838465482284,19.220583931370072,56283600
2010-10-21,19.34233856201172,19.43364843035206,19.06080113167335,19.327120008734806,50032400
2010-10-22,19.31189727783203,19.433644226389415,19.22819815555739,19.41842567640464,25837900
2010-10-25,19.167325973510742,19.289071474346024,19.152107423076117,19.20537089827645,50912400
2010-10-26,19.70756721496582,19.760830678714616,19.068402747339206,19.114058388827207,69304200
2010-10-27,19.821714401245117,19.867370068035502,19.494524163842083,19.623878983772155,64805500
2010-10-28,19.996713638305664,20.072803470840682,19.722785596953916,19.943448723682415,80730300
2010-10-29,20.293476104736328,20.696759053336493,20.14890275315195,20.65871267064529,114193200
2010-11-01,20.50653076171875,20.711975415632057,20.31630320901754,20.45326582785273,61912100
2010-11-02,20.841327667236328,20.86415549325145,20.559791736320893,20.59022738635351,54402100
2010-11-03,20.567399978637695,20.917417918697556,20.51413505394438,20.89459009382899,110255300
2010-11-04,20.65109634399414,20.871760934306767,20.55217868540888,20.85654238642577,93599300
2010-11-05,20.43044090270996,20.689150508880143,20.186949850154768,20.673931955265154,110953700
2010-11-08,20.400001525878906,21.967477542125526,20.224992532740618,20.301083841028873,71670800
2010-11-09,20.50653076171875,20.62827627934184,20.323911033963064,20.400002345307758,58538600
2010-11-10,20.498916625976562,20.605443565813214,20.39999750928192,20.552180095894887,52277300
2010-11-11,20.301082611083984,20.331518261762742,19.996718847691906,20.301082611083984,62073100
2010-11-12,19.98910903930664,20.17933656777057,19.859754261898335,20.141290191285265,64962200
2010-11-15,19.935840606689453,20.164113003560043,19.91301278647419,20.034758258314575,51794600
2010-11-16,19.75975799560547,19.935843740529034,19.63726445319494,19.935843740529034,65339200
2010-11-17,19.57601547241211,19.836314585713634,19.560703416279537,19.828658557647348,58299700
2010-11-18,19.782726287841797,19.966466603365745,19.606642001327792,19.68319937095077,59514000
2010-11-19,19.667890548706055,19.77507204404471,19.59898774163453,19.752103954941415,52423200
2010-11-22,19.69851303100586,19.706169060638448,19.476494012614125,19.637266254183483,53350500
2010-11-23,19.231502532958984,19.59898311034494,19.20853444928311,19.57601502666906,69742500
2010-11-24,19.422901153564453,19.491802492289406,19.26212746923774,19.292751584438328,56825900
2010-11-26,19.331026077270508,19.453519591040124,19.2697793203857,19.30040196870917,21356500
2010-11-29,19.376970291137695,19.461185170780716,19.086048418194167,19.285100840834932,56603600
2010-11-30,19.338693618774414,19.49946590373253,19.139641175322414,19.177919873577565,75282100
2010-12-01,19.935840606689453,20.096612808241154,19.568358576986466,19.5760146047134,74123500
2010-12-02,20.586589813232422,20.65549261228449,20.058336967484134,20.088959622486062,91759200
2010-12-03,20.686124801635742,20.716747468590164,20.502384419192932,20.525351054349063,52622000
2010-12-06,20.548311233520508,20.655492716927526,20.487064462968185,20.61721403292165,36264200
2010-12-07,20.571279525756836,20.77033043686353,20.5559674679061,20.732051752474906,57860500
2010-12-08,20.846891403198242,20.854547432908543,20.517689426847223,20.540657515978115,41666800
2010-12-09,20.732053756713867,20.93110614730185,20.678463009293708,20.885171429547192,47148300
2010-12-10,20.931102752685547,20.97703746299049,20.755018479651497,20.81626524680413,37625800
2010-12-13,20.862199783325195,21.015317430050345,20.800953016682755,20.87751184004533,47943900
2010-12-14,21.14547348022461,21.24499895896887,20.869862215642733,20.908140908950863,64070500
2010-12-15,21.32155990600586,21.42874142601688,21.07657274012999,21.07657274012999,69634200
2010-12-16,21.428730010986328,21.428730010986328,21.176086948229322,21.25264576184252,57680200
2010-12-17,21.359832763671875,21.50529440123346,21.244995243592008,21.375144822412736,87456500
2010-12-20,21.29092788696289,21.42873348173905,21.191402435312416,21.398110827476653,52811000
2010-12-21,21.48998260498047,21.543573350989767,21.252651532551443,21.321554337488628,38153000
2010-12-22,21.581859588623047,21.74263187202023,21.42108584498714,21.444053939860478,42252300
2010-12-23,21.66606903076172,21.681381091194112,21.405769844364855,21.41342587458105,24902500
2010-12-27,21.48998260498047,21.58950952777343,21.34452096564215,21.52826275230019,21652800
2010-12-28,21.444053649902344,21.566547233759714,21.405773492297726,21.41342952381865,23042200
2010-12-29,21.413423538208008,21.528262518682666,21.344520734018534,21.390456910303712,19502500
2010-12-30,21.32155990600586,21.43639745748034,21.26796914600035,21.375150666011372,20786100
2010-12-31,21.367490768432617,21.375146798510833,21.1531263069578,21.283275897810647,24752000
2011-01-03,21.421077728271484,21.57419538226474,21.375143016168774,21.474668469097672,53443800
2011-01-04,21.50529670715332,21.566543488445696,21.321556363276194,21.390459174759926,54405600
2011-01-05,21.4363956451416,21.44405167595778,21.260311317085193,21.35983679721838,58998700
2011-01-06,22.06417465209961,22.087142743592974,21.329213247174113,21.46701887565727,88026300
2011-01-07,21.895748138427734,22.00292965361617,21.627792890218018,21.92637080266502,73762000
2011-01-10,21.60481834411621,21.742623942621947,21.467014205848667,21.63544245944557,57573600
2011-01-11,21.52060890197754,21.627790404849158,21.474672720542454,21.58951171389171,50298900
2011-01-12,21.857465744018555,21.888089865357703,21.48998504937965,21.528265201053586,52631100
2011-01-13,21.581859588623047,21.734975840395784,21.444053939860478,21.689041110887835,67077600
2011-01-14,21.66606903076172,21.727315812252836,21.367491153522327,21.49764074672076,62688400
2011-01-18,21.941673278808594,22.0029200407637,21.5435685959814,21.558880651529677,53322700
2011-01-19,21.796222686767578,21.95699643079896,21.6431064346182,21.7885666551243,50005900
2011-01-20,21.70435333251953,21.857469585409603,21.5359235560301,21.81919088724677,58613600
2011-01-21,21.451702117919922,21.765591998412063,21.451702117919922,21.742623911947447,58080300
2011-01-24,21.727313995361328,21.865119607252314,21.42873614308975,21.451704231817693,52047800
2011-01-25,21.780908584594727,21.780908584594727,21.528265421908845,21.54357602249701,42436600
2011-01-26,22.03355598449707,22.194328273379202,21.81919147241545,21.826847504301092,74628800
2011-01-27,22.102455139160156,22.55414926345898,21.81153181679447,22.010584232034535,146938600
2011-01-28,21.24500274658203,22.148394088002828,21.0153276253091,22.125425991780013,141249400
2011-01-31,21.22968101501465,21.35983058053309,20.992349969741543,21.260305129366348,65029000
2011-02-01,21.428730010986328,21.48232074244419,21.137808271541683,21.28326841114505,62810700
2011-02-02,21.39045524597168,21.520604814843193,21.344519073260667,21.382799217186513,45824000
2011-02-03,21.168437957763672,21.413425074575425,21.08422454900863,21.413425074575425,60340100
2011-02-04,21.260311126708984,21.31390188170379,21.061258707986465,21.20672037171418,40412200
2011-02-07,21.58951759338379,21.696699125444244,21.275627569287714,21.28328214137301,68980900
2011-02-08,21.6507511138916,21.696685819427106,21.47466539890257,21.512945537047127,34904200
2011-02-09,21.413423538208008,21.635444009538165,21.367488822161125,21.581853264110414,52905100
2011-02-10,21.053606033325195,21.39046413872526,20.892833742712604,21.382808106757214,76672400
2011-02-11,20.862199783325195,21.290927149822274,20.72439419332018,21.252648468260038,83939700
2011-02-14,20.846891403198242,20.877515522039435,20.632528412263333,20.831579343777648,56766200
2011-02-15,20.762182235717773,21.047123820005762,20.75448242189088,20.823792497288785,44116500
2011-02-16,20.80838966369629,20.8468946078124,20.484943138964812,20.83149204261817,70817900
2011-02-17,20.9547119140625,21.07793098019871,20.72367928640506,20.76988551816262,57207300
2011-02-18,20.83919334411621,20.95470964543877,20.78528583475698,20.89310085347544,68667800
2011-02-22,20.47723388671875,20.869990333095718,20.423326398388973,20.62355526137736,60889000
2011-02-23,20.47723388671875,20.68516402930695,20.35401635085957,20.43102767798878,60234100
2011-02-24,20.615856170654297,20.839187427285296,20.407926005989232,20.515740994095985,64494200
2011-02-25,20.446439743041992,20.754485216903685,20.40793479324412,20.723680081969643,53006300
2011-02-28,20.469541549682617,20.685173066073936,20.41563403780217,20.554254193420196,51379900
2011-03-01,20.146089553833008,20.623558686229938,20.138388272954284,20.48493856815118,60055000
2011-03-02,20.084482192993164,20.307814947628884,20.053678536173653,20.10758603725973,48658200
2011-03-03,20.176897048950195,20.330918278020995,20.161494485382324,20.223103270784506,68271500
2011-03-04,19.984375,20.207706358716113,19.868857209803345,20.192303790840594,70437200
2011-03-07,19.8072452545166,20.230806990458056,19.676326386152077,20.122990501359958,64980400
2011-03-08,19.953563690185547,20.038276318419253,19.75333477636814,19.84574868615666,50549800
2011-03-09,19.93815803527832,20.007468089654527,19.761032993592025,19.876549261262696,39789100
2011-03-10,19.568510055541992,19.799542645952343,19.5223038312338,19.730234043924746,66549500
2011-03-11,19.776437759399414,19.907356602388788,19.53000263585923,19.568507573086432,49905800
2011-03-14,19.784143447875977,19.838050959550564,19.52230570356838,19.630120726917557,54473400
2011-03-15,19.5531063079834,19.614715092956146,19.252763664849915,19.314372449822663,76067300
2011-03-16,19.091035842895508,19.468389729460643,19.006323236303924,19.422182051936748,100725400
2011-03-17,19.083345413208008,19.422193094489543,19.06024156131029,19.298975488774488,62497000
2011-03-18,19.098743438720703,19.39138630685141,19.098743438720703,19.298972383002372,85486700
2011-03-21,19.506900787353516,19.699428430919525,19.36828064896689,19.39138449498778,46878100
2011-03-22,19.48379135131836,19.60700889033922,19.429883861605347,19.48379135131836,30895600
2011-03-23,19.66861915588379,19.722526645671255,19.391378958269474,19.429883888440827,43969000
2011-03-24,19.87655258178711,19.92276027166994,19.637818726202944,19.714830073805047,38696700
2011-03-25,19.730236053466797,19.984372516349964,19.70713220452486,19.968969950388672,57029800
2011-03-28,19.568510055541992,19.807243928148605,19.5454062089532,19.76103770384041,48973200
2011-03-29,19.6301212310791,19.6532250804771,19.483799789297574,19.51460492182824,40763500
2011-03-30,19.722530364990234,19.807241521116016,19.637817739995246,19.714829083729853,41999300
2011-03-31,19.5531063079834,19.776439071552918,19.51460136820142,19.71483028658017,63233700
2011-04-01,19.622421264648438,19.660927682895622,19.491502380347335,19.660927682895622,63114200
2011-04-04,19.67632293701172,19.761035563124295,19.568507935682423,19.599313061130353,35433700
2011-04-05,19.85344696044922,20.161490831635167,19.822641838896104,19.884250613133293,73651100
2011-04-06,20.138391494750977,20.26160907078498,19.915060189015353,20.007472636606174,65581400
2011-04-07,20.176897048950195,20.223103270784506,19.99977050565828,20.16919576716626,46134700
2011-04-08,20.0767879486084,20.238511977421123,19.99207529214127,20.153799320953993,39887600
2011-04-11,20.007471084594727,20.21540127884865,19.86885095509211,20.16919505863753,34286300
2011-04-12,19.745637893676758,19.907361904617655,19.676327813112028,19.891959338076695,36920400
2011-04-13,19.737934112548828,19.922761949911003,19.684026605347114,19.753336677140577,38144700
2011-04-14,19.576210021972656,19.591612585329937,19.322073602054655,19.576210021972656,55239900
2011-04-15,19.53769874572754,19.684018643557476,19.39137737902879,19.60700732061767,65080400
2011-04-18,19.31437110900879,19.468393795182973,19.03713086144294,19.329773671400048,58045100
2011-04-19,19.36827850341797,19.38368106572565,19.15264850658714,19.252762223848713,38892400
2011-04-20,19.838048934936523,20.022875299902065,19.64552128782208,19.66862513426879,61608600
2011-04-21,19.65321922302246,19.938159269659618,19.53000166736275,19.861149399024143,46892300
2011-04-25,19.722530364990234,19.730231646250616,19.514600177567555,19.684023958688325,33525100
2011-04-26,20.16919708251953,20.361724733065888,19.768739216854456,19.82264672398833,69200000
2011-04-27,20.31551170349121,20.323212983754658,20.12298410351212,20.253902930252664,52689000
2011-04-28,20.56965446472168,20.69287351833411,20.330920577890886,20.377126804952127,80200000
2011-04-29,19.961265563964844,20.51574463253884,19.53000406618507,20.446434565358427,319317900
2011-05-02,19.761035919189453,20.022873614737872,19.622415789914495,19.976667394602636,89825600
2011-05-03,19.87655258178711,19.907357708375663,19.630117444555804,19.714830073805047,71892900
2011-05-04,20.069074630737305,20.21539600357024,19.861145959612355,19.907352167765804,73292300
2011-05-05,19.86115837097168,20.08448974066521,19.77644571236217,20.06138588771631,55600000
2011-05-06,19.922760009765625,20.192297519525727,19.830346100084117,20.07678123407579,55993000
2011-05-09,19.891950607299805,19.992064308135955,19.768733066792723,19.868846767628874,38696400
2011-05-10,19.768733978271484,19.90735408495056,19.44528755230998,19.545401257762084,120798700
2011-05-11,19.530004501342773,19.761037084512363,19.414486740888638,19.753335802557466,78600000
2011-05-12,19.499197006225586,19.5531045044959,19.329773230394714,19.52230084928536,77400000
2011-05-13,19.2758731842041,19.499204544645504,19.214264381095813,19.468400877526225,66812300
2011-05-16,18.92161750793457,19.306672814058984,18.86771000009626,19.2219601766734,91350900
2011-05-17,19.006879806518555,19.146408521924002,18.81309025256587,18.913860170082604,82882100
2011-05-18,19.13865852355957,19.17741584651792,18.797588463237112,19.01463331589633,53931100
2011-05-19,19.16191291809082,19.285938129586775,18.99137862190817,19.262684326492,37783600
2011-05-20,18.983631134033203,19.278192186505965,18.944873801154014,19.161917230873442,45451500
2011-05-23,18.73558235168457,18.797594977004888,18.627060626998418,18.766587925095923,52692500
2011-05-24,18.720077514648438,18.828600710231658,18.63481108486574,18.758836326820127,47691800
2011-05-25,18.751079559326172,18.844097726714693,18.727824278230486,18.735576038595713,34904200
2011-05-26,19.12316131591797,19.402218864531324,18.85185553015472,18.875110818705025,78016600
2011-05-27,19.192914962768555,19.301436624946394,19.107647097630675,19.130902373167395,50251000
2011-05-31,19.386709213256836,19.4254665367637,19.146410554820612,19.34795041125285,60196300
2011-06-01,18.93712043762207,19.45647663817465,18.890611346400195,19.371208738853415,74033500
2011-06-02,18.774333953857422,19.107652267585838,18.74332838991605,18.983627054826034,51487800
2011-06-03,18.53404426574707,18.712330410628457,18.479783393696028,18.642566009849155,60697700
2011-06-06,18.611549377441406,18.79758717619858,18.425511578684237,18.518529738814323,54778700
2011-06-07,18.650310516357422,18.735578412682585,18.526285291792075,18.673565800399913,41112600
2011-06-08,18.557289123535156,18.619301725078838,18.495276521991478,18.526282083514793,42205000
2011-06-09,18.572797775268555,18.63481187738064,18.464276053567552,18.611556589088607,42878700
2011-06-10,18.37900161743164,18.61930174232084,18.363499575904147,18.61930174232084,49327200
2011-06-13,18.634811401367188,18.751084882862074,18.371257388113424,18.441021772709863,47572500
2011-06-14,18.774333953857422,18.95262149088466,18.751080150525684,18.836346560237327,42894500
2011-06-15,18.40226173400879,18.611554873855997,18.348000878158945,18.603803111806386,49410200
2011-06-16,18.603801727294922,18.681317863524782,18.332495989739073,18.410012125968933,57184100
2011-06-17,18.80533790588379,18.8363434647298,18.588293079974036,18.77433086854086,83320400
2011-06-20,18.968128204345703,19.115408735200976,18.72782948026422,18.735581242782658,54338400
2011-06-21,19.192914962768555,19.270431069394196,18.913857570314956,19.006877193965074,49708700
2011-06-22,19.107656478881836,19.231681718976603,19.061147383470672,19.06889914578878,44287300
2011-06-23,19.092145919799805,19.107649438723794,18.758829133915654,18.944866925512716,59470400
2011-06-24,18.836345672607422,19.022384961477517,18.75107926691381,18.99912968074448,101387200
2011-06-27,19.53398895263672,19.735528801318107,18.782084486144598,18.782084486144598,92044200
2011-06-28,19.99908447265625,20.092104123492945,19.502983610853054,19.611505304748203,81032100
2011-06-29,19.859556198120117,19.929319084557036,19.658014863699247,19.929319084557036,66051000
2011-06-30,20.15411949157715,20.15411949157715,19.890565503022888,19.95257811924169,52535400
2011-07-01,20.169620513916016,20.285893970094417,20.03009177510305,20.099856144509534,52906200
2011-07-05,20.177377700805664,20.270395899363546,20.076606260787415,20.231638563047362,37805300
2011-07-06,20.409915924072266,20.440922962627702,20.123106731422375,20.130858491061232,48744200
2011-07-07,20.750988006591797,20.836254414052483,20.433173222472668,20.53394315074334,51946500
2011-07-08,20.86726951599121,20.91377861788894,20.54945460911096,20.57270989930867,58320700
2011-07-11,20.642465591430664,20.77424256612199,20.533943898801517,20.63471530924045,43999800
2011-07-12,20.572702407836914,20.766491986757018,20.41767015330197,20.58045268991622,47319300
2011-07-13,20.642465591430664,20.898267780125924,20.549447420176303,20.619211787865662,40861800
2011-07-14,20.51844024658203,20.93702645004889,20.4331738365588,20.634715177654268,46382300
2011-07-15,20.75874137878418,20.875014836892753,20.51844122306293,20.51844122306293,49132400
2011-07-18,20.611459732055664,20.85175839593545,20.35565754702308,20.64246529586411,44501900
2011-07-19,21.347864151000977,21.425378812216582,20.75874355907857,20.781997366044294,86730600
2011-07-20,20.975786209106445,21.200582858204786,20.913773595302995,21.146322005938934,49795400
2011-07-21,21.006793975830078,21.169576538211388,20.65797208715958,20.960284883506475,81737400
2011-07-22,21.340112686157227,21.355614731517644,20.681227707173566,20.820756464899212,76380600
2011-07-25,21.63467025756836,21.774199002463742,21.07655675648411,21.130817606499583,108482400
2011-07-26,21.76644515991211,21.820706004739094,21.533898259654425,21.564903823056785,74636500
2011-07-27,21.18507957458496,21.696684013870428,21.084309630451852,21.6114161144904,71488700
2011-07-28,21.48739242553711,21.758698187875442,21.09206142530082,21.15407552274726,83761400
2011-07-29,21.239337921142578,21.479636589178735,21.13081622819022,21.33235757117116,104394800
2011-08-01,21.13857650756836,21.46414319612324,20.735493659167506,21.324614404100036,61838400
2011-08-02,20.77423858642578,21.27809258510337,20.743233028113085,20.91376729507515,63883100
2011-08-03,20.86726951599121,20.929282144687416,20.52619931891325,20.79750512389577,64581200
2011-08-04,20.107608795166016,20.828506325268513,20.099857033944804,20.564952357736477,92949500
2011-08-05,19.906068801879883,20.23163540297595,19.557246915527887,20.13086397869765,112071700
2011-08-08,18.975879669189453,19.844057837167583,18.90611528611543,19.394465967633593,134257200
2011-08-09,19.82855224609375,19.859559292449934,18.627057291241236,19.154163772820233,126268900
2011-08-10,18.758832931518555,19.44872339983359,18.68131679970291,19.340201702390033,127819900
2011-08-11,19.5262393951416,19.673518418214737,18.91386358442608,18.99137971569981,90690100
2011-08-12,19.456480026245117,19.64251790202584,19.107658085095256,19.4797338366567,64787100
2011-08-15,19.774295806884766,19.8285566716212,19.49523824138576,19.56500263276051,56529400
2011-08-16,19.774293899536133,19.961505968115866,19.54027769793952,19.67288643249549,54251500
2011-08-17,19.69628143310547,20.047304865658642,19.44666543121376,19.69628143310547,50923700
2011-08-18,19.243852615356445,19.571473999290117,18.74462059710658,19.165847240547713,105714200
2011-08-19,18.760225296020508,19.204855600181894,18.651018635961126,19.041044122263667,77397900
2011-08-22,18.70561408996582,19.103440097028713,18.557405538811267,19.04883678998982,54721000
2011-08-23,19.282852172851562,19.306254228747125,18.744618277710956,18.744618277710956,59670600
2011-08-24,19.423269271850586,19.4466713370708,19.048845155302285,19.228256525169698,45329700
2011-08-25,19.165849685668945,19.626079819143605,19.111246362685335,19.563675808901056,48192000
2011-08-26,19.69628143310547,19.766486119616104,19.04883937026307,19.119044056773706,71957000
2011-08-29,20.15651512145996,20.172116496342664,19.789891738690482,19.91469976209409,38863200
2011-08-30,20.460737228393555,20.61674802242323,20.047311153524543,20.070711731148556,57341400
2011-08-31,20.74935531616211,20.835159907898685,20.484137877349212,20.50753994118415,59300800
2011-09-01,20.445133209228516,20.952167480384556,20.445133209228516,20.64014593264884,60510800
2011-09-02,20.125316619873047,20.281327425973803,20.01610994830011,20.109716729526422,43894400
2011-09-06,19.899097442626953,19.96150145136652,19.587077398929118,19.657282094739745,54929300
2011-09-07,20.28132438659668,20.28132438659668,19.945902245227234,20.039509012425555,41961000
2011-09-08,20.45293426513672,20.796157081131298,20.242321650798914,20.281323601053945,65811900
2011-09-09,20.07850456237793,20.421727282233487,19.891292575500884,20.28131792011855,64529200
2011-09-12,20.195512771606445,20.226715514729392,19.711882155830246,19.8444908384454,55046100
2011-09-13,20.31252670288086,20.429534043498936,20.133113860248812,20.218919937688963,48792300
2011-09-14,20.671350479125977,20.905365172437257,20.195518916520015,20.413933721351913,66739200
2011-09-15,21.053577423095703,21.084780178901237,20.523142477035904,20.850763973847588,67808300
2011-09-16,21.154977798461914,21.27198511784205,20.928762358208704,21.100372994110984,89681500
2011-09-19,21.22518539428711,21.303190785967026,20.74935533191492,20.90536462744565,52324900
2011-09-20,21.045772552490234,21.451399370391133,21.006770603312027,21.30318928542177,49211900
2011-09-21,20.27351951599121,21.108173609340984,20.25791814337207,21.10037292303141,72750700
2011-09-22,19.548076629638672,20.008306814797333,19.189253902405348,19.735288681390294,96278300
2011-09-23,19.548076629638672,19.61828133502417,19.259458607790847,19.42326859513759,64768100
2011-09-26,19.844493865966797,19.906897873904505,19.290656993669348,19.649481155182848,51057600
2011-09-27,20.023910522460938,20.218923285052952,19.852299826998518,20.01610983341774,55620700
2011-09-28,19.953704833984375,20.569945847824307,19.899101501179164,20.22672298583967,60736200
2011-09-29,19.852294921875,20.413931003751877,19.571476137022092,20.265720924209628,63407300
2011-09-30,19.415468215942383,19.891299784942415,19.407667527683298,19.657285088486518,54060500
2011-10-03,19.1346492767334,19.766490094560478,19.12684858912701,19.28285787776767,64592500
2011-10-04,19.76648712158203,19.80548906591885,18.924032328578996,18.95523358648269,83485400
2011-10-05,20.195512771606445,20.406126824200282,19.626076100070826,19.828889466883926,94061300
2011-10-06,20.54654312133789,20.593345763976497,20.047310965648265,20.20332027038668,55111400
2011-10-07,20.47633934020996,20.67915278459536,20.437337384217454,20.54654405125988,52741600
2011-10-10,21.014577865600586,21.037978447297316,20.647952882170955,20.733758982604183,41815300
2011-10-11,21.061376571655273,21.115979902492082,20.842961760478865,20.95216990998166,38826200
2011-10-12,21.030176162719727,21.30319433517088,20.983373515045894,21.201788350572684,52489800
2011-10-13,21.2017879486084,21.217389326813674,20.76495977366598,20.874166445444256,43823500
2011-10-14,21.271991729736328,21.451403107740227,21.076978974211418,21.303192996949104,50947700
2011-10-17,21.045772552490234,21.38899535900861,20.944366591929505,21.147180000879956,39453300
2011-10-18,21.303186416625977,21.373391105955818,20.905360339699808,21.014568460784442,52487900
2011-10-19,21.162782669067383,21.42800012425524,21.069177383606483,21.349996215647554,42880000
2011-10-20,21.09258270263672,21.326597440217363,20.59334898112624,21.26419341100723,76300200
2011-10-21,21.186182022094727,21.209584084378616,20.90536322600404,21.178381334666764,76620600
2011-10-24,21.20958709716797,21.37339709293716,21.0925797447858,21.108179634028673,56897800
2011-10-25,20.91316032409668,21.240781700696335,20.84295563712327,21.1237743850169,53554600
2011-10-26,20.74155616760254,21.108179601251827,20.3593313569054,21.084779023509256,63029900
2011-10-27,21.256389617919922,21.373396969627038,20.788358723262267,21.16278284385671,74512400
2011-10-28,21.045772552490234,21.20958401226248,20.89756395534986,21.170580575255283,57712100
2011-10-31,20.772750854492188,21.061370287145866,20.764951656267716,20.87415828535513,46799000
2011-11-01,20.27351951599121,20.530936212891877,20.172113569624372,20.42953026652504,61182600
2011-11-02,20.289127349853516,20.43733746127653,20.04731194856384,20.35933206116814,53533100
2011-11-03,20.694746017456055,20.741548643793173,20.265717231241677,20.46853059580742,65836100
2011-11-04,20.47633934020996,20.593346696016738,20.281326584588914,20.577745318488034,36549200
2011-11-07,20.905357360839844,20.92095873131868,20.38272335242742,20.445127346514187,42589700
2011-11-08,21.186182022094727,21.21738477180658,20.819558639954444,21.069174686333273,47822500
2011-11-09,20.437334060668945,20.8663614581345,20.32812592355685,20.741553433859828,62950900
2011-11-10,20.499732971191406,20.671343589904378,20.374924977976764,20.647941533240893,32514400
2011-11-11,20.991165161132812,21.12377384560423,20.725947792189974,20.733748478079907,37903000
2011-11-14,20.87415313720703,21.061365092826083,20.78834709961266,20.967758371102374,34199200
2011-11-15,21.01563262939453,21.17281821636204,20.748418030969486,20.874165900930347,43874200
2011-11-16,20.489059448242188,20.834866782538192,20.46548266344804,20.803429070769187,53262800
2011-11-17,20.07251739501953,20.465479741837935,19.993924625849374,20.44190146137717,70977500
2011-11-18,19.883895874023438,20.04108142599721,19.766007459559372,20.025362570993327,47626200
2011-11-21,19.64811897277832,19.844600162506104,19.5695261970807,19.83674073503309,61882500
2011-11-22,19.483076095581055,19.616681869657345,19.37304560658799,19.561667374677093,49204500
2011-11-23,19.231578826904297,19.48307601569107,19.231578826904297,19.34160931544618,49099700
2011-11-25,19.09796905517578,19.388761845296184,19.09796905517578,19.160842969386632,26164600
2011-11-28,19.54595375061035,19.624545044713532,19.404487022772074,19.600968256095715,46766700
2011-11-29,19.52236557006836,19.679551076687197,19.45163224199309,19.506646719600056,40917100
2011-11-30,20.103954315185547,20.111813742284117,19.75814701801062,19.938910843212877,81350900
2011-12-01,19.86817741394043,20.143249866059456,19.805303496451444,20.08823537563565,48545400
2011-12-02,19.821020126342773,20.135391201317997,19.773865064709444,20.11181292098514,52293800
2011-12-05,20.198265075683594,20.276856345236176,20.041079538513674,20.26113899074509,56818400
2011-12-06,20.166828155517578,20.331873125889054,20.127532519208028,20.284716563478668,46175300
2011-12-07,20.119672775268555,20.245420608317602,19.915332171805755,20.174687264848462,62667000
2011-12-08,19.962486267089844,20.21398192100084,19.938909486430898,20.025360180567592,60522200
2011-12-09,20.198265075683594,20.331872332568313,20.041079538513674,20.05679839203714,53788500
2011-12-12,20.0489444732666,20.09609954775941,19.876041534104445,19.970351683090062,38945900
2011-12-13,20.245426177978516,20.512640771478477,20.158973956836522,20.237566748871714,54581100
2011-12-14,20.11181640625,20.32401646892164,20.096097549970775,20.213985973999694,47926400
2011-12-15,20.088237762451172,20.33973346228896,20.07252040548577,20.213985612370067,46213900
2011-12-16,20.43404769897461,20.567654993890756,20.143254822145536,20.174692538141244,101408100
2011-12-19,20.06466293334961,20.5283587372629,20.009646931993707,20.44976594864437,52258300
2011-12-20,20.45762825012207,20.51264276017049,20.284723791075066,20.324020940418915,60767600
2011-12-21,20.245426177978516,20.58337413440687,19.99393044269216,20.441907408550087,64132500
2011-12-22,20.28472137451172,20.324018519174015,20.025366215871735,20.292580803444178,35794100
2011-12-23,20.45762825012207,20.46548767999084,20.221849851157874,20.363316590729795,23205800
2011-12-27,20.465482711791992,20.54407399333494,20.37903050325562,20.40260728810546,21287200
2011-12-28,20.292577743530273,20.55193286306215,20.245422676078814,20.520496651105365,29822500
2011-12-29,20.44976234436035,20.473339127467554,20.32401450434695,20.39474785173355,22616900
2011-12-30,20.402612686157227,20.52836206776801,20.36331703498905,20.434050406318175,27395700
2012-01-03,21.03921127319336,21.18853593440335,20.740558952707612,20.866306824796492,64731500
2012-01-04,21.534337997436523,21.58935249046749,21.04706548856295,21.078501699281,80516100
2012-01-05,21.754398345947266,21.793693985687746,21.447888158680325,21.518620010406675,56081400
2012-01-06,22.092342376708984,22.155216288706477,21.63650613996907,21.63650613996907,99455500
2012-01-09,21.80155372619629,22.084487133290786,21.785834870461574,22.045189993954,59706800
2012-01-10,21.880151748657227,22.12378807479394,21.8094183799348,21.950885117379652,60014400
2012-01-11,21.78583335876465,21.990173972039173,21.510760897657097,21.557915962556606,65582400
2012-01-12,22.00588607788086,22.021604927704175,21.730812202100946,21.903716552093364,49370800
2012-01-13,22.20237159729004,22.20237159729004,21.840846974002424,21.950875946475644,60196100
2012-01-17,22.210235595703125,22.51674579584883,22.139502241972174,22.32026459082566,72395300
2012-01-18,22.1866512298584,22.320258472612334,21.982310652762248,22.24952513827012,64860600
2012-01-19,22.100210189819336,22.351705933248557,22.02947682460076,22.13164640823155,74053500
2012-01-20,23.349828720092773,23.373407007411668,22.59534151428207,22.650356018993328,165902900
2012-01-23,23.36554718017578,23.53845161950254,23.066896374389344,23.224080456738545,76078100
2012-01-24,23.05902671813965,23.239789007233217,22.93327890841959,23.161196251400145,51703300
2012-01-25,23.231935501098633,23.302668849467597,22.846832548330113,22.846832548330113,59231700
2012-01-26,23.184776306152344,23.34196182987475,23.10618354429114,23.271228494102893,49102800
2012-01-27,22.97258186340332,23.20836020609868,22.925426794477296,23.14548628118644,44187700
2012-01-30,23.271230697631836,23.27909012446538,22.658208895906743,22.768237873511605,51114800
2012-01-31,23.20836067199707,23.341967952496766,22.972582324568556,23.31053023989324,50572400
2012-02-01,23.49129295349121,23.617040807784356,23.389123384015278,23.412701668832494,67409900
2012-02-02,23.53844451904297,23.711347407180124,23.349821278670355,23.499147386035194,52223300
2012-02-03,23.76636505126953,23.892112895532925,23.64847663465167,23.68777227384677,41838500
2012-02-06,23.73493003845215,23.750647395504465,23.554166191540567,23.60918218783786,28039700
2012-02-07,23.85281753540039,23.96284652565999,23.617039200373664,23.695631978715905,39242400
2012-02-08,24.096454620361328,24.104314048366664,23.750647283289567,23.782084995310917,49659100
2012-02-09,24.182907104492188,24.206483889743794,23.954988186842453,24.112173750672106,50481600
2012-02-10,23.970701217651367,24.206478007064536,23.86067224912952,24.08073018617321,44605300
2012-02-13,24.033573150634766,24.18289923779389,23.915684765627937,24.072868779292993,33319800
2012-02-14,23.930740356445312,24.096870391671967,23.614301116322167,23.99402820446994,59644000
2012-02-15,23.772518157958984,24.04149186865167,23.756697328842687,23.99402636350037,43311300
2012-02-16,24.75348472595215,24.959169107305158,23.970295505448355,23.978206675331375,94705100
2012-02-17,24.721837997436523,24.77721467312658,24.484508956221628,24.682283660201122,70036500
2012-02-21,24.87213897705078,25.006625791677646,24.642719671963476,24.666453171803774,50829900
2012-02-22,24.73765754699707,25.062007904244464,24.666458540879244,24.88005555923272,49253200
2012-02-23,24.816761016845703,24.9908021465023,24.524053903118002,24.68227420927903,35034700
2012-02-24,24.903785705566406,24.91960804106204,24.71392220632167,24.903785705566406,35575400
2012-02-27,24.80094337463379,24.91960787224524,24.60316870898105,24.71392203889828,34568400
2012-02-28,25.21231460571289,25.25978010215718,24.824674939898266,24.84840844257087,45230600
2012-02-29,25.109474182128906,25.315160038509934,25.00663200838895,25.228138693029198,59323600
2012-03-01,25.54458236694336,25.62369104412914,25.196498453501007,25.25978630059041,77344100
2012-03-02,25.378454208374023,25.663247277956387,25.315164847709397,25.560406593580595,47314200
2012-03-05,25.15694236755371,25.354717076446118,25.014545844628255,25.323072398750718,45240000
2012-03-06,24.967073440551758,25.299334940149826,24.911696775435573,24.951252614019246,51932900
2012-03-07,25.188589096069336,25.251876947711665,24.943348859567987,25.05410222271671,34340400
2012-03-08,25.32306480407715,25.48128512729952,25.23604498431559,25.346799814131582,36747400
2012-03-09,25.307252883911133,25.441739753302713,25.25187620396778,25.394272734292958,34628400
2012-03-12,25.346799850463867,25.47337550566287,25.172757192889616,25.291421681026076,34073600
2012-03-13,25.845191955566406,25.861014291013998,25.433823305136656,25.50502230574987,48951700
2012-03-14,25.924299240112305,26.011320561427947,25.70279261698259,25.7344342647144,41986900
2012-03-15,25.987594604492188,26.05879361783884,25.77400058225468,25.94013060746272,49068300
2012-03-16,25.789819717407227,26.066706108566752,25.710711044391612,26.03506143223953,65626400
2012-03-19,25.473386764526367,25.797737212944558,25.43383242063205,25.742360527931915,44789200
2012-03-20,25.307252883911133,25.433830092369114,25.10947816474124,25.394272734292958,41566800
2012-03-21,25.24395751953125,25.43382252124868,25.172758521112442,25.283511848030184,37928600
2012-03-22,25.31515884399414,25.386357848954958,25.149028838352933,25.16484966586563,31749500
2012-03-23,25.32306480407715,25.402176474589165,25.09364699519562,25.394263798637134,35912200
2012-03-26,25.78191375732422,25.797736097758577,25.433831321176964,25.465472984242812,36758300
2012-03-27,25.72652816772461,25.86892616453024,25.63159717578813,25.829371836040192,36274900
2012-03-28,25.465465545654297,25.86892756436998,25.346802553762966,25.726529559858797,41344800
2012-03-29,25.41009521484375,25.465471895094126,25.164854984205782,25.362631213373565,37038500
2012-03-30,25.520837783813477,25.6395037729163,25.34679815567786,25.63159411528346,31749400
2012-04-02,25.54458236694336,25.6790677217197,25.275608639588082,25.489205689352797,35853600
2012-04-03,25.26768684387207,25.465459962565173,25.04617871776281,25.441727972950346,42752100
2012-04-04,24.690196990966797,25.069925625822748,24.563621282315303,25.046192114612545,49455900
2012-04-05,24.935434341430664,25.022454182691373,24.563616942667004,24.642727123823178,50368600
2012-04-09,24.60317039489746,24.840499406383188,24.500326716726207,24.698101395931328,31056400
2012-04-10,24.104774475097656,24.674366448775096,23.97028764896836,24.57152278290517,54131300
2012-04-11,24.009843826293945,24.15224182173497,23.91491132636629,24.07313165661208,43014000
2012-04-12,24.508237838745117,24.555704848073592,24.06522298065337,24.112688481080795,38304000
2012-04-13,24.373754501342773,24.650639393299667,24.302555486013823,24.43704234731281,39749200
2012-04-16,24.58734893798828,24.67437028279989,24.342108749493246,24.516149930215352,38124800
2012-04-17,24.87213897705078,25.006625791677646,24.68227550503064,24.73765216242392,34361500
2012-04-18,24.63481903076172,24.76930590284911,24.555710348629106,24.74557390176988,40552900
2012-04-19,24.531965255737305,25.062001323833684,24.47658860083033,24.626896233034778,54781200
2012-04-20,25.647418975830078,26.01923633879561,25.354713295305146,25.433824977745747,106045000
2012-04-23,25.41009521484375,25.71071363463346,25.338896194835733,25.560405933639974,61398200
2012-04-24,25.251876831054688,25.72653647063005,25.180677809673313,25.48129472636025,40871100
2012-04-25,25.473386764526367,25.568317793433327,25.212324171679985,25.2518785155743,62495500
2012-04-26,25.402185440063477,25.497116460381292,25.25187623084201,25.410095101005492,40308100
2012-04-27,25.299341201782227,25.489206256173883,25.220231013935923,25.410094559426252,41419100
2012-04-30,25.330984115600586,25.40218312881149,25.25187393326611,25.299339439106305,35697200
2012-05-01,25.32306480407715,25.584128790064316,25.275600819571597,25.354709472281957,43832300
2012-05-02,25.15694236755371,25.25978606116248,25.030366674574672,25.19649821467296,37385300
2012-05-03,25.125295639038086,25.236048977478024,25.00663113229514,25.220226640872013,31501300
2012-05-04,24.508237838745117,24.9749862015011,24.460772338317692,24.880055200646254,57927200
2012-05-07,24.24717903137207,24.413310571627555,24.183891184822667,24.286734878528748,48641400
2012-05-08,24.128507614135742,24.35001576822392,23.867445133092932,24.112685279793546,46328300
2012-05-09,24.33419418334961,24.389570846351987,23.812069205183082,23.883268203014964,50309300
2012-05-10,24.318374633789062,24.539882820069572,24.08895678808878,24.41330714473816,43839200
2012-05-11,24.6506404876709,24.95125890105056,24.27882456470272,24.27882456470272,43459300
2012-05-14,24.270904541015625,24.55570051108203,24.239259873719007,24.38165785875221,40528900
2012-05-15,24.055910110473633,24.525721135496635,24.008133155719328,24.39831491028382,61822800
2012-05-16,23.809062957763672,24.14350470981476,23.681656720677747,24.13554163014662,60083700
2012-05-17,23.665727615356445,24.05590935771129,23.657764536679576,23.88072618322604,48484000
2012-05-18,23.307401657104492,23.73739733804822,23.227772377284634,23.721472697125996,56205300
2012-05-21,23.689624786376953,23.721477111753572,23.140184324050075,23.17203664942669,38787900
2012-05-22,23.697574615478516,23.79312850056744,23.490539172717018,23.64183459604304,39504900
2012-05-23,23.179994583129883,23.41091781561876,22.80573743707923,23.371103936542028,65171000
2012-05-24,23.14814567565918,23.33129197648179,22.901296247645995,23.219811883598872,52575000
2012-05-25,23.140174865722656,23.37906265199675,23.1003609940779,23.251656440171306,29507200
2012-05-29,23.538318634033203,23.665724840319577,23.267580065974215,23.39498627226059,37758800
2012-05-30,23.363134384155273,23.474614429726017,23.187951238429573,23.371097461524858,41585500
2012-05-31,23.243696212768555,23.426842474879084,23.044623792526142,23.33128704488983,39134000
2012-06-01,22.654443740844727,23.060550172242426,22.646480661177808,22.901293135310542,56634300
2012-06-04,22.73407554626465,22.917223373597245,22.550929237734476,22.789817113854305,47926300
2012-06-05,22.702219009399414,22.89332835076696,22.60666357931462,22.702219009399414,45715400
2012-06-06,23.371105194091797,23.387031354100294,22.94110798667563,22.99684802790316,46860500
2012-06-07,23.275548934936523,23.649806087973705,23.22777197539213,23.602027609627154,37792800
2012-06-08,23.609981536865234,23.633870766777772,23.132207570225482,23.259613758822542,42551100
2012-06-11,23.01276969909668,23.737393131315706,22.949066590290673,23.673690022509703,46361900
2012-06-12,23.323328018188477,23.33128957931723,22.9649970153066,23.172032537104773,35337900
2012-06-13,23.19591522216797,23.442766090028577,23.13221211535275,23.267581407185325,32984600
2012-06-14,23.363134384155273,23.45868827498685,22.996840419162996,23.355171306785692,39458900
2012-06-15,23.904617309570312,23.952394266607644,23.482583219134654,23.56221249339826,62314400
2012-06-18,23.76128578186035,23.912581256570917,23.657767265920757,23.880728938188845,58679900
2012-06-19,24.446090698242188,24.772569304333995,23.9285012565242,24.03998283043978,75725800
2012-06-20,24.629241943359375,24.724795861793705,24.398317189339135,24.629241943359375,36257100
2012-06-21,24.000171661376953,24.79646138093215,23.936468544564622,24.65312898840388,48456600
2012-06-22,24.446090698242188,24.469978413594077,23.912576619223554,24.127573651399782,45098100
2012-06-25,23.785175323486328,24.143504797034165,23.586102887470147,24.12757863764035,42217200
2012-06-26,23.904617309570312,24.10368973582829,23.840914193919843,23.888691150957175,38421300
2012-06-27,24.02405548095703,24.286830968387513,23.912575431380997,24.039981636268397,33781700
2012-06-28,23.8170223236084,23.928502383974795,23.4268405935241,23.872762353791597,45328400
2012-06-29,24.358497619628906,24.438126878924162,24.000166712201157,24.247017567896627,55227200
2012-07-02,24.334619522094727,24.382398010817127,24.055917746424026,24.382398010817127,30589100
2012-07-03,24.493867874145508,24.493867874145508,24.02405689639251,24.071833846339736,20938100
2012-07-05,24.446090698242188,24.5097938038503,24.191276757007895,24.358498358480343,28801900
2012-07-06,24.03999137878418,24.446099390993925,23.84888199400354,24.374433181850886,38294800
2012-07-09,23.888689041137695,24.071835292607282,23.713505868271383,23.984244465575102,30680800
2012-07-10,23.681650161743164,24.063868767140626,23.498503936507095,23.952388720266796,37534100
2012-07-11,23.331287384033203,23.681655274017363,23.179993435987228,23.657766036472285,39184900
2012-07-12,22.797773361206055,23.235733605921226,22.72610868576022,23.2118443682379,63523600
2012-07-13,23.4029598236084,23.474626036567724,22.86944552646811,22.90129785169557,39085000
2012-07-16,23.442764282226562,23.51443046171734,23.12424877271297,23.474615073777045,27900600
2012-07-17,23.617956161499023,23.777214734515585,23.251663569884165,23.602030000436905,33771300
2012-07-18,24.247020721435547,24.247020721435547,23.458692622565472,23.57017420759871,41090400
2012-07-19,24.42220687866211,24.525723878675045,24.19128212038392,24.294800639199032,46663200
2012-07-20,23.98424530029297,24.72479341054772,23.92850374813005,24.684979534947633,64021700
2012-07-23,23.315364837646484,23.55425115933542,23.100366236845126,23.546288079438828,55151900
2012-07-24,23.21184539794922,23.379067031546537,23.012772964829924,23.283511595376336,47723300
2012-07-25,22.9570255279541,23.355170265878243,22.917211661682344,23.283504091547766,45579500
2012-07-26,23.219804763793945,23.490543351038884,23.16406473444385,23.27554479314404,45301400
2012-07-27,23.697574615478516,23.76924078869602,23.23572678741106,23.474613018934992,44242600
2012-07-30,23.60202980041504,23.745362211154774,23.458697389675304,23.689622166712056,28905000
2012-07-31,23.466651916503906,23.657761221563117,23.355171868253137,23.474614994064925,37620900
2012-08-01,23.41887855529785,23.60998788961531,23.259620017298975,23.56221093573644,31721800
2012-08-02,23.243696212768555,23.514434825802397,23.06851151092193,23.2596208520984,39520500
2012-08-03,23.689624786376953,23.840920294310944,23.474626146492202,23.514441553212972,35859400
2012-08-06,23.848873138427734,23.976279347639622,23.737391566265973,23.88868700925577,27471800
2012-08-07,24.095727920532227,24.167394119248723,23.785175405295526,23.944432443374943,28002900
2012-08-08,24.15146827697754,24.262948356977397,23.97628507714888,24.055912837833247,26257600
2012-08-09,24.28683090209961,24.40627402900532,24.127572387024152,24.19923856692793,24920800
2012-08-10,24.22313690185547,24.38239547677353,24.087767568815817,24.28684002806223,27810300
2012-08-13,24.19923210144043,24.254972111183843,24.016085921197405,24.167381318216204,23049100
2012-08-14,24.15114974975586,24.359556807094002,24.054962817977465,24.28741584382835,34551400
2012-08-15,24.20726203918457,24.271387173864824,24.06298010393805,24.13512107156131,24351000
2012-08-16,24.672164916992188,24.800415161760956,24.25535085706193,24.33550764225829,35787200
2012-08-17,24.768356323242188,24.784387988958507,24.519871620094452,24.784387988958507,32589900
2012-08-20,24.640108108520508,24.728280748443957,24.511857829830355,24.704233247865584,23737700
2012-08-21,24.688199996948242,24.816450267410534,24.535903756314163,24.65613819376458,28822700
2012-08-22,24.479787826538086,24.656131518465216,24.423677010646202,24.519865451883167,33437400
2012-08-23,24.255359649658203,24.36757827229438,24.111077689775083,24.359562437982643,28355600
2012-08-24,24.49582862854004,24.551937940006983,24.19123456820632,24.247343879673263,22943300
2012-08-27,24.60002326965332,24.816444596059355,24.519866486716822,24.792398631382834,34691100
2012-08-28,24.551937103271484,24.688203224560397,24.463765986341496,24.608047941690227,23947900
2012-08-29,24.56796646118164,24.64812326537841,24.399638548345912,24.56796646118164,23346800
2012-08-30,24.303442001342773,24.535896503380854,24.22328522378263,24.471771387105413,23982100
2012-08-31,24.704238891601562,24.816457528876054,24.351549780199104,24.527895100332465,36590100
2012-09-04,24.35955047607422,24.575973309623127,24.16717513365185,24.4076454583273,48556700
2012-09-05,24.35955047607422,24.47177057246809,24.215268587041614,24.223284417417126,33650000
2012-09-06,25.129058837890625,25.137074670008847,24.415665068005453,24.447728396478336,48371700
2012-09-07,24.80843734741211,24.90462429119352,24.632092069039672,24.880578319680122,42649100
2012-09-10,24.62407684326172,24.768358791358384,24.455748923058238,24.71224948462389,40524000
2012-09-11,24.68018913269043,24.77637608451164,24.53590717609458,24.6000323202634,25191800
2012-09-12,24.672164916992188,24.992790528914107,24.632085759962248,24.800415161760956,32775800
2012-09-13,24.800416946411133,24.99279232740771,24.36757119252111,24.76033778649708,45047300
2012-09-14,25.016843795776367,25.048907130758437,24.69621809027545,24.856531707457886,51422800
2012-09-17,25.016843795776367,25.056922964503954,24.880579208694442,25.00081365714929,36488500
2012-09-18,24.9927978515625,25.016843823962187,24.872563402972187,24.92867271039007,34542700
2012-09-19,24.888595581054688,25.000815733950027,24.880581275507385,24.920658918700237,48871900
2012-09-20,25.209213256835938,25.233259222063097,24.776367536385052,24.80843086183927,45543000
2012-09-21,25.000808715820312,25.337466022273038,24.920651923071823,25.19318410109849,102348900
2012-09-24,24.672164916992188,24.90461791231176,24.559944806171877,24.848508621333362,46825900
2012-09-25,24.35955047607422,24.84850542693731,24.335504513810996,24.808427803923063,54266400
2012-09-26,24.183208465576172,24.52788155122519,24.079005721220234,24.271381076936642,54672000
2012-09-27,24.175199508666992,24.367574919083776,23.958776598624166,24.183215341875677,47129900
2012-09-28,23.85456657409668,24.255348939530702,23.838534912552106,24.191223822215797,54229300
2012-10-01,23.638147354125977,24.030913949008184,23.582038058980462,23.894647862713242,54042700
2012-10-02,23.7744197845459,23.95877938318079,23.6461694960291,23.790451452826506,43338900
2012-10-03,23.93472671508789,24.038929472038294,23.782428966747815,23.846554093070438,46655900
2012-10-04,24.071001052856445,24.071001052856445,23.702280303430378,24.022906044976434,43634900
2012-10-05,23.926713943481445,24.247339616103442,23.83854131018647,24.23130795025639,41133900
2012-10-08,23.870603561401367,23.98282215952365,23.686242470232813,23.758383434415347,29752000
2012-10-09,23.46982192993164,23.83854106747691,23.3896651303763,23.79044759928922,45121100
2012-10-10,23.229351043701172,23.493867406477175,23.205305074543926,23.365617141426007,47227100
2012-10-11,23.205307006835938,23.445775891614637,23.14118186897069,23.421728391591213,41488500
2012-10-12,23.405698776245117,23.50188572075817,23.085071550897826,23.221337663011248,46464700
2012-10-15,23.654178619384766,23.82250650198376,23.445771577454867,23.541960030985436,42440200
2012-10-16,23.638147354125977,23.83853856756773,23.501881267831035,23.606085554984382,47739400
2012-10-17,23.71830177307129,23.758379400205794,23.31751938627233,23.485847254873427,44206100
2012-10-18,23.646167755126953,23.830527340188738,23.453792336515015,23.766402200651424,59238500
2012-10-19,22.95681381225586,23.309502728209704,22.84459523716922,23.28545523546396,90470800
2012-10-22,22.443819046020508,23.109117906587276,22.30755294065797,23.028961104221576,83374000
2012-10-23,22.4838924407959,22.604128386091777,22.251439439541883,22.25945527115251,64414800
2012-10-24,22.363664627075195,22.604135059800566,22.33961865400746,22.57207172389158,53320400
2012-10-25,22.347625732421875,22.60412775015499,22.331595598515158,22.596111918769875,54084300
2012-10-26,22.61214828491211,22.716352592775294,22.315570086239195,22.331601753427982,57790000
2012-10-31,22.876657485961914,23.149188079958318,22.844594163807425,22.884671787637185,69464100
2012-11-01,23.662195205688477,23.694257005311844,23.10109918807483,23.11713085231834,72047900
2012-11-02,23.646167755126953,23.862590674389356,23.509901642502175,23.71830872821442,57131600
2012-11-05,23.750368118286133,23.838540749507303,23.509899251691383,23.74235381441491,38070800
2012-11-06,23.93472671508789,24.207258884174927,23.734335504221754,23.902663387494776,43401500
2012-11-07,23.309507369995117,23.910681048583914,23.285459872460624,23.670212188693885,57871800
2012-11-08,23.09308433532715,23.541961780000346,23.085068502865443,23.341570555048865,49841800
2012-11-09,23.109115600585938,23.397679448761846,23.09308393593979,23.14919323333762,43291200
2012-11-12,22.620161056518555,23.253398064981877,22.61214522400923,23.197288766280312,61112300
2012-11-13,21.892820358276367,22.062531403158854,21.618048773910683,21.836250009982205,131689200
2012-11-14,21.69078254699707,22.054451274247853,21.658455752829717,22.014042781538663,76086100
2012-11-15,21.545316696166992,21.79584320432898,21.521071598695894,21.723109453342193,50955600
2012-11-16,21.432174682617188,21.57764217571153,21.286707189522843,21.553397079720337,64083300
2012-11-19,21.60188865661621,21.65845901349933,21.39176908717419,21.65845901349933,57179300
2012-11-20,21.585731506347656,21.658465283804876,21.38369357817251,21.626140016838924,47070400
2012-11-21,21.779685974121094,21.957478769064988,21.553402973934183,21.585728236002698,66360300
2012-11-23,22.38579750061035,22.442367859826227,21.981721744580756,22.005965303429456,57845700
2012-11-26,22.135265350341797,22.28881454098769,21.95747260530672,22.25648928799331,85198700
2012-11-27,21.88473892211914,22.12718371526545,21.852413669031954,22.111021859435056,45018600
2012-11-28,22.111026763916016,22.135270323752305,21.634217229063534,21.828173414887583,53018400
2012-11-29,21.779685974121094,22.11102800281421,21.706952207683404,21.908990105248805,69551400
2012-11-30,21.512996673583984,21.92515264085604,21.407936100415125,21.860500573300925,83690200
2012-12-03,21.35944366455078,21.67462224556554,21.33519856546249,21.64229698820776,53173800
2012-12-04,21.310958862304688,21.521076926700754,21.286713758831194,21.41601789450272,49777500
2012-12-05,21.553396224975586,21.763515757620645,21.222054300034703,21.319031597300825,68283800
2012-12-06,21.60188865661621,21.803926526299698,21.50491134236704,21.666540713257863,39182300
2012-12-07,21.383686065673828,21.674621073291657,21.310953855195894,21.674621073291657,46162100
2012-12-10,21.7716064453125,21.79585000892586,21.432182681882615,21.464507947176088,47031100
2012-12-11,22.07870101928711,22.2160868501684,21.860499721753268,21.860499721753268,52282800
2012-12-12,22.01404571533203,22.321144135143083,21.884741604283146,22.24841037999976,43966300
2012-12-13,21.908987045288086,22.240329027703684,21.77968293221988,22.078698115655122,45080100
2012-12-14,21.66653823852539,21.925146435554,21.577642634188333,21.908984579309546,42077500
2012-12-17,21.900907516479492,21.997884840180255,21.561483800673287,21.650380965254627,42046100
2012-12-18,22.272653579711914,22.32922393470891,21.93322990830337,22.02212706125669,50486900
2012-12-19,22.070615768432617,22.41003944063576,22.022127112811187,22.37771418403033,53519900
2012-12-20,22.36963653564453,22.36963653564453,21.941315632711408,22.11102827026108,52607300
2012-12-21,22.183761596679688,22.216086858496734,21.820092767320286,22.183761596679688,98776500
2012-12-24,21.868576049804688,22.02212524457729,21.820087398296764,21.98171829189176,20842400
2012-12-26,21.706951141357422,21.981722791862712,21.577647016581608,21.844336966610065,31631100
2012-12-27,21.787763595581055,21.89282415327592,21.472585005349764,21.73119323748074,39394000
2012-12-28,21.4564266204834,21.73928001852281,21.4564266204834,21.58573076677107,28239900
2012-12-31,21.585731506347656,21.634221718937177,21.310961342142356,21.488754164022744,42749500
2013-01-02,22.321147918701172,22.410043546723966,21.941315679363132,22.022131147824005,52899300
2013-01-03,22.022130966186523,22.34539129593692,21.94939719931433,22.32922789409269,48294400
2013-01-04,21.60997200012207,22.094863232530678,21.601890299748806,22.038292871344574,52521100
2013-01-07,21.56955909729004,21.723106737799597,21.529150606556225,21.634211141037827,37110400
2013-01-08,21.4564266204834,21.65038438134192,21.383692845518205,21.618057574056493,44703100
2013-01-09,21.577651977539062,21.618058947786512,21.46450968627741,21.593813840781777,49047900
2013-01-10,21.383686065673828,21.803925178582574,21.246301802550434,21.53723526874174,71431300
2013-01-11,21.682701110839844,21.763516555809794,21.23821847564472,21.407929522797854,55512100
2013-01-14,21.7311954498291,21.88474468132397,21.626136422865333,21.739277150584282,48324400
2013-01-15,21.989797592163086,22.054451180222152,21.68270075601443,21.68270075601443,48244500
2013-01-16,21.852418899536133,22.00596658594901,21.828173797847736,21.941314522873387,41077400
2013-01-17,22.022130966186523,22.199923762192533,21.86858173152002,21.973642302080673,51685900
2013-01-18,22.022130966186523,22.054457769874983,21.85241987110263,21.90090853520848,52167700
2013-01-22,21.941320419311523,22.18376687706946,21.82009796114615,22.062542877476897,58650600
2013-01-23,22.31307601928711,22.33731959147617,21.981733840331394,21.981733840331394,50387700
2013-01-24,22.3292293548584,22.684816511559568,22.199925214499235,22.385801265014106,101739300
2013-01-25,22.53126335144043,22.8141166873579,22.135269297726644,22.288818515754986,81847700
2013-01-28,22.55550765991211,22.814115886613568,22.43428524632413,22.636323116112973,56056500
2013-01-29,22.63633155822754,22.73330890869453,22.30498945151547,22.48278228832308,49242600
2013-01-30,22.507017135620117,22.781788739052505,22.434283385215867,22.636321238244008,43580500
2013-01-31,22.183761596679688,22.603999248862213,22.143353092624853,22.458533258545273,50530000
2013-02-01,22.57166862487793,22.668645928717783,22.264570232723337,22.361549077989643,55565900
2013-02-04,22.17568016052246,22.64440802316478,22.15951675870763,22.523185592407202,50540000
2013-02-05,22.224172592163086,22.353476745748775,22.11103184313238,22.3211514780659,35410400
2013-02-06,22.094863891601562,22.256494821034657,22.02213012749935,22.127189152632113,41889600
2013-02-07,22.046369552612305,22.135265153626634,21.900902061864368,22.102939900919527,38028300
2013-02-08,22.26457405090332,22.393878172481955,22.070617868535372,22.10294466964339,33318500
2013-02-11,22.515111923217773,22.563600604532596,22.224176752474076,22.34539922647482,32247700
2013-02-12,22.53126335144043,22.628242210570612,22.426204333690517,22.53126335144043,35990900
2013-02-13,22.652482986450195,22.717135033052966,22.531259050321918,22.571667542840135,41715600
2013-02-14,22.660568237304688,22.676730095419185,22.523182424058415,22.563589381484594,32663200
2013-02-15,22.63633155822754,22.757554017024873,22.531270963556576,22.660576666557883,49650900
2013-02-19,22.8563289642334,22.888923406623096,22.652618361863443,22.717805692454288,38781400
2013-02-20,22.70966339111328,22.978561380377343,22.677068941898785,22.921521094251975,44110200
2013-02-21,22.400014877319336,22.603725454473047,22.188155690576874,22.603725454473047,49078500
2013-02-22,22.620025634765625,22.620025634765625,22.39186919897843,22.554838303710508,31425900
2013-02-25,22.302236557006836,22.85632806821307,22.302236557006836,22.79114074017772,48011800
2013-02-26,22.302236557006836,22.489649930834908,22.277790726172896,22.310383613096324,49923300
2013-02-27,22.660770416259766,22.815590932762085,22.269646373274867,22.342982325608133,36394700
2013-02-28,22.652624130249023,22.79114743730245,22.603734008403386,22.717811477439522,35840200
2013-03-01,22.774850845336914,22.79929512817695,22.424468285533443,22.587435869826272,34849700
2013-03-04,22.93781852722168,22.93781852722168,22.571140295361065,22.693366372647937,38157500
2013-03-05,23.10078239440918,23.255602885873984,22.945961902944376,23.051892285489757,41432200
2013-03-06,22.888927459716797,23.003004919904082,22.636326703221165,22.986707695823377,51448500
2013-03-07,22.92966079711914,23.043739770855026,22.82373198670897,22.9052165238951,29196700
2013-03-08,22.815589904785156,23.084487866495433,22.78299545891059,23.019300528935023,37667800
2013-03-11,22.70966339111328,22.791146405771755,22.546694253418565,22.766702123049765,36627500
2013-03-12,22.74225616455078,22.774850613591017,22.52224829609582,22.685217432919245,39255200
2013-03-13,22.750398635864258,22.831883182281093,22.61187537321218,22.709657139750068,29093400
2013-03-14,22.92966079711914,22.945958015394023,22.75854466779773,22.81558337757153,55914800
2013-03-15,22.848180770874023,22.945960984800358,22.799289109722377,22.84003216068208,92710300
2013-03-18,22.89706802368164,23.043739880476746,22.660763020136574,22.71780173018172,44809400
2013-03-19,22.962261199951172,22.994854090781264,22.840035139508135,22.913371086611694,51901600
2013-03-20,23.076335906982422,23.214859173474146,22.96225847134988,23.092633127555214,35447800
2013-03-21,22.905223846435547,23.1089344774307,22.856332175980793,22.905223846435547,34233200
2013-03-22,23.01929473876953,23.092630669352005,22.897068705861518,22.97040463644399,28720900
2013-03-25,22.945964813232422,23.100785324333458,22.782995690579884,23.060042266575955,44154000
2013-03-26,22.945964813232422,23.092636712781957,22.905223309663658,23.01115215145569,27824300
2013-03-27,23.117080688476562,23.18226802145779,22.880775635051727,22.929665746240495,36047400
2013-03-28,23.31264305114746,23.353384552075653,23.0274478820842,23.07633799403576,55453800
2013-04-01,23.31264305114746,23.353384552075653,23.108932438129223,23.337087330028922,29201100
2013-04-02,23.467456817626953,23.50819986374983,23.239301976092023,23.296340686475755,28456500
2013-04-03,23.27190399169922,23.589693659418824,23.255608321043237,23.4267245193478,35062800
2013-04-04,23.30449676513672,23.312645376973045,23.03559879129313,23.13337902495146,45263200
2013-04-05,23.385982513427734,23.45116985723022,22.90522527006357,22.994856896423947,50927300
2013-04-08,23.296350479125977,23.41042794784605,23.198568681516665,23.41042794784605,34759500
2013-04-09,24.127487182617188,24.29860336345252,23.369683400772132,23.410424904536143,77733800
2013-04-10,24.673429489135742,24.7060223783548,24.054149052087627,24.0948905521586,71116700
2013-04-11,23.581541061401367,23.793400286011103,23.41042333782908,23.71191572974757,130923200
2013-04-12,23.45931053161621,23.646723887360203,23.3533801624125,23.50820063437805,62886300
2013-04-15,23.37783432006836,23.614137862765688,23.231162405337447,23.345239870488644,56332900
2013-04-16,23.605985641479492,23.74450892263799,23.385979357206658,23.548946917623994,52797300
2013-04-17,23.491907119750977,23.663024837682872,23.304493734454425,23.50820434130422,52840700
2013-04-18,23.45931053161621,23.614129449393417,23.223005518922037,23.58968517510667,56906600
2013-04-19,24.257858276367188,24.640833639418275,24.12748361855454,24.135632228941393,99790700
2013-04-22,25.121591567993164,25.40678672380513,24.665280251207157,24.68972452895284,137904000
2013-04-23,24.93418312072754,25.17863527169797,24.754916759439613,25.015667689113975,59126900
2013-04-24,25.879398345947266,26.00977302342297,24.934181157154036,24.950478380385686,90946600
2013-04-25,26.026071548461914,26.759429534492032,25.70013483846951,25.83865658030106,110700200
2013-04-26,25.903844833374023,26.058663795408712,25.626798248211507,25.993476455028635,47799300
2013-04-29,26.5720157623291,26.62905449153529,25.88754790347727,25.911992185029174,59116400
2013-04-30,26.97128677368164,26.979436939755885,26.303116140963123,26.531274165377994,75165200
2013-05-01,26.661653518676758,26.954997381195696,26.563870158918345,26.832769735686757,54330900
2013-05-02,27.020177841186523,27.028324898701108,26.39274872772731,26.588312300230225,46059500
2013-05-03,27.289072036743164,27.313516312891803,26.954986793078437,27.07721128219855,46784600
2013-05-06,27.50093650817871,27.63131119395645,27.093515226576063,27.232036970299667,40978300
2013-05-07,27.142404556274414,27.533528579843246,27.085365830444214,27.41945112818285,43078300
2013-05-08,26.88164710998535,27.0853576718397,26.60460062152838,26.946832873422967,51595700
2013-05-09,26.612749099731445,26.88979560300658,26.555710388031564,26.767568016005885,46417800
2013-05-10,26.637203216552734,26.66165060801248,26.33571232782356,26.62090599170551,36394900
2013-05-13,26.914257049560547,26.946851508007683,26.523132873330866,26.572024561001566,36027600
2013-05-14,27.51325035095215,27.51325035095215,26.914244657756903,26.96347916013857,56870100
2013-05-15,27.775836944580078,27.816867274711946,27.43120470873032,27.447616214748127,46303900
2013-05-16,27.964567184448242,28.022005889366945,27.529670108410663,27.603520319045373,59382900
2013-05-17,28.61280632019043,28.61280632019043,27.980977394485926,28.005596219761333,60666700
2013-05-20,28.785118103027344,28.801526475384414,28.45689431275312,28.497921503993886,54020800
2013-05-21,28.596385955810547,28.941021231343427,28.489715889965463,28.801525031907246,48702400
2013-05-22,28.399457931518555,28.588185530733202,28.194318828436423,28.547158336151636,66047500
2013-05-23,28.021991729736328,28.35021228768129,27.816852707205822,28.08763458925609,51102700
2013-05-24,28.120468139648438,28.1286723263531,27.816863148787913,27.83327152219724,33174400
2013-05-28,28.735885620117188,28.867174519442468,28.2353457132601,28.24354990001669,48212100
2013-05-29,28.62101173400879,28.735889143732976,28.366638090923335,28.506134324284602,38412200
2013-05-30,28.74408721923828,28.924610613374593,28.563566955275956,28.596386829522025,51131000
2013-05-31,28.637407302856445,28.949216347106137,28.547145636825725,28.57176131658941,56165700
2013-06-03,29.20359992980957,29.236422934273698,28.57997849586112,28.653825560644417,51252600
2013-06-04,28.711271286010742,29.32668861757835,28.530747867095098,29.22821959080195,65529500
2013-06-05,28.5389461517334,28.629207842523044,28.25175270846978,28.391245772291033,46025100
2013-06-06,28.686649322509766,28.809734027412997,28.30098996548285,28.588183436691622,37618500
2013-06-07,29.269250869750977,29.359512591799753,28.768713999600706,28.92461861848277,40757300
2013-06-10,29.105133056640625,29.252833441531482,28.834347974282757,29.13795292981446,35994500
2013-06-11,28.588176727294922,28.867165946781704,28.456887866958397,28.76049276957911,39435900
2013-06-12,28.71946144104004,28.94101194777738,28.596376782794998,28.834338785976538,37372700
2013-06-13,28.489715576171875,28.735881838741797,28.38304238132783,28.71126615153696,45654900
2013-06-14,28.22714614868164,28.465105165679546,28.104061415957897,28.3502277512306,53192600
2013-06-17,28.71946144104004,28.850750282420734,28.415856582254595,28.465087941414303,49670100
2013-06-18,28.703048706054688,28.85895322028793,28.63740585328328,28.69484452327304,28616500
2013-06-19,28.383041381835938,28.793319515062723,28.383041381835938,28.68664632397511,30816200
2013-06-20,27.480426788330078,28.16969407822155,27.38195779679323,28.11225226807174,54493700
2013-06-21,27.299915313720703,27.67737055501037,27.119391880854053,27.6199318500391,85338500
2013-06-24,27.66916275024414,28.063029445777513,26.725521640200636,27.029126631099942,56109000
2013-06-25,27.62812042236328,28.2107175909187,27.45580440484274,27.964551404436087,44073400
2013-06-26,28.186105728149414,28.29277891631357,27.80865060716691,27.997378167658162,48665900
2013-06-27,28.407657623291016,28.538946503282165,28.309191745841105,28.325603247111722,28993100
2013-06-28,28.342016220092773,28.54715530136703,28.177904329038576,28.21072733328421,65545500
2013-07-01,28.194311141967773,28.711262417249813,28.16969545796454,28.5143275547036,31055400
2013-07-02,27.849685668945312,28.259963906950734,27.59531516469366,28.235348214326265,37630000
2013-07-03,27.907115936279297,28.202516679179407,27.570688008014972,27.61992250855619,15994400
2013-07-05,28.07122802734375,28.095846842893607,27.554279853401155,27.972762155665205,26085900
2013-07-08,28.16969871520996,28.383041971644783,27.882502137878927,28.186107086327105,32396900
2013-07-09,28.186105728149414,28.391244789140817,28.013789668158314,28.374836418814326,25318500
2013-07-10,28.473289489746094,28.563551136827495,28.161477380784593,28.177888873905964,29658800
2013-07-11,29.285655975341797,29.351301988001257,28.63741881628757,28.719473201937724,53638300
2013-07-12,29.269250869750977,29.318485390007087,28.9492343135234,29.195403784629093,35501200
2013-07-15,29.679515838623047,29.720546152191037,29.195390692324622,29.261033559721202,34142600
2013-07-16,29.76158905029297,29.892877984582725,29.507215370654958,29.548242575712674,36378500
2013-07-17,29.32668113708496,29.86004081029236,29.1215420788882,29.819013624687734,37285100
2013-07-18,29.080522537231445,29.44977360482516,28.9000022276549,29.310280496053522,49547100
2013-07-19,25.765472412109375,26.80757792203515,25.45366164738635,26.58603043341084,248428500
2013-07-22,26.266010284423828,26.266010284423828,25.929583834096412,26.0116397911679,79040700
2013-07-23,26.110107421875,26.29063085244048,26.01984570659226,26.183957631635913,65810400
2013-07-24,26.224973678588867,26.413701216574488,26.16753499877469,26.29061967276123,52803100
2013-07-25,25.757265090942383,25.970609944374385,25.642387694897128,25.94599425384305,63213000
2013-07-26,25.945993423461914,25.945993423461914,25.60956386779186,25.650592625842883,38633600
2013-07-29,25.88034439086914,25.929577326721486,25.765465453764584,25.822904139773456,28870700
2013-07-30,26.134719848632812,26.35626887187048,25.888552006576372,26.077281155012415,45799500
2013-07-31,26.126510620117188,26.29882667804421,26.019837433230812,26.233182241916754,43898400
2013-08-01,25.987016677856445,26.331650367817236,25.929577990377453,26.307034681804442,42557900
2013-08-02,26.167545318603516,26.175751071111208,25.90496749870647,26.00343496371149,29199900
2013-08-05,26.011638641357422,26.257804936603222,25.962404130238554,26.17574898315891,30984000
2013-08-06,25.913162231445312,25.987012407521917,25.749050381255838,25.888544984390915,36331500
2013-08-07,26.307031631469727,26.339851498956712,25.642380014628163,25.880342052405513,38078600
2013-08-08,26.988094329833984,27.135794703979077,26.298826960548112,26.45473465001996,59034400
2013-08-09,26.832199096679688,26.99631102834549,26.643471470825176,26.889637803236507,26800700
2013-08-12,26.971689224243164,27.053746746098007,26.635261210074304,26.635261210074304,25493700
2013-08-13,26.632888793945312,26.89731685498768,26.616361646101275,26.8642625592996,39464100
2013-08-14,26.73204231262207,27.566645747399672,26.194924317630043,26.558512028958358,48519600
2013-08-15,26.269302368164062,26.591573887353302,25.484280141900026,26.442832701230376,33338000
2013-08-16,26.27756118774414,26.434565929228047,26.161874313027294,26.269299190506185,32866300
2013-08-19,25.938764572143555,26.41804083099668,25.93050099814938,26.244510505465733,27902500
2013-08-20,26.128822326660156,26.36019608256633,25.922237715392214,25.980081154368758,22979600
2013-08-21,26.12055778503418,26.45109125947454,26.062714348201347,26.12055778503418,37409100
2013-08-22,26.76510238647461,26.847738124342534,26.52546347500426,26.599834062969848,31169900
2013-08-23,28.71526336669922,29.0871163285128,28.095509481087007,29.062324029571048,225493800
2013-08-26,28.219449996948242,28.64914307489652,28.1202871461325,28.42603454113606,72786800
2013-08-27,27.4840145111084,28.178138911232377,27.393119932620674,27.698864265939893,58522300
2013-08-28,27.285694122314453,27.764968751220668,27.269166976182404,27.591438445180355,44257400
2013-08-29,27.723657608032227,27.764973904916022,27.103903698081144,27.211328591764122,45284700
2013-08-30,27.599706649780273,27.66581208939585,27.343540584720913,27.574914351722168,42790200
2013-09-03,26.343664169311523,26.500668886782268,25.856126024950658,26.236240884377995,154507000
2013-09-04,25.781763076782227,26.004873284719906,25.707392482097774,25.9387662645688,142320600
2013-09-05,25.806549072265625,25.98008096403947,25.575175318054487,25.699125768684095,71644900
2013-09-06,25.74043846130371,25.938759469806037,25.723911316566365,25.872652466971928,75434900
2013-09-09,26.161874771118164,26.269299650478054,25.781759846898215,25.79828541777894,49628500
2013-09-10,26.76510238647461,26.773367536376945,26.269300568191404,26.360196727615037,56881200
2013-09-11,27.0543212890625,27.211324454240902,26.880787824966365,26.91384211834,39087500
2013-09-12,27.01300048828125,27.087371068517854,26.93036791123203,27.037792783180624,32860200
2013-09-13,27.293964385986328,27.327018688261823,26.86426791310016,27.079117725659124,40899000
2013-09-16,27.103906631469727,27.682344307139893,27.046063179125884,27.583184553440695,52839700
2013-09-17,27.211326599121094,27.657550138145155,27.186537453252367,27.616230692055726,84716500
2013-09-18,27.53359603881836,27.599704625817168,27.128691976258903,27.260905998025592,64099900
2013-09-19,27.79802703857422,27.831081335588834,27.533598966919843,27.665813002747033,42026600
2013-09-20,27.095630645751953,27.66580287549805,27.012994933464768,27.60795945301207,102904900
2013-09-23,27.0543212890625,27.24437874761454,26.85599868105159,26.88905297442523,39826100
2013-09-24,26.814680099487305,27.16174069356597,26.566779224826735,27.16174069356597,40685000
2013-09-25,26.864255905151367,27.10389476118584,26.773361342870004,26.847731913631378,28907500
2013-09-26,27.079105377197266,27.26916280026481,26.930364237017397,26.971680519905068,28504000
2013-09-27,27.49228858947754,27.888930782336267,27.161751852645963,27.17001700479432,55348000
2013-09-30,27.500547409057617,27.525339710403607,27.021272663533313,27.2691736113722,39839500
2013-10-01,27.748451232910156,27.773240381777814,27.51707428529637,27.55839058415298,36718700
2013-10-02,28.02939796447754,28.120295695913804,27.508807024447748,27.566650462228836,46946800
2013-10-03,27.97982406616211,28.095510959875156,27.6162330833709,27.996351215582752,38703800
2013-10-04,27.996355056762695,28.08725281493193,27.7815052370478,27.83934869184061,33008100
2013-10-07,27.517070770263672,27.855869421180163,27.43443818310595,27.764971683967982,35069300
2013-10-08,27.277429580688477,27.541860772460197,27.103899270783092,27.525333625960034,41017600
2013-10-09,27.327007293701172,27.558381008690066,27.236109576461118,27.327007293701172,35878600
2013-10-10,27.89719009399414,28.004614995947403,27.484020788884898,27.52534024118113,42875100
2013-10-11,28.202932357788086,28.211194355358188,27.83107942251259,27.83107942251259,30033300
2013-10-14,28.467350006103516,28.508666283314515,27.913701804340473,28.01286465232274,27757900
2013-10-15,28.500415802001953,28.91358504547862,28.483888653995148,28.64915382960088,47097800
2013-10-16,28.624366760253906,28.83921654769745,28.558261315662243,28.591312461842378,35111600
2013-10-17,28.855735778808594,28.913582367590426,28.401250283523567,28.467358869428015,31359200
2013-10-18,28.888792037963867,28.913584335480866,28.368201073573267,28.77310515698818,41811700
2013-10-21,28.91358757019043,29.087117911067683,28.847478972390654,28.905322419349737,27433500
2013-10-22,28.574787139892578,29.004480390392562,28.525205694574314,28.938374948866123,40438500
2013-10-23,27.89719009399414,28.500420053417475,27.82281949298521,28.384730000112313,58600500
2013-10-24,27.8641357421875,28.178142108367457,27.740183704010853,27.946768332817744,53209700
2013-10-25,29.525074005126953,29.98782469645694,29.310227383721255,29.649026040089097,113494000
2013-10-28,29.392864227294922,29.525078279353412,29.144963273714204,29.425918528367458,38383600
2013-10-29,29.351545333862305,29.516813672391883,29.136695548104445,29.442443077665143,31702200
2013-10-30,29.368064880371094,29.574649461996273,29.277167160099125,29.359799731856974,36997700
2013-10-31,29.260648727416992,29.492022519013048,29.202805279517978,29.46723337055104,41682300
2013-11-01,29.359806060791016,29.49202009544257,29.244119174499808,29.47549294708222,40264600
2013-11-04,29.698598861694336,29.73165315189301,29.376327412833817,29.40938170303249,28060700
2013-11-05,30.277042388916016,30.33488583222139,29.558128770526913,29.574655918932912,51681900
2013-11-06,31.549592971801758,31.582647256592217,30.624095063279558,30.77283619260653,88948800
2013-11-07,30.98769760131836,31.409128901714382,30.92985415130776,31.367812602025612,60437400
2013-11-08,31.219070434570312,31.219070434570312,30.855482595444457,31.128172686730974,36737800
2013-11-11,31.06205177307129,31.219054889743013,30.863729226332847,31.14468432874484,26872500
2013-11-12,30.87200927734375,31.070328767595115,30.739795233099017,30.888536426903272,31651600
2013-11-13,31.533079147338867,31.533079147338867,30.49189395453769,30.557999399808015,44957600
2013-11-14,31.41738510131836,31.50828282607337,31.16948422158788,31.293433085337764,46183700
2013-11-15,31.26865577697754,31.417396991554607,31.16949601800346,31.35955353613374,50601300
2013-11-18,30.73978614807129,31.05379559243502,30.632361283799124,30.86373500478791,53277500
2013-11-19,30.58991813659668,30.997892928514077,30.53163284732867,30.6815020457048,44275000
2013-11-20,30.873014450073242,31.14777262225234,30.68984021786183,30.739794516728196,32229900
2013-11-21,31.13943862915039,31.24767502833786,31.022871222419386,31.03119905382585,23064700
2013-11-22,31.28097915649414,31.37256624266819,31.08115567405711,31.247674184042307,27982000
2013-11-25,31.33926773071289,31.597376556217483,31.28098560497599,31.58072406655871,30646800
2013-11-26,31.097795486450195,31.347579527414467,31.097795486450195,31.28096960285439,34465300
2013-11-27,31.305953979492188,31.439170683297554,31.214370076237106,31.280976840071414,26002100
2013-11-29,31.74726104736328,31.88047785253086,31.48915209779022,31.48915209779022,22090400
2013-12-02,32.013675689697266,32.28843379800119,31.688960118002946,31.713937261629496,42950400
2013-12-03,31.89711570739746,32.0469849414289,31.705616836387883,31.755571130306556,52109800
2013-12-04,32.42164993286133,32.45495490784743,31.738913826332325,31.813848431982446,51983600
2013-12-05,31.639013290405273,32.37170711908077,30.956276941913913,32.346726790919526,116305000
2013-12-06,31.938739776611328,32.09693364000595,31.63067670531141,31.98869406182165,36457300
2013-12-09,32.23016357421875,32.36338034962319,31.947077529467006,32.10527463385497,30286000
2013-12-10,31.730600357055664,32.388359552302106,31.655665724987863,32.14690316273493,37828600
2013-12-11,31.314287185668945,31.888783723925723,31.13111299544042,31.68896022198306,39853400
2013-12-12,30.989578247070312,31.339271038399865,30.956273264237602,31.339271038399865,36012800
2013-12-13,30.548294067382812,31.181076013918688,30.490011937588438,31.156095689622624,40066100
2013-12-16,30.714813232421875,30.806400336197992,30.42340260780477,30.581596493148687,31734200
2013-12-17,30.40673828125,30.897975411610545,30.248544457489825,30.75643089465766,45687700
2013-12-18,30.45671272277832,30.473362038874757,29.5824743492231,30.27353848433618,63192100
2013-12-19,30.18194580078125,30.431726785973996,30.040404407089124,30.39842180764495,34160100
2013-12-20,30.639877319335938,30.74811690795044,30.131987529841886,30.14031536227087,62649100
2013-12-23,30.49001121520996,30.71481507172123,30.431729086796427,30.64820828616481,25128700
2013-12-24,30.873014450073242,30.947945898372794,30.50666598565041,30.573275952322938,14243000
2013-12-26,31.1727352142334,31.21436801203051,30.947931445902476,30.972911759808053,17612800
2013-12-27,31.047849655151367,31.322607728275926,30.94793474116345,31.289305933083504,14563000
2013-12-30,31.047849655151367,31.12278425257386,30.723134125032846,30.989567543393523,16290500
2013-12-31,31.147768020629883,31.289312590828864,30.989574137360485,31.139443364094674,17503500
2014-01-02,30.939605712890625,31.139432336482816,30.88964826295847,31.097799540137803,30632200
2014-01-03,30.731460571289062,30.98956934993232,30.473351792645808,30.97291686329691,31134800
2014-01-06,30.08203125,30.71480989883556,30.065378762381005,30.681504923597572,43603700
2014-01-07,30.315155029296875,30.381764969456565,30.14863335503441,30.248548265273946,35802800
2014-01-08,29.773967742919922,30.09035868462545,29.62410169278314,29.973794436664875,59971700
2014-01-09,29.58247184753418,29.898862820958644,29.474235421369855,29.873885672788088,36516300
2014-01-10,30.007104873657227,30.098691992612142,29.76564850116484,29.89054060449211,40548800
2014-01-13,29.124528884887695,29.99043903643052,28.99964001327116,29.965461897334553,45901900
2014-01-14,29.790616989135742,29.873879425856348,28.83312278787774,28.916382048461152,41623300
2014-01-15,30.606571197509766,30.631551517725224,29.848900457812622,29.89053326612594,44812600
2014-01-16,30.714813232421875,30.806400336197992,30.23190374360816,30.54829151429599,38018700
2014-01-17,30.290180206298828,30.664853208008942,30.098681377899656,30.664853208008942,46267500
2014-01-21,30.115337371826172,30.6565321806457,30.02375344098171,30.6565321806457,31567300
2014-01-22,29.915512084960938,30.240227680704322,29.765642859827445,30.190270213613985,21904300
2014-01-23,30.02374839782715,30.08203051500099,29.574140771511367,30.048725540576747,43954000
2014-01-24,30.648210525512695,31.264336835513173,30.415078818686712,31.181077553449764,76395500
2014-01-27,29.99876594543457,30.71480696394528,29.95713631843354,30.698154477917477,44420800
2014-01-28,30.198596954345703,30.298508708776474,29.765641783629153,30.073704879204183,36205500
2014-01-29,30.523311614990234,30.706485806019966,29.89053295455429,29.957139730114083,52745900
2014-01-30,30.689838409423828,30.70649090011069,30.16529606927012,30.63155628008873,35036300
2014-01-31,31.50579071044922,31.547420348191277,30.440056738791192,30.764772359772138,93162300
2014-02-03,30.373443603515625,31.630679494455897,30.331813970123797,31.422528151359323,64063100
2014-02-04,30.265199661254883,30.964588200477422,30.181940406450504,30.781417204680388,54697900
2014-02-05,29.823928833007812,30.36512367986204,29.80727634182821,30.215254435383574,55814400
2014-02-06,30.123661041259766,30.18194316016773,29.715683032766755,29.807270127089918,35351800
2014-02-07,30.4400577545166,30.465034902767723,29.982122195660217,30.24023104009401,33260500
2014-02-10,30.639877319335938,30.639877319335938,30.215249973444376,30.498335929417905,26767000
2014-02-11,30.947938919067383,31.022873526605885,30.68983329676378,30.70648578467648,32141400
2014-02-12,31.197715759277344,31.305952141169417,31.05617123321888,31.097800855187874,27051800
2014-02-13,31.314287185668945,31.522438519605977,31.081158708023406,31.081158708023406,37635500
2014-02-14,31.32261085510254,31.455827577581434,31.081157729203863,31.131112015047698,31407500
2014-02-18,31.389728546142578,31.69171470296605,31.38134146398861,31.565889270926295,32834000
2014-02-19,31.465211868286133,31.66653695491955,31.21355790995963,31.221948188544275,29750400
2014-02-20,31.666545867919922,31.76720683959225,31.372950033894558,31.515552810434137,27526100
2014-02-21,31.859474182128906,32.169847314300455,31.758813231145634,31.825919465149838,38021300
2014-02-24,31.616212844848633,31.859479785803522,31.49038743397695,31.616212844848633,32085100
2014-02-25,31.490381240844727,31.75042229214397,31.33099793848313,31.549100394360934,30736500
2014-02-26,31.431657791137695,31.658147295151622,31.1967780092232,31.52393164832338,41041800
2014-02-27,31.75881576538086,31.78398020514622,31.230340130628907,31.414887888786076,33903400
2014-02-28,32.13629913330078,32.26212453510315,31.725261807522795,31.859477489417884,41215000
2014-03-03,31.691722869873047,31.985322020202588,31.448459025258796,31.80916125002252,29717500
2014-03-04,32.220176696777344,32.27889584660595,31.93496802620113,32.04401924729154,26802400
2014-03-05,31.968538284301758,32.10275400630537,31.81754519705329,32.08597664106051,20520100
2014-03-06,32.0020866394043,32.07758316798827,31.783984134626326,31.993696358475752,23582200
2014-03-07,31.7923641204834,32.17823371942412,31.61620347752911,32.11112429354562,26591600
2014-03-10,31.725255966186523,31.884636059105755,31.641372380429807,31.867861901917358,19006600
2014-03-11,31.893024444580078,32.06918188418522,31.641370502293665,31.76719587346013,25216400
2014-03-12,32.102745056152344,32.23696074073701,31.700098002398345,31.708485082704865,30494100
2014-03-13,31.783973693847656,32.253730072942844,31.57426153888698,32.22856243837916,32169700
2014-03-14,31.62460708618164,31.99369948423299,31.465223732513522,31.582665277304994,27195600
2014-03-17,31.91819953918457,32.22018565077003,31.70010023634761,31.792374125993668,20479600
2014-03-18,33.17647171020508,33.47007073062196,32.06080439249339,32.09435591486449,64063900
2014-03-19,32.94158172607422,33.17645828741598,32.63959574723301,33.109352069869686,35597200
2014-03-20,33.830772399902344,34.099203750066586,32.916427113419736,32.92481419313245,59269800
2014-03-21,33.68815994262695,34.34246083236414,33.56233137154511,34.15791631471853,80721800
2014-03-24,33.973384857177734,34.09082320641962,33.43652200352625,33.83916914376486,46098400
2014-03-25,33.839149475097656,34.3844022938894,33.52038614103695,34.10758074590041,43193100
2014-03-26,33.37779235839844,34.14953166844154,33.21840904874961,33.956596840930764,41977500
2014-03-27,33.01708984375,33.528788132479775,33.000312483469024,33.33585328917998,35369200
2014-03-28,33.80559539794922,34.090804028500685,33.28551020104474,33.377784052098626,43472700
2014-03-31,34.3844108581543,34.812222302567555,33.889489979348554,33.91465441726876,46886300
2014-04-01,34.7451057434082,34.88771166227276,34.45151002803016,34.51861944866131,32605000
2014-04-02,34.686378479003906,34.94642262313399,34.53538551788999,34.76187495956086,28666700
2014-04-03,34.401180267333984,34.63606005532598,34.14952632301369,34.63606005532598,30139600
2014-04-04,33.444915771484375,34.71996690377495,33.25198084488165,34.60252853105639,51409600
2014-04-07,33.38618850708008,33.780448548631554,33.33585961663854,33.520404214849,37559600
2014-04-08,33.402957916259766,33.49523179336916,32.88287257249808,33.3442387580909,35918600
2014-04-09,33.94821548461914,34.01532173161017,33.45329451323638,33.495236317600096,27398700
2014-04-10,33.01708984375,34.132757102823504,32.79060027988825,33.923044899242726,45960800
2014-04-11,32.89125061035156,33.377784301377254,32.71509318427119,32.71509318427119,34330200
2014-04-14,32.86609649658203,33.05903133809377,32.6312198547337,32.80737733611995,32006600
2014-04-15,33.344242095947266,33.520399588087734,32.757047255524604,33.00031419226398,33968700
2014-04-16,33.889495849609375,33.90627001115912,33.47845849264134,33.604287103946014,30615800
2014-04-17,33.562339782714844,33.72172310602256,33.142915373933356,33.562339782714844,36688400
2014-04-21,33.503623962402344,33.67978466362226,33.377798547193386,33.66300730160347,22221200
2014-04-22,33.545555114746094,33.6713804779953,33.41133947397497,33.52038748213362,27056700
2014-04-23,33.293914794921875,33.545572048362025,33.109370195675304,33.545572048362025,24602800
2014-04-24,33.4365119934082,33.52878586874645,32.96675553711986,33.33585103847287,42381600
2014-04-25,33.478458404541016,34.124372420959894,33.34424271281466,33.79722187237405,56876800
2014-04-28,34.283756256103516,34.636074484892326,33.62945508829482,33.671396896495786,50610200
2014-04-29,33.98175048828125,34.552167710198425,33.88108956675263,34.47667121906371,29636200
2014-04-30,33.889495849609375,33.97337945717616,33.69655779228766,33.889495849609375,35458700
2014-05-01,33.553951263427734,33.85593733679125,33.51200946433928,33.75527637898813,28787400
2014-05-02,33.293914794921875,33.83916791076901,33.26875034955982,33.814003465406955,43416600
2014-05-05,33.0758056640625,33.25196312928922,32.9667544332276,33.15130217772452,22460900
2014-05-06,32.765445709228516,33.0087095066942,32.673171799865045,32.958380610645214,27112400
2014-05-07,33.06741714477539,33.14291366245564,32.30406488821025,32.899649949889614,41744500
2014-05-08,33.2519645690918,33.47006704020539,32.6899374319031,33.00031057930649,32120400
2014-05-09,33.168087005615234,33.42812812238031,33.025481025493214,33.168087005615234,29647600
2014-05-12,33.528785705566406,33.57072750325583,33.26035436040922,33.3358508762318,22782600
2014-05-13,34.14546585083008,34.213048728465644,33.66394912652807,33.7230825331947,27004800
2014-05-14,33.9933967590332,34.17079690564733,33.832889102311015,34.044080673764306,18818700
2014-05-15,33.452754974365234,34.128570810234216,33.37672585395641,33.86669201270855,37793200
2014-05-16,33.64706039428711,33.655506643672084,33.17398986549503,33.5118946238928,29867100
2014-05-19,33.5794677734375,33.63860116957587,33.33448471941944,33.46120098116076,24537400
2014-05-20,33.52034378051758,33.739981710283764,33.33449407050282,33.52034378051758,21320900
2014-05-21,34.086334228515625,34.086334228515625,33.57102926094961,33.621713199300515,22398700
2014-05-22,33.87513732910156,34.08632896637159,33.66394569183153,34.035645035845114,20201800
2014-05-23,33.89203643798828,34.10322809638993,33.7906653442636,34.10322809638993,18020000
2014-05-27,33.951141357421875,34.01027471435546,33.63013262621849,34.01027471435546,26160600
2014-05-28,33.79911422729492,33.95117249099922,33.63860971450893,33.9089348005323,25711500
2014-05-29,34.077880859375,34.08632710649234,33.714631005288545,33.91737638391782,19888200
2014-05-30,34.58474349975586,34.61008868911641,34.00185570492468,34.17080966970337,34567600
2014-06-02,34.45803451538086,34.711463881235204,34.36510966264411,34.59319705867179,18504300
2014-06-03,34.03565216064453,34.36511066814787,34.001860718200774,34.29752778326036,18068900
2014-06-04,34.06098556518555,34.10322324635319,33.67239374239759,33.96806073309962,23209000
2014-06-05,34.812843322753906,34.84663477230394,34.12858419328059,34.28908874484828,31865200
2014-06-06,35.04090881347656,35.1929670186277,34.8381666882937,35.04090881347656,24060500
2014-06-09,34.8635139465332,35.040914138659794,34.65232232089818,34.96488502453005,15019200
2014-06-10,34.72835922241211,34.77059691250467,34.517167549420094,34.66077634024065,15117700
2014-06-11,34.51716613769531,34.69456636234607,34.44113700962655,34.576299545912235,18040000
2014-06-12,34.28062438964844,34.534053682374186,34.03564134358462,34.474920288155786,29818900
2014-06-13,34.82972717285156,35.11694795104325,34.51716442740231,34.71990661052062,26310000
2014-06-16,35.05781936645508,35.15074422254917,34.66922744327009,34.66922744327009,24205300
2014-06-17,35.209861755371094,35.40415762933092,34.07787471651935,34.88040339419888,22518600
2014-06-18,35.18453598022461,35.26056511566142,34.78749458155134,35.15074453724617,27097000
2014-06-19,35.066261291503906,35.28590241928196,34.914206263272334,35.11694844926706,19828200
2014-06-20,35.209861755371094,35.336577996988666,34.956432494663844,35.01556588141128,47764900
2014-06-23,35.47175598144531,35.480202230730214,35.21832338748809,35.25211482968629,18743900
2014-06-24,35.269004821777344,35.42950931235291,35.10850033120177,35.33658769519575,26509100
2014-06-25,35.50553894042969,35.52243465902543,35.02402223930184,35.22676763992195,20049100
2014-06-26,35.24367141723633,35.42951791922702,34.99868827537411,35.421071669262254,23604400
2014-06-27,35.69138717651367,35.725178612336194,35.06625850391182,35.150737093468116,74640000
2014-06-30,35.22675704956055,35.65758646537918,35.22675704956055,35.62379503834654,30793100
2014-07-01,35.37038040161133,35.6069172660885,35.21832213963642,35.36193415262569,26917000
2014-07-02,35.395713806152344,35.395713806152344,35.08314791477835,35.25210184098871,20208100
2014-07-03,35.31123352050781,35.47174119276667,35.10849139690329,35.40415833654653,15969300
2014-07-07,35.47175598144531,35.58157333479553,35.23521910858719,35.269010550785396,21952400
2014-07-08,35.29435348510742,35.480203199744054,35.150744685636845,35.37038262086519,31218200
2014-07-09,35.201419830322266,35.47174808520175,35.08315303148482,35.46329861526846,18445900
2014-07-10,35.21831130981445,35.48019006324858,34.67766131016946,34.947986309991954,21854700
2014-07-11,35.55622863769531,35.55622863769531,35.04092046254292,35.226770157851405,24083000
2014-07-14,35.59846496582031,35.860343778973956,35.513989592559874,35.6660478424518,21881100
2014-07-15,35.86035919189453,35.87725491831425,35.505555382141004,35.758988055906514,28748700
2014-07-16,37.237308502197266,37.43160440859136,35.88568018191492,35.91102214545768,63318000
2014-07-17,37.61744689941406,38.61427151288968,37.3809133377514,38.39463366599265,82180300
2014-07-18,37.75262451171875,37.87934081193602,37.38092830562649,37.71883629118628,43407500
2014-07-21,37.879337310791016,38.14966238524125,37.355582881859824,37.642803676279335,37604400
2014-07-22,37.87089157104492,38.141216649128246,37.66814615121787,38.0145003589202,43095800
2014-07-23,37.90468215942383,38.394648408172486,37.69349047755548,38.394648408172486,52362900
2014-07-24,37.507633209228516,38.0144918110309,37.44005034363972,37.95535841490491,30725300
2014-07-25,37.592105865478516,37.727268364408324,37.42315193618422,37.42315193618422,26737700
2014-07-28,37.14438247680664,37.60055391853393,37.11059104481845,37.4738408823707,29684200
2014-07-29,37.0767936706543,37.245747580989246,36.86560208836757,37.09368938394057,27763100
2014-07-30,36.8149299621582,37.25420575818182,36.5699468748355,37.22886379139976,31921400
2014-07-31,36.46012496948242,36.907850219601855,36.39254531971379,36.64597464577142,31537500
2014-08-01,36.20669174194336,36.53615015257009,35.98705065317329,36.50235872006264,31170300
2014-08-04,36.63751220703125,36.721990767500394,36.16444515851439,36.299607632737434,34277400
2014-08-05,36.39254379272461,36.7135527550817,36.18135215944982,36.58683970863398,26266400
2014-08-06,36.105316162109375,36.468562737393114,35.65758779356938,36.105316162109375,24634000
2014-08-07,36.519264221191406,36.7051139272501,36.02930120866745,36.18980572229044,30314900
2014-08-08,36.49391555786133,36.59528664142374,36.248932485267574,36.51925752311977,28942700
2014-08-11,36.49391555786133,36.705107195091394,36.341857321253386,36.54459948837821,20351600
2014-08-12,36.76424026489258,36.8233736649826,36.32496127670343,36.35875271176304,21431100
2014-08-13,37.237308502197266,37.32178386235872,36.76423810671918,36.899400616494574,22889500
2014-08-14,37.39781188964844,37.52452492621144,37.17817080356057,37.23730742099063,19313200
2014-08-15,37.837093353271484,37.93001818644214,37.5076349247781,37.65969315677944,41611300
2014-08-18,38.107421875,38.107421875,37.744171978879365,37.96380987715915,26891100
2014-08-19,38.532447814941406,38.54094681752585,38.10742634727687,38.22643183939791,28139500
2014-08-20,38.20943832397461,38.59195837081414,38.16693681713846,38.540954617016496,24770500
2014-08-21,38.43893814086914,38.46443838833853,38.10742195314269,38.115920954747125,22285500
2014-08-22,38.37944030761719,38.651453790915134,38.31143531546445,38.54944630268603,18294500
2014-08-25,38.39643478393555,38.62594674737156,38.28593154582859,38.5919474970766,16910000
2014-08-26,38.26043701171875,38.591956531618365,38.20093425645248,38.51545252589645,14873100
2014-08-27,38.141422271728516,38.25192875162138,38.047917038177346,38.16692576256913,21287900
2014-08-28,38.14992904663086,38.234932045777434,37.920417057747244,38.03942255361507,17657600
2014-08-29,38.6174430847168,38.62594208560074,38.1329189679368,38.32842841482559,21607600
2014-09-02,38.32842254638672,38.64293741343041,38.124410887194266,38.617437172027095,22976800
2014-09-03,38.217926025390625,38.34543375084598,37.85240733791852,37.85240733791852,33684500
2014-09-04,38.472930908203125,38.481433151031226,38.013910317807266,38.03091156080794,26475500
2014-09-05,39.025474548339844,39.0424757976974,38.34544078732127,38.34544078732127,36939400
2014-09-08,39.501502990722656,39.7820155211219,39.09348270117839,39.11898295594459,45736700
2014-09-09,39.74799346923828,39.926504892770204,39.45897883430019,39.50148356154686,40302400
2014-09-10,39.816009521484375,39.901012514327434,39.3399843306568,39.7990082743845,27302400
2014-09-11,39.95201110839844,39.95201110839844,39.50148946759192,39.73100140988653,29216400
2014-09-12,39.696998596191406,39.96901202721258,39.61199237233736,39.875506802301075,38244700
2014-09-15,39.30598449707031,39.70550244870422,39.186975769133454,39.56099671447959,37667600
2014-09-16,39.74799346923828,39.8244974385647,39.34847562289403,39.433478592076526,27910600
2014-09-17,39.54399871826172,39.68850446436513,39.297485482684266,39.3229857337245,38311900
2014-09-18,39.67999267578125,39.80750037520967,39.49298224799436,39.60348870465529,35556600
2014-09-19,40.39404296875,40.436544469397575,39.61200173767669,39.79051322864714,202522400
2014-09-22,40.00303268432617,40.275046238883625,39.93502767435813,40.207041228915585,38686100
2014-09-23,39.5779914855957,39.93500788302259,39.501487508624834,39.824501417918945,33430300
2014-09-24,40.0200080871582,40.04550832809647,39.390975121887216,39.63748825980796,26582700
2014-09-25,39.13597106933594,40.028515355766814,39.1274688254966,39.85000714701182,33077400
2014-09-26,39.45047378540039,39.628981938905774,38.89794484246858,39.04245375910741,27078800
2014-09-29,39.47600173950195,39.57800924968505,38.897972152426505,39.08498267843832,26091000
2014-09-30,39.40797805786133,39.50998226865561,39.11046118261618,39.41647705765444,33033100
2014-10-01,39.016963958740234,39.55248856252168,38.974459226639915,39.33147887181668,38088400
2014-10-02,38.89796447753906,39.18697921405181,38.795960230139436,38.95747046806678,25119400
2014-10-03,39.178462982177734,39.356971147290885,38.770442929352626,39.08495777874081,32453200
2014-10-06,39.178462982177734,39.356971147290885,39.033954056141994,39.203963222149575,20604000
2014-10-07,38.70246505737305,39.04248362739909,38.60895978848301,38.98298086404315,25723700
2014-10-08,39.76499557495117,39.858500788675286,38.5409352818081,38.65994073830952,33031000
2014-10-09,38.974456787109375,39.78199800663205,38.88095481324631,39.5269858432711,34422800
2014-10-10,37.4273796081543,39.20396900767044,37.359377877309,38.761946407881354,51978100
2014-10-13,37.1043701171875,37.87790894799246,36.96836339669397,37.24887583904988,37100200
2014-10-14,37.1723747253418,37.724903893989,37.02786899232541,37.29138020962735,38115700
2014-10-15,36.738853454589844,36.88335918434532,35.786803116476825,36.55184298770047,60218700
2014-10-16,36.33082962036133,36.61984429348875,35.888806988363164,36.15231817324156,49040400
2014-10-17,37.087364196777344,37.350875360522885,36.37332819352951,36.72184557352812,40683300
2014-10-20,37.46989059448242,37.52089109046834,36.39033577981311,36.60284649350417,34527900
2014-10-21,38.14992904663086,38.234932045777434,37.56339732748721,37.70790631722426,36433800
2014-10-22,37.72490310668945,38.31143151385181,37.597395380383816,38.251928772950826,33570900
2014-10-23,38.268924713134766,38.634443352363455,37.85240234192449,37.928906318569,45451900
2014-10-24,39.21248245239258,39.867015917367105,38.404940995987296,39.807513169883656,61076700
2014-10-27,39.025474548339844,39.18698155325152,38.85546529742101,38.85546529742101,30371300
2014-10-28,39.51850509643555,39.527004100655816,38.90647302754932,38.982977036160094,29049800
2014-10-29,39.62900924682617,39.697014252730646,39.390998211474844,39.47600122619827,30276100
2014-10-30,39.14447784423828,39.373989833640415,38.90646685196492,39.373989833640415,30073900
2014-10-31,39.909515380859375,39.92651662822407,39.509994174429906,39.90101313584884,35849700
2014-11-03,40.3260383605957,40.34303960954922,39.7225086147008,39.85851536367228,23130400
2014-11-04,40.436527252197266,40.57253394195411,40.16451387268358,40.20701535523473,21530800
2014-11-05,40.68305969238281,40.717062191617984,40.17303193182561,40.63205594353005,22449600
2014-11-06,41.3970947265625,41.533101476784054,40.62355572667927,40.68305847723516,33037800
2014-11-07,41.38008499145508,41.58409345362214,41.04856880844158,41.58409345362214,28000600
2014-11-10,41.55860137939453,41.779614373305115,41.269586632273764,41.35459287710733,36370100
2014-11-11,41.54161071777344,41.60961573097213,41.35460341679204,41.52460946447376,23445200
2014-11-12,41.465087890625,41.58409336708414,41.244078183294604,41.27808067447037,22722100
2014-11-13,42.170631408691406,42.20463390504215,41.40559145408234,41.4905976949592,26210400
2014-11-14,42.1451301574707,42.544648130811794,41.98361992496628,42.28113689698912,29081700
2014-11-17,42.043121337890625,42.255632064316664,41.771107867477795,42.00061984113668,30318600
2014-11-18,41.69241714477539,42.19710593488766,41.65820018131813,42.026024380710595,23995500
2014-11-19,41.247596740722656,41.7009599793807,40.99952870846851,41.62397346120212,26177500
2014-11-20,41.65819549560547,41.65819549560547,40.948208267718215,41.05941175489153,21510600
2014-11-21,41.042293548583984,41.95757579099444,40.69157795348379,41.93191470892383,42884800
2014-11-24,40.70867919921875,41.05939473203055,40.53759773521379,41.05084212722868,35434200
2014-11-25,40.60603332519531,41.03373537155092,40.58892485176817,40.768558928091686,28008000
2014-11-26,40.845550537109375,41.05084898081213,40.443509519041676,40.62314688094711,27163600
2014-11-28,40.89688491821289,41.23049210705384,40.725803388186854,41.016641010298486,21534400
2014-12-01,41.58975601196289,41.72662056897663,40.811338232114416,40.956758659440005,31191600
2014-12-02,41.452880859375,41.957569396194955,41.230477234740874,41.77793532286267,25773500
2014-12-03,41.12782669067383,41.48709481140892,40.89686721458382,41.43576939568647,23534800
2014-12-04,41.77793502807617,41.96612496820551,41.23047694381726,41.3930025428605,30320400
2014-12-05,41.41866683959961,41.88914172648489,41.384453154005264,41.76082980040566,27313400
2014-12-08,40.80277633666992,41.35878704535943,40.58892531107218,41.28180054561993,26663100
2014-12-09,40.70867919921875,40.990960841185554,40.2467602253376,40.298085643471346,24330500
2014-12-10,40.11845779418945,40.76856354246455,39.9473763036619,40.70013290411834,30431800
2014-12-11,40.34941482543945,40.83699822485498,39.930268591894915,40.2724315794933,29060400
2014-12-12,40.16123580932617,40.828450173485585,39.92172036690049,40.015815369663216,34248400
2014-12-15,39.92170715332031,40.77711123987724,39.81905957660362,40.37507353810867,29247800
2014-12-16,38.63004684448242,39.63942388654315,38.60438576712566,39.263047278511564,47801400
2014-12-17,39.126190185546875,39.30582428734744,38.40765051523648,38.53595918947627,34970900
2014-12-18,40.64882278442383,40.64882278442383,39.63944519964689,39.84474371820714,40105600
2014-12-19,40.76856231689453,41.144938974254245,40.34941284085774,40.742901236174625,64551200
2014-12-22,41.042293548583984,41.16204961572433,40.81133402062414,40.87121205419431,26566000
2014-12-23,41.4443473815918,41.74373764198571,41.17061821120048,41.37591345743942,23648100
2014-12-24,41.17915344238281,41.606855498515756,41.12783128403581,41.606855498515756,11437800
2014-12-26,40.956756591796875,41.41011980218467,40.90543116184215,41.41011980218467,13197800
2014-12-29,40.58892059326172,40.87120221742403,40.42639174430988,40.80277159400271,14439500
2014-12-30,40.22111892700195,40.73436030830142,40.06714585999029,40.580387241289756,16384700
2014-12-31,39.73352813720703,40.58037651890278,39.73352813720703,39.97304028344692,21552500
2015-01-02,39.998687744140625,40.56325422736183,39.810501091804994,39.91314865336144,27913900
2015-01-05,39.63089370727539,39.97305356370707,39.56245977812345,39.66510740874202,39673900
2015-01-06,39.049198150634766,39.9901413476903,38.95510317830768,39.67364274695092,36447900
2015-01-07,39.545326232910156,39.742068759867045,38.91232910498054,39.33147523450823,29114100
2015-01-08,40.70867919921875,40.84554371780122,39.964478583370806,39.99013966088392,29645200
2015-01-09,40.366519927978516,40.90542544632552,40.11845520896223,40.72579136124579,23944200
2015-01-12,39.861839294433594,40.66592142925426,39.656544088642946,40.56327056325048,23651900
2015-01-13,39.65653610229492,40.982411854964695,39.39991551518268,40.17833314518425,35270600
2015-01-14,39.31437683105469,39.553892229515114,39.023539268223395,39.31437683105469,29719600
2015-01-15,38.903778076171875,39.6736430714099,38.84390005022088,39.53677854593511,32750800
2015-01-16,39.55390548706055,39.588119187072714,38.638619670664376,38.75837904158919,35695300
2015-01-20,39.68219757080078,39.904604474755814,38.98076643637244,39.60521106760216,36161900
2015-01-21,39.28015899658203,39.46834896333392,38.90378232618628,39.29726747202384,39081100
2015-01-22,40.315208435058594,40.32376104289811,39.417034508909744,39.673655164508176,35898000
2015-01-23,40.35797882080078,40.537612957060105,40.03292424344433,40.51195186991127,26211600
2015-01-26,40.212547302246094,40.31519814878141,39.55388898407092,40.20399469658874,42525500
2015-01-27,36.49155044555664,36.95346959042528,36.02107869272024,36.73961849703521,169164000
2015-01-28,35.234092712402344,36.60274119173798,35.20843163431919,36.559971640563525,84507100
2015-01-29,35.93552780151367,36.02962278245648,34.891936931412964,35.01169299330092,63585300
2015-01-30,34.55833435058594,35.56771166592927,34.5155615259342,35.54204731851655,78004900
2015-02-02,35.31108474731445,35.38807125674468,34.41291097936716,34.720857017088086,50352500
2015-02-03,35.584815979003906,35.86710095163727,35.114344287723256,35.610480325766765,52082400
2015-02-04,35.790103912353516,36.106602482413784,35.37951037908705,35.87564300811877,41614800
2015-02-05,36.311912536621094,36.47443817598829,35.807223878144825,36.11516994272131,36548200
2015-02-06,36.277687072753906,36.60274153835155,36.05528344667612,36.50864656701216,34616600
2015-02-09,36.234928131103516,36.5599826918802,36.106616175686554,36.13228052463509,31381100
2015-02-10,36.440216064453125,36.58563646908259,36.08094788202961,36.55997538836889,29670700
2015-02-11,36.25203323364258,36.48299277402143,36.106612813504064,36.48299277402143,38262500
2015-02-12,36.859371185302734,36.859371185302734,36.36323512813644,36.491547077571425,33268800
2015-02-13,37.52657699584961,37.52657699584961,36.910688262064994,37.10743081371499,40264900
2015-02-17,37.5438232421875,37.905648307685524,37.207838598942075,37.879804599101725,33695700
2015-02-18,37.500732421875,37.647187718878136,37.38012411041948,37.58688356315038,27111700
2015-02-19,37.47489929199219,37.500742998498694,37.08722726273987,37.19922213481964,27603400
2015-02-20,37.7850227355957,37.80225296224427,37.293972778265505,37.483498698740334,29721100
2015-02-23,38.03486251831055,38.06931969109935,37.60411663831306,37.64719056904676,32518800
2015-02-24,37.98317337036133,38.16408585857945,37.83671805632971,38.03486406113667,25271700
2015-02-25,37.89703369140625,37.983181574976605,37.73334811175903,37.862573223445665,29759800
2015-02-26,37.95733642578125,38.10378847955571,37.81088108567581,37.89703225230577,28957300
2015-02-27,37.77641677856445,38.07794090161903,37.61273450810441,38.01763673427424,33807700
2015-03-02,37.80227279663086,38.06933323398271,37.51797883725852,37.621356965061445,31924000
2015-03-03,37.28535842895508,37.75918147655689,37.12167619472076,37.52657833127871,31748600
2015-03-04,37.09584045410156,37.225062260534806,36.94077165731717,37.05276323229319,25748700
2015-03-05,37.13892364501953,37.25091853423657,36.88909015612439,37.104463173517146,23193500
2015-03-06,36.492801666259766,37.138920666621786,36.31188913487789,37.0441560207557,36248800
2015-03-09,36.91493225097656,37.15615225460466,36.34634764139747,36.34634764139747,32108000
2015-03-10,36.20849609375,36.794310728744335,36.20849609375,36.48417318241438,39159700
2015-03-11,36.16543197631836,36.50141331388235,36.04482362809857,36.44972589969159,32215300
2015-03-12,35.3383903503418,35.881131047995176,35.200551808149044,35.60545396360967,59992500
2015-03-13,35.64853286743164,35.72606726363241,34.985183763565225,35.062718159765986,58007700
2015-03-16,35.8036003112793,35.87251794623388,35.56238037311225,35.72606591799889,35273500
2015-03-17,35.9242057800293,36.036200625044884,35.450385986035855,35.639911931835144,31673400
2015-03-18,36.6134147644043,36.897708738837665,35.60547057068222,35.69161846735994,44194800
2015-03-19,36.432491302490234,36.69093820148165,36.37218713560326,36.40664431215966,33879100
2015-03-20,36.94076919555664,37.026917060771176,36.60478792035738,36.66509208327364,71904500
2015-03-23,36.92353057861328,37.156133705456654,36.854609673031696,36.94076080500868,26246100
2015-03-24,36.95800018310547,37.19060008121658,36.82877509630554,36.854618799133334,25513300
2015-03-25,35.71745300292969,36.98384713399895,35.700222770754436,36.97523037474595,43469900
2015-03-26,35.50208282470703,35.846680922674786,35.25224936799696,35.51069958463829,37495600
2015-03-27,35.29531478881836,35.69160016849334,35.17470648077205,35.42453656758372,34401400
2015-03-30,35.286705017089844,35.78637186228656,35.24363108230785,35.40731334901165,35049700
2015-03-31,35.02825164794922,35.3470026500193,34.92487356631324,35.1316297295852,34887200
2015-04-01,35.07994842529297,35.114405600936834,34.72673690588166,34.976567039369755,36865300
2015-04-02,34.70950698852539,35.09717897341405,34.56305166697609,35.02825804884249,37487500
2015-04-06,35.79500198364258,35.99314480486417,34.61475853274347,34.75259715995554,39223700
2015-04-07,35.77775192260742,36.105119713240015,35.58822596915089,35.846672841195456,28809400
2015-04-08,35.6829833984375,35.91558654372626,35.35561892995398,35.717443853961,24753400
2015-04-09,35.73467254638672,35.85528084920714,35.53652986513463,35.53652986513463,25723900
2015-04-10,35.941436767578125,36.13957947520002,35.674373142698066,35.8639023788278,28022000
2015-04-13,35.97589874267578,36.234348930566895,35.657147673628906,35.66576443260162,30276700
2015-04-14,35.881141662597656,36.20850624319236,35.65715191131597,36.010363485569975,24244400
2015-04-15,36.406646728515625,36.57894576805582,35.90698312881299,35.97590077283056,27343600
2015-04-16,36.32050323486328,36.475572060529196,36.0275958181978,36.139590700363456,22509700
2015-04-17,35.855289459228516,35.95867084618249,35.459004001563315,35.89836339396072,42387600
2015-04-20,36.966609954833984,37.1905963583578,35.90697552266987,35.950049451847896,46057700
2015-04-21,36.734012603759766,37.17337529532637,36.639247972781455,37.0441502010231,26013800
2015-04-22,37.03553771972656,37.15614605826172,36.65647918566665,36.7598572920781,25064300
2015-04-23,37.337059020996094,37.56966222800407,36.871852606980134,36.949387009316126,46309500
2015-04-24,41.23960876464844,41.47221192932144,39.32709933233182,39.335712803765546,130933700
2015-04-27,41.37744903564453,41.46360018522176,40.67964279888576,40.688256270678316,59248200
2015-04-28,42.35093688964844,42.39401082251773,41.09315964641476,41.16207728173954,60730800
2015-04-29,42.264793395996094,42.480166368952254,41.78235675349522,41.97188602132248,47804600
2015-04-30,41.9029541015625,42.67829791536744,41.86849364620897,41.954644784592794,64725500
2015-05-01,41.920188903808594,42.10971814260562,41.696202492227776,41.85127127191075,38937300
2015-05-04,41.558372497558594,42.101110051849965,41.506681798246156,41.670364083239136,34039500
2015-05-05,41.00700759887695,41.48944418093716,40.75717747915843,41.196536842959596,50369200
2015-05-06,39.869842529296875,41.15346685634492,39.645856089996286,40.9811678257818,52433000
2015-05-07,40.23167037963867,40.56765167805972,39.76646398813386,39.86122861821787,32971700
2015-05-08,41.13623046875,41.33437317403043,40.93808776346957,40.96393146397088,35364900
2015-05-11,40.808860778808594,41.274067084045626,40.808860778808594,40.963929547220935,24609400
2015-05-12,40.79164123535156,41.07593514735135,39.99045348413692,40.36089527389556,29928300
2015-05-13,41.03285598754883,41.62728415564537,40.98116529567199,41.515289299744126,34184600
2015-05-14,41.97188186645508,42.05802973257732,41.377450416688156,41.377450416688156,32980900
2015-05-15,41.61005401611328,42.135564549188295,41.39468106231732,42.10110408786163,28642700
2015-05-18,41.3602180480957,41.54113381572873,41.015623315090025,41.334374346861104,24136500
2015-05-19,41.25617599487305,41.45560645363879,40.90933840103531,41.238833784412314,28574800
2015-05-20,41.25617599487305,41.55965640871474,40.98737669426438,41.09142664934033,25047900
2015-05-21,41.117427825927734,41.27350437258516,40.76192087136086,40.99603569134698,22410700
2015-05-22,40.66654586791992,41.05673394767974,40.59717704006801,41.01338008411617,25720600
2015-05-26,40.39773941040039,40.64919640494604,40.05090194842796,40.605842549121284,29581900
2015-05-27,41.28218460083008,41.42091896655775,40.42376343885446,40.5971822229361,27335600
2015-05-28,41.14345169067383,41.637693092794436,41.09142506130228,41.18680556130597,19283700
2015-05-29,40.631866455078125,41.24749999344278,40.39775159379406,41.126107837448416,36519600
2015-06-01,40.95269012451172,41.42091985931762,40.42376431012227,40.805286304862605,28837300
2015-06-02,40.683876037597656,41.05672513807949,40.42374960434422,40.6925487930621,21498300
2015-06-03,40.623191833496094,41.394905218343546,40.59718017488695,41.074079326286686,28002200
2015-06-04,40.198326110839844,40.891998021892455,40.05959172862932,40.57117538322223,27745500
2015-06-05,40.00756072998047,40.337056092164815,39.74743420517734,40.15496785557145,25438100
2015-06-08,39.65206527709961,40.25902955052933,39.60003863388363,40.14630681073929,22121600
2015-06-09,39.58269119262695,39.83414497806454,39.41794184514303,39.67806838975792,24406100
2015-06-10,40.41508865356445,40.60584962164379,39.61736367515902,39.70407470959861,28417400
2015-06-11,40.2676887512207,40.68389186791039,39.998892765599976,40.458449753419934,27347800
2015-06-12,39.86016082763672,40.29370618079287,39.799464742809946,40.07693350421479,23931000
2015-06-15,39.43526840209961,39.582675480404625,39.03640763817078,39.409256750269904,33254500
2015-06-16,39.738773345947266,40.09428044516677,39.27921296815941,39.32256684705176,27070300
2015-06-17,39.86016082763672,39.94686857519253,39.33123496755605,39.65205760273881,28704100
2015-06-18,40.51048278808594,40.57984833132339,40.03358020718968,40.076937392863066,32658300
2015-06-19,39.972869873046875,40.605848835290764,39.877492698541985,40.57116442218661,63837000
2015-06-22,40.085601806640625,40.51047769593542,40.024905723554006,40.17231285939898,20318100
2015-06-23,39.808128356933594,40.12895094507018,39.55667129513202,39.998889342809,25896500
2015-06-24,39.57402038574219,40.1029462602426,39.49598208773904,39.60003204918036,34890900
2015-06-25,39.58269119262695,39.93819824206128,39.45262626647527,39.91218327221786,20616000
2015-06-26,39.24449920654297,40.128931567123395,39.045068866562055,39.58266714757473,49835300
2015-06-29,38.47280502319336,39.21850339142358,38.46413557347134,39.05375738520278,34081700
2015-06-30,38.28205108642578,38.77629246088457,38.09995954766087,38.767619702630554,35945400
2015-07-01,38.54218292236328,39.21851262123576,38.2386991876649,38.550852374125604,28343900
2015-07-02,38.49882507324219,38.80230546891821,38.20401412843338,38.56819060324461,21752000
2015-07-06,38.490142822265625,38.56818109157773,38.10862423212167,38.11729368085083,23034000
2015-07-07,38.41211700439453,38.57686635283948,37.56236852292858,38.4468014259291,36435800
2015-07-08,38.36008834838867,38.93236799341804,38.177996814484025,38.53350381658276,39785900
2015-07-09,38.60287857055664,39.20984272539048,38.585536359539844,38.80230903571703,32424700
2015-07-10,38.68092346191406,39.14048055531014,38.646239033966296,39.027757818324446,25465800
2015-07-13,39.487308502197266,39.55667403333393,38.975724892772305,39.00173655348752,28178300
2015-07-14,39.55665969848633,39.851470541279944,39.28786381466872,39.40925593093307,22880300
2015-07-15,39.67805862426758,39.79078131201004,39.39192048792153,39.608693106363674,26629600
2015-07-16,40.45844268798828,40.484454344586254,39.8601514324206,39.89483253865531,26271700
2015-07-17,40.42376708984375,40.56250146810162,40.11161391184142,40.363071006086464,29467100
2015-07-20,40.683876037597656,40.86596751779341,40.267673082854756,40.44976456305051,30631900
2015-07-21,40.99604415893555,41.03940133683045,40.30237231256464,40.5624988414927,42781900
2015-07-22,39.487308502197266,40.69256396143024,39.19249755256783,39.40059745366609,59152400
2015-07-23,39.98154067993164,40.08559060648103,39.105777484052375,39.2531845787109,33934000
2015-07-24,39.83413314819336,40.1636284376198,39.7127410172698,39.80812149376331,32333200
2015-07-27,39.32255554199219,39.89483517883449,39.23584780913559,39.83413910429727,39701400
2015-07-28,39.31389236450195,39.574018912264165,38.83699314232314,39.52199558732483,34328900
2015-07-29,40.137638092041016,40.56251077583605,39.2445322261102,39.36592772916946,40945900
2015-07-30,40.649208068847656,41.1000955757148,39.825471341065146,40.111609517762915,39777900
2015-07-31,40.493133544921875,41.07408268596527,40.319714755403986,41.00471715477109,31201500
2015-08-03,40.58850860595703,40.75325461469562,40.27635548818888,40.73591240729874,24125900
2015-08-04,41.22148132324219,41.36888511397026,40.475782997308734,40.53647906498354,33403900
2015-08-05,41.25617599487305,41.975859536706956,41.22149157395158,41.60301028102234,26959700
2015-08-06,40.42376708984375,41.420922707608035,40.1723133032872,41.36889607537815,27368000
2015-08-07,40.52781677246094,40.56249788319393,40.1116103667831,40.22433307280786,19163000
2015-08-10,41.03941345214844,41.17814786237865,40.61453746024321,40.709917987468216,23079900
2015-08-11,40.24167251586914,40.70122945145195,39.79945778830485,40.59717951102881,29237400
2015-08-12,40.52781677246094,40.666551138457486,39.63471119040048,40.050914288390125,30181400
2015-08-13,40.51914596557617,40.83996858220375,40.31104606040252,40.80528746980038,22627200
2015-08-14,40.753257751464844,40.83996548743527,40.3370546649682,40.34572411549,21473400
2015-08-17,41.03071975708008,41.143442441533956,40.38040192072608,40.588505083741886,21099700
2015-08-18,41.257659912109375,41.39730914474301,40.76015931275828,40.882351975125175,23574100
2015-08-19,40.68161392211914,41.091835075373595,40.411042027280956,40.82998980252976,31485500
2015-08-20,39.85242462158203,40.55940050376193,39.85242462158203,40.21027587143869,36238200
2015-08-21,37.59185791015625,39.69532604271584,37.59185791015625,39.53822026273215,70053100
2015-08-24,36.37865447998047,37.26018950146304,34.66795081028173,35.30510054452157,88753700
2015-08-25,35.322566986083984,37.74024733620928,35.25274069620997,37.15546381176705,70616600
2015-08-26,37.277652740478516,37.39111878536197,35.83752061642106,36.666686083529704,63408000
2015-08-27,38.316287994384766,38.359927746095984,37.46966282728868,37.73150466705562,50943200
2015-08-28,38.34246826171875,38.534487150035375,37.87115098830487,37.879880935682564,28246700
2015-08-31,37.984622955322266,38.34247427544812,37.61804168644949,38.01953609131013,34441700
2015-09-01,36.500850677490234,37.172913612342654,36.36120145268325,36.80633231628672,49688900
2015-09-02,37.844966888427734,37.862423453260874,36.553211056269134,36.972158623766575,37671500
2015-09-03,37.967166900634766,38.3861145496535,37.775147979605364,37.888614008350004,28285200
2015-09-04,37.19038009643555,37.5656881124412,36.83252865437214,37.36494250635695,37138800
2015-09-08,38.30756378173828,38.40357324757725,37.70532712715769,37.79260664364758,32469800
2015-09-09,37.59185791015625,38.75269469231355,37.45220869789295,38.58685896371973,33469500
2015-09-10,37.78388595581055,38.2202902657751,37.312568501968684,37.63550675908226,31366600
2015-09-11,37.9497184753418,38.04572795645742,37.478401020501835,37.65296341075745,27132500
2015-09-14,37.565677642822266,37.9147990358633,37.40857185062876,37.90607241607482,23656000
2015-09-15,38.3861083984375,38.65668016839365,37.60058293096708,37.696589046597246,28882200
2015-09-16,38.6654167175293,38.73524299719449,38.26392559795524,38.37739163766105,23372200
2015-09-17,38.621768951416016,39.27637520482985,38.47339313213534,38.65668208401132,32768200
2015-09-18,37.9497184753418,38.394852736968645,37.81879917977558,37.967175047317426,63143700
2015-09-21,38.499576568603516,38.813788105016904,38.054442448851354,38.07189901526316,26177200
2015-09-22,38.316287994384766,38.447207249518414,37.801330933393274,37.862427251688906,28085900
2015-09-23,38.290103912353516,38.551945768755445,37.97589235287127,38.34247361543384,17145200
2015-09-24,38.32501983642578,38.51703876552587,37.766422947589255,37.92352873876204,27905600
2015-09-25,38.35120391845703,39.04072342583227,38.1940981236247,38.822521302954044,29384600
2015-09-28,37.78388595581055,38.48213218585369,37.71405966805591,38.25520340965242,27613800
2015-09-29,37.91480255126953,38.028268596040824,37.57440774645606,37.85370621858508,32763600
2015-09-30,38.6305046081543,38.665417748918195,38.10682081469731,38.29883975939837,34958900
2015-10-01,38.93598937988281,39.058182042379144,38.18537350511927,39.058182042379144,28657900
2015-10-02,39.77388000488281,39.77388000488281,38.33374475937753,38.63922970846953,41839000
2015-10-05,40.69906234741211,40.92599109834319,39.887350154908155,39.93098991514487,34369300
2015-10-06,40.80380630493164,41.179114308427984,40.34121876413421,40.437228252865964,27017200
2015-10-07,40.847442626953125,41.32748670060575,40.10555663399002,41.10928454626359,27711500
2015-10-08,41.41476058959961,41.47585691322189,40.58559191679731,40.63796162111638,33772700
2015-10-09,41.11800003051758,41.493307870302566,40.95216432068267,41.41475498919642,28600600
2015-10-12,41.02199172973633,41.08308804680363,40.58558756239871,41.00453516350287,19769100
2015-10-13,40.92599868774414,41.13547423702634,40.63797355316964,40.63797355316964,19987800
2015-10-14,40.742698669433594,41.10927661988737,40.61177607027153,40.71651548140119,24697800
2015-10-15,41.03071975708008,41.04817632391298,40.611772141589434,41.03071975708008,27189400
2015-10-16,41.46712875366211,41.49331527170151,40.934718386195236,41.03945446985264,26450300
2015-10-19,41.563148498535156,41.79008062034265,41.03946462121167,41.38858609626036,29387600
2015-10-20,41.694068908691406,41.7289820531843,41.03946243220274,41.40604046087605,30802200
2015-10-21,41.19655990600586,41.88607938728256,41.118007011562945,41.824979732049144,25144300
2015-10-22,41.92097854614258,42.72396385530135,41.10054000220789,41.48457442776258,56637100
2015-10-23,46.14537811279297,47.19274883456701,45.60423784951794,45.64787760261275,135227100
2015-10-26,47.3498649597168,47.41096129330478,45.822449961016254,45.848633152696685,64633300
2015-10-27,46.861087799072266,47.45459785344553,46.76508165955621,47.12293301620771,50999900
2015-10-28,47.11420440673828,47.11420440673828,46.136659777993714,46.73016984924943,47000800
2015-10-29,46.57305908203125,46.98328011595281,46.45086643265036,46.73016486823525,30202100
2015-10-30,45.94464111328125,47.12293464255635,45.92718454290306,46.53815118813826,46619800
2015-11-02,46.468326568603516,46.573062657613825,45.927182894799735,46.12792845269459,30285000
2015-11-03,47.262577056884766,47.472049212199,46.17156653691512,46.19774972395443,36596900
2015-11-04,47.48077392578125,47.899721519717616,47.18401896388889,47.2887550299981,37087800
2015-11-05,47.463314056396484,47.742612432914875,47.13164598571866,47.559323497605796,31468500
2015-11-06,47.93463897705078,47.98700868321836,47.096743655369636,47.21020968731606,32851200
2015-11-09,47.27131271362305,47.8910060083618,46.74762889571716,47.61170752821192,32513100
2015-11-10,46.70397186279297,47.245115419876,46.49449972995397,47.192745721916495,55283700
2015-11-11,46.826168060302734,47.306211974098574,46.66033234734632,46.869807810738806,36516300
2015-11-12,46.538143157958984,47.114196563039506,46.42467713482955,46.6777923673876,35361100
2015-11-13,46.119197845458984,46.51196230716756,45.84862603194865,46.31994338599893,36848200
2015-11-16,46.930912017822266,47.03564810237819,46.12792649089323,46.32867536975056,32165200
2015-11-17,46.54429626464844,47.036361427457614,46.438850856667166,46.72003190739884,31551300
2015-11-18,47.31754684448242,47.43177770436502,46.553086001760384,46.57066023804561,29710000
2015-11-19,47.3966178894043,48.02927683650099,47.256027384709704,47.44055514557426,28149200
2015-11-20,47.61627960205078,47.712936179862815,46.80788522751608,47.66900228593223,37147600
2015-11-23,47.61627960205078,47.85352665160542,47.22965664274391,47.66900228593223,28235900
2015-11-24,47.66901397705078,47.83596415570905,47.08029227972263,47.37904417249782,24600000
2015-11-25,47.176944732666016,47.651438940135584,47.176944732666016,47.52842266826021,21005100
2015-11-27,47.38782501220703,47.519630056147136,47.2648087588984,47.27359419758837,9009100
2015-11-30,47.75687789916992,48.29288020799887,47.44933723932141,47.923831416180654,56241400
2015-12-01,48.52134323120117,48.53012867089918,47.712945349366805,47.80960194575436,39952800
2015-12-02,48.5125617980957,49.171580489490765,48.380760070982134,48.60921840914443,47274900
2015-12-03,47.625083923339844,49.004629424688765,47.38783679641494,48.75859685688916,38627800
2015-12-04,49.12763977050781,49.408820771704406,47.53720700903676,47.55478124060429,43963700
2015-12-07,49.039772033691406,49.18036253448775,48.58285206811783,49.02219780209912,30709800
2015-12-08,49.02219772338867,49.29458993277688,48.319245220535656,48.741016722247466,32878000
2015-12-09,48.310462951660156,49.09249792617085,47.897476833998034,48.653152133574515,36373200
2015-12-10,48.565277099609375,48.9079662306042,48.336815444318226,48.67071913562119,31775800
2015-12-11,47.5020751953125,48.4159120290449,47.45813792812315,48.07322279740239,39549500
2015-12-14,48.451053619384766,48.51256176238096,47.168164705546346,47.739315578445215,46768900
2015-12-15,48.50377655029297,49.11886133510053,48.40711993885919,48.90797387815933,39843000
2015-12-16,49.320953369140625,49.42639540746613,48.11714363648501,48.80252526545574,37503300
2015-12-17,48.943111419677734,49.900885175240596,48.79373213937222,49.523047606866335,41280900
2015-12-18,47.56357192993164,49.20672409971772,47.47570076858833,49.00462545654121,84684200
2015-12-21,48.17864990234375,48.635566469552415,47.65143306396655,48.22258380088979,37246300
2015-12-22,48.63557815551758,48.749809000737486,47.888691644951265,48.31925199881558,28322200
2015-12-23,49.048553466796875,49.101276157266874,48.71464979770355,48.94311143779854,27279800
2015-12-24,48.9167366027832,49.171557850600855,48.705852595716834,49.08369007298001,9558500
2015-12-28,49.16279220581055,49.16279220581055,48.310460341600844,48.63557527201335,22458300
2015-12-29,49.69001007080078,49.953616884450426,49.25945305729295,49.46155172615576,27731400
2015-12-30,49.47911071777344,49.892093369552605,49.46153648868517,49.61970119853811,21704500
2015-12-31,48.74980926513672,49.37367949282325,48.697086562762564,49.24187776480151,27334100
2016-01-04,48.152286529541016,48.152286529541016,46.91333182872998,47.73051507308849,53778000
2016-01-05,48.37196350097656,48.6707187271208,47.92383233773114,48.266521465849735,34079700
2016-01-06,47.49327850341797,47.800822562887376,47.13301509519667,47.730525628628435,39518900
2016-01-07,45.84133529663086,47.00121119458946,45.75346748481895,46.30704408467203,56564900
2016-01-08,45.981929779052734,46.81668405835536,45.82376503410352,46.0170748930864,48754000
2016-01-11,45.95557403564453,46.43885378759476,45.217472892903956,46.14009848334399,36943800
2016-01-12,46.377342224121094,46.65852327189896,45.74468654259214,46.359767989642165,36095500
2016-01-13,45.37562942504883,47.510850080619065,45.07687417503655,47.273602968673245,66883600
2016-01-14,46.66729736328125,46.93968953203536,45.314111902186895,45.6919494445956,52381900
2016-01-15,44.804481506347656,45.66559878269596,44.2333306848791,45.08566252099436,71820700
2016-01-19,44.42664337158203,45.41077691137427,43.98729762232488,45.235037941283004,43564500
2016-01-20,44.62873840332031,45.14716647957802,43.14374774573137,43.916997140408,63273000
2016-01-21,44.35634231567383,45.32290488527187,44.198177592502184,44.81326225462062,40191200
2016-01-22,45.946781158447266,45.98192962430485,45.04172659829658,45.173531669291414,37555800
2016-01-25,45.50742721557617,46.26310233604506,45.384410959116884,45.63922891095044,34707700
2016-01-26,45.84133529663086,46.078582410853606,45.296547489124265,45.50743493019188,28900800
2016-01-27,45.00658416748047,45.8677015206742,44.83084517965794,45.70074797386872,36775200
2016-01-28,45.74468994140625,45.87649168187729,45.03294847586874,45.568950935502116,62513800
2016-01-29,48.40711975097656,48.40711975097656,47.44934578530657,48.09079024276374,83611700
2016-02-01,48.07320785522461,48.40711154081059,47.888683457377816,48.222587142963796,44208500
2016-02-02,46.570648193359375,47.67779797744138,46.26310751776492,47.59871561058252,56313800
2016-02-03,45.83255386352539,46.91334413263148,45.04173008030511,46.790327844562206,57559800
2016-02-04,45.69194412231445,46.40368522784159,45.13836770690446,45.77981190485018,46987100
2016-02-05,44.07516860961914,45.69196121754855,43.5479550132705,45.63923851713677,62009000
2016-02-08,43.4161491394043,43.55673965264005,42.34414438101779,43.5391654194928,59290500
2016-02-09,43.30192565917969,44.1454722338991,42.765923188891584,43.073467293322906,46740500
2016-02-10,43.67975616455078,44.27726668695946,43.51280597667922,43.83792091177321,38237000
2016-02-11,43.66218566894531,44.03123789470389,42.62532928259187,42.774708601952554,48878600
2016-02-12,44.37392044067383,44.53208517772664,43.71490182026778,44.15424756720515,34243300
2016-02-16,45.21467208862305,45.21467208862305,44.3650724863492,45.04652322234241,37291200
2016-02-17,46.39173126220703,46.70148350736521,45.5332829494194,45.56868378475339,40789000
2016-02-18,46.18817901611328,46.860781346914585,46.10852882893969,46.31208193305721,27176000
2016-02-19,45.860713958740234,46.26781327480584,45.60406306886961,45.99346535033073,33559100
2016-02-22,46.59526824951172,46.90501701144815,46.267815700026574,46.267815700026574,25008300
2016-02-23,45.29433059692383,46.347480086698084,45.11732980321143,46.320931149244494,28895300
2016-02-24,45.45362091064453,45.577520426010175,44.42702058560387,44.860668889383625,33014500
2016-02-25,46.108524322509766,46.108524322509766,44.789875478859024,45.78107508547024,26939500
2016-02-26,45.4005126953125,46.62181400026941,45.22351196798412,46.551012358934834,35975900
2016-02-29,45.028831481933594,45.71028234918564,44.83413026957319,45.444779468327134,31654000
2016-03-01,46.53330993652344,46.54215845266165,45.064206433010874,45.10845914172501,33024500
2016-03-02,46.86076736450195,46.869615882210205,46.16161630526002,46.382866384057465,29289900
2016-03-03,46.329776763916016,46.87847952761065,45.82532672788094,46.87847952761065,24427800
2016-03-04,46.04655838012695,46.41826021201826,45.763358592022996,46.37401087812847,33034200
2016-03-07,45.16156768798828,45.843018376307406,44.763320223289675,45.63062017860261,38407800
2016-03-08,45.71027374267578,46.13507354565329,44.78102058665319,44.958021348562674,33835100
2016-03-09,46.76342010498047,46.772268623316045,45.896120139727884,45.922669070743126,28251600
2016-03-10,46.06427764892578,46.85192759307697,45.2766277047746,46.84307907307928,38387800
2016-03-11,46.96696472167969,46.96696472167969,46.356315742124316,46.90501497198602,32275700
2016-03-14,47.05546569824219,47.42716759057045,46.577568088117744,46.64836635865131,24083600
2016-03-15,47.42717742919922,47.42717742919922,46.67492834668558,46.68377686633476,21104800
2016-03-16,48.09976577758789,48.3210158563735,47.25901817900921,47.30326751956467,31691700
2016-03-17,48.37413024902344,48.67503057306091,47.79003001718708,47.97587932367837,28223900
2016-03-18,47.338687896728516,48.648488499061095,47.30328705925771,48.604235764217755,67625500
2016-03-21,47.666133880615234,47.72808365386593,46.84308303484525,47.126282962851114,23925700
2016-03-22,47.85197448730469,48.01127483980318,47.31212366783858,47.444875086923595,23124100
2016-03-23,47.76347732543945,48.002427861859054,47.55992761871364,47.887376853358745,20129000
2016-03-24,47.97587966918945,48.082082167385785,47.55107980443181,47.6484304064405,19950000
2016-03-28,47.3829231262207,48.0466734388278,47.197073848932796,47.97587178499888,17025100
2016-03-29,48.41837692260742,48.55112834904699,47.303277769349314,47.4891270655575,23924300
2016-03-30,48.71928405761719,49.24143456490758,48.586535988583044,48.61308492718798,23008300
2016-03-31,48.878578186035156,49.19717891255938,48.55112893977817,48.630779121409226,26360500
2016-04-01,49.17945861816406,49.21485943480378,48.29445845821724,48.719258129870795,24399200
2016-04-04,49.055572509765625,49.25912219692544,48.675022067159865,49.055572509765625,18928800
2016-04-05,48.28562545776367,48.94052389599965,48.19712338772585,48.843173306962434,19272300
2016-04-06,48.78122329711914,48.852024952788256,47.975873031931165,48.10862444830637,21188700
2016-04-07,48.197113037109375,48.595363826730896,47.993563383749056,48.559963006318306,19225100
2016-04-08,48.16172409057617,48.92282503704983,48.07322539373412,48.3829742086902,22167200
2016-04-11,48.06437683105469,48.80777736228692,48.05552493577314,48.223677186033655,21414200
2016-04-12,48.36527633666992,48.48032396538025,47.57762309390984,48.11747391296645,24944300
2016-04-13,48.98477554321289,49.06442572198271,48.57767612994892,48.7812258365809,20818000
2016-04-14,48.99362564086914,49.18832682094188,48.73697469913849,48.86972611755333,20877100
2016-04-15,49.25027847290039,49.48922563360416,48.77237739947499,48.940526276713285,28793800
2016-04-18,49.967124938964844,50.08217594353525,48.86087436888853,49.10867679227162,23786000
2016-04-19,49.905189514160156,50.2414907293603,49.27683982008315,50.11759117007861,29596800
2016-04-20,49.197181701660156,50.002532083360634,49.108682995279146,49.816682774354966,36195700
2016-04-21,49.36532211303711,49.76357297534913,49.04672142318749,49.38302252647416,38909100
2016-04-22,45.8253173828125,46.40056896498563,44.931468508121675,45.940368374448816,126834100
2016-04-25,46.11738586425781,46.135086282936484,45.692585943998694,45.82533402007423,33226900
2016-04-26,45.5244255065918,46.32977584427653,45.214676675178076,46.250125662483136,33532600
2016-04-27,45.081912994384766,45.57751436596008,44.7367634257553,45.55981395526009,43369300
2016-04-28,44.16151809692383,44.93146744361489,43.86061784777895,44.798716042871305,43134800
2016-04-29,44.13496780395508,44.47126889210312,43.67476720333369,43.67476720333369,48411700
2016-05-02,44.78986358642578,44.91376308235374,44.0553117519842,44.250012889018464,33114500
2016-05-03,44.05531692504883,44.61286809820151,43.89601658986235,44.550918342963264,26460200
2016-05-04,44.13496780395508,44.303120036033356,43.7721177848509,44.10841887299894,24257600
2016-05-05,44.196922302246094,44.51552301193774,44.01107301359559,44.13497253936259,25390700
2016-05-06,44.59517288208008,44.59517288208008,43.94912294788309,44.1792215832922,24787300
2016-05-09,44.31195831298828,44.77215880724833,44.25000857106941,44.68366014050929,17951600
2016-05-10,45.152713775634766,45.2235120410757,44.41816193763763,44.5420648101734,22891000
2016-05-11,45.17927932739258,45.82532935129974,45.135029973208944,45.25008099489385,24039100
2016-05-12,45.58637619018555,45.85187905217881,45.06422573814612,45.31202818427256,24102800
2016-05-13,45.20582962036133,45.93152979976961,45.17042878819284,45.52442698185027,22592300
2016-05-16,45.869571685791016,45.984619305392656,44.913769647199025,44.95801899135416,20032000
2016-05-17,45.01403045654297,46.101283949527904,44.88035392191787,46.092373540401674,27803500
2016-05-18,45.28139114379883,45.57548224498925,44.82688207883816,44.987296642986394,24907500
2016-05-19,44.84469985961914,45.11205629494676,44.399104667532605,44.97837977709371,23842400
2016-05-20,45.11206817626953,45.646784587376416,44.91600855185718,44.98730203356465,23905800
2016-05-23,44.586265563964844,45.1655408259465,44.54170671295604,45.09424394463449,26118700
2016-05-24,45.97652053833008,46.08346245226804,44.91600500935841,45.18336149401439,34757900
2016-05-25,46.44884490966797,46.77858782110971,46.15475383145601,46.27060614124952,24040200
2016-05-26,46.243865966796875,46.32407323297958,45.77153617684394,46.27951439612726,24335200
2016-05-27,46.62709045410156,46.62709045410156,46.136936319436195,46.27061286546007,17721400
2016-05-31,47.23308563232422,47.23308563232422,46.413192192788834,46.57360331822826,37653100
2016-06-01,47.09941101074219,47.18853209000537,46.734023084817075,46.734023084817075,25324800
2016-06-02,46.76968002319336,47.00139147180073,46.19931861065549,46.912270376327825,22840800
2016-06-03,46.15475845336914,46.71620604062096,45.98543007658538,46.68056100306519,23368300
2016-06-06,46.457763671875,46.65382327838241,46.24387644704078,46.33299754056425,18243300
2016-06-07,46.4310188293457,46.99246973746226,46.4310188293457,46.555788341966185,20866800
2016-06-08,46.377559661865234,46.73403386226059,46.22605549198989,46.35973544190212,21149400
2016-06-09,46.00324249267578,46.34189575973703,45.88739020100371,46.34189575973703,20305700
2016-06-10,45.87848663330078,46.38646494745215,45.48636403629926,45.49527444548526,25833200
2016-06-13,44.684268951416016,45.201160816726095,43.72178545685351,44.18520469483556,83217800
2016-06-14,44.408023834228516,44.64864227532563,44.17631240259302,44.470406896679165,42577100
2016-06-15,44.28325653076172,44.66646873339136,44.28325653076172,44.363463815024254,33757600
2016-06-16,44.9070930480957,44.97838992673645,44.12284438115897,44.13175819080021,31188600
2016-06-17,44.67537307739258,44.942729501750165,44.39910284577096,44.924905286843476,45710500
2016-06-20,44.62189865112305,45.29920519204996,44.58625022273294,45.12987685700761,35607900
2016-06-21,45.62004470825195,45.83393194395112,44.70211949587558,44.73776793509582,34097800
2016-06-22,45.44180679321289,45.86066403216154,45.406158355968124,45.52201407720256,28816800
2016-06-23,46.261695861816406,46.3953757884089,45.58439261948144,45.70024492959839,29028800
2016-06-24,44.408023834228516,45.39724242435535,44.131753557931404,44.39019961643948,133503000
2016-06-27,43.16036605834961,43.802024452984895,42.81280222779641,43.75746219809531,50216300
2016-06-28,44.060455322265625,44.08719334793209,43.374238256938035,43.59703587296822,38140700
2016-06-29,45.04075622558594,45.201170743177734,44.38127394219509,44.47930541401464,31304000
2016-06-30,45.60221481323242,45.71807052646828,45.00511882890505,45.20118182059313,28527800
2016-07-01,45.59329605102539,46.092363847694465,45.513088787268245,45.566561429646754,21400400
2016-07-05,45.60221481323242,45.70024630907646,45.21900603798494,45.299213316437175,24806400
2016-07-06,45.78936767578125,45.93195801616504,44.90708760741652,45.25465134962563,28167500
2016-07-07,45.78936767578125,45.99434107760658,45.51309740395309,45.82501271116079,19585200
2016-07-08,46.609256744384766,46.662729391679854,45.94086395149315,46.10127849375686,28391000
2016-07-11,46.86770248413086,47.08158967236887,46.76076058982261,46.78749521349429,22269200
2016-07-12,47.420249938964844,47.58957832489837,47.0459515272382,47.17962807444532,27317600
2016-07-13,47.68759536743164,47.99951403778092,47.39350431211992,47.7321576057826,25356800
2016-07-14,47.892578125,48.11537574608842,47.74998778348829,47.981695813586605,24545500
2016-07-15,47.85692596435547,48.12428240892517,47.4202411651817,48.0797235681005,32024400
2016-07-18,48.088626861572266,48.42728012105408,47.72323898147543,47.856918883792794,31433900
2016-07-19,47.313297271728516,48.03516270127981,47.17070694733065,47.86583435381757,53336500
2016-07-20,49.82645797729492,50.65526536865923,49.4878046540353,50.040345181359356,89893300
2016-07-21,49.72842025756836,50.11163237547215,49.69277182808397,49.88883479062675,32776700
2016-07-22,50.414649963378906,50.46812262111458,49.71060860149246,49.977968490548626,32157200
2016-07-25,50.5572395324707,50.566153341765975,50.13837888576912,50.32553148512605,25610600
2016-07-26,50.58397674560547,51.05631007334518,50.36117909655051,50.37009290630121,28079000
2016-07-27,50.07598876953125,50.619615472857994,50.00469530331652,50.45029051592904,32327500
2016-07-28,50.09381866455078,50.23640901276575,49.657137210477096,49.90666946994777,37550400
2016-07-29,50.51268768310547,50.58398116923415,49.95123660649315,50.13838583215638,30558700
2016-08-01,50.42355728149414,50.57505802614167,50.03143130782427,50.44137809882298,26003400
2016-08-02,50.42355728149414,50.70873795346036,50.182935452093574,50.66417571127295,35122000
2016-08-03,50.7711067199707,50.895872803879236,50.343335832446805,50.512660746376845,22075600
2016-08-04,51.14542007446289,51.261275786426566,50.503761853890936,50.61961756585461,26587700
2016-08-05,51.65338897705078,51.87618655207217,51.19888341984046,51.37712215978182,29335200
2016-08-08,51.742523193359375,51.76925782127578,51.492987534192004,51.742523193359375,19473500
2016-08-09,51.86728286743164,52.134639312185186,51.70686832065518,51.84054484322114,16920700
2016-08-10,51.70687484741211,51.97423132591302,51.52863606187081,51.8316409774044,15756900
2016-08-11,51.95640563964844,52.09008557493352,51.71578379590847,51.71578379590847,18162300
2016-08-12,51.63558578491211,51.85838345063862,51.35040504475198,51.715793080558555,21655200
2016-08-15,51.79597854614258,52.13463180721155,51.65338823615898,51.69794707059989,19283900
2016-08-16,51.50902557373047,51.67043992860943,51.35658058346162,51.661473984809625,20523500
2016-08-17,51.61663818359375,51.724246614826136,51.32071072169176,51.598702874919965,18856400
2016-08-18,51.65251159667969,51.7421881508415,51.35658751997262,51.49109721999919,14214300
2016-08-19,51.67043685913086,51.76907933912041,51.293805667327234,51.50005657057352,17271000
2016-08-22,51.71528244018555,51.787023682080594,51.34761712750017,51.65251056393273,15221900
2016-08-23,51.912559509277344,52.17261634022888,51.87668889380606,51.92152887355025,18732400
2016-08-24,51.966373443603516,52.04708063045061,51.760122504063325,51.831860325254794,18151500
2016-08-25,52.16364669799805,52.27125854383847,51.81391675104204,51.9035932892424,18552600
2016-08-26,52.03812026977539,52.6389413026757,51.73322678012702,52.26230655861063,20971200
2016-08-29,52.10087203979492,52.549244444339834,52.10087203979492,52.17261326651089,16417200
2016-08-30,51.912559509277344,52.18158228369161,51.66147204259872,51.99326668368264,16930200
2016-08-31,51.5269660949707,51.83185952716387,51.38348703398631,51.69734983169699,20860300
2016-09-01,51.6435432434082,51.84979417714625,51.12342951595611,51.12342951595611,26075400
2016-09-02,51.71528244018555,52.18159025007126,51.49109619047957,51.71528244018555,18900500
2016-09-06,51.6614875793457,51.83186792285945,51.302788158377474,51.813932609729925,16278400
2016-09-07,51.70631790161133,51.86773227945447,51.48213164580815,51.535937578692796,17493400
2016-09-08,51.500064849853516,51.82289359233258,51.27587860322201,51.679414531320845,20146100
2016-09-09,50.40604019165039,51.58077747947691,50.40604019165039,50.92615398071909,35113900
2016-09-12,51.159297943115234,51.30277699612268,49.8679864660482,50.2177164439532,29303000
2016-09-13,50.69298553466797,50.800597380200706,50.26254841496747,50.666084283689855,30130200
2016-09-14,50.45085906982422,50.78265709648917,50.244608183978606,50.56743684732298,24062500
2016-09-15,51.284847259521484,51.42832632811941,50.199786589449005,50.35223502404039,26847000
2016-09-16,51.338661193847656,51.67942531767767,50.89028860700182,51.67942531767767,44607000
2016-09-19,51.05168914794922,51.787019717019554,50.97994791154703,51.35658256103768,20937100
2016-09-20,50.94407272338867,51.42831230990697,50.89026680452668,51.42831230990697,17384000
2016-09-21,51.79597854614258,51.87668571560339,51.186195224539766,51.571792344397,33707300
2016-09-22,51.84980010986328,52.011214497485874,51.6794197766221,51.93947324929317,19822200
2016-09-23,51.500064849853516,51.930502032888725,51.45522828468935,51.89463141243313,19955300
2016-09-26,51.0247917175293,51.24000860123927,50.962019841379664,51.18620609071712,21688700
2016-09-27,51.966373443603516,52.06501594095115,50.82750688289932,51.05169313294005,28065100
2016-09-28,52.03812026977539,52.0650249505873,51.71529146652285,51.903610548961026,20536400
2016-09-29,51.47316360473633,52.1636542341797,51.30277986794507,51.8408289124497,25463500
2016-09-30,51.65251159667969,51.804960028349385,51.419359397480505,51.62561034083653,29910800
2016-10-03,51.49109649658203,51.607674304949164,51.16827116856729,51.482130551697196,19189500
2016-10-04,51.32968521118164,51.65251053710962,51.08756365112764,51.35658646647297,20085900
2016-10-05,51.688377380371094,51.97533548520842,51.34761334807286,51.37451802220854,16726400
2016-10-06,51.77805709838867,51.88566553909283,51.365551804203214,51.77805709838867,16212600
2016-10-07,51.83186721801758,51.993281613177146,51.4911031148128,51.87670378982609,20089000
2016-10-10,52.04707717895508,52.360936539874274,51.89462876021542,51.930499378837744,18196500
2016-10-11,51.284847259521484,52.029147279680664,51.01582443350173,51.912569467441465,26497400
2016-10-12,51.21310043334961,51.35657947672667,50.57641239216451,51.21310043334961,22177500
2016-10-13,51.04271697998047,51.383480992556954,50.50467141975253,50.845435432329026,25313700
2016-10-14,51.49109649658203,51.77805804505744,51.222073679497726,51.222073679497726,27402500
2016-10-17,51.3117561340332,51.52697304412958,50.99789329399357,51.43729990172461,23830000
2016-10-18,51.70631790161133,51.96637477933759,51.48213164580815,51.589740090766654,19149500
2016-10-19,51.589725494384766,51.86771760441973,51.473151137333495,51.535922997533355,22878400
2016-10-20,51.338661193847656,51.58078280124177,50.80958140453712,51.56284748727057,49455600
2016-10-21,53.49979782104492,54.20822707627877,53.3473528379443,54.055778672368,80032200
2016-10-24,54.701438903808594,54.701438903808594,53.741922134406614,53.7508880782507,54067000
2016-10-25,54.69247817993164,55.03323881149486,54.522094443339384,54.56693100845974,35137200
2016-10-26,54.3696403503418,54.880784633063826,54.226161313451584,54.53105469444455,29911600
2016-10-27,53.894371032714844,54.548997867533274,53.885405088220736,54.35171288055728,28479900
2016-10-28,53.6881217956543,54.27100740967362,53.42806834739108,53.81366554739737,33574700
2016-10-31,53.73295211791992,54.18132456251195,53.73295211791992,53.94817239648062,26434700
2016-11-01,53.625343322753906,53.82262829168612,53.13213432123362,53.77779173169524,24533000
2016-11-02,53.29356002807617,53.74193256513163,53.17698221061468,53.64329005964967,22147000
2016-11-03,53.09627151489258,53.48187214499101,53.00659838172071,53.38322964601549,21600400
2016-11-04,52.64790344238281,53.15904787030412,52.47752310667939,52.59410092627176,28697000
2016-11-07,54.18132781982422,54.271004366620026,53.60741160357295,53.60741160357295,31664800
2016-11-08,54.226173400878906,54.504162172613846,53.93921526313331,54.29791122490988,22935400
2016-11-09,53.95713806152344,54.333772691856744,53.087297849658675,53.804693073138466,49632500
2016-11-10,52.63893127441406,54.244105617666726,51.679414414662055,54.23513625216775,57822400
2016-11-11,52.9258918762207,53.015565010549246,52.02017748377267,52.21746248426844,38767800
2016-11-14,52.11880874633789,52.97968638600209,51.365542949638,52.925880464519935,41328400
2016-11-15,53.148006439208984,53.70774672399812,52.651465526635235,52.660495484345915,35904100
2016-11-16,53.85219192504883,53.86121843831557,53.09383738561754,53.21119927768315,27332500
2016-11-17,54.74596405029297,55.025834172465636,54.1410877963347,54.538319808907914,32132700
2016-11-18,54.484161376953125,55.19737659580669,54.439021914324975,54.872366954611635,27686300
2016-11-21,54.944580078125,55.0438889391748,54.54734463392581,54.619570512478184,19652600
2016-11-22,55.179325103759766,55.30571698809779,54.89945834384572,55.05293321942174,23206700
2016-11-23,54.52928924560547,55.16124843596054,54.39386745114693,55.079996048069276,21848900
2016-11-25,54.646663665771484,54.646663665771484,54.2855445375567,54.43901939216597,8409600
2016-11-28,54.71889877319336,55.08904792220585,54.3577761402404,54.47514151253821,20732600
2016-11-29,55.1522216796875,55.44111829226395,54.637624373290734,54.75498969837469,22366700
2016-11-30,54.40290832519531,55.23348889222496,54.3667988218707,54.944592202106875,34655400
2016-12-01,53.4459342956543,54.30359777035934,53.21120360459656,54.26748482651663,34542100
2016-12-02,53.49106979370117,53.68968752621308,53.08480781534483,53.33759495961079,25515700
2016-12-05,54.36678695678711,54.70082303610061,53.770937232967604,53.89732907682031,23552700
2016-12-06,54.12303924560547,54.583467249279465,53.98761742127309,54.55638426198101,19907000
2016-12-07,55.40501403808594,55.41404399584877,53.98761373426529,54.177201520246946,30809000
2016-12-08,55.08000564575195,55.59460648801195,54.92653079961398,55.3418193239025,21220800
2016-12-09,55.94670104980469,55.9647575224418,55.18834641864608,55.23348587827885,27349400
2016-12-12,56.12725830078125,56.24462364973385,55.72099972441911,55.81127864273959,20198100
2016-12-13,56.858524322509766,57.25575634538119,56.19045212750239,56.42517935830831,35718900
2016-12-14,56.58768844604492,57.28284712178036,56.45226662773702,56.876585110776546,30352700
2016-12-15,56.497413635253906,57.012011071946084,56.24462645230466,56.60574903142064,27669900
2016-12-16,56.24462890625,56.83145226193645,56.08212408294976,56.83145226193645,42453100
2016-12-19,57.43631362915039,57.571735427796696,56.35294957173813,56.479344857637074,34338200
2016-12-20,57.36410140991211,57.5988286662536,56.90366996766378,57.499519788752195,26028400
2016-12-21,57.36410140991211,57.508549747026876,56.984922372535834,57.2647925324107,17096300
2016-12-22,57.37312698364258,57.869667919088876,57.246735121229335,57.6349406665957,22176600
2016-12-23,57.09326171875,57.36410192277162,56.69602620519293,57.282849517173126,12403800
2016-12-27,57.12936019897461,57.842575238976266,57.0661642783587,57.0661642783587,11763200
2016-12-28,56.867557525634766,57.237706585595504,56.7231091959896,57.237706585595504,14653300
2016-12-29,56.78630447387695,57.057144658366326,56.63282618818377,56.750191530899755,10250600
2016-12-30,56.10017776489258,56.86756237982096,56.0008688840496,56.840475948005526,25579900
2017-01-03,56.497413635253906,56.732140900935185,56.091151594728466,56.68700143952573,20694100
2017-01-04,56.24462890625,56.6508909645006,56.08212408294976,56.40713372955024,21340000
2017-01-05,56.24462890625,56.56963855285048,56.00087167129964,56.14532002046426,24876000
2017-01-06,56.73213577270508,57.012005918417465,56.009894123679395,56.2446213681428,19922900
2017-01-09,56.551578521728516,56.9488140398861,56.46129960064911,56.65991391580782,20382700
2017-01-10,56.53352355957031,56.93978560312504,56.226570398208985,56.63283244176371,18593000
2017-01-11,57.048118591308594,57.08423153674867,56.3619898475473,56.52449465810761,21517300
2017-01-12,56.524497985839844,57.23771320262989,55.928648126679605,56.93076003615824,20968200
2017-01-13,56.605743408203125,56.759218250533124,56.289760321886384,56.533517521986795,19422300
2017-01-17,56.4522590637207,56.605737333499825,56.000857655070654,56.58768086388349,20664000
2017-01-18,56.42518997192383,56.60575126861804,56.08212385259685,56.578664835565725,19670100
2017-01-19,56.24462890625,56.858535251179724,56.154349979492224,56.190462927763456,18451700
2017-01-20,56.641868591308594,56.714091049211994,56.307828961253634,56.57866920525235,30213500
2017-01-23,56.84046936035156,56.98491768558561,56.488376782838564,56.60574212331614,23097600
2017-01-24,57.34604263305664,57.544660380078774,56.822415279605515,57.057145970435286,24672900
2017-01-25,57.49049377441406,57.86966937116815,57.282849503250624,57.73425099115028,23672700
2017-01-26,58.02313232421875,58.26689293488304,57.373116656818226,57.88771741589267,43554600
2017-01-27,59.386390686035156,59.5037595049021,58.582896425700355,59.03429800511727,44818000
2017-01-30,58.79954147338867,59.39539460311918,58.50162179636188,59.30511570438868,31651400
2017-01-31,58.36620330810547,58.817604715147525,58.01411076163977,58.55579107252247,25270500
2017-02-01,57.400211334228516,58.339127198019874,57.30090246195368,58.10439651011212,39671500
2017-02-02,57.030059814453125,57.246734034419454,56.65088423441191,57.102285702415195,45827000
2017-02-03,57.49049377441406,57.50855024720045,56.939783408149275,57.32798896325658,30301800
2017-02-06,57.45437240600586,57.463402363035286,57.002970984281845,57.327980558950266,19796400
2017-02-07,57.264801025390625,57.58078073346733,57.084239716237995,57.54467122677322,20277200
2017-02-08,57.18354034423828,57.60785884283589,57.07520495197166,57.39118461438263,18096400
2017-02-09,57.83355712890625,58.1766266720997,57.16548484728559,57.34604613342526,22644400
2017-02-10,57.77938461303711,58.05022823354648,57.76132814207517,58.005085334181786,18170700
2017-02-13,58.42940902709961,58.55580089123783,57.896751695797086,57.99606057302569,22920100
2017-02-14,58.64738082885742,58.78362361427957,58.147826258841526,58.50206027277748,23108400
2017-02-15,58.61106872558594,58.6474006092588,58.275010928408896,58.583821545230855,17005200
2017-02-16,58.601985931396484,59.25594599961616,58.52932909128201,58.80180783330788,20546300
2017-02-17,58.69281005859375,58.75638911488983,58.40216195415493,58.55656724378861,21248800
2017-02-21,58.57473373413086,58.99253997980399,58.53840185238565,58.683729379366504,20655900
2017-02-22,58.45665740966797,58.483904587222895,58.17509400213696,58.429410232113035,19292700
2017-02-23,58.69281005859375,58.792720994144354,58.302251018604316,58.5111506623211,20273100
2017-02-24,58.69281005859375,58.85630005044043,58.2568344371368,58.611061597871704,21796800
2017-02-27,58.33858871459961,58.62015214489917,58.175098706451905,58.62015214489917,15871500
2017-02-28,58.111515045166016,58.311333467492936,57.9116931580401,58.20234475058642,23239800
2017-03-01,58.98345947265625,59.02886912553459,58.14784009044343,58.24775102821238,26937500
2017-03-02,58.138763427734375,58.81088589770652,58.02068654768024,58.75639154137296,24539600
2017-03-03,58.356746673583984,58.38399385123292,57.78453168936471,58.120596382762656,18135900
2017-03-06,58.37489318847656,58.638294049728906,57.95709054116244,58.10241455688824,18750300
2017-03-07,58.49298858642578,58.83813104730163,58.30225141623669,58.30225141623669,18521000
2017-03-08,59.028873443603516,59.11062191212069,58.356750937297974,58.36583564037723,21510900
2017-03-09,58.79270935058594,59.219593255690576,58.565640347412895,59.21051548487281,19846800
2017-03-10,58.974369049072266,59.27410183330171,58.81087906945592,59.1378590286886,19538200
2017-03-13,58.7745475769043,59.210523168595145,58.64738947299383,59.04703318791069,20100000
2017-03-14,58.502079010009766,58.629237135904795,58.265925234948355,58.611067729578,14280200
2017-03-15,58.81088638305664,58.96529168034113,58.35674826426856,58.62923390738052,24833800
2017-03-16,58.71097183227539,58.819967468737325,58.40216125669593,58.81088276663283,20674300
2017-03-17,58.91987609863281,59.2559338377846,58.7473014133838,58.95620797603245,49219700
2017-03-20,58.974369049072266,59.20143808022846,58.78363189445268,58.9562065756024,14598100
2017-03-21,58.32040786743164,59.49208487437164,58.24774411593224,59.210521499307404,26640500
2017-03-22,59.065208435058594,59.16511938539475,58.238680580894,58.238680580894,20680000
2017-03-23,58.91987609863281,59.2559338377846,58.82904294033519,58.98345515168292,19269200
2017-03-24,59.01978302001953,59.44666695887475,58.819961172693446,59.364925437475854,22617100
2017-03-27,59.1287841796875,59.23777982745912,58.44757697271046,58.701893221246195,18614700
2017-03-28,59.30134201049805,59.46483197082188,58.7200459137013,59.00160926163832,20080400
2017-03-29,59.46485137939453,59.492098560075625,58.99254381559443,59.1469560554512,13618400
2017-03-30,59.68281555175781,59.92805395407093,59.364920335422276,59.419414678338086,15122800
2017-03-31,59.819068908691406,60.11880170688321,59.44667235404149,59.62833174518677,21040300
2017-04-03,59.53750228881836,59.89172942036399,59.210522332069026,59.77364909011755,20400900
2017-04-04,59.70100021362305,59.773657046218474,59.29227174848465,59.392182689100856,12997400
2017-04-05,59.546573638916016,60.26411252608904,59.43758495148463,60.218702882858004,21448600
2017-04-06,59.70100021362305,60.00072610587389,59.47393115396764,59.58291986765966,18103500
2017-04-07,59.65557098388672,59.90988716805443,59.43758667311387,59.809976248617645,14108500
2017-04-10,59.51932144165039,59.78272229669662,59.3649161944288,59.59198518020015,17952700
2017-04-11,59.47393035888672,59.59200377367386,58.90171190126225,59.58291907112172,18791500
2017-04-12,59.24685287475586,59.50116907325947,59.13785724842715,59.41942062111377,17108500
2017-04-13,58.99254608154297,59.8190808851418,58.99254608154297,59.301363643520084,17896500
2017-04-17,59.47393035888672,59.48300813184118,59.047039423705826,59.07428660176458,16689300
2017-04-18,59.39216613769531,59.682814175872544,59.18326654160322,59.337671796035785,15155600
2017-04-19,59.07427978515625,59.71915499999238,58.93803698098594,59.628328773744464,26992800
2017-04-20,59.49208450317383,59.7191535279951,59.16510455306345,59.45575262765082,22299500
2017-04-21,60.30955123901367,60.58202998721726,59.44668454570571,59.64650645214752,32522600
2017-04-24,61.33589553833008,61.4539758886307,60.945336464193126,61.2904858824897,29770000
2017-04-25,61.69013595581055,61.79913162647152,61.399487763647464,61.67197347550014,30242700
2017-04-26,61.608394622802734,62.04436344782415,61.417657395655915,61.83546374030125,26190800
2017-04-27,62.00800704956055,62.107917976139284,61.38130124509017,61.89901835118142,34971000
2017-04-28,62.18058395385742,62.798212008635204,61.48121437236939,62.58931237619984,39548800
2017-05-01,63.043453216552734,63.17061132786206,62.21691856344477,62.3804085536421,31954400
2017-05-02,62.94352722167969,63.31591676438567,62.78911504095214,63.31591676438567,23906100
2017-05-03,62.743736267089844,63.0162150332041,62.407671499656594,63.0162150332041,28928000
2017-05-04,62.498477935791016,62.74371637008393,62.344072657664,62.698299792000974,21749400
2017-05-05,62.67106628417969,62.69831346513271,62.20784341918297,62.580240037803456,19128800
2017-05-08,62.61655807495117,62.71646900274977,62.14425061088563,62.64380524987863,18566100
2017-05-09,62.7073974609375,62.92538183569997,62.38041743399462,62.54390744746606,22858400
2017-05-10,62.952613830566406,63.17968285396865,62.598386708426645,62.66196575779541,17977800
2017-05-11,62.18058395385742,62.42582239318229,61.871773391267055,62.08975772542479,28789400
2017-05-12,62.1079216003418,62.31682816708684,61.799111030785085,62.31682816708684,18714100
2017-05-15,62.15335464477539,62.1987712368456,61.37223638244125,61.88995365588606,31530300
2017-05-16,63.40481185913086,63.43221521393518,62.2629589468369,62.32690243115268,34956000
2017-05-17,61.641780853271484,63.12161753124019,61.596103956337345,62.92978710888558,30548800
2017-05-18,61.85190963745117,62.235570679317256,61.33122480368447,61.568732245024236,25201300
2017-05-19,61.833621978759766,62.20814611504748,61.596114618359515,61.660058103546056,26961100
2017-05-22,62.52787780761719,62.57355472287965,61.660072172180676,62.01632980940777,16237600
2017-05-23,62.73798370361328,62.8019272052677,62.46393614262634,62.7745238430328,15425800
2017-05-24,62.8201904296875,62.920674065385974,62.52787629928793,62.91154425800874,14593900
2017-05-25,63.596656799316406,63.83415724126754,62.94808503370766,63.0028917558012,21854100
2017-05-26,63.90724563598633,64.1447530774301,63.505311038053726,63.76109203539602,19827900
2017-05-30,64.31829833984375,64.31829833984375,63.73366319924722,63.7519367498408,17072800
2017-05-31,63.7975959777832,64.61973138354152,63.77019262581065,64.42790095041731,30436400
2017-06-01,64.03511810302734,64.50099610213131,63.44135311896434,64.1630050879864,21603600
2017-06-02,65.5514907836914,65.64283761841261,64.16299380638866,64.34569444514784,34770300
2017-06-05,66.02649688720703,66.58372162545797,65.59715910829402,65.74331961571826,33316800
2017-06-06,66.24573516845703,66.33708897644647,66.01736458711756,66.04477491110462,31511100
2017-06-07,66.12699890136719,66.47411974915222,65.72506436338139,66.3553695308012,22301800
2017-06-08,65.72505187988281,66.2457365373233,65.31398761270455,66.23660673178934,24588300
2017-06-09,64.236083984375,65.84381500721659,62.65575631925107,65.80727487382043,49187400
2017-06-12,63.742794036865234,63.88895455072881,62.2355468419023,63.258649530996685,47761700
2017-06-13,64.53752899169922,64.69281931752921,63.90722394421401,63.96203065466761,25258600
2017-06-14,64.19039916992188,64.94859116355168,63.42307737105578,64.77503426294167,25510700
2017-06-15,63.8524284362793,64.13560578239424,62.847599075541304,63.27692999828,26068700
2017-06-16,63.94376754760742,63.971170904322726,63.23125239573918,63.697130367852104,48345100
2017-06-19,64.73848724365234,64.80243072008541,64.26347258787852,64.40049631432545,23798300
2017-06-20,63.86153030395508,64.73847219228811,63.82499018744355,64.69279530432004,21512200
2017-06-21,64.19039916992188,64.51012355543305,63.888955302834184,64.13559246123629,19891100
2017-06-22,64.1812515258789,64.48269530918205,63.67883360484861,64.4370253877434,22965700
2017-06-23,65.04907989501953,65.08562002679128,63.870686780321634,64.02597711336338,27617300
2017-06-26,64.42790985107422,65.50581931657702,64.34569978379933,65.22264201465151,19607000
2017-06-27,63.22210693359375,64.10818584866728,63.1947035806437,64.0442423686783,25215100
2017-06-28,63.76108169555664,63.797614862790134,62.838462413246226,63.22212339306379,25806200
2017-06-29,62.564422607421875,63.47790522618128,62.199028166054255,63.3774215805722,28918700
2017-06-30,62.966346740722656,63.37741106322139,62.79278284177877,62.8293229767837,24161100
2017-07-03,62.272090911865234,63.578370967604876,62.135067163774465,63.331733796495364,16165500
2017-07-05,63.103363037109375,63.43221724391953,62.317767650764814,62.35430778144565,21176300
2017-07-06,62.637481689453125,62.82931213814789,62.226417437866765,62.363434208850926,21117600
2017-07-07,63.45046615600586,63.79758684683757,62.75621780502706,62.75621780502706,16878300
2017-07-10,63.92549133300781,64.17212847559624,63.21296931919524,63.45047665713277,15014500
2017-07-11,63.934635162353516,64.56494028735592,63.71540132425974,63.943771938325185,17460000
2017-07-12,64.99427795410156,65.11302816409058,64.4461898759182,64.57407686185037,17750900
2017-07-13,65.56063842773438,65.80728261484212,65.14043729822639,65.31400120994527,20269800
2017-07-14,66.48324584960938,66.93085026001286,65.73419058412466,65.98996453292665,25868100
2017-07-17,67.00393676757812,67.09528361933339,66.42844532913374,66.50152559826518,21803900
2017-07-18,66.958251953125,67.04046201064824,66.37362386857134,66.76641454693775,26435300
2017-07-19,67.46980285644531,67.6342299482941,67.09527177027763,67.14094867274774,22416200
2017-07-20,67.79866790771484,67.87174817565445,66.9399921827195,67.76212777374505,42361000
2017-07-21,67.40586853027344,67.86260973974596,66.8395069215731,67.09528088378688,46717100
2017-07-24,67.23229217529297,67.3693159065934,66.80295440289929,67.16834869659496,21394800
2017-07-25,67.77125549316406,67.88086891110765,67.14095046272035,67.41499794621336,22018700
2017-07-26,67.64337158203125,67.94481546431187,67.42413079760512,67.90827533357418,16252200
2017-07-27,66.83039093017578,67.98137399806389,66.06306191559783,67.37847910097761,36844200
2017-07-28,66.72077178955078,66.96740903188615,66.26403047689173,66.38278070922813,18306700
2017-07-31,66.41014099121094,67.08612271333237,66.14523733471842,66.95823578629638,23600100
2017-08-01,66.30054473876953,67.06786649925054,66.21832771053707,66.77555245202207,22132300
2017-08-02,66.00826263427734,66.28230326592725,65.25920709018892,66.27317345672958,26499200
2017-08-03,65.90775299072266,66.17266370871903,65.6337054978113,65.94429312106531,18214400
2017-08-04,66.39188385009766,66.72073798614701,65.98994946841161,66.13610995968502,22579000
2017-08-07,66.13612365722656,66.59286483307852,66.00823668553339,66.50151799177158,18705700
2017-08-08,66.49238586425781,66.80296654027255,65.54236331576689,65.85294399178164,22044600
2017-08-09,66.2000732421875,66.23661337594022,65.81641229176073,65.99910599120646,22213400
2017-08-10,65.23178100585938,65.94429615705141,65.17696732316321,65.67938542685891,24734500
2017-08-11,66.22746276855469,66.41015642984482,65.11301331446217,65.41446412797568,21443700
2017-08-14,67.22315216064453,67.34190930772746,66.63852410664224,66.73900770679728,20096600
2017-08-15,67.24153900146484,67.58132376912312,67.0762358419597,67.58132376912312,19181400
2017-08-16,67.63642883300781,68.04968322451191,67.19561807648073,67.35173577936456,18150400
2017-08-17,66.4885025024414,67.8384773336764,66.4885025024414,67.57215514871267,22977500
2017-08-18,66.57112884521484,66.89254965088422,66.05685555614384,66.36909090838036,18761500
2017-08-21,66.2589111328125,66.56196811874584,65.8456496956898,66.55278266286756,17734800
2017-08-22,67.1864242553711,67.25988685927597,66.4425567118349,66.4425567118349,14343700
2017-08-23,66.78236389160156,67.17725438076143,66.60787527816254,67.00276576732239,13766500
2017-08-24,66.75481414794922,66.91093185041571,66.1854350486341,66.80072740996623,17098300
2017-08-25,66.87419128417969,67.36091525967566,66.56195590610629,66.9109260945028,12794300
2017-08-28,66.88337707519531,67.12214283382492,66.6262404080873,67.09459347755602,14569700
2017-08-29,67.08543395996094,67.18645296575163,66.16708445746428,66.35075155538334,11478400
2017-08-30,67.967041015625,68.15070809293645,66.88338844400764,67.04869161616791,16897800
2017-08-31,68.66498565673828,68.839474295225,67.77419257094631,67.985409021951,27652800
2017-09-01,67.90272521972656,68.63740019332857,67.62721772559667,68.6098508452049,21736200
2017-09-05,67.59969329833984,67.85682998421723,67.02113575511572,67.35173506092293,21556000
2017-09-06,67.40682983398438,67.99457273664189,67.36090957334473,67.71906518570015,16535800
2017-09-07,68.27008819580078,68.50886099168406,67.59051162984794,67.66398126034274,17471200
2017-09-08,67.93948364257812,68.36192347573612,67.81090829588311,68.26090449319301,14703800
2017-09-11,68.6557846069336,68.8210877346517,68.24252328441435,68.24252328441435,17910400
2017-09-12,68.58232116699219,69.09659449665561,68.29763514613545,68.655790787358,14394900
2017-09-13,69.06903076171875,69.08740166621003,68.46292403600273,68.81189415041818,13380800
2017-09-14,68.66498565673828,69.32619838526658,68.4353982930243,68.87620911419327,15733900
2017-09-15,69.16087341308594,69.23434302787491,68.02212240964927,68.72006973724831,38578400
2017-09-18,69.02312469482422,69.76698525583035,68.91292027575194,69.08740885433774,23307000
2017-09-19,69.2802734375,69.52822466567468,68.88538295822245,69.06905001565191,16093300
2017-09-20,68.82109069824219,69.38128426594072,68.24252622309055,69.19761022365118,21587900
2017-09-21,68.15071868896484,69.09661759644139,68.0588851360309,68.97723467827235,19186100
2017-09-22,68.3343734741211,68.42620700108156,67.82009311153426,67.94866145056872,14111400
2017-09-25,67.27828216552734,68.18744615242022,66.96603971150894,68.04050687842327,24149200
2017-09-26,67.27828216552734,67.78337015537883,67.03032389227005,67.65480179385662,18019600
2017-09-27,67.82009887695312,68.11397039207819,67.19562103150618,67.54459827265127,19565100
2017-09-28,67.83846282958984,67.93029635493777,67.3241824760335,67.53540589013771,10883800
2017-09-29,68.4078369140625,68.45375718131918,67.84764328448657,67.9027490064844,17079100
2017-10-02,68.51805114746094,68.88539231868498,68.23336506782609,68.60988468865443,15304800
2017-10-03,68.19660949707031,68.76598148307377,68.13232533715225,68.57312900331956,12190400
2017-10-04,68.59152221679688,68.61907157908578,67.69153667880764,68.04050694521763,13317700
2017-10-05,69.7669906616211,69.9047444445231,68.8394559969592,69.07822875355946,21195300
2017-10-06,69.79456329345703,69.82211265793548,69.3721233564023,69.49150627129252,13959800
2017-10-09,70.06088256835938,70.29965539461921,69.6659920122741,69.76701101544363,11386500
2017-10-10,70.06088256835938,70.37311802801028,69.92312874526907,70.09761738828016,13944500
2017-10-11,70.18022918701172,70.21696398793638,69.74860403420553,70.12513048884816,15388900
2017-10-12,70.82308197021484,70.97919962873677,70.1343201757916,70.24451757877306,16876500
2017-10-13,71.16288757324219,71.511864802541,70.97922050994234,71.25472110489211,15335700
2017-10-16,71.30982971191406,71.45676196720417,71.03432209937687,71.0986062747756,12380100
2017-10-17,71.25474548339844,71.28230185812573,70.94250996767315,71.14454801029622,16824000
2017-10-18,71.27307891845703,71.49348075520724,71.05267708170682,71.32817762603257,13300700
2017-10-19,71.54859924316406,71.5669631468185,71.03431885699906,71.23635682944432,15092800
2017-10-20,72.3751220703125,72.52206135385013,71.83329922678146,71.92513277576715,22866400
2017-10-23,72.39347076416016,72.86182382217018,72.32918659895593,72.54040299614903,20627200
2017-10-24,72.4210205078125,72.73325588149224,72.05367941619919,72.45775531761869,17517200
2017-10-25,72.20979309082031,72.64141832399976,71.64042108658204,72.1638798359501,20410800
2017-10-26,72.32917022705078,72.93527693228982,72.31998477511547,72.7332390283945,32120700
2017-10-27,76.96684265136719,79.16169663440579,76.78317561766576,77.48112295733796,71066700
2017-10-30,77.04029846191406,77.44437427138524,76.32398734981297,76.86580990665206,31756700
2017-10-31,76.38829040527344,77.47194279358041,76.32400623844373,77.47194279358041,27086600
2017-11-01,76.38829040527344,76.92093464840454,76.11278282946115,76.84746502732811,22307400
2017-11-02,77.18724822998047,77.5637677350539,76.3331832471945,76.54439962635942,23992900
2017-11-03,77.26992797851562,77.63726918745509,76.59035129617062,77.21482924943248,17633500
2017-11-06,77.57295989990234,77.78417629734172,77.21480426385425,77.32500168636226,19860900
2017-11-07,77.3893051147461,77.9678697527188,77.07706966465629,77.84847984001952,17939700
2017-11-08,77.65560150146484,77.70152176131906,76.98521054886028,77.26989654190211,18034200
2017-11-09,77.22398376464844,77.38928690711347,76.13115293999776,77.24235467294935,21178400
2017-11-10,77.02195739746094,77.23317381033787,76.43421441296567,76.94848777278678,19397800
2017-11-13,77.07706451416016,77.0862499698579,76.64543918021344,76.82911326191939,14196900
2017-11-14,77.18724822998047,77.23316148323688,76.20461492775988,76.6821533990245,18801300
2017-11-15,76.58733367919922,77.24263537351868,76.3196740505387,77.03958275580132,19383100
2017-11-16,76.79037475585938,76.99342736167917,76.55040989592294,76.69808003729646,20962800
2017-11-17,76.05204772949219,76.71658129973744,75.90437047315362,76.71658129973744,22079000
2017-11-20,76.1719970703125,76.22737249652147,75.91356902582254,76.05201463298104,16315000
2017-11-21,77.27031707763672,77.38106792113471,76.36581195313511,76.36581195313511,21237500
2017-11-22,76.70730590820312,77.43644610132169,76.64269890585769,77.37183909897625,20553100
2017-11-24,76.84576416015625,77.00266590004637,76.40273961275534,76.61502382209326,7425600
2017-11-27,77.40876770019531,77.51029400775145,76.88268003451167,76.89190457764515,18265200
2017-11-28,78.34097290039062,78.50710625908687,77.54722541346834,77.59337630707641,21926000
2017-11-29,76.91960144042969,78.377882175494,76.77193127473183,78.18406112209483,27381100
2017-11-30,77.68563842773438,78.00867342241567,76.91957898203675,77.07648772942603,33054600
2017-12-01,77.76873779296875,78.2763623918852,76.80885699005437,77.15957982430413,29532100
2017-12-04,74.83370208740234,77.92562095943191,74.48297229522248,77.91638937499673,39094900
2017-12-05,75.30440521240234,76.31043663929002,74.74140532667522,75.07366489927455,26152300
2017-12-06,76.40274047851562,76.73500713242233,75.15674404718368,75.26750194569804,26162100
2017-12-07,76.13507080078125,76.42119357381219,75.68282176433522,76.18122167948685,23184500
2017-12-08,77.67644500732422,78.06408715625089,76.91038525470417,77.18726948609283,24489100
2017-12-11,78.66401672363281,78.79323077848251,77.63952883044027,77.79643060538093,22857900
2017-12-12,78.9870376586914,79.4208306398203,78.52555696244988,78.73783413940448,23924100
2017-12-13,78.77474212646484,79.37466835374468,78.60860881801251,79.13469645450563,22062700
2017-12-14,78.16561126708984,79.25470611288621,78.01793404789971,78.84860080175073,19306000
2017-12-15,80.15918731689453,80.3806960567397,78.34095243331066,78.69168223317104,53936700
2017-12-18,79.72541809082031,80.75913758692259,79.5869794882674,80.40841472439192,22283800
2017-12-19,79.2177734375,79.69771023558813,78.70091029920948,79.69771023558813,23524800
2017-12-20,78.93165588378906,79.65157169125737,78.1840594026003,79.55926991788476,23674900
2017-12-21,78.91317749023438,79.46695276604943,78.82088278453764,79.42080893401841,17990700
2017-12-22,78.92243957519531,79.03319044818046,78.37788863034791,78.82091324720066,14145800
2017-12-26,78.82087707519531,78.94085947974673,78.47937894305547,78.73780691694111,9891200
2017-12-27,79.10702514648438,79.35622868165387,78.65477600700255,79.05164971272984,14678000
2017-12-28,79.11624908447266,79.31007012551386,78.95934734291116,79.28238241131316,10594300
2017-12-29,78.95012664794922,79.42083897919974,78.91320734337688,79.03318980200895,18717400
2018-01-02,79.32852172851562,79.66078836323989,78.91319195592828,79.49465504587775,22483800
2018-01-03,79.69771575927734,79.84539296377733,79.3469929610449,79.43005610734863,26061400
2018-01-04,80.39916229248047,80.90679384235766,79.90076232759272,79.91921845593546,21912000
2018-01-05,81.39596557617188,81.59901820448952,80.69451296242993,80.90679717611741,23407100
2018-01-08,81.4790267944336,81.75591801589472,80.85141279520647,81.40518819649246,22113000
2018-01-09,81.42366790771484,81.89438026316775,81.09140119111723,81.82054165022656,19484300
2018-01-10,81.05445098876953,81.39594916222387,80.67604056455231,81.09137028116744,18652200
2018-01-11,81.29443359375,81.3405774341089,80.51914243437955,81.3405774341089,17808900
2018-01-12,82.69734191894531,82.86347525640218,81.63593487639514,81.83898751569096,24271500
2018-01-16,81.54364013671875,83.79566825727414,81.2298366335656,83.15882262346273,36599700
2018-01-17,83.19574737548828,83.32496141956172,81.91283147958963,82.21741045846443,25621200
2018-01-18,83.15882873535156,83.68491650231977,82.75273046857927,82.88194451368464,24159700
2018-01-19,83.06652069091797,83.62952767226508,82.75271721495989,83.1957347153285,36875000
2018-01-22,84.552490234375,84.56172181957656,82.82654996677101,83.06652189055745,23601600
2018-01-23,84.82014465332031,85.18933058066813,84.48787802287086,84.82014465332031,23412800
2018-01-24,84.74632263183594,86.232291174809,84.5248138487651,85.42008760912448,33277500
2018-01-25,85.2170181274414,86.05690924493165,84.84783220081054,85.34623214551682,26383200
2018-01-26,86.81375122070312,86.81375122070312,85.44777222609129,85.94617225114274,29172200
2018-01-29,86.68452453613281,88.09665421362322,86.49993509080653,87.8105384608767,31569900
2018-01-30,85.59544372558594,86.44457361940681,85.00474895522879,86.11230693087627,38635100
2018-01-31,87.69055938720703,88.05051374853737,86.30611736927919,86.5276261204895,48756300
2018-02-01,86.99832916259766,88.66888676727983,86.37071523262077,87.48749749711992,47227900
2018-02-02,84.70941162109375,86.73069970921398,84.45098350860381,86.42612070164886,47867800
2018-02-05,81.2206039428711,86.05691975144741,81.2206039428711,83.58338289515814,51031500
2018-02-06,84.2940444946289,84.43249007705744,78.68243894771999,80.19609468789959,67998600
2018-02-07,82.70655822753906,84.700150867135,82.32814073481742,83.51876159305807,41107600
2018-02-08,78.4609375,82.95575426171025,78.2301971884827,82.798852539871,55628700
2018-02-09,81.38672637939453,82.07894734302911,77.37184619864115,79.65156169887275,63499100
2018-02-12,82.26354217529297,82.86346845809214,81.15599137753775,81.9035878139407,35720300
2018-02-13,82.90960693359375,83.06650864882687,81.03599680962073,82.07894043877845,26407700
2018-02-14,84.20783233642578,84.37474606758151,81.98232535396826,82.07505363245163,34960900
2018-02-15,85.92332458496094,85.9789601288592,84.03163827057597,84.57873998481045,27823900
2018-02-16,85.31130981445312,86.70225508316703,85.12585327517667,85.7285905651819,30596900
2018-02-20,85.97896575927734,86.29424329496455,84.39328898191938,84.82911963689817,30911700
2018-02-21,84.8384017944336,86.57244975678518,84.8384017944336,86.22007943850997,26922500
2018-02-22,85.0609359741211,85.98823274574703,84.71783362172285,85.35767065805288,24392800
2018-02-23,87.22154235839844,87.23081730812781,85.64514049066624,86.79498664212636,26329200
2018-02-26,88.482666015625,88.5104837898897,87.39773037101949,87.5368263170567,30199800
2018-02-27,87.35137176513672,88.87213823032556,87.35137176513672,88.77940994824613,25869100
2018-02-28,86.95262145996094,88.75157959111142,86.82280046850816,87.94482879447196,31167300
2018-03-01,86.09951782226562,87.6944696606065,85.1629459498047,87.15663574773079,37135600
2018-03-02,86.28497314453125,86.37770141289286,84.25419081625893,84.92184566800398,32830400
2018-03-05,86.83206176757812,87.41625613727865,85.5523948781193,85.62657323677882,23901600
2018-03-06,86.53533935546875,87.62027494190313,86.1829691091528,87.48117900332385,22175800
2018-03-07,87.03607177734375,87.11025721378863,85.7100371684203,86.38696689523267,26716100
2018-03-08,87.56462860107422,88.18591569879204,86.95260937666266,87.41625773162447,25887800
2018-03-09,89.52122497558594,89.52122497558594,88.09318719731658,88.36210409141073,36937300
2018-03-12,89.73450469970703,90.14251753959464,89.05758202412571,89.48413768641146,26073700
2018-03-13,87.54611206054688,90.17035716063124,87.13809912178957,89.94780786436115,35387800
2018-03-14,87.0268325805664,88.47342088666325,86.70228000618155,88.20450387511137,32132000
2018-03-15,87.33281707763672,87.70373723029293,86.08096775279628,86.73007271390955,27611000
2018-03-16,87.72229766845703,88.44558822027697,87.0917354047421,87.79648312882699,49081300
2018-03-19,86.13661193847656,87.07318382605493,85.41332145934811,86.92481292022643,33344100
2018-03-20,86.3591537475586,86.95262317007557,86.23860770304263,86.28497537577915,23075200
2018-03-21,85.75641632080078,87.21227210113885,85.50604220794324,86.17369707594527,24457100
2018-03-22,83.26199340820312,85.07949456854921,83.14144735244182,84.63438892278226,38604700
2018-03-23,80.84175872802734,83.88329198124987,80.74903043610523,82.99308764431024,44068900
2018-03-26,86.9619140625,87.1659205404,83.82765265805105,84.02238418476063,56396800
2018-03-27,82.96527099609375,88.22304374914755,82.07506664700914,88.03758716277315,56569000
2018-03-28,82.89106750488281,84.59729744226827,82.408876240345,83.28980544611579,52501100
2018-03-29,84.63439178466797,85.58023866088841,81.97305399457194,83.62364147790879,45867500
2018-04-02,82.08432006835938,84.27274136081313,81.14775527497493,83.89255330328501,48515400
2018-04-03,83.18780517578125,83.50308980489909,81.50012507793112,83.06725912404696,37213800
2018-04-04,85.61730194091797,86.01603978596087,81.35173873853404,81.4630098094312,35560000
2018-04-05,85.6636734008789,86.30351043859052,84.75492652456249,85.7193160181014,29771900
2018-04-06,83.66999816894531,85.73786618953994,82.97452552911318,84.83838711006955,38026000
2018-04-09,84.17073059082031,86.39624440951826,84.03164172535632,84.42110469808229,31533900
2018-04-10,86.1273422241211,86.49826243652748,84.97749593290442,85.67296867814844,26812000
2018-04-11,85.1814956665039,86.507530545549,84.82912538367964,85.3205916194946,24872100
2018-04-12,86.77645874023438,87.31429272160833,85.71006572881085,85.71006572881085,26758900
2018-04-13,86.31279754638672,87.33282272612917,85.71932809363788,87.21227667547247,23346100
2018-04-16,87.32356262207031,87.77794327620079,86.62808982563831,87.2308343308224,20288100
2018-04-17,89.08540344238281,89.52123407106768,87.98191798462437,88.09319614770769,26771000
2018-04-18,89.42852020263672,89.68816221691681,88.57540163108374,89.22451374149827,21043300
2018-04-19,89.12250518798828,90.01270935865773,88.40848261664952,89.42851486141919,23552500
2018-04-20,88.09319305419922,89.1224930337569,87.21226395354239,88.93703650984374,31154400
2018-04-23,88.41773986816406,89.2894010393203,87.7500851051263,88.7793850190241,22331800
2018-04-24,86.34988403320312,89.456327023105,85.69150412770914,89.24304563765969,34524800
2018-04-25,85.5987777709961,86.5168068300655,83.71636612566886,86.5168068300655,33729300
2018-04-26,87.40699768066406,88.23229126037737,86.3313300050256,86.74861780666318,42529000
2018-04-27,88.85360717773438,90.78238682931148,87.08247340876774,90.5041948714957,48272800
2018-04-30,86.72081756591797,89.39143761506713,86.37772218300901,89.32652710413448,41523600
2018-05-01,88.09319305419922,88.36210996617233,86.0438680436934,86.43333098873876,31408900
2018-05-02,86.71154022216797,88.25084948824724,86.41480547962772,88.0839357533987,27471000
2018-05-03,87.23082733154297,88.02830330677385,85.72860366488872,86.201527109436,31142500
2018-05-04,88.24156951904297,88.43630100389271,86.16441953121905,86.53533967723855,22531300
2018-05-07,89.2245101928711,89.67888369978998,88.18593510234251,88.25084560333093,24242000
2018-05-08,88.84432220458984,89.16888181033764,88.14884946321239,88.88141493309573,23484600
2018-05-09,89.89216613769531,89.91998391348001,88.13957551611873,89.02977971479936,27327400
2018-05-10,90.79164123535156,90.82872688493364,89.99416534977523,90.37435339305858,22388100
2018-05-11,90.59690856933594,90.75455442654729,89.98489626534715,90.68964392347705,16778300
2018-05-14,90.90292358398438,91.51494299854086,90.23526861345536,90.80092034822496,19454100
2018-05-15,90.2445297241211,90.73599592574449,89.33577569255655,90.1703442777253,24594000
2018-05-16,90.47737121582031,90.71020026830293,89.98377476141778,90.67294676726026,17384700
2018-05-17,89.5739974975586,90.84058817006614,89.24803823008513,90.11416262958839,17246700
2018-05-18,89.74163055419922,90.27248050962592,89.41567130181069,89.41567130181069,17865800
2018-05-21,90.8964614868164,91.27830454690887,90.15141277538886,90.33767317690103,19422500
2018-05-22,90.80332946777344,91.42730961626108,90.5239317657211,90.97096666792909,15441200
2018-05-23,91.88367462158203,91.94886648195198,89.70439066493837,90.06760347348234,21251200
2018-05-24,91.55767059326172,92.14440420088198,90.16069664045453,91.94882870013421,26649300
2018-05-25,91.604248046875,92.18166656085646,91.13859001780605,91.54837135710757,18363900
2018-05-29,91.27830505371094,92.0885456207043,90.55187953624976,91.11997589562976,28671000
2018-05-30,92.15373229980469,92.43312999332129,91.18516973447173,91.55769051865587,22158500
2018-05-31,92.05130767822266,93.12232293734122,91.837108889627,92.47040431285868,34140900
2018-06-01,93.86737823486328,93.93257009686054,92.35864315029492,92.46108851991636,28655600
2018-06-04,94.68692016601562,94.86387252487066,93.92324113544302,94.30508420341883,27281600
2018-06-05,95.17121124267578,95.30159495113803,94.55653909817156,94.99425887888592,23514400
2018-06-06,95.45059204101562,95.55303738789607,94.90111891263732,95.44128399521084,21122900
2018-06-07,93.951171875,95.6368589600635,93.48551379394857,95.59960546093397,28232200
2018-06-08,94.64967346191406,94.94769439511846,93.63454210066077,94.14676180487297,22165100
2018-06-11,94.10948181152344,94.61238618366514,93.75557719472678,94.07222831999869,23490900
2018-06-12,94.35164642333984,94.4820301290936,93.83011160032486,94.15607086470922,18325200
2018-06-13,93.92322540283203,95.00355546800667,93.65314288653838,94.73347295171301,29492900
2018-06-14,94.45407104492188,95.02217439759215,94.06292001352257,94.66827686042768,25691800
2018-06-15,93.252685546875,94.5565296059886,93.19680885039449,94.5379064089546,65738600
2018-06-18,93.93257141113281,94.16540050800646,92.59147353941898,93.14095390283846,23586000
2018-06-19,93.93257141113281,94.06295513695164,92.66598055570978,92.80567943491,28653100
2018-06-20,94.8731689453125,95.478518695896,94.1746819050599,94.40751091847744,26180800
2018-06-21,94.19332885742188,95.42266607411756,93.95118463288775,95.068768442398,23198200
2018-06-22,93.51347351074219,93.84874084328867,92.78704082498282,93.51347351074219,38923100
2018-06-25,91.63217163085938,93.23403612967488,90.61704070159635,93.13159081135227,35433300
2018-06-26,92.27481079101562,93.20612699091191,91.96747473975896,92.03266658953655,26897200
2018-06-27,90.84056854248047,93.15022837186343,90.7101848636626,92.74045414074054,31298400
2018-06-28,91.85569763183594,92.30273245333625,90.57979921608184,90.69155259242385,26650700
2018-06-29,91.83708953857422,93.0478034207945,91.57632214372767,92.13511043345294,28053200
2018-07-02,93.14092254638672,93.18748408685813,91.26897524821851,91.3621054345391,19564500
2018-07-03,92.24687194824219,93.71834613611627,92.14442659837151,93.57865439118233,14670300
2018-07-05,92.9081039428711,93.05711083661211,92.22824000630047,92.66595974699105,18977400
2018-07-06,94.21194458007812,94.46339681270499,92.8242784090204,93.02916909765327,19234600
2018-07-09,94.85456085205078,95.22708878180853,94.2957725101038,94.66830043986154,18212000
2018-07-10,95.10599517822266,95.46920786010496,94.863851021842,94.99423469711373,19293100
2018-07-11,94.97563934326172,95.31090667411101,94.15607645231162,94.20264510943542,19644600
2018-07-12,97.03385925292969,97.23875000045784,95.67413814387417,95.71138454762443,24335900
2018-07-13,98.18865966796875,98.34698170445203,96.94069236154135,97.20146684592216,24635200
2018-07-16,97.70439910888672,98.55189327020841,97.34117920502922,98.16074211882916,21786900
2018-07-17,98.67296600341797,99.18519284618405,97.15492288680753,97.42500548523147,25901700
2018-07-18,97.89996337890625,98.76608774572702,97.52743547068827,98.6636423933326,29493900
2018-07-19,97.22940826416016,98.07690227268913,96.7544350343288,97.72300469077504,40171600
2018-07-20,98.97097778320312,100.76841848480298,98.79403252195792,100.65666507883323,56004000
2018-07-23,100.55419921875,100.71252124851462,98.84057392100198,98.99890305614446,29707000
2018-07-24,100.26551055908203,101.34583371076698,99.8929826392193,101.11300464902516,26316600
2018-07-25,103.21778106689453,103.51580198087221,100.20962647126869,100.54490088766597,30702100
2018-07-26,102.09086608886719,103.37607965638912,101.97910560697845,103.13393549831892,31372100
2018-07-27,100.28412628173828,102.61241672558866,98.84989851568103,102.61241672558866,37005300
2018-07-30,98.13278198242188,100.14442110395713,97.56467858160161,99.82777703419009,34668300
2018-07-31,98.79402160644531,99.39006339035986,98.14209602034104,99.17585754361937,27655200
2018-08-01,98.98027801513672,99.1386000533145,98.1793455679831,98.74744898062411,23628700
2018-08-02,100.18168640136719,100.665967713752,97.63918997155488,98.16073189109883,26104300
2018-08-03,100.619384765625,100.62869991543363,99.48317807180575,100.39587090786009,18659600
2018-08-06,100.70321655273438,100.97329909910121,100.1723666113592,100.69390850675451,20265900
2018-08-07,101.40167999267578,101.6065706424047,100.74044650833594,101.10365916726379,16080200
2018-08-08,101.96981048583984,102.2119546914715,101.28995362726863,101.82080358609802,15487500
2018-08-09,102.13743591308594,102.59378592211947,102.07224406970658,102.17468941007101,13677200
2018-08-10,101.51344299316406,102.15605330051119,100.93602452095524,101.90459400399399,18183700
2018-08-13,100.77772521972656,102.05363097255386,100.67527986922472,101.73697976953581,18472500
2018-08-14,102.03500366210938,102.21195601914395,100.61940612196952,101.1036874341445,16788300
2018-08-15,100.6513442993164,101.89475596338738,99.8660245366554,101.42730593145532,29982800
2018-08-16,100.63262176513672,101.77320075150031,100.31475923200324,101.24965910505931,21384300
2018-08-17,100.57657623291016,100.8757440443361,99.74451553448414,100.37089702516921,18061500
2018-08-20,99.91278839111328,100.87573446984617,99.54817787844205,100.51112395717493,17914200
2018-08-21,99.08072662353516,100.36153533633042,98.95918503223808,99.95952796384839,22881900
2018-08-22,100.09040069580078,100.35217157804671,98.89372972969281,98.95917245025429,18000600
2018-08-23,100.55787658691406,101.13751735568947,99.91280021347804,100.1745711630142,18167700
2018-08-24,101.34317016601562,101.4927504699,100.55785038927758,100.66068996876378,17234000
2018-08-27,102.46505737304688,102.50245423583472,101.44601960978682,102.15653860458893,19662300
2018-08-28,103.08209991455078,103.3064739694488,102.64269567136367,102.7829321304459,19151500
2018-08-29,104.72750854492188,104.73685954330551,103.09143333115819,103.25971563845418,20818000
2018-08-30,104.66206359863281,105.27910108985273,104.18526968202293,104.4002927112262,22798700
2018-08-31,105.0173568725586,105.438059172343,104.2600827471337,104.41902122575593,23222700
2018-09-04,104.43766784667969,104.67139282363476,103.0446689811891,103.6336533553366,22634600
2018-09-05,101.42731475830078,104.16657246911899,101.06270427228078,103.78326711859219,32872400
2018-09-06,101.66104125976562,101.89476629944036,100.51111805889028,101.20294217916532,23477600
2018-09-07,101.16553497314453,101.64233600249234,100.24933690562129,101.18423696873072,22498600
2018-09-10,102.2593765258789,102.50245256367332,101.30578150487335,101.75452958556227,20727900
2018-09-11,103.99829864501953,104.32551229600793,101.80128455098578,101.81063555036334,24301800
2018-09-12,104.43766784667969,104.56855326315691,103.31579081038342,104.17589701372525,18891100
2018-09-13,105.55955505371094,106.32617271487811,104.82098324935029,104.82098324935029,26055600
2018-09-14,105.9896240234375,106.32618862090568,105.12016666876495,105.98027302552963,19122300
2018-09-17,104.83970642089844,106.2981484304441,104.57793550972075,106.2888045641323,20736500
2018-09-18,105.84004211425781,106.29814117756199,104.44704292755301,104.8864471267868,22170900
2018-09-19,104.42835235595703,105.94289328934735,103.81132191602053,105.6904733668103,21728400
2018-09-20,106.17662048339844,106.39165067803319,104.6433846530241,104.97059831205713,23714500
2018-09-21,106.82170104980469,107.78464713440681,106.12052588535971,106.57862499563475,71229700
2018-09-24,107.20501708984375,107.42004730005148,104.91451417800626,105.67178114842898,27334500
2018-09-25,106.99932098388672,107.60700751741268,106.34489372176475,107.32654174766992,22668000
2018-09-26,106.5599365234375,107.5696233999521,106.33555532179155,107.01803566119932,19352000
2018-09-27,106.9619369506836,107.42938705787255,106.76560162886835,107.30784546506096,19091300
2018-09-28,106.9245376586914,107.11151484423304,106.27945424294465,106.75625533861496,21647800
2018-10-01,108.08380889892578,108.14925162531986,107.2610993195826,107.27979418452853,18883100
2018-10-02,107.65376281738281,108.29883912527015,106.98998451058705,107.79399927830535,20787200
2018-10-03,107.67244720458984,108.61669834133356,107.44807316858412,107.90617223913974,16648000
2018-10-04,105.4473876953125,107.28914211320013,104.3629001087042,107.14890566559085,34821700
2018-10-05,104.8303451538086,105.80264210917737,103.43734600850061,105.29779520161733,29068900
2018-10-08,103.6336898803711,104.73687244571754,102.2219885248556,104.39096392285172,29640600
2018-10-09,104.95189666748047,105.71851453315733,103.58694325457886,103.90480589347598,26198600
2018-10-10,99.24899291992188,104.24135577268315,98.9030773329862,103.9982797620602,61376300
2018-10-11,99.01526641845703,101.83866139396912,97.41658107716397,98.49171754708432,63904300
2018-10-12,102.43701934814453,103.99830104222212,100.14651660570604,101.91347749449523,47742100
2018-10-15,100.59525299072266,102.35286980756491,99.9875664770851,101.8199770164998,32068100
2018-10-16,103.7739028930664,104.15721532745866,101.85735498654743,102.40894971093999,31610200
2018-10-17,103.50279235839844,104.53118107308572,102.41831191847864,104.4096466241746,26548200
2018-10-18,101.43666076660156,103.33450682680572,100.81027941196976,102.93249949882738,32506200
2018-10-19,101.58626556396484,103.64304328062137,101.1655561677922,101.8386854954901,32785500
2018-10-22,102.49311828613281,103.3438809908494,101.19360742751654,102.2033014728758,26545600
2018-10-23,101.06268310546875,101.87604862924123,98.2673342538727,100.75416441030809,43770400
2018-10-24,95.65896606445312,101.4272972530891,94.97648593782955,101.35251067524717,63897800
2018-10-25,101.24971008300781,102.15655742497357,99.239672917365,99.61363448141633,61646800
2018-10-26,99.99690246582031,101.6703743103961,97.94012533285928,98.80958261227082,55523100
2018-10-29,97.08938598632812,101.623650606509,95.01390636597284,101.07206290288225,55162000
2018-10-30,96.9771957397461,97.58487513133065,93.5928546275057,96.91175301452674,65350900
2018-10-31,99.85669708251953,101.10011617247848,98.5291403906816,98.57588825798533,51062400
2018-11-01,99.0246353149414,100.33349712514834,98.66002477868189,100.08107718955445,33384200
2018-11-02,99.24899291992188,100.3334732709634,98.14581057352095,99.54816065118037,37680200
2018-11-05,100.51111602783203,100.72613906566335,99.00592623212471,99.44533043906961,27922100
2018-11-06,100.70743560791016,101.75451911020458,99.36117723899287,100.38956587848406,24340200
2018-11-07,104.67143249511719,104.93320342728535,102.27809010646784,102.31548697288086,37901700
2018-11-08,104.47509002685547,104.90514323278434,103.68977733760846,104.52183788666768,25644100
2018-11-09,102.43701934814453,104.19462923734062,101.6797524337271,103.63369051804167,32039200
2018-11-12,99.91278839111328,102.80162662731193,99.19291123234618,102.29677965606193,33621800
2018-11-13,99.97824096679688,101.66105723730116,99.69776802201785,100.54853072385048,35374600
2018-11-14,98.56043243408203,101.6495427434277,98.0909629128478,101.49930905813527,39495100
2018-11-15,100.72937774658203,101.21763005257165,97.56515780786195,98.57920651350138,38505200
2018-11-16,101.67770385742188,102.23167442177528,100.278686771267,100.54158854170835,33502100
2018-11-19,98.23179626464844,101.93121088419117,97.2271318671545,101.65891772702459,44773900
2018-11-20,95.4994888305664,96.6825540259116,93.28359212466617,95.58399706914496,64052500
2018-11-21,96.81399536132812,98.05339448435399,95.99711589887684,97.27407343939267,28130600
2018-11-23,96.77645111083984,97.47126402727778,95.77178657740268,95.93140450244954,13823100
2018-11-26,99.96881866455078,100.11904515274591,98.19422484381607,98.3914011390605,32336200
2018-11-27,100.59793853759766,100.77633926591076,98.92662802036045,99.78105890975759,29124500
2018-11-28,104.33489990234375,104.53207622448627,101.27395688436408,101.30212390702218,46788500
2018-11-29,103.4616928100586,104.33490638438919,102.37252010937259,103.59314369965362,28123200
2018-11-30,104.11893463134766,104.19405146301705,102.68235925246346,103.94053394701669,33665600
2018-12-03,105.24567413330078,106.49446478261011,103.96872362233894,106.10011210289235,34732800
2018-12-04,101.89366149902344,105.7620929238423,101.60259268886887,105.10483846106219,45197000
2018-12-06,102.52274322509766,102.5696858730945,98.58858684806724,99.3585164778631,49107400
2018-12-07,98.41958618164062,102.7668711943311,97.9313410511747,101.76220674588919,45044900
2018-12-10,101.02043151855469,101.38662427531669,97.54636049846742,98.40079832502006,40801500
2018-12-11,101.9593734741211,104.17526988948939,100.87959945129339,103.09549586666168,42381900
2018-12-12,102.41947174072266,104.47574335784788,102.38191331966762,104.11894910312947,36183000
2018-12-13,102.76685333251953,104.100151931681,101.9969237690627,102.8889199665718,31333400
2018-12-14,99.55570220947266,102.58847836754676,99.05806567971193,101.64014796046271,47043100
2018-12-17,96.60741424560547,99.3397296398061,95.4994661557202,98.97354407449555,56957300
2018-12-18,97.62150573730469,98.12853374398327,96.26003965542593,97.41493797567223,49319200
2018-12-19,97.35858917236328,100.35379977176625,95.16146814286621,97.32103075197897,68198200
2018-12-20,95.31168365478516,97.94070810868067,92.7483774696138,96.75765032801837,70334200
2018-12-21,92.23197174072266,96.7107071632191,91.50898477267997,95.42435828518511,111242100
2018-12-24,88.38232421875,91.98785365188253,88.24148910160636,91.71556048617822,43935200
2018-12-26,94.4197006225586,94.54176727344007,88.22270484724791,89.33065311946527,51634800
2018-12-27,95.00183868408203,95.0112300789209,90.51371186483709,93.23663612174724,49498500
2018-12-28,94.26008605957031,96.15674685965496,93.44320654703452,95.85627950131307,38196300
2018-12-31,95.36802673339844,96.14734776372849,94.30702832248554,95.10512497944023,33173800
2019-01-02,94.94548797607422,95.53701680345429,92.89860123615172,93.47135444068513,35329300
2019-01-03,91.45265197753906,94.07229241642493,91.26485989595818,93.98778418882968,42579100
2019-01-04,95.7060775756836,96.2506640572961,92.88925983932113,93.63102270285447,44060600
2019-01-07,95.8281021118164,96.96421732439497,94.81405354124455,95.43374949195317,35656100
2019-01-08,96.52291107177734,97.6214677435937,95.49946405933728,96.7482543769753,31514400
2019-01-09,97.90316009521484,98.4759134215419,96.93605413344359,97.51819885495807,32280800
2019-01-10,97.27408599853516,97.41492829142284,96.12857918956895,96.91729173161805,30067600
2019-01-11,96.52291107177734,97.12383132799489,95.43373863017395,96.88909662904946,28314200
2019-01-14,95.81871032714844,96.58863988008399,95.07694779290622,95.67786807014691,28437100
2019-01-15,98.59798431396484,98.63554273279615,95.65910072135416,96.25063686352739,31587600
2019-01-16,98.94538879394531,99.77165969487407,98.55103613497623,98.8327206991176,29853900
2019-01-17,99.64019775390625,100.11905143086939,98.3632402882674,98.58858361645801,28393000
2019-01-18,101.13312530517578,101.311526018929,99.44303929509383,100.89839054014746,37427600
2019-01-22,99.22705078125,100.56034213261573,98.4571212664509,100.23171499157972,32371300
2019-01-23,100.19416809082031,100.50401964376427,98.90781923266633,99.64019758422528,25874300
2019-01-24,99.71531677246094,100.4664708215881,98.9078286768868,100.33501993752124,23164800
2019-01-25,100.62608337402344,101.29272915446843,99.71531146607298,100.69180881255927,31225600
2019-01-28,98.6636962890625,99.97821211459153,98.26934369046427,99.77164442098247,29476700
2019-01-29,96.65438079833984,98.5604257796969,95.93139377287177,98.47591754654145,31490500
2019-01-30,99.88433074951172,99.88433074951172,97.95951004929553,98.23180322575793,49471900
2019-01-31,98.05338287353516,98.79514541317202,96.87970932921128,97.46185398606846,55636400
2019-02-01,96.50414276123047,97.7435418710479,96.10039873193578,97.44308169786596,35535700
2019-02-04,99.2834243774414,99.33976559802252,96.49477393717484,96.58867358363094,31315100
2019-02-05,100.67302703857422,100.71996968407022,99.48996205363466,99.58385450816175,27325400
2019-02-06,99.55570220947266,100.46647419648508,99.0862327038816,100.46647419648508,20609800
2019-02-07,98.84210205078125,99.14256223412559,97.92194587333613,98.76699237759703,29760700
2019-02-08,99.2176742553711,99.32095810996438,97.89377409923027,98.01583358032438,21461100
2019-02-11,98.82332611083984,100.0721166541019,98.56042434668696,99.715315262578,18914100
2019-02-12,100.36320495605469,100.59793974305333,99.03930448242171,99.65900059505877,25056600
2019-02-13,100.28807067871094,101.19884264017405,100.19417821293386,100.93594087058386,18394900
2019-02-14,100.37257385253906,100.73875946508515,99.20829157581647,99.81859615436957,21784700
2019-02-15,101.61196899414062,101.68708582545561,100.80448096634278,101.32090022721418,26606900
2019-02-19,101.56503295898438,102.02511824053872,101.19884731107707,101.20823870714902,18038500
2019-02-20,101.0369873046875,101.78191788178646,100.22605058501672,101.70648023481012,21607700
2019-02-21,103.16803741455078,103.23404354646661,100.7729464656884,100.80123378020535,29063200
2019-02-22,104.63904571533203,104.85591994425474,103.55465298832993,103.77153441138216,27763200
2019-02-25,105.2236557006836,105.77999924717558,104.91248805664523,105.38396246812415,23750600
2019-02-26,105.94974517822266,106.77953766888396,104.82763361945109,104.91250276636362,21536700
2019-02-27,105.77056884765625,105.94973142800785,104.5541639900595,105.31795743662828,21487100
2019-02-28,105.6385498046875,106.44005482227877,105.35566948948788,105.64798130676596,29083900
2019-03-01,106.11003112792969,106.57207404218563,105.29909455524368,106.4494932836647,23501200
2019-03-04,105.85545349121094,106.78897095807754,104.47874885694542,106.57208952934604,26608000
2019-03-05,105.327392578125,105.9780296417906,104.88421262419983,105.84601736715257,19538300
2019-03-06,105.37454223632812,106.23262921018188,105.0727988684725,105.4876986970725,17687000
2019-03-07,104.0921401977539,105.18596449790623,103.60180988004664,105.04452070817894,25339000
2019-03-08,104.20529174804688,104.39387866269199,102.59284988720334,102.93231208886826,22818400
2019-03-11,106.39291381835938,106.50606306904068,104.64845999378194,104.65788430191982,26491600
2019-03-12,107.13785552978516,107.48674201503172,106.2231939549285,106.38349353972444,26132700
2019-03-13,107.9676513671875,108.43912582730621,107.28872699355584,107.61875767681308,35513800
2019-03-14,108.0525131225586,108.62771253839963,107.80735158351075,108.00536999310908,30763400
2019-03-15,109.29720306396484,110.56075105137015,108.05250369373938,108.75971532093365,54681100
2019-03-18,110.86250305175781,110.9002218714502,109.42922387409334,109.54237313904125,31207600
2019-03-19,110.93795013427734,111.68288069982033,110.31560034757186,111.35284279795113,37588700
2019-03-20,110.81537628173828,111.97520685287402,110.05158980448473,110.69279548728117,28113300
2019-03-21,113.36134338378906,113.92711141210346,110.40990805929549,110.45705839254285,29854400
2019-03-22,110.37216186523438,112.76724552866405,110.36273036271199,112.68238358834826,33624500
2019-03-25,110.94739532470703,111.27742607315807,109.68383978104067,109.91014555224557,27067100
2019-03-26,111.1831283569336,111.93748329686274,110.183597450185,111.85262133369953,26097700
2019-03-27,110.10814666748047,111.46599546921121,108.92946046990299,111.15482058645964,22733400
2019-03-28,110.25902557373047,110.87194385541864,109.5046635048635,110.7399315724864,18334800
2019-03-29,111.21139526367188,111.56971325480446,110.28730217878481,111.3339760304498,25399800
2019-04-01,112.22976684570312,112.31463598155005,111.36225564664932,112.16376071521269,22789100
2019-04-02,112.39009857177734,112.66355465714027,111.75831724635876,112.26751059212451,18142300
2019-04-03,113.12559509277344,113.55935077872503,112.35237718405448,113.02187012503174,22860700
2019-04-04,112.5503921508789,113.37076036300554,111.62629897420302,113.24817238992198,20112800
2019-04-05,113.0501480102539,113.37075439128104,112.55981772613708,112.57867353954833,15826200
2019-04-08,113.08785247802734,113.17271441880146,111.87144763469824,112.97469602953326,15116200
2019-04-09,112.47496032714844,112.72012909187659,111.81489887687677,111.86204201239318,17612000
2019-04-10,113.33303833007812,113.48390642343033,112.72012006440993,112.92756998763268,16477200
2019-04-11,113.4650650024414,113.95539536069587,113.0784524248251,113.66308344678248,14209100
2019-04-12,114.0496597290039,114.07795423737342,113.5027548673821,113.7573478896777,19745100
2019-04-15,114.14398193359375,114.64374376394268,113.69136323784316,114.04025696569529,15792600
2019-04-16,113.87993621826172,114.70973585982857,113.24816217779912,114.70030435641188,14071800
2019-04-17,114.82288360595703,114.8983212440345,113.66306049556455,114.3231218434197,19300900
2019-04-18,116.33162689208984,116.47306349429009,114.37972264629293,115.21894672528921,27991000
2019-04-22,116.6993637084961,116.92566944144585,115.5772521593156,115.62440248432284,15648700
2019-04-23,118.28351593017578,118.41552820467673,116.76536757928535,117.01996062464309,24025500
2019-04-24,117.87804412841797,118.6701177520763,117.41599398715475,118.61354312013762,31257000
2019-04-25,121.7818374633789,123.87518504839595,121.48010131515296,122.63992436471402,38033900
2019-04-26,122.47964477539062,123.07370724837718,121.65928375136907,122.30048216364801,23654900
2019-04-29,122.366455078125,122.75305310452342,121.97041835637815,122.48902862335885,16324200
2019-04-30,123.14915466308594,123.24344093740942,122.00817995416216,122.40421683814716,24166500
2019-05-01,120.58431243896484,123.19627793659059,120.41458133555066,123.08312866373431,26821700
2019-05-02,119.00955200195312,120.69743100191585,118.35891511083763,120.6785751937379,27350200
2019-05-03,121.5461196899414,122.04588150618846,119.9902596036266,120.09398456859824,24911100
2019-05-06,120.8388900756836,121.22550255961616,118.91528074131828,119.17930526979474,24239800
2019-05-07,118.35896301269531,119.92426190768533,117.13313354944486,119.24533743246704,36017700
2019-05-08,118.34953308105469,119.16046981081472,117.63288981412325,118.28352693766166,28419000
2019-05-09,118.3400650024414,118.61352099602128,116.52017367519652,117.1990979083427,27235800
2019-05-10,119.87710571289062,120.63146780270517,116.75594677468979,117.78376494220886,30915100
2019-05-13,116.312744140625,118.38723601506592,116.02043228685147,117.02938731136852,33944900
2019-05-14,117.61400604248047,118.69839139844711,116.6427627432323,116.80306950547923,25266300
2019-05-15,119.27027130126953,119.92331669547117,117.07453252653936,117.60454341751453,24722700
2019-05-16,122.02442932128906,122.45033861990113,119.6867299842186,119.96119828663186,30112200
2019-05-17,121.21051025390625,123.47250001699287,121.06853566802667,121.43764648488113,25770500
2019-05-20,119.45958709716797,120.7562045067827,119.02422582189676,119.74351459629621,23706900
2019-05-21,120.10316467285156,120.69941891210208,119.8003043451872,120.60477641359942,15293300
2019-05-22,120.8319091796875,121.37138653708993,119.74350249115899,119.83815220205993,15396500
2019-05-23,119.42169952392578,119.52580841443998,118.05882475410948,119.4406251309474,23603800
2019-05-24,119.47850799560547,120.59530677794467,119.22297253439444,120.11262788223945,14123400
2019-05-28,119.40277862548828,121.14422337047482,119.2986697308686,120.17885851762505,23128400
2019-05-29,118.24813079833984,118.67402560348482,117.39633396729093,118.66455918848457,22763100
2019-05-30,118.99583435058594,119.02422637855555,118.09671254724175,118.55100665703543,16829600
2019-05-31,117.05563354492188,117.94528895437433,116.71491475920647,117.576178139976,26646800
2019-06-03,113.42131042480469,117.70868758441239,112.63577109841937,117.21653498251541,37983600
2019-06-04,116.56346893310547,116.6770370290661,114.18790424222409,114.78415840829408,29382600
2019-06-05,119.09046173095703,119.12832017036331,117.5572274284184,118.257590505537,24926100
2019-06-06,120.97388458251953,121.11585193756727,118.87278794593999,119.66780080175154,21459000
2019-06-07,124.36209869384766,125.16657774899176,121.390280336674,122.27047625689762,33885600
2019-06-10,125.49787902832031,126.89860539504559,124.93000957184023,125.30857958181349,26477100
2019-06-11,125.02465057373047,127.05003031299509,124.24856333344668,126.70931155117864,23913700
2019-06-12,124.44731903076172,124.90160588864433,123.70909747113292,124.36212851117467,17092500
2019-06-13,125.23287200927734,125.87644388820492,124.51356880162935,124.91107162829395,17200800
2019-06-14,125.3559341430664,126.62415986262009,124.58932030425446,125.17610829119228,17821700
2019-06-17,125.73445129394531,126.56730795512406,125.43158382332331,125.52623351827165,14517800
2019-06-18,127.9207534790039,127.9964703644059,126.4159182906275,127.00270610059383,25934500
2019-06-19,128.42237854003906,128.64951477830488,126.64306765217962,127.76933297198339,23744400
2019-06-20,129.6148681640625,130.28684646756167,128.45075178859747,130.08808784661952,33042600
2019-06-21,129.63380432128906,130.35309305828537,129.15112543164247,129.26469353708424,36727900
2019-06-24,130.400390625,130.98717830233443,129.66216921109026,129.66216921109026,20628800
2019-06-25,126.28340911865234,130.22060070400872,125.62090439071255,129.8988147563694,33327400
2019-06-26,126.75660705566406,128.46967429978852,126.44429479880031,127.15412426561652,23657700
2019-06-27,126.96481323242188,127.49483131666894,126.35909272051279,126.95535403934316,16557500
2019-06-28,126.7850112915039,127.39073184821042,126.02785698524144,127.36233982535833,30043000
2019-07-01,128.4128875732422,129.3782597801581,127.74092370369236,129.3120165334436,22613500
2019-07-02,129.26467895507812,129.2741381489582,128.09108904566622,128.82931053079903,15237800
2019-07-03,130.09751892089844,130.36252070111243,128.9901725174516,129.47286567831662,13629300
2019-07-05,129.718994140625,129.97453684645592,128.4507686904605,128.65898653350487,18141100
2019-07-08,129.6243438720703,129.7568448076433,128.11949428193284,129.09432568825954,16779700
2019-07-09,129.151123046875,129.63380192760897,128.52646959544137,128.7157545815222,19953100
2019-07-10,130.4666290283203,131.15752549230436,129.68108288257898,129.78519175590648,24204400
2019-07-11,130.98719787597656,131.76328506076018,130.4855861849406,130.7979128977302,22327900
2019-07-12,131.46041870117188,131.67811014751635,130.61808826526007,131.41310828733185,18936800
2019-07-15,131.46041870117188,132.0661393018105,131.04399752196642,131.97150403261216,16651500
2019-07-16,129.73785400390625,131.6023399051692,129.20785049844292,131.5171638649724,22726100
2019-07-17,128.97128295898438,130.5423611666668,128.92395810733046,130.32468417887947,20211000
2019-07-18,129.11328125,129.30256627106823,127.45701204299061,128.28988346551648,30381800
2019-07-19,129.3025360107422,133.13561816679365,129.14164305841146,132.70972335868083,48992400
2019-07-22,131.015625,131.73492832816441,129.97455011997985,130.05026701986674,25074900
2019-07-23,131.82952880859375,132.49204789726673,130.63702044371513,132.2743564520087,18034600
2019-07-24,133.18296813964844,133.2019009733516,131.41313088870163,131.46044131067842,20738300
2019-07-25,132.68130493164062,133.0788076362137,131.85790750370464,132.90844108195944,18356900
2019-07-26,133.7696990966797,134.09148492512188,132.78540878570521,132.85165201320115,19037600
2019-07-29,133.47633361816406,133.9306204395414,131.90524091073357,133.9211612454669,16605900
2019-07-30,132.83277893066406,133.65617660823088,132.31223435917718,132.63402029736196,16846500
2019-07-31,128.97128295898438,132.96525782108506,127.84501792060054,132.81382407239946,38598800
2019-08-01,130.6654052734375,133.39115503337402,129.59592426094514,129.66218194277124,40557500
2019-08-02,129.5675506591797,130.91150734243425,128.0153905899837,130.69381587821277,30791600
2019-08-05,125.1287612915039,126.75662379754603,123.77534541976084,126.16037678690061,42749600
2019-08-06,127.47594451904297,128.41291042522803,126.07521803725183,126.63361390236516,32696700
2019-08-07,128.03433227539062,128.38451026328033,124.76911894299722,126.62413224489565,33414500
2019-08-08,131.45098876953125,131.54563850131817,128.64952134198302,129.28364855021678,27496500
2019-08-09,130.3341827392578,131.91473488444646,129.15113342924957,131.1859724658558,23466700
2019-08-12,128.51698303222656,130.4761192669757,127.99645298324161,129.7284385926305,20484300
2019-08-13,131.17649841308594,131.3657833929446,127.76931100955711,128.76307520571288,25154600
2019-08-14,127.2261962890625,130.0179961071587,126.93182540164298,129.48622747316105,32527300
2019-08-15,126.9413070678711,127.79594758854012,125.58339900902332,127.61552299563418,28074400
2019-08-16,129.267822265625,129.58118902176983,127.92889553199018,128.08083356338312,24449100
2019-08-19,131.43289184570312,131.56583400415468,129.98950948993735,130.90112321189693,24355700
2019-08-20,130.3408660888672,131.71778474300913,130.32188469983527,131.2429892042319,21170800
2019-08-21,131.7937469482422,132.45847233290272,131.0435763287455,131.56585434971703,14970300
2019-08-22,130.83462524414062,132.18304250301233,129.41972967122004,131.67026982300447,18697000
2019-08-23,126.66594696044922,131.37592484647453,126.10569173004166,130.27439577374798,38508600
2019-08-26,128.6221160888672,128.72657169309943,127.15024693454397,128.18531228179472,20312600
2019-08-27,128.89749145507812,129.8280866061358,127.87193140530451,129.5147198279042,23102100
2019-08-28,128.72659301757812,128.9165083777492,126.8179197399971,128.08087789507385,17393300
2019-08-29,131.15750122070312,131.4613772886196,130.00850425171393,130.33136170666887,20168700
2019-08-30,130.91062927246094,132.16408198648247,129.40078290504013,132.13559541272812,23940100
2019-09-03,129.18235778808594,130.28388686416372,128.8595003142867,129.72363163205165,18869300
2019-09-04,130.6921844482422,130.7491575770367,129.60014635112714,130.37881775026685,17995900
2019-09-05,132.9901885986328,133.3035552876263,131.76520840623962,132.09757096748865,26101800
2019-09-06,132.08810424804688,133.11364970228468,131.23346371670507,132.97121685853156,20824500
2019-09-09,130.5877685546875,132.70535259263482,129.58120433457648,132.55341454328718,25773900
2019-09-10,129.22035217285156,129.98951860709795,127.72948726529977,129.90405888987272,28903400
2019-09-11,129.25828552246094,129.40073282571439,128.28020822979337,129.0588795833526,24726100
2019-09-12,130.5877685546875,131.44239472545084,129.97052566281627,130.90113534786337,27010000
2019-09-13,130.39784240722656,131.1005304702784,129.6856491608738,130.8346461508087,23363100
2019-09-16,129.457763671875,129.8091077619306,128.821539337899,128.9829680952113,16731400
2019-09-17,130.46437072753906,130.58782225460064,129.5527565461918,130.05605335282132,17814200
2019-09-18,131.537353515625,131.67978637426282,129.64766214991084,130.43582444346168,23982100
2019-09-19,133.9587860107422,135.1932425042096,133.00919517600957,133.2275970109083,35772100
2019-09-20,132.4109649658203,134.5095528603241,131.28094941203764,133.9018152292487,39167300
2019-09-23,132.1260986328125,132.59140346538697,131.4613877931415,132.21155835013957,17139300
2019-09-24,130.4547882080078,133.597931424837,129.97999280994648,133.28456472336381,29773200
2019-09-25,132.3350067138672,132.9047671285439,129.1728668405908,130.56876681590046,21382000
2019-09-26,132.5059051513672,133.11364273558647,131.461363876094,132.41095475703705,17456600
2019-09-27,130.78717041015625,133.2845994921145,129.76161034406246,133.08517899748122,22477700
2019-09-30,132.02162170410156,132.20204629348828,130.83463307877545,131.09102667893592,17280900
2019-10-01,130.16043090820312,133.18012299872427,130.09395259055418,132.61986784828525,21466600
2019-10-02,127.8624038696289,129.4957013126787,126.84634918111219,129.38175504582622,30521700
2019-10-03,129.4102783203125,129.85658731155766,126.50453177449398,128.14732037589653,24132900
2019-10-04,131.15750122070312,131.28095268449525,129.54319945631997,129.8565662177557,22897700
2019-10-07,130.20790100097656,131.21446504769122,130.11295060369838,130.22689687627516,15303700
2019-10-08,128.83099365234375,130.81563512484465,128.78351121016382,130.16992027794,25550500
2019-10-09,131.27145385742188,131.70825756597702,130.0654693332146,130.53077409977837,19749900
2019-10-10,132.08810424804688,132.6293635439164,131.28094616115868,131.50885320077137,17654600
2019-10-11,132.63885498046875,133.92080853986354,132.46793556700695,133.05667731063025,25446000
2019-10-14,132.51547241210938,133.2181607198422,132.48698583150474,132.6484146181356,13304300
2019-10-15,134.43362426757812,134.6425209873499,132.76233459251696,132.9997323768508,19695700
2019-10-16,133.33206176757812,133.88282622841803,132.49641713877173,133.69289645670221,20751600
2019-10-17,132.64837646484375,134.2911649288602,132.01215219831263,133.84485597493978,21460600
2019-10-18,130.48330688476562,132.94274417448742,129.67614871357682,132.71483711107183,32273500
2019-10-21,131.45187377929688,131.51835210360323,130.10345631236675,131.47086965618564,20078200
2019-10-22,129.49571228027344,132.95222273374398,129.39125669694297,131.96465452829864,27431000
2019-10-23,130.3218536376953,130.52125960227187,128.7740159135326,129.98000035167183,29844600
2019-10-24,132.8857879638672,133.34158765916894,131.6798031452367,132.36350993299484,37029300
2019-10-25,133.63592529296875,134.02526104528107,132.18305235346904,132.31599450186746,25959700
2019-10-28,136.92149353027344,138.32688379313453,136.27576428110694,137.1208994750065,35280100
2019-10-29,135.6300811767578,137.21589637185252,135.4591472660581,136.8170698996977,20589500
2019-10-30,137.3203582763672,137.69069819537728,135.59209566124733,136.28530753985297,18496600
2019-10-31,136.142822265625,137.624181528983,135.7819876307077,137.59569496542653,24605100
2019-11-01,136.47518920898438,137.13989986265574,135.76299611799243,136.98796185907216,33128400
2019-11-04,137.2633819580078,137.69069501011745,136.89304204756496,137.52926627885864,16912000
2019-11-05,137.17791748046875,137.7096861036988,136.65563955065056,137.6622036574229,18250200
2019-11-06,136.79808044433594,137.23489869030976,135.9814315850355,137.09245134310544,16575800
2019-11-07,136.98802185058594,137.57677824990662,136.52273143405293,136.58919528372397,17786700
2019-11-08,138.60231018066406,138.6307967517924,136.51319836719344,136.7221095485405,16732700
2019-11-11,138.74476623535156,139.03913717930442,137.43432578589818,138.01357697837716,14362600
2019-11-12,139.65638732910156,140.1311829379072,138.69729092596245,138.9062021530059,18641600
2019-11-13,139.8842315673828,140.02667889452468,138.9061541106917,139.3429722951435,16919200
2019-11-14,140.59640502929688,140.92876758977263,139.5898411461715,139.60883701838284,19729800
2019-11-15,142.4102020263672,142.42919790860606,140.7958997867673,141.4226190045233,23485700
2019-11-18,142.7615203857422,142.96094088922226,141.47007592925198,142.5051412250522,21534000
2019-11-19,142.80902099609375,143.70163904873007,142.62859634848277,143.27432590363725,23935700
2019-11-20,142.56124877929688,143.72369299271554,141.45598610890764,143.21869840446624,25696800
2019-11-21,142.42784118652344,142.73275123238287,141.49407961417353,142.3516136750586,18576100
2019-11-22,142.5326690673828,143.2091792248847,141.79900644315683,142.99003419030504,15901800
2019-11-25,144.09532165527344,144.20967022511317,142.84712668796502,142.923354221553,22420900
2019-11-26,144.85752868652344,145.2291286880188,144.1810332027573,144.2191396859499,24620100
2019-11-27,145.1339111328125,145.30541218162605,144.3716503250602,145.1434341225525,15184400
2019-11-29,144.23822021484375,145.11481483903017,144.14293218527285,144.92425331880042,11977300
2019-12-02,142.4945526123047,144.66698590807712,141.32258546195922,144.64792539456,27418400
2019-12-03,142.26585388183594,142.38018787210763,139.7313438121382,140.53172536077082,24066000
2019-12-04,142.7803955078125,143.09481400218218,142.16105242810966,143.05670751583506,17574700
2019-12-05,142.8566131591797,143.22822774251884,142.4278461139037,142.97096169978855,17869100
2019-12-06,144.59078979492188,144.70512382303176,143.18061680554473,143.86665005203417,16403500
2019-12-09,144.2191619873047,145.02906663475972,143.79039492526297,143.9428499594283,16687400
2019-12-10,144.00003051757812,144.72417018965996,143.64747640052002,144.15247102718075,16476100
2019-12-11,144.5430908203125,144.7050688115285,143.23772936592445,144.390635814847,18856600
2019-12-12,146.01046752929688,146.20102904633217,143.89520125070794,144.49546930242354,24612100
2019-12-13,147.2396240234375,147.58264062173618,145.61982907438258,145.78180711539665,23845400
2019-12-16,148.1924285888672,148.54496813372918,147.5159330006773,147.79224502847762,24144200
2019-12-17,147.39207458496094,148.36395734034772,147.16339201342475,148.1162142531218,25425600
2019-12-18,147.087158203125,148.1447914255424,146.90611965909392,147.02046820943158,24129200
2019-12-19,148.36398315429688,148.42115017239905,146.49644484243447,146.73465044380427,24958900
2019-12-20,149.98374938964844,151.01279913363405,148.91657861500784,149.92658238257923,53477500
2019-12-23,149.98374938964844,150.6602450251851,149.85035486018253,150.6602450251851,17718200
2019-12-24,149.95516967773438,150.26960276347876,149.70742658895256,150.05044317895428,8989200
2019-12-26,151.18431091308594,151.24147792422315,149.97422253466266,150.12667759030475,14520600
2019-12-27,151.46060180664062,152.02276333549287,150.7555082447323,151.92747531345546,18412800
2019-12-30,150.15524291992188,151.51778618905448,149.33581526867843,151.48920268694584,16348400
2019-12-31,150.26004028320312,150.32674480800208,149.0690126738897,149.37392272055132,18369400
2020-01-02,153.0422821044922,153.1470931177711,150.86032587757265,151.28909291774593,22622100
2020-01-03,151.1366729736328,152.4039284141965,150.6030947963249,150.8508379064428,21116200
2020-01-06,151.52732849121094,151.59403303057528,149.1262122356397,149.66932792275708,20813700
2020-01-07,150.14572143554688,152.13711630992105,149.89799290182077,151.8036372690105,21634100
2020-01-08,152.5373077392578,153.21381792157746,150.49826874289445,151.43203046001807,27746500
2020-01-09,154.4429473876953,154.56681892653168,153.4329581787887,154.20474183695646,21385000
2020-01-10,153.72833251953125,155.51964293432806,153.57587747595,155.1385198642881,20725900
2020-01-13,155.57679748535156,155.60538098637048,153.6520926962427,154.12850376510744,21626500
2020-01-14,154.48104858398438,155.8816982056142,154.09038804158996,155.6815991715623,23477400
2020-01-15,155.4815216064453,156.20567579261396,154.9003140143662,154.94794349384517,21417900
2020-01-16,158.33045959472656,158.39716412587353,156.29142071509088,156.59633079076963,23865400
2020-01-17,159.21661376953125,159.56915337167442,157.62538771805643,159.52150934840557,34371700
2020-01-21,158.64488220214844,160.255153903279,158.57817767539785,158.8163832042299,29517200
2020-01-22,157.88262939453125,159.5881892069386,157.86356888038867,159.5024241627532,24138800
2020-01-23,158.8545379638672,158.93076549395,157.472948511039,158.34954329861904,19680800
2020-01-24,157.25376892089844,159.62630142430766,156.69160731427516,159.6072409094811,24918100
2020-01-27,154.62399291992188,155.67210320610195,152.64212090354462,153.5472991294745,32078100
2020-01-28,157.65396118164062,157.9397961988569,155.37671679803938,156.05321239066768,24899900
2020-01-29,160.1122283935547,160.78873852015346,157.87310505454732,159.92166687049843,34754500
2020-01-30,164.62863159179688,165.83871995253386,162.73251002961166,165.83871995253386,51597500
2020-01-31,162.1988983154297,164.26652048063715,161.57956978010938,164.08549649844846,36142700
2020-02-03,166.15313720703125,166.26747121673395,162.36089444421407,162.38947794663974,30107000
2020-02-04,171.6223602294922,172.11783193162665,167.99210933453162,168.78295364444696,36433300
2020-02-05,171.41270446777344,175.50984275197817,169.9930087236382,175.34786472595192,39186300
2020-02-06,174.9667510986328,175.14778964892244,171.56516875202502,172.43224047240506,27751400
2020-02-07,175.21450805664062,176.87242424301567,173.87102500245305,174.22357917189004,33529100
2020-02-10,179.7975616455078,179.93095618338666,174.60468311812673,174.9191162157513,35844300
2020-02-11,175.73851013183594,181.7031712330215,174.84285503323278,181.65552722032552,53159900
2020-02-12,175.9957733154297,177.08198990829192,173.27070157699833,176.82472387503446,47062900
2020-02-13,175.04298400878906,177.44408563908578,174.24260225977625,174.44270133175792,35295800
2020-02-14,176.6055908203125,176.6627578229254,174.03295939143354,174.60465849538713,23149500
2020-02-18,178.39686584472656,178.84469336504893,176.74848779227574,176.8532987978599,27792200
2020-02-19,178.93194580078125,179.7918222433081,178.15805408678213,179.67717593860445,29997500
2020-02-20,176.19944763183594,178.9033016844323,173.02744473692812,178.61667131607516,36862400
2020-02-21,170.62928771972656,175.32042633189093,169.3490221652734,175.0051344424587,48572600
2020-02-24,163.27252197265625,166.76937977870733,155.95396547023205,160.29160165464475,68311100
2020-02-25,160.5782470703125,167.04646222546262,160.17695584027481,166.43499095969676,68073300
2020-02-26,162.58462524414062,165.53688417349048,160.71200092942902,162.14513803050656,56206100
2020-02-27,151.1290740966797,159.5845886377362,150.93799206981453,156.0399711167215,93174900
2020-02-28,154.78836059570312,156.4125943556021,145.2245639669726,145.61629161864823,97012700
2020-03-02,165.0878448486328,165.21205473784656,155.07499702232786,157.94127142356453,71030800
2020-03-03,157.17689514160156,167.1993044084462,155.02718979920726,166.05279780822704,71677000
2020-03-04,162.94769287109375,163.0910007511262,158.23744130615754,160.97952023265017,49814400
2020-03-05,158.85845947265625,163.25340408325562,158.30431143028486,158.6482648849077,47817300
2020-03-06,154.36798095703125,155.8393286298123,149.046258201705,155.36161626378117,72821100
2020-03-09,143.90603637695312,150.71821786212425,143.3136778403717,144.2691023593075,70419300
2020-03-10,153.7469482421875,153.8520455473004,145.77870936639837,151.10998119384263,65354400
2020-03-11,146.78192138671875,150.67049286628202,144.4124573102769,150.12590829373858,56371600
2020-03-12,132.8613739013672,146.62904913568383,132.4027740671427,138.82323006078877,93226400
2020-03-13,151.7500762939453,154.69278552683443,134.4568868746631,140.9251148732314,92727400
2020-03-16,129.3835906982422,142.69266224896845,128.98231413702825,133.7594368828441,87905900
2020-03-17,140.03662109375,140.92515916737005,128.9823490684404,133.75947310801226,81059800
2020-03-18,134.14161682128906,139.49200076424364,129.00144204905686,131.8486034620933,81593200
2020-03-19,136.34866333007812,143.45701074664507,132.80403133103658,136.4059864786484,85922700
2020-03-20,131.2275390625,140.54292638687397,129.80395154616483,139.491953780369,84866200
2020-03-23,129.91867065429688,134.30408191819546,126.61290874487847,130.90275711102777,78975200
2020-03-24,141.7276611328125,142.931505284728,134.97281777028138,137.3422663530012,82516700
2020-03-25,140.37100219726562,147.45070307732973,138.00155290473782,142.2723026936915,75638200
2020-03-26,149.1513214111328,149.6768078093719,141.75633042707474,141.78499199619498,64568100
2020-03-27,143.02706909179688,147.9857254238358,142.54935676044244,144.9856925660748,57042300
2020-03-30,153.08767700195312,153.4411940114723,143.32323658784367,145.6449259076902,63420300
2020-03-31,150.6800537109375,157.43489955967067,149.58130642853416,152.29470939927032,77927200
2020-04-01,145.3296356201172,150.7182297487501,144.097144308081,146.1799629258876,57969900
2020-04-02,148.33921813964844,148.54941271792683,143.65764343135137,145.09078033127363,49630700
2020-04-03,146.97299194335938,150.36475274238688,145.40609592689418,148.18638546531636,41243300
2020-04-06,157.90304565429688,159.07821396372586,150.5558273134224,153.173696262992,67111700
2020-04-07,156.202392578125,162.42220225132698,155.98263439611668,162.0304746176157,62769000
2020-04-08,157.769287109375,159.24063474894433,156.2119401661067,158.28521003844824,48318200
2020-04-09,157.77883911132812,159.90943217427318,156.0495226849944,158.9444584466096,51385100
2020-04-13,158.13229370117188,158.189631413571,155.065389415028,157.02401243132852,41905300
2020-04-14,165.95726013183594,166.00503428044706,160.5113424985042,161.4667671562334,52874300
2020-04-15,164.21841430664062,165.8330845022303,161.6960934943149,163.56871788146768,40940800
2020-04-16,169.14840698242188,169.37771419195232,165.19294873443468,166.53055225542315,50479600
2020-04-17,170.6388702392578,171.9764590896159,168.03055011312193,171.49874670325588,52765600
2020-04-20,167.2566680908203,170.78218803943125,167.1897959337323,168.75669206882318,36669600
2020-04-21,160.33937072753906,165.92859614684912,158.7055881719727,165.76617570683052,56203700
2020-04-22,165.7852783203125,166.24387803978735,163.20563485266095,163.75021928604565,34620200
2020-04-23,163.7788848876953,167.2566298847578,163.2916235849264,166.3489794210326,32790800
2020-04-24,166.76937866210938,166.77892766048188,163.1005514370253,164.3903659912412,34277600
2020-04-27,166.2916717529297,169.0146233975165,165.575103228782,168.7184440734486,33194400
2020-04-28,162.24066162109375,167.83945079600906,161.8393850072959,167.76301507262517,34392700
2020-04-29,169.52098083496094,169.75983698644703,164.21838593486802,165.498651407964,51286600
2020-04-30,171.2217254638672,172.35866899968724,168.3745483874495,171.97650482042678,53875900
2020-05-01,166.78848266601562,170.6770532828169,166.25343263355887,167.96365086487415,39370500
2020-05-04,170.86813354492188,171.02100498120467,166.05279993099475,166.7120452436695,30372900
2020-05-05,172.70257568359375,175.4637526778618,171.8809098005957,172.5688167993208,36839200
2020-05-06,174.40318298339844,175.98919116288909,173.53375776232772,173.96369587448288,32139300
2020-05-07,175.41598510742188,176.32363567923608,174.44144780720723,175.96056961906066,28316000
2020-05-08,176.4478302001953,176.7535731081761,175.1866771513351,176.73446053177125,30877800
2020-05-11,178.416015625,179.15168215521967,174.69941408559305,174.98602983574403,30892700
2020-05-12,174.37452697753906,178.70259896331262,174.17389598882244,178.47330640477932,32038200
2020-05-13,171.73757934570312,175.84590822074082,168.67065983124968,174.41277125818974,44711500
2020-05-14,172.48284912109375,172.63572059784025,167.84903271027238,169.62612353622768,41873900
2020-05-15,174.9955596923828,178.72170951257604,169.11014111297186,171.07831330408015,46610400
2020-05-18,176.6676025390625,177.90009411138985,175.7599518985268,177.47015586888614,35264500
2020-05-19,175.4446563720703,178.28226912453644,175.31089748650666,176.78224522770665,26799100
2020-05-20,177.87818908691406,178.0602277033785,176.23028056417823,177.063810419329,31261300
2020-05-21,175.74163818359375,178.84584085397677,175.60750678162066,177.62906802371802,29119500
2020-05-22,175.8183135986328,176.7285067714201,174.88896923637637,175.51173375561126,20826900
2020-05-26,173.95960998535156,178.68296499176597,173.50930858232218,178.529667786644,36073600
2020-05-27,174.18955993652344,174.3620229656689,169.19794159308978,172.64704136449447,39517100
2020-05-28,173.79672241210938,176.4314578184735,172.81948562359167,173.16439702519384,33810200
2020-05-29,175.5692138671875,176.54646542657161,172.84825384301752,175.07100518329366,42130400
2020-06-01,175.1667938232422,175.3296666226282,173.85422121574976,174.88894080958718,22622400
2020-06-02,177.15960693359375,177.24583112660875,173.74882463044972,176.52726694636573,30794600
2020-06-03,177.59075927734375,178.14645071681335,175.88536796483194,177.07339945120424,27311000
2020-06-04,175.25302124023438,178.0506295184226,174.65901282929536,176.5751840844292,28761800
2020-06-05,179.35360717773438,179.86139133594125,174.381140968855,174.96557372329258,39893600
2020-06-08,180.4650115966797,180.64705020721627,176.70931764506904,178.14644610396618,33211600
2020-06-09,181.84463500976562,182.70690613192463,179.41108959698158,180.12007814622277,29783900
2020-06-10,188.58958435058594,190.19917591724314,183.00394300463498,183.1189232288996,43872300
2020-06-11,178.46258544921875,187.55480724697597,178.27097127814133,185.03505238982083,52854700
2020-06-12,179.87095642089844,183.68413218055082,177.41824554181426,182.55358381810743,43373600
2020-06-15,181.02069091796875,182.82189647750297,176.2973214302196,176.84343722531378,32770200
2020-06-16,185.45663452148438,187.38238129288425,183.43507334347268,184.805128718821,42556700
2020-06-17,186.0985565185547,188.09137636703255,185.5716065025008,186.85543772763106,25687800
2020-06-18,188.09133911132812,188.25421188053392,185.8685738908698,185.8685738908698,23061600
2020-06-19,186.97039794921875,190.9368717263211,186.22309235492597,190.26621473390784,44441100
2020-06-22,192.16326904296875,192.34529305829906,187.04707994353592,187.58360563324936,32818900
2020-06-23,193.4470672607422,195.40155545487048,192.9871756462905,193.61951565174198,30917400
2020-06-24,189.54762268066406,194.73086849459517,188.3212744692766,193.1500333434356,36740600
2020-06-25,191.94287109375,192.2015583065436,187.27699876624453,189.50934003249893,27803900
2020-06-26,188.10096740722656,191.51175016326752,186.71174606480238,191.35845294251277,54675800
2020-06-29,190.12249755859375,190.20872174887992,185.43745983645167,187.573986504707,26701600
2020-06-30,194.98001098632812,195.83270665462686,189.45186715239498,189.5859985624905,34310300
2020-07-01,196.1201171875,197.7009671812325,193.3129334283423,194.6255060074081,32061200
2020-07-02,197.61474609375,199.3009862383214,196.40756340598136,197.05905464785508,29315800
2020-07-06,201.86863708496094,202.28062150330317,199.3680330335427,200.0770216548245,31897600
2020-07-07,199.52134704589844,205.6722554862354,199.2722500267943,201.6291326622737,33600700
2020-07-08,203.9093475341797,204.3213172997611,199.9428739774805,201.26503670278862,33600000
2020-07-09,205.33688354492188,207.3105372605635,202.60633412638526,207.26263006354597,33121700
2020-07-10,204.7141571044922,205.1069757258136,202.23271880356717,204.6662498986094,26177600
2020-07-13,198.39076232910156,206.75484426398305,197.8446466021249,205.49016444523113,38135600
2020-07-14,199.61715698242188,200.09619982171807,193.56204847648868,197.49020560640852,37591800
2020-07-15,199.32012939453125,202.47223932553388,196.43629689144993,200.77642365546433,32179400
2020-07-16,195.37281799316406,197.07820922824786,193.8302995592707,196.79078061823034,29940700
2020-07-17,194.3764190673828,196.4458729364666,192.94886620272644,195.899771724378,31635300
2020-07-20,202.73092651367188,203.40158353531893,194.50095978623176,196.40755546562454,36884800
2020-07-21,200.0004119873047,204.97287965914356,199.31058903749874,204.70461680302228,37990400
2020-07-22,202.8746337890625,203.40158381365865,199.65546546152484,200.43151248900887,49605700
2020-07-23,194.05062866210938,202.07938974439114,193.67697590587468,198.50573496099534,67457000
2020-07-24,192.86264038085938,194.35725162565268,189.23148765379403,192.01952034770355,39827000
2020-07-27,195.30572509765625,195.42069067366208,192.44104433531257,193.02547704538188,30160900
2020-07-28,193.552490234375,196.12015306596152,193.28422738985785,195.07584309128916,23251400
2020-07-29,195.5069580078125,196.07222504023824,193.54287947526808,194.01234671295202,19632600
2020-07-30,195.3536376953125,195.89017788318162,191.20514013089678,192.5751954494533,25079600
2020-07-31,196.4171142578125,196.50335306832557,190.66860093102648,195.83268148482023,51044000
2020-08-03,207.4638671875,208.5177672855925,201.6195532977186,202.6542875887838,78983000
2020-08-04,204.35008239746094,205.76805968906118,201.49499124627997,205.19320244984735,49280100
2020-08-05,204.01473999023438,205.98839389029322,202.7021674608065,205.89257948730528,28806400
2020-08-06,207.28182983398438,207.30098102055055,202.68301593193615,203.4398971396391,32656800
2020-08-07,203.57408142089844,206.65911908966498,202.0890453995979,205.8447548722764,27820400
2020-08-10,199.52134704589844,202.99920281541554,197.70099006339882,202.79799838593433,36716500
2020-08-11,194.85546875,198.9464840457062,194.62552292567963,198.4770314224895,36446500
2020-08-12,200.42193603515625,201.46624586718303,196.16803348282602,196.68539329251882,28013100
2020-08-13,199.95248413085938,202.4914200259943,199.4255340681538,200.66147281697482,22588900
2020-08-14,200.14410400390625,200.8051854995055,198.81236541828898,200.00997258590266,17958900
2020-08-17,201.4662322998047,202.33809367629547,200.16323534106616,200.81474113004822,20184800
2020-08-18,202.6255340576172,203.45906387306434,200.44110000254938,201.70576542532348,21336200
2020-08-19,201.396240234375,203.70121318351363,200.96406238596384,203.11536754091307,27627600
2020-08-20,206.08297729492188,206.48634420878187,200.63750197596372,201.242545019471,26981500
2020-08-21,204.58477783203125,207.6868712742593,204.42151129871056,205.3915117571103,36249300
2020-08-24,205.22821044921875,206.98574705184538,204.0180951120791,206.2846433660355,25460100
2020-08-25,207.89813232421875,208.03258795996646,204.66158367149941,204.66158367149941,23043700
2020-08-26,212.392822265625,213.29560217508455,208.7529064047803,209.25231937365362,39600800
2020-08-27,217.6077880859375,221.99681561216175,210.7120972374295,214.0639039707593,57602200
2020-08-28,219.8455810546875,221.50707207674154,217.60784308687542,219.14447718461588,26292900
2020-08-31,216.59938049316406,219.64385193055338,215.42768932110053,218.0111720750018,28774200
2020-09-01,218.2704620361328,218.443327279092,215.54291052585035,216.58014594729897,25725500
2020-09-02,222.47703552246094,223.63912796259172,218.34732016667317,218.94276449796857,34080800
2020-09-03,208.69528198242188,220.22970055127237,206.44794563306343,220.19129093318827,58400300
2020-09-04,205.76608276367188,209.7133346924856,197.0648449224571,206.58243014404817,59664100
2020-09-08,194.63502502441406,201.71318133618064,194.19323376492994,198.32296428136345,52924300
2020-09-09,202.9232177734375,206.3326458829489,198.5149785948233,199.37934870044546,45679000
2020-09-10,197.23765563964844,206.2366278547582,196.02755499906874,204.94967867940164,35461500
2020-09-11,195.95074462890625,200.36859801651732,193.27123051236325,198.99521605660559,33620100
2020-09-14,197.2760772705078,200.91599253772984,195.95071850004,196.15240926472322,30375800
2020-09-15,200.5126495361328,201.47305115845535,198.7359006730098,200.16690436591406,21823900
2020-09-16,196.93038940429688,202.30863062009502,196.53662115443242,202.2798197388433,26328100
2020-09-17,194.87510681152344,196.23887542741775,192.0419248096165,192.12835744301333,34011300
2020-09-18,192.45489501953125,195.58579926868694,188.47883258955716,194.7694666209118,55225300
2020-09-21,194.5197296142578,194.68301077891633,188.60366701743501,189.38158995270084,39839700
2020-09-22,199.2064971923828,199.85957789773718,194.0779561891913,196.93994884068002,33517100
2020-09-23,192.64695739746094,199.85958294103887,192.1091348351066,199.6674908934274,30803800
2020-09-24,195.14402770996094,197.4297884915985,191.31201957390397,191.9362894842554,31202500
2020-09-25,199.59066772460938,200.76234419545656,194.51973378987617,195.48974878566517,29437300
2020-09-28,201.14654541015625,204.15260758526912,199.82118630210078,202.52952627863715,32004900
2020-09-29,199.0528564453125,201.75159760507617,198.62067859954726,201.06010719002484,24221900
2020-09-30,202.00128173828125,203.58593860629148,198.36135126137188,199.50423157489382,33829100
2020-10-01,204.0469207763672,205.51633398281396,202.95206359010166,205.03613320542445,27158400
2020-10-02,198.02517700195312,202.63510688545642,197.4009072677186,199.76350127892908,33154800
2020-10-05,202.04928588867188,202.0780967632502,198.7839117756681,199.01441342685956,21331600
2020-10-06,197.75631713867188,201.85722183756158,196.70948280501995,200.55108959675567,28554300
2020-10-07,201.5210723876953,201.7899836672014,198.53422278251327,198.86075581411842,25681100
2020-10-08,202.24136352539062,202.82720906682906,200.0708612618894,202.17412838157995,19925800
2020-10-09,207.2642822265625,207.31230524101485,202.86564081583657,202.86564081583657,26458000
2020-10-12,212.6329345703125,214.99552924534586,208.22469420040088,210.1262854993607,40461400
2020-10-13,214.0351104736328,216.29206019364605,211.70132686372915,213.90065482996604,28950800
2020-10-14,212.11431884765625,215.341269127575,210.45282801933874,214.1695778878412,23421700
2020-10-15,210.96182250976562,211.63410071012294,207.45634781825882,208.50319671727846,22733100
2020-10-16,210.96182250976562,213.48766879500567,210.63528947738715,211.43240992273292,26057900
2020-10-19,205.7372589111328,213.4973066155741,205.25705804814436,211.69174668127602,27625800
2020-10-20,206.15020751953125,208.76250116987134,204.65198329601157,207.25467820553234,22753500
2020-10-21,206.2942352294922,208.33028162230846,204.6807531665606,204.6807531665606,22724900
2020-10-22,206.3807373046875,207.50440562539995,203.31705329086134,205.45874515061752,22351500
2020-10-23,207.6676483154297,207.71567132968448,204.71922281863533,206.51516924614666,18879600
2020-10-26,201.76116943359375,207.773278160453,199.85957837314115,205.38188756074356,37111600
2020-10-27,204.80564880371094,206.169417367795,202.0012777861424,203.21137857142563,36700300
2020-10-28,194.65420532226562,200.57028318372602,194.0971852443019,199.4466149775165,51195600
2020-10-29,196.61341857910156,199.148878240837,195.3168705450445,195.98916339503887,31432600
2020-10-30,194.45252990722656,196.20045334971277,191.71537924916166,195.44174246823854,36953700
2020-11-02,194.31808471679688,197.15126690290424,192.19559043535799,196.20046391002245,30842200
2020-11-03,198.25567626953125,199.8787571628411,195.07674962266472,195.81626288712982,27512000
2020-11-04,207.82131958007812,209.6749024484813,204.00852372653503,205.54517228102782,42311800
2020-11-05,214.4480438232422,215.2451788243226,212.39278520578608,213.24754195195794,36080100
2020-11-06,214.86105346679688,215.47570992275814,209.3963658567556,213.45886064139708,25231900
2020-11-09,209.74209594726562,219.08679901588386,209.2522964276708,215.552528311886,44395000
2020-11-10,202.6543426513672,207.92695287520905,201.4154309967941,206.00614961539188,44045100
2020-11-11,207.97499084472656,209.4059799972818,203.79723759234292,203.97971625987958,29440800
2020-11-12,206.90892028808594,210.43359235451078,205.9677308359219,208.60883520068344,21593900
2020-11-13,207.93655395507812,208.8105229652226,205.67961889214274,207.79249957079764,18621100
2020-11-16,208.6280517578125,209.11786599098707,206.02537142510928,206.3615032186207,24953300
2020-11-17,205.96775817871094,209.06023821778518,205.6028008376703,207.54281640460673,24154100
2020-11-18,203.2523193359375,207.19064241031913,203.10787311428473,205.7270059165811,28372800
2020-11-19,204.5426025390625,205.12998185111996,202.14493655516927,203.54117642474924,24792700
2020-11-20,202.58790588378906,205.38035653386234,202.21236921439393,204.3307815723391,22843100
2020-11-23,202.31829833984375,204.41744834353784,200.440614920729,203.12714432147266,25683500
2020-11-24,205.9292449951172,206.3047816996419,201.11466432534726,201.8175889891121,33979700
2020-11-25,205.93881225585938,207.30615102705005,204.58111204683652,207.1328332231906,21012900
2020-11-27,207.24844360351562,208.24988465052596,206.1025710078667,206.88254544931954,14512200
2020-11-30,206.1314239501953,206.79582361196043,203.02119486061437,206.16031025318807,33064800
2020-12-01,208.19207763671875,209.26091499887167,205.43813725180692,206.55510866026424,30904500
2020-12-02,207.3832244873047,207.47952196924592,204.90853788508977,206.91140502741806,23724500
2020-12-03,206.2951202392578,208.35575980273816,205.72698865711277,206.65139444216604,25120900
2020-12-04,206.41065979003906,207.39283815478925,205.2744113498514,206.27585214726403,24666000
2020-12-07,206.34327697753906,207.54692205805162,205.09149784815247,206.42031202584383,24620000
2020-12-08,207.99951171875,208.90465524821175,204.99521804048064,206.03516924286643,23284100
2020-12-09,203.9456329345703,207.248428105221,203.37751596182986,207.18103161854123,32440600
2020-12-10,202.7130889892578,205.17815170242338,202.5590188964518,203.91673404005607,26733300
2020-12-11,205.3514404296875,205.4092277259983,201.35534530463505,202.26048860540547,30979400
2020-12-14,206.25660705566406,208.1920776453613,204.9855655587694,205.1974082570739,28798400
2020-12-15,206.18922424316406,207.43137951744325,204.36931344558604,207.1906504982243,27000600
2020-12-16,211.14820861816406,211.94743062086658,206.75731423126035,206.78620053436381,35023300
2020-12-17,211.28302001953125,212.69850766848936,209.83864606695616,211.71632926671745,32515800
2020-12-18,210.4838104248047,211.54302392971098,208.00912388033456,210.4838104248047,63354900
2020-12-21,214.33544921875,215.6931641802954,209.2223680794521,209.4823594895829,37181900
2020-12-22,215.63540649414062,217.26273684805577,213.62291562614473,214.43176152147345,22612200
2020-12-23,212.8236846923828,215.26948470957183,212.61184201062653,214.83617547613625,18699600
2020-12-24,214.48953247070312,215.3176407932119,212.99700977755072,213.20885246653657,10550600
2020-12-28,216.61761474609375,217.6479273443034,214.74955514031,216.12651812611801,17933500
2020-12-29,215.83761596679688,218.75525027736376,215.2887614859926,217.91751805737886,17403200
2020-12-30,213.45921325683594,217.26274323665223,213.25700912352386,216.8775680183136,20272300
2020-12-31,214.17178344726562,214.73027651255782,211.53338821321609,213.47848272434652,20942100
2021-01-04,209.61721801757812,214.73030039816265,206.8440148174234,214.27772863444477,37130100
2021-01-05,209.8194122314453,210.4164302044086,207.7009997508537,209.20314651540167,23823000
2021-01-06,204.37892150878906,208.46169064840845,204.0804198989151,204.30188646544542,35930700
2021-01-07,210.1949005126953,211.2059651230321,205.7847587218851,206.10250803179957,27694500
2021-01-08,211.47561645507812,212.4000223203444,208.98166743245133,210.57047302467421,22956200
2021-01-11,209.4246368408203,210.79197599818377,208.69281117002416,210.3682905451827,23031300
2021-01-12,206.95956420898438,209.0491052159904,205.4092832891648,208.47134964004505,23249300
2021-01-13,208.31723022460938,208.7216531548818,205.9965992908006,206.08327289173346,20087100
2021-01-14,205.12037658691406,209.39572610602872,204.85076127426112,207.90320332267183,29480800
2021-01-15,204.76406860351562,206.55509283823068,204.167065422921,205.601815461853,31746500
2021-01-19,208.41354370117188,208.93351188204568,204.74483605137272,205.8232972815894,30480900
2021-01-20,216.02056884765625,217.41679408925282,209.23200820542175,209.626807286122,37777300
2021-01-21,216.62721252441406,217.90789256064295,214.17177379910098,216.3672210917985,30709400
2021-01-22,217.57086181640625,221.53808562831492,217.4264302971937,218.65896157091333,30172700
2021-01-25,221.01809692382812,221.25882591143244,215.90501557798177,220.62329785785354,33152100
2021-01-26,223.7142791748047,225.49566498398204,221.5477181444762,223.26170747303482,49169600
2021-01-27,224.2631378173828,231.523532921582,221.60549486039383,229.17401545429064,69870600
2021-01-28,230.06947326660156,233.64189747720798,226.37187998871198,226.87260033663335,49111200
2021-01-29,223.35800170898438,229.19327031508718,222.7706223615719,227.2385520115361,42503100
2021-02-01,230.7628173828125,233.5071339058897,223.81056257108708,226.34303639518623,33314200
2021-02-02,230.6280059814453,233.32417372132824,229.83842250139034,232.35163385031615,25916300
2021-02-03,233.9886016845703,236.00109271596494,230.38729034449594,230.68580666401732,27158100
2021-02-04,233.0353240966797,234.21972149904957,231.4561422531204,233.6612283882509,25296100
2021-02-05,233.21826171875,234.25821280407337,231.50427234467983,233.24714802448682,18054800
2021-02-08,233.47824096679688,234.64336108513822,231.879796899174,234.13301678653715,22211900
2021-02-09,234.7300567626953,235.6833342777157,232.42868792090806,232.90050739628313,23565000
2021-02-10,233.81524658203125,236.80027706510006,231.95681124921168,235.91439619763204,22186700
2021-02-11,235.42337036132812,236.05888384170802,233.17013544620877,235.7026095746687,15751100
2021-02-12,235.9048309326172,236.20333258578614,233.72863104808474,234.8841274799693,16561100
2021-02-16,234.66262817382812,237.0025217132221,233.91155486314173,235.94330822741708,26728500
2021-02-17,235.68565368652344,235.79181898578886,232.53932303148682,232.90607856108954,21653500
2021-02-18,235.28997802734375,235.4250961791194,232.46214287704817,233.36937106473076,16925600
2021-02-19,232.5683135986328,235.3575499390353,231.8058495819907,235.25138462254492,25262600
2021-02-22,226.3335418701172,229.63429798669347,224.29710878549207,229.1420850074163,36446900
2021-02-23,225.13674926757812,226.64235552974006,220.75503388741765,222.29925374576283,30228700
2021-02-24,226.37213134765625,226.99946241478764,221.01563591612486,221.9904157335927,26339700
2021-02-25,221.00599670410156,226.4107372101652,219.93469758471608,223.9882566459571,39542200
2021-02-26,224.27780151367188,227.16354220659915,221.53681027607436,223.4574318770251,37819200
2021-03-01,228.6787872314453,229.19030692771832,225.02092216552478,227.67503991012973,25324000
2021-03-02,225.71583557128906,229.02625214088684,225.3104811452354,228.74635509378146,22812500
2021-03-03,219.62582397460938,225.43593301334528,219.3362809171999,224.0654449168302,34029500
2021-03-04,218.82481384277344,224.3839947559602,216.44093183555415,218.83447460729855,44727800
2021-03-05,223.52496337890625,225.13673483710517,218.56417691491433,221.51748358243876,41872800
2021-03-08,219.46177673339844,225.23327280071229,219.21084724413203,223.3030051783677,35267400
2021-03-09,225.6289520263672,227.17317181530146,223.59251935901113,224.76033759932375,33080500
2021-03-10,224.31639099121094,228.73670546315466,223.94963544287995,228.73670546315466,29746800
2021-03-11,228.86221313476562,230.83107986875464,226.14052838805506,226.7678742775272,29907600
2021-03-12,227.5302734375,227.59783986643797,225.0981323508544,225.85093547083036,22653700
2021-03-15,226.62303161621094,226.98978711839283,223.72763064556455,226.7678105008058,26034900
2021-03-16,229.4219512939453,231.69000678127296,227.713660424746,228.04180236689635,28092200
2021-03-17,228.77528381347656,230.2326451131581,225.09812680417906,227.9163154168868,29562100
2021-03-18,222.67568969726562,226.02470543487948,222.29928807360056,224.45153249985086,34833000
2021-03-19,222.318603515625,224.364682705661,221.35346959930237,222.96524147234817,46430700
2021-03-22,227.7619171142578,228.64017762727764,222.11587883190595,222.241350930954,30127000
2021-03-23,229.29649353027344,232.64550904639754,228.8042805862718,229.2096350213508,31638400
2021-03-24,227.2504119873047,229.70184536987526,227.1152938438051,229.55708118997325,25620100
2021-03-25,224.23919677734375,228.67881840978586,223.49605431080923,227.0959994735435,34061900
2021-03-26,228.23484802246094,228.45683941055526,223.47674522544813,223.47674522544813,25479900
2021-03-29,227.0380859375,228.54369234584786,223.79523570153017,228.3410077631364,25227500
2021-03-30,223.76625061035156,225.69651797907827,223.04240034707905,225.38766813123175,24792000
2021-03-31,227.54959106445312,230.76348825734928,224.28743423812915,224.78930791758805,43623500
2021-04-01,233.9001922607422,234.37309841770448,229.7501137990221,230.15546824503565,30338000
2021-04-05,240.38589477539062,241.24486331170138,234.23798214468843,234.29588781932924,36910600
2021-04-06,239.21804809570312,240.70434756750984,238.27222115909885,238.976764662004,22931900
2021-04-07,241.1869659423828,242.18105272337678,238.57146120951424,239.1698395403096,22719800
2021-04-08,244.4201202392578,245.2790886808402,243.21370306137402,243.95686016644666,23625200
2021-04-09,246.92947387695312,247.0645920118145,243.63836428103437,244.0533647214043,24326800
2021-04-12,246.98741149902344,248.68605653049582,245.74238056329435,245.82925380369397,27148700
2021-04-13,249.47744750976562,250.15305300798045,247.87532173265367,248.2903516862392,23837500
2021-04-14,246.67855834960938,249.80558261321102,246.263557861005,248.50267547240887,23070900
2021-04-15,250.45220947265625,250.86720991853863,248.74393332924026,248.93694240815205,25627500
2021-04-16,251.6490020751953,251.89994631274982,248.61849696413645,250.42329263319635,24878600
2021-04-19,249.7187042236328,252.36319080301237,248.83079764211058,251.11815998275338,23209300
2021-04-20,249.2554473876953,251.1278091865846,247.88494452684714,248.83078618875894,19722900
2021-04-21,251.4945526123047,251.59107188300158,248.28067001827566,249.91174849635092,24030400
2021-04-22,248.2034454345703,252.65269763318344,246.72677733180606,251.13743066237814,25606200
2021-04-23,252.044677734375,252.39214120685273,248.29995400030546,248.8887009148903,21462600
2021-04-26,252.43067932128906,253.28966235625984,251.0988197046952,252.53685933229818,19763300
2021-04-27,252.83607482910156,254.0135391131492,251.05057160566682,252.45965855098842,31014200
2021-04-28,245.68446350097656,247.59543907281633,244.13059745767012,247.1514563079096,46903100
2021-04-29,243.70591735839844,247.17075870539085,240.31830320521595,246.553073695862,40589000
2021-04-30,243.3874053955078,244.2560345472892,240.89737345000648,241.0324915767141,30945100
2021-05-03,243.07859802246094,245.48178647191602,242.36439371303774,244.56489758590888,19626600
2021-05-04,239.1504669189453,242.45123704797663,237.19124673625964,242.21959966427076,32756100
2021-05-05,237.87655639648438,240.8009109708136,237.24922524458495,240.3762496933787,21901300
2021-05-06,241.02285766601562,241.14832977149786,236.15858983586443,237.85722000753552,26491100
2021-05-07,243.65769958496094,245.4335423442591,242.41266866465028,243.3584957193326,27032900
2021-05-10,238.561767578125,242.9531293496134,238.50386190593224,242.1231136857128,29299900
2021-05-11,237.6448974609375,238.0020069901751,234.11251885594532,236.02347970478024,33641600
2021-05-12,230.6669921875,235.85941705893273,229.76942476792314,233.7264647518117,36684400
2021-05-13,234.55642700195312,237.03682752191128,233.002561254795,233.36931675001574,29624300
2021-05-14,239.49794006347656,240.49202667228946,236.93069541766891,237.0175539228803,23901100
2021-05-17,236.63148498535156,237.99232710284414,235.0293741579172,237.95372823274968,24970200
2021-05-18,234.60470581054688,237.81860285694455,234.4309740834804,237.6834847255692,20168000
2021-05-19,235.1851348876953,235.29154533892452,230.8126675990261,231.4994866163232,25739800
2021-05-20,238.4354705810547,239.85749443243662,235.90098591895168,235.99772805935274,21800700
2021-05-21,237.16819763183594,240.22506584022102,236.75223895552327,239.48987585473117,21863100
2021-05-24,242.59512329101562,242.96272569888635,239.43184434731504,239.7027046181321,21411500
2021-05-25,243.5044403076172,244.5008222997272,242.63382013845728,243.55281137496547,17704300
2021-05-26,243.281982421875,244.68465499083965,242.56612891100883,243.2239282771189,17771600
2021-05-27,241.17308044433594,243.27225475779326,241.11504107099796,242.972374821696,24426200
2021-05-28,241.53102111816406,243.85269958248085,241.41494236122048,242.807946487655,18270200
2021-06-01,239.32542419433594,243.08846290497087,238.89979718658432,243.0304235294037,23213300
2021-06-02,239.2287139892578,241.13441901461294,237.81635845240393,240.03162651736798,19406700
2021-06-03,237.6905975341797,238.30002574663683,235.06903920305788,237.21658469268877,25307700
2021-06-04,242.6048126220703,243.4367448861745,239.43186509404015,239.67370569685207,25281100
2021-06-07,245.5262451171875,245.7971054047232,241.6567955686447,241.82124540316434,23079200
2021-06-08,244.3267059326172,247.6544346436119,244.26865179491406,246.83217077509167,22455000
2021-06-09,245.31341552734375,247.1901008536791,244.94582787057382,245.52623642584226,17937600
2021-06-10,248.84426879882812,249.057089685856,245.3907930607438,245.99055296376196,24563600
2021-06-11,249.47308349609375,250.05347727229423,248.23483138271874,249.56979611109034,18999700
2021-06-14,251.40785217285156,251.46589156063672,248.41867609411415,249.48278073944263,19150500
2021-06-15,249.927734375,251.5045398033916,249.26993503111808,251.29171889548186,18038900
2021-06-16,248.97975158691406,252.07529370754412,246.116352246123,250.93381310409103,27220000
2021-06-17,252.3848419189453,253.2071058556438,247.6544551779523,247.7124945596903,27565500
2021-06-18,250.96282958984375,253.73915505664723,250.3050302187907,251.15631388559288,37202200
2021-06-21,254.0583953857422,254.91933258256324,249.50212668410757,251.3401093654806,26696100
2021-06-22,256.8443603515625,257.11522060060247,253.83584840394232,254.14541140900315,24694100
2021-06-23,256.6122131347656,258.12129611653836,255.7996322616232,257.3087152433959,19518700
2021-06-24,257.98590087890625,259.10804489275193,256.80571747827196,257.4731999479005,21446900
2021-06-25,256.3703308105469,258.5275592384999,256.1188367022205,257.54086037917466,25611100
2021-06-28,259.9495544433594,260.1236725427188,257.2312692021226,257.5021294194204,19590000
2021-06-29,262.5421447753906,262.7839853710794,259.23378195844055,260.0947191278828,19937800
2021-06-30,262.0584411621094,262.503419554068,260.8008819807484,261.85530334514743,21656500
2021-07-01,262.7356262207031,262.9677837431567,260.80090147610525,260.8105550251696,16725300
2021-07-02,268.5881652832031,268.9267480285578,263.60625481216545,263.9158178662931,26458000
2021-07-06,268.5978698730469,270.2520514486332,265.34751658741817,268.95578926737534,31565600
2021-07-07,270.793701171875,271.52890591143546,268.1044353611514,270.28100037232684,23260000
2021-07-08,268.36566162109375,269.63290386937376,265.89887004899225,267.862614332488,24618600
2021-07-09,268.8686828613281,268.9750785451048,266.3341983320282,266.721137351801,23916700
2021-07-12,268.2688903808594,270.63891004018603,267.55302228356345,270.0488332729482,18931700
2021-07-13,271.80950927734375,273.6184723184139,268.33668165702954,268.46241397623965,26120100
2021-07-14,273.2895812988281,274.402042236857,271.3935295989676,273.13479976078486,23113700
2021-07-15,271.8578796386719,273.28958675297565,270.6970328409596,272.7962224357139,22604200
2021-07-16,271.58697509765625,274.8276448188049,270.3390694215549,272.86390046289694,26186800
2021-07-19,267.968994140625,271.219316739968,265.49254943973045,269.82631290552115,32935600
2021-07-20,270.2037048339844,271.79984707977076,267.2435778991628,268.9557989233247,26259700
2021-07-21,272.21575927734375,272.3318380358486,268.2399141907731,269.7973534033063,24364300
2021-07-22,276.801025390625,277.07188561726167,274.169799108347,274.5760746875267,23384100
2021-07-23,280.2158508300781,280.5253843301381,277.14929934522115,277.99089982397254,22768100
2021-07-26,279.6160888671875,280.2352149712231,277.2847714708642,279.56773255599114,23176100
2021-07-27,277.1880187988281,280.1287791166295,273.7151914702879,279.983680666994,33604100
2021-07-28,276.87841796875,280.6801444381033,274.5664080744057,279.55800071148394,33566900
2021-07-29,277.1492919921875,279.2000952932535,276.74298684690376,276.89776835360453,18168300
2021-07-30,275.6111755371094,277.30405943374484,274.64381331046053,275.8626991629348,20944800
2021-08-02,275.52410888671875,277.41044746377105,274.4793411786592,277.0138254191884,16267400
2021-08-03,277.7490539550781,277.85547915740995,274.7308883557453,276.1045557870078,17879000
2021-08-04,277.158935546875,278.20367366621304,275.3596266193683,276.8783922608802,16191300
2021-08-05,280.0707702636719,280.17719548604225,276.7624071651543,277.51694870705825,13900200
2021-08-06,280.0127258300781,280.0514285940206,278.2327824689934,279.0937492177482,16589300
2021-08-09,278.9195861816406,282.0344942724014,278.4165683643245,280.2932537711432,16117600
2021-08-10,277.09130859375,279.8095947759157,275.89178857644123,279.37426985528083,18616600
2021-08-11,277.5845947265625,279.23877582031093,276.5301439510105,277.8360888235704,13955900
2021-08-12,280.3512878417969,280.50606936455193,276.99453921603543,277.27508257112635,14561300
2021-08-13,283.29205322265625,283.34040952865263,279.85789937183694,280.0320470208435,18249000
2021-08-16,284.98492431640625,285.19774519194135,280.5543886861445,283.6209400034158,22507600
2021-08-17,283.5145263671875,283.853109072286,281.57980179125826,282.84707354832176,20075300
2021-08-18,281.7796630859375,285.7437457281238,281.333803244955,283.0493313580627,21813000
2021-08-19,287.6336669921875,288.3121287150756,279.7539809531887,279.80242982850876,29850500
2021-08-20,294.9900207519531,296.42446842110303,288.8839831017073,290.49288222873395,40817600
2021-08-23,295.27117919921875,295.99809004391307,292.5573905435911,293.91428487140496,22830200
2021-08-24,293.3036193847656,296.24033745706305,292.70271126631314,295.6297277308702,18175800
2021-08-25,292.71240234375,295.2129620707887,291.17135525016886,294.9318816590826,20006100
2021-08-26,289.88226318359375,293.11943496903467,289.74658858009593,291.7237641949672,17666100
2021-08-27,290.4929504394531,291.6075411194762,287.69190653641493,289.7854132567226,22605700
2021-08-30,294.2437744140625,294.8543841734556,291.79166334629616,291.84981383975514,16348100
2021-08-31,292.58642578125,295.12576258561967,292.21811960448053,295.0482384538085,26285300
2021-09-01,292.5379333496094,295.79450871358483,292.20840404351725,293.54592448346756,18983800
2021-09-02,291.87884521484375,294.02080027682723,290.93870627446864,292.8965378535566,16285600
2021-09-03,291.86920166015625,293.2842462231373,291.0162883636507,291.723795856105,14747900
2021-09-07,290.9386901855469,291.8206785924295,289.0196651398195,291.74315447644847,17180400
2021-09-08,290.9677734375,291.3554531842151,288.31213611552937,290.55101844923297,15046800
2021-09-09,288.0989074707031,292.8383788844309,287.8566039320398,291.559009101552,19927000
2021-09-10,286.6063232421875,290.68673632669135,286.286495570045,289.2329150244491,19633400
2021-09-13,287.846923828125,289.34922362690304,285.026506878026,288.3896814290302,23652900
2021-09-14,290.5607604980469,292.11150927882005,288.9227859804773,290.3378305630741,21853400
2021-09-15,295.4358825683594,295.9204896733223,292.5282399385816,293.92391076712056,28356300
2021-09-16,295.82354736328125,295.9107730883911,291.50086048766883,294.4085029702731,19550800
2021-09-17,290.6383056640625,295.1257728874207,290.3087763307329,294.8059451626839,41372500
2021-09-20,285.2397766113281,289.52371713134244,280.60693311638306,287.20728059483235,38278700
2021-09-21,285.7243347167969,288.380001741491,285.0168272798009,286.58694955344197,22364100
2021-09-22,289.38800048828125,290.9775261806469,285.4433206601765,287.5949776473581,26626300
2021-09-23,290.337890625,291.6366344938715,288.3703863909372,289.6497566180926,18604600
2021-09-24,290.1343078613281,290.5704365513493,287.78879623094576,289.0487925731778,14999000
2021-09-27,285.11376953125,287.34295047966873,283.9216253531589,287.02312279085345,23571700
2021-09-28,274.7915954589844,281.82809991669194,274.0453111836186,280.87825936598756,43186200
2021-09-29,275.2568664550781,277.9415794692271,274.29735374474296,276.32300812104705,26353700
2021-09-30,273.2408752441406,278.9689050319053,272.95009324265595,276.914175698253,32343600
2021-10-01,280.1998596191406,281.05277293433414,272.6302983139076,273.43473316733105,30086300
2021-10-04,274.3942565917969,278.8914253103499,271.6223177870567,278.5521943769814,31350700
2021-10-05,279.8703308105469,281.45982688238934,275.3053101600691,275.3053101600691,24993000
2021-10-06,284.08642578125,284.5904362119832,276.7204198171607,276.98209706368044,28002600
2021-10-07,285.77276611328125,287.50766752979723,284.8714041532283,286.0925937326963,20430500
2021-10-08,285.77276611328125,287.50766752979723,284.71632635718714,287.1005846179311,17685700
2021-10-11,285.1719055175781,288.79675717080875,283.73745784943134,283.90223727824645,19298600
2021-10-12,283.8634033203125,286.3445888138899,283.3497210793312,286.24766149750275,17974100
2021-10-13,287.1878662109375,288.1280051974415,284.4546749827831,285.8309722041459,23416300
2021-10-14,293.4295959472656,293.9335766778313,288.6610491193376,289.99856943368576,27262900
2021-10-15,294.8446960449219,295.07732760746717,291.2682926433192,293.0322699004175,25384800
2021-10-18,297.829833984375,298.721494467245,293.3714428358164,294.2243560476535,22729300
2021-10-19,298.74090576171875,299.77794248418775,297.7619899473713,298.85720673410253,17682100
2021-10-20,297.94622802734375,300.1657374772048,296.6862314515015,299.69080226702846,16537100
2021-10-21,301.19305419921875,301.4450298115465,296.92848749122396,297.713578309162,16918100
2021-10-22,299.64227294921875,301.5128493022275,298.3241262243866,300.8440891216271,17449300
2021-10-25,298.64398193359375,299.8748733432088,297.02538117405123,299.8360964926019,17554500
2021-10-26,300.56304931640625,302.7825584703667,299.0995557540079,301.42566428950164,28107300
2021-10-27,313.2210693359375,316.0608607798299,306.2717882155523,306.2717882155523,52588700
2021-10-28,314.3647155761719,314.8686964465577,311.466744231739,314.3453123570291,26297900
2021-10-29,321.410888671875,321.77919489249734,313.9285519930589,314.15148196292967,34766000
2021-11-01,319.2301330566406,321.284862793326,316.32248993988014,321.15886019244095,27073200
2021-11-02,322.8743591308594,323.18451480044746,319.8407136897348,320.1411677515006,26487100
2021-11-03,323.7176208496094,324.5899079243073,320.47074658116105,323.6206934906258,21500100
2021-11-04,326.08245849609375,326.1793858408279,319.3658105568457,322.6417595935785,23992200
2021-11-05,325.71417236328125,328.3601381890695,324.12467620856967,328.0887593539688,22570100
2021-11-08,326.615478515625,327.25516342665753,324.1439941767868,326.91593254652474,20897000
2021-11-09,325.6075744628906,328.292287578706,324.23127706414436,326.73183708622446,21307400
2021-11-10,320.6161193847656,324.3282271895929,319.7632355378772,324.27007669044315,25500900
2021-11-11,322.1959533691406,323.4946971862152,320.33507818392957,321.05228741384656,16849800
2021-11-12,326.3537902832031,326.8480989654607,323.51399991798365,323.6400024901724,23831000
2021-11-15,325.723876953125,327.4781525778822,323.74667137753664,327.1486232449633,16723000
2021-11-16,329.0579528808594,330.1822450060062,325.1810957230039,325.345845588492,20886800
2021-11-17,329.28125,332.26218849900704,328.1937488278737,329.1064793756621,19053400
2021-11-18,331.3689270019531,332.5147148884035,327.33933439547405,328.36857887908974,22463500
2021-11-19,333.1554870605469,335.0877722203571,332.2719145644923,332.69915140962325,21963400
2021-11-22,329.970703125,339.52524718692445,329.6988277822422,334.62174202679074,31031100
2021-11-23,327.883056640625,329.60172350513506,323.88259282379204,327.2713297656087,30427600
2021-11-24,328.10638427734375,328.34913114834603,324.22243434130775,326.5236699372593,21661300
2021-11-26,320.1151428222656,328.1257894703954,318.60040473573963,324.64966735700517,24217200
2021-11-29,326.8634948730469,329.19385871851557,325.02831445422294,325.22252378808867,28563500
2021-11-30,320.9987487792969,327.9801511598231,319.44516287846153,325.59153024619826,42885600
2021-12-01,320.50360107421875,329.43669960254994,319.83364683517675,325.4071066482129,33337600
2021-12-02,319.93060302734375,323.81455231271985,318.2896320836978,320.7171003870579,30766000
2021-12-03,313.6386413574219,323.04751138803783,308.803113564242,322.35808901688773,41779300
2021-12-06,316.7263488769531,317.9498023538493,309.96828558475374,314.5513468132983,30032600
2021-12-07,325.2030944824219,326.05753845461277,320.5229283698581,322.018257177511,31021900
2021-12-08,325.251708984375,325.7663312135231,321.2026777609349,325.58184120381065,24761000
2021-12-09,323.4359436035156,326.72757583430194,322.48436518172974,324.707934863553,22214200
2021-12-10,332.60205078125,333.0486967130661,325.07689801295186,325.26138799978173,38095700
2021-12-13,329.5531311035156,333.8157801871928,329.24240801109124,330.7959938410283,28899400
2021-12-14,318.8139953613281,324.93123368391133,314.7067080432587,323.5524185550446,44438700
2021-12-15,324.94097900390625,325.4653205800536,315.0854612577218,319.0762058810178,35381100
2021-12-16,315.47381591796875,326.98974245959107,313.6483547746416,325.9701878599148,35034800
2021-12-17,314.4057312011719,315.49326205953525,308.0457751201241,311.57046438037884,47750300
2021-12-20,310.62860107421875,313.4347394175627,308.3564939796076,310.76452390952767,28326500
2021-12-21,317.7945251464844,318.2217620412238,310.5218082102521,313.91057492680795,24740600
2021-12-22,323.5330505371094,323.931129340318,316.2991817268589,318.7751880271797,24831500
2021-12-23,324.9798278808594,326.6305185809292,323.0767005658128,323.0961096493684,19617800
2021-12-27,332.5146484375,332.54377687434004,325.6982978950834,325.7274263319234,19947000
2021-12-28,331.3494873046875,333.8352129560905,330.4464760334282,333.1943576445619,15661500
2021-12-29,332.02923583984375,334.3110330914511,329.8250749291954,331.39807016716134,15042000
2021-12-30,329.4754943847656,333.1749544876973,328.99000062183825,331.990348520867,15994500
2021-12-31,326.5625305175781,329.51431124934464,326.1061651969411,328.6889955613775,18000800
2022-01-03,325.03802490234375,328.1937338819782,320.21221644666167,325.62062325578984,28865100
2022-01-04,319.4645690917969,325.47498337685073,316.6584013250783,325.1156931532872,32674300
2022-01-05,307.20098876953125,316.6098587525815,306.81259974808444,316.405930069771,40054300
2022-01-06,304.7735595703125,309.45372640637964,302.45288523458527,304.0647280316112,39646100
2022-01-07,304.9289245605469,307.31754552734895,301.0935120604903,305.0357189627148,32720000
2022-01-10,305.1522521972656,305.58920845555434,295.850204337967,300.5109328094982,44289500
2022-01-11,305.8416442871094,307.42432897382355,300.899321615518,304.2880584070521,29386800
2022-01-12,309.03619384765625,314.0270840292815,307.88071630388504,310.3956001101081,34372200
2022-01-13,295.9569091796875,311.5704011352685,295.1801312135764,311.1722927971781,45366000
2022-01-14,301.2003479003906,301.80235543631807,294.9374663908213,295.4229601626581,39846400
2022-01-18,293.86932373046875,300.8118775497677,292.98572166151314,295.2481388440062,42333200
2022-01-19,294.5295715332031,304.80263400058055,293.9178744109828,297.4037153433391,45933900
2022-01-20,292.849853515625,302.60826662386137,292.4032075358108,300.10313176155984,35380700
2022-01-21,287.44140625,295.28697160618094,287.033578493321,293.9081860566442,57984400
2022-01-24,287.7716064453125,288.49012782739686,268.0411301926177,283.7226045197611,85731500
2022-01-25,280.1201477050781,286.43156585377636,276.89649203266447,283.06223836449163,72848600
2022-01-26,288.1016845703125,299.5496351641995,284.5284577844545,299.05442207109365,90428900
2022-01-27,291.14093017578125,298.38448966704834,289.28634022908506,293.8791224299939,53481300
2022-01-28,299.3166198730469,299.5302383109327,285.907284705517,291.519591338495,49743700
2022-01-31,301.95770263671875,303.31707920676604,297.4814348645573,299.98659920210355,46444500
2022-02-01,299.80206298828125,301.61780458751355,296.27737417462686,301.40418618571084,40950400
2022-02-02,304.36572265625,305.97756540493566,299.91861310216416,300.64685370133134,36636000
2022-02-03,292.510009765625,302.20047652436983,291.2574274848853,300.5109379778265,43730000
2022-02-04,297.0639343261719,299.84094450421514,291.2671374496543,291.50016498006676,35096500
2022-02-07,292.2187194824219,298.908808395224,291.1991647600581,297.2872757560172,28533300
2022-02-08,295.72393798828125,296.694925446775,291.2477000280742,292.5099718712418,32421200
2022-02-09,302.1809997558594,302.8801119137957,298.47185017143323,300.8798801126251,31284700
2022-02-10,293.6072082519531,300.151654592336,291.9759563455613,295.2190510757167,45386200
2022-02-11,286.4801330566406,295.4617665776092,285.68391627062516,294.3936745027329,39175600
2022-02-14,286.44134521484375,288.1502928923247,282.8972463615049,285.24701978585097,36359500
2022-02-15,291.75262451171875,292.07303735866185,288.40270567819266,291.3059785446445,27058300
2022-02-16,291.41204833984375,292.7450469485756,285.7492094226368,290.3125590659392,29982100
2022-02-17,282.8788757324219,288.78493341445846,282.1685786207332,288.35681319555755,32461600
2022-02-18,280.15447998046875,285.9243339610583,278.5782326246137,285.1362102831308,34264000
2022-02-22,279.9501647949219,283.6670133817274,276.81711923482464,277.3036168081723,41736100
2022-02-23,272.701416015625,283.8227762471997,272.53602342235735,282.34380420312885,37811200
2022-02-24,286.63470458984375,287.1893190812472,264.18769411268437,265.1509797276121,56989700
2022-02-25,289.28125,289.5926156436693,283.7740926631301,287.1698666833158,32546700
2022-02-28,290.72125244140625,291.0618067098429,285.08760175802655,286.3622231310244,34627500
2022-03-01,286.9849853515625,291.8694112336757,284.2605806030305,288.39581076836447,31217800
2022-03-02,292.08343505859375,293.3288677421849,285.76870563477496,287.3838515564128,31873000
2022-03-03,287.92877197265625,294.9440595212997,286.1092458840399,294.71055015953465,27314500
2022-03-04,282.0324401855469,287.6758314775887,279.41510980519894,286.3428324937033,32356500
2022-03-07,271.3781433105469,281.8670322539483,271.00840031749334,280.73835405695525,43157200
2022-03-08,268.4006652832031,276.29164014502555,262.7086388363914,270.2979876365073,48159500
2022-03-09,280.7091064453125,281.7794070706236,273.1975825478418,275.78575326233744,35204500
2022-03-10,277.8776550292969,278.86038953970495,273.0029402871928,275.37705060400356,30628000
2022-03-11,272.5068054199219,281.6918835832038,271.88407416449775,280.183723026545,27209300
2022-03-14,268.974853515625,277.69288407504706,268.3716011123797,272.76952967592877,30660700
2022-03-15,279.39556884765625,280.04748870402545,271.20296580090604,272.7792132914778,34245100
2022-03-16,286.4400939941406,286.6152260176592,275.5522744635128,281.3026504232545,37826300
2022-03-17,287.2477111816406,287.62716395761555,281.555681994305,285.3698371337334,30816600
2022-03-18,292.31689453125,292.8715088338756,284.8248504934316,287.39354197417003,43390600
2022-03-21,291.0812683105469,292.03481436405224,286.9362989616563,290.818570277496,28351200
2022-03-22,295.848876953125,296.76349468928294,290.7017247474621,291.70390847621564,27599700
2022-03-23,291.4023132324219,295.04133535066865,289.6801224754743,292.39478730715103,25715400
2022-03-24,295.8878479003906,295.9851533596219,290.2639368009253,291.0617999957818,24484500
2022-03-25,295.47918701171875,297.25004547288074,291.2077533537051,296.9873474480325,22566500
2022-03-28,302.3095397949219,302.40681553418176,296.1115370834039,296.1115370834039,29578200
2022-03-29,306.8924255371094,307.29135714004815,300.7041605046977,305.4329327088514,30393400
2022-03-30,305.38427734375,307.4178635626859,303.1658493438242,305.2870015727423,28163600
2022-03-31,299.9841613769531,306.62973552346665,299.57552000270795,305.42320122905414,33422100
2022-04-01,301.0642395019531,301.75505789830714,297.2890127272939,301.01557191752914,27110500
2022-04-04,306.46429443359375,306.6004983188192,301.3463302614867,301.7160731825303,24289600
2022-04-05,302.4847106933594,306.3669515025398,301.5019761753652,304.8101534591533,23156700
2022-04-06,291.41204833984375,298.709511987753,288.69738354865393,296.9483931362007,40110400
2022-04-07,293.2315673828125,295.4499953169675,288.3471420233765,288.648768168859,31411200
2022-04-08,288.9504089355469,292.98833340111605,288.27903981815683,292.3267037384144,24361900
2022-04-11,277.556640625,284.7081321151136,277.30365235252583,283.9102985595844,34569300
2022-04-12,274.4429931640625,282.88858343280907,272.91538374380576,281.42909079539396,30966700
2022-04-13,279.8528747558594,280.78694183396783,273.70353796361,275.0949436670491,21907200
2022-04-14,272.2732849121094,280.5242964481517,271.7770774584208,280.31023627619066,28221600
2022-04-18,272.9445495605469,274.8321622557341,270.8234275648255,271.37804184704527,20778000
2022-04-19,277.59552001953125,278.4420507901121,270.8915984998425,271.8354050361262,22297700
2022-04-20,278.62689208984375,281.8767221982416,277.66363634073986,281.58480582125515,22906700
2022-04-21,273.2267761230469,285.3794765084188,272.4970297326979,280.78693803741777,29454600
2022-04-22,266.6298522949219,275.55223063550807,265.99741140383605,274.0732590451422,29405800
2022-04-25,273.1392517089844,273.5187044491458,263.4579362455127,265.9099034942464,35678900
2022-04-26,262.9227294921875,270.8428939361238,262.70866938865123,270.0061324272249,46518400
2022-04-27,275.5717468261719,283.11246086013085,271.6213880432135,274.4819967747988,63477700
2022-04-28,281.8085632324219,283.12211249863367,273.8591805481555,277.4884628019868,33646600
2022-04-29,270.025634765625,282.0518716599104,269.0331902867621,280.8161486717777,37073900
2022-05-02,276.7879638671875,277.2452728288892,268.7607529412359,270.21050638231907,35151100
2022-05-03,274.17059326171875,276.45713797873464,272.5846062943108,276.291715725394,25978600
2022-05-04,282.1491394042969,283.0248290854527,269.256953889885,274.9586911173627,33599300
2022-05-05,269.8602600097656,278.617217956907,266.9315345722031,277.82909411714115,43260400
2022-05-06,267.3109436035156,271.70887058639,263.94435931562117,267.3887701432197,37780300
2022-05-09,257.4349670410156,265.0048658654696,256.20901370873395,262.76698956443676,47726000
2022-05-10,262.22216796875,266.3573969626913,257.9118069909057,264.35302951992776,39336400
2022-05-11,253.51385498046875,264.03192936850564,252.2976111363992,258.5053244674825,48975900
2022-05-12,248.45433044433594,252.86199751589103,243.2682642428535,250.7311356508223,51033800
2022-05-13,254.0684814453125,255.93664514422863,248.4543102823503,250.40030052588787,34925100
2022-05-16,254.43824768066406,258.64159411868263,248.8727138859147,252.93982674153148,32550900
2022-05-17,259.6145935058594,261.083796106576,255.37231887699087,258.9237455156358,28828800
2022-05-18,247.79443359375,257.0789268616346,246.5168434618955,256.49376403299016,31356000
2022-05-19,246.877685546875,251.29563365430175,245.64886146376114,247.61887889967733,32692300
2022-05-20,246.31198120117188,252.1440542447485,240.34338705788824,250.87619675043447,39199300
2022-05-23,254.2018280029297,255.030805982546,247.1604408881653,249.16949147765484,33175400
2022-05-24,253.19735717773438,254.86504582023227,247.22876223606562,251.5101740219883,29043900
2022-05-25,256.0256042480469,258.0346402901023,250.76896093804433,251.7539844462051,28547900
2022-05-26,259.3219909667969,260.5020488847592,254.96257147531688,255.7817874502951,25002100
2022-05-27,266.4803771972656,266.5779092758022,260.94090038268376,261.8381538375639,26910800
2022-05-31,265.144287109375,267.97253895075033,262.2770164821384,265.7879631443274,37827700
2022-06-01,265.68072509765625,270.8203419884705,263.35959819128334,268.3919506135823,25292200
2022-06-02,267.7872619628906,267.8555374038793,255.12838804622388,257.9078889871532,44008200
2022-06-03,263.34002685546875,266.6851954970703,261.76987055975866,263.62286094596334,28059000
2022-06-06,262.1015625,267.39722599650537,260.60941339980724,265.3296761073623,22400300
2022-06-07,265.7587585449219,266.37317805146677,259.3610454908683,260.0437404453891,22860700
2022-06-08,263.7204284667969,266.24635182283305,262.94020151963724,264.9882563323359,17372300
2022-06-09,258.23944091796875,265.9634935362594,258.0833955427108,261.1554626014085,26439700
2022-06-10,246.7313995361328,254.13361548711075,246.28277272145993,254.13361548711075,31422800
2022-06-13,236.26681518554688,242.85959159998848,235.55487854905925,239.04631605488257,46135800
2022-06-14,238.4416961669922,239.66077307611792,235.5354061010933,237.82727664277363,28651500
2022-06-15,245.5318145751953,248.98424840348872,240.32392206139252,242.16716558622423,33111700
2022-06-16,238.9097900390625,241.29917752971096,237.0080332559467,239.89479871100755,33169200
2022-06-17,241.5234832763672,244.30298425938648,237.99304171894877,238.64646508071192,43084800
2022-06-21,247.46282958984375,248.44783823302578,243.33746321003935,244.06890924997958,29928300
2022-06-22,246.867919921875,250.8079842631734,244.1761889667899,245.65859044340866,25939900
2022-06-23,252.45611572265625,252.95350848977492,247.35551837597558,249.24752760322144,25861400
2022-06-24,261.07745361328125,261.35052557809354,255.24538051018936,255.3331504528849,33923200
2022-06-27,258.3369445800781,261.662558965458,256.7667586260653,261.5747890320201,24615100
2022-06-28,250.13507080078125,260.3070407191202,249.97902539515218,257.4495317749188,27295500
2022-06-29,253.821533203125,255.489221809158,249.43284216506697,251.2175722545691,20069800
2022-06-30,250.47637939453125,253.109597154514,246.6436091264857,250.69093809914182,31730900
2022-07-01,253.15830993652344,253.3436119607102,248.31127506630574,250.04725383529944,22837700
2022-07-05,256.3474426269531,256.4742313599345,248.43807276622766,249.822942047915,22941000
2022-07-06,259.62432861328125,261.36029271245513,255.90858506525944,257.225193906022,23824400
2022-07-07,261.7601318359375,262.4038078774227,258.4637438186101,258.5612759029467,20859900
2022-07-08,261.03851318359375,261.46763065176367,256.77662492086233,258.2395172634541,19658800
2022-07-11,257.9664001464844,259.9364174424427,255.69402443760526,259.07818265604794,19455200
2022-07-12,247.39456176757812,259.36102351623987,245.80488089647312,259.3025102122522,35868500
2022-07-13,246.46803283691406,247.27750148823952,241.97207772326223,244.00062297935978,29497400
2022-07-14,247.79443359375,248.82820836055416,239.8558059029623,244.371271225714,25102800
2022-07-15,250.3690948486328,253.92879282199092,248.4673381932592,249.39383349907638,29774100
2022-07-18,247.96022033691406,254.3871896347029,247.03372494810176,253.32415823997417,20975000
2022-07-19,253.10960388183594,253.29490593904364,247.40431842531214,251.20783214212213,25012600
2022-07-20,255.78179931640625,258.31748493522934,252.50493526447454,253.47043453645153,22788300
2022-07-21,258.2882080078125,258.3369889320587,250.6714193737388,253.36315017839348,22404700
2022-07-22,253.91903686523438,258.766087081019,252.66097112276574,258.6783171289362,21881300
2022-07-25,252.4268798828125,255.03084075973362,250.45686268785204,254.54321008906493,21056000
2022-07-26,245.66836547851562,253.4509629497861,243.39601928294323,253.43143867174322,39348000
2022-07-27,262.0917053222656,263.3692952105454,252.44638679633113,254.6992379588771,45994000
2022-07-28,269.5720520019531,270.96666889298774,261.2433099265288,263.0768064256388,33459300
2022-07-29,273.79486083984375,275.02369966023457,269.78655099255263,270.83008777613486,32152800
2022-08-01,271.1324157714844,274.32150965184684,269.0160855594384,270.9471137351139,21539600
2022-08-02,268.0213623046875,271.01542213800866,265.64172195484593,269.1721636875698,22754200
2022-08-03,275.4821472167969,276.4866654811264,269.76709872535,269.9134117764432,23518900
2022-08-04,276.63287353515625,276.7791567838432,273.2389831151626,274.82863410104625,18098700
2022-08-05,275.9112548828125,276.63293892199295,271.78588771905606,272.2442618483623,16774600
2022-08-08,273.3853454589844,278.84681650343725,272.4100838354258,277.0230522667795,18739200
2022-08-09,275.3162841796875,276.0769868890981,270.74230578508485,272.72211501979655,23405200
2022-08-10,282.0065612792969,282.6404751722234,279.8414800012585,281.041062115649,24687800
2022-08-11,279.9194641113281,284.00581099627533,279.42210112866013,283.6547312438038,20065900
2022-08-12,284.6885986328125,284.6885986328125,279.8415476068973,281.34345870633274,22619700
2022-08-15,286.2099304199219,286.90235759854795,282.93303702667396,283.80103385613677,18085700
2022-08-16,285.46875,286.76586430152736,283.2354228704968,284.7665606164028,18102900
2022-08-17,284.7162170410156,286.70019877418935,282.90814781798576,283.1720165832015,18253400
2022-08-18,283.5923156738281,285.29286306667285,282.5269980125115,283.61185156800366,17186200
2022-08-19,279.66339111328125,282.6931246022663,279.0867691313895,282.3510526263538,20570000
2022-08-22,271.4538269042969,276.057049965206,270.9358423970251,275.685659219277,25061100
2022-08-23,270.1735534667969,272.5386792676636,269.1571202381185,270.1735534667969,17527400
2022-08-24,269.53826904296875,270.94562882196186,268.87366093981734,269.1668782921524,18137000
2022-08-25,272.5289001464844,272.6950298023374,268.29703796509165,271.0433371485085,16583400
2022-08-26,262.0127868652344,273.9850972197535,261.90529472128685,272.7536500390362,27549300
2022-08-29,259.2176513671875,261.3384440760738,257.8689290892386,259.823592141155,20338500
2022-08-30,257.0088195800781,260.9963182604333,254.75118660669278,260.6249574108069,22767100
2022-08-31,255.5429229736328,261.05505829927637,255.40608221808225,259.3740763936903,24791800
2022-09-01,254.49713134765625,254.97604409188028,249.62025642497062,253.00181525924165,23263400
2022-09-02,250.25552368164062,258.7387546952369,248.70157003802373,255.76768814650936,22855400
2022-09-06,247.50918579101562,251.9853506377491,246.22888399786356,250.3923254531513,21328200
2022-09-07,252.23947143554688,252.96268716740286,247.47987202571602,248.9263184023225,24126700
2022-09-08,252.65969848632812,254.5264050076208,249.01425660204322,251.6726140706798,20319900
2022-09-09,258.465087890625,259.2176522567017,254.38963211583717,254.59486338577113,22084700
2022-09-12,260.6054382324219,261.3873213270638,259.149223843225,259.7551646004535,18747700
2022-09-13,246.27777099609375,254.49711760874706,245.8868294468606,252.97248284897586,33353300
2022-09-14,246.50254821777344,248.46697913300935,244.1960453177988,247.78285007642683,23913000
2022-09-15,239.817626953125,245.7011523048836,238.48845541290487,244.10811197636048,31530900
2022-09-16,239.19212341308594,239.739426682432,236.57286716463537,238.72299354259306,39791800
2022-09-19,238.97711181640625,239.58305259776108,235.3903068619585,236.9735791811867,26826900
2022-09-20,236.9540252685547,237.98999429905646,234.20772606919547,236.58264942980037,26660300
2022-09-21,233.5333709716797,242.0459353368341,233.48450141158338,238.73278197769002,28625600
2022-09-22,235.51734924316406,238.33206883745882,232.18466004099494,232.47784757132086,31061200
2022-09-23,232.52671813964844,235.66395894381048,229.86837515858966,234.10999046186149,34176000
2022-09-26,232.06736755371094,235.9766936524482,231.52983223255546,231.67644090899546,27694200
2022-09-27,231.0509490966797,236.3187654128993,229.18424230732046,234.540014881578,27018700
2022-09-28,235.60533142089844,236.83676384447796,229.40903786274086,231.44188934103624,29029700
2022-09-29,232.11622619628906,234.51068533657707,229.09627550613527,233.47471635519574,27484200
2022-09-30,227.62051391601562,235.0873264233734,227.45436934068638,232.88833041765147,35694800
2022-10-03,235.2827911376953,236.13306477222778,229.34061381655428,230.0736124429844,28880400
2022-10-04,243.23826599121094,244.6847124207283,239.42666423266377,239.53417129307422,34888400
2022-10-05,243.55099487304688,244.8997170490285,238.56661341523102,240.4137692631259,20347100
2022-10-06,241.19564819335938,244.66517820045487,240.50175113967794,242.30980557091354,20239900
2022-10-07,228.9301300048828,235.84963863538212,227.88437816875282,235.43914629265618,37769600
2022-10-10,224.0532684326172,229.24289682246297,221.5903886345407,227.76713148081896,29743600
2022-10-11,220.30030822753906,223.86756241928063,219.0297742301736,222.460202601454,30474000
2022-10-12,220.63258361816406,222.69475365624942,218.8831668147149,220.29051163189263,21903900
2022-10-13,228.9301300048828,230.74796714436056,214.16265082548793,214.86633068031122,42551800
2022-10-14,223.37889099121094,231.86213638380053,223.16387686265688,230.20066086081096,30198600
2022-10-17,232.14556884765625,233.54316076081892,229.8097469695489,230.47434019820642,28142300
2022-10-18,233.09356689453125,238.4004698757012,230.03451447301313,237.7261236555429,26329600
2022-10-19,231.11932373046875,234.1783757638685,228.9789655929075,231.6666269246976,19985700
2022-10-20,230.7968292236328,235.83986337471225,229.54584608873026,230.42545339204614,21811000
2022-10-21,236.6315155029297,237.49157205864338,229.18425369445214,229.41881864043668,26299700
2022-10-24,241.64523315429688,242.22185520740007,235.8301132358931,238.2343405714641,24911200
2022-10-25,244.97793579101562,245.3493116481737,240.2574225014937,241.65499949339937,34775500
2022-10-26,226.07632446289062,232.89809399809977,224.84487725737247,225.9297157935745,82543200
2022-10-27,221.60992431640625,228.39260751726937,220.66191153974984,225.80267001633032,40424600
2022-10-28,230.52316284179688,231.2366255329459,220.9257758198507,221.11147118020745,40647700
2022-10-31,226.86798095703125,229.5947294617244,225.91018528603985,228.46102126722204,28357300
2022-11-01,222.9976806640625,230.3960857543795,222.176725952141,229.28192867023114,30592300
2022-11-02,215.11068725585938,226.05679799638708,215.05203483408113,224.25851146382894,38407000
2022-11-03,209.3932647705078,215.4136301278351,209.1293811013709,215.100876903244,36633900
2022-11-04,216.3714141845703,216.5668774965675,208.5918490987652,212.6184649078027,36789100
2022-11-07,222.70452880859375,223.23229618089562,216.26391766746684,216.95782960870955,33498000
2022-11-08,223.68185424804688,226.39883460819428,220.72054101441213,223.5157096836229,28192500
2022-11-09,219.4207000732422,223.4473161844384,219.2447875531126,222.21586889194765,27852900
2022-11-10,237.47203063964844,237.81410266862042,229.67292856031773,230.09317399481205,46268000
2022-11-11,241.50836181640625,242.36841821684956,236.4457774313789,237.48176123777364,34620200
2022-11-14,236.07444763183594,238.38095077180964,233.78749529919745,236.5044759158322,31123300
2022-11-15,236.4849090576172,241.40088540956577,234.58888352299294,240.09126475202578,31390100
2022-11-16,236.91615295410156,238.94493788153557,235.63224285834698,237.95504158257705,24093300
2022-11-17,236.86712646484375,238.40586833296084,232.89779098068917,233.04479786716809,23123500
2022-11-18,236.41629028320312,238.8861106072978,234.26990005731673,238.66068011299015,27613500
2022-11-21,237.2297821044922,239.79760223640238,236.3869076784183,236.6221187103959,26394700
2022-11-22,240.15040588378906,240.42482869254758,235.9164432951424,238.73908003593303,19665700
2022-11-23,242.64964294433594,243.33570000991833,239.4055613553574,240.22882983405626,19508500
2022-11-25,242.56143188476562,243.74732728820723,241.81655713061522,242.38500867012718,9200800
2022-11-28,236.94552612304688,241.7381448542194,236.00465217547287,241.17950375189517,24778200
2022-11-29,235.54400634765625,237.95500887957246,233.46622937626154,236.59269030692607,17956300
2022-11-30,250.05909729003906,250.2453159899474,235.08338705062414,235.7792545679253,47594200
2022-12-01,249.61805725097656,251.0195727804044,245.92312956124096,248.81437970870576,26041500
2022-12-02,249.9414520263672,250.96073454412604,244.7175936049168,244.84500952773186,21528500
2022-12-05,245.21746826171875,248.76538908628117,243.1200852129101,246.9914211965386,23435300
2022-12-06,240.2386474609375,246.84443171278082,238.92533596358885,245.82514897205803,22463700
2022-12-07,239.5035400390625,241.25790183378027,237.38656627233448,239.95438604558672,20481500
2022-12-08,242.4731903076172,243.78651647945242,238.21962206213038,239.96417336935625,22611800
2022-12-09,240.53265380859375,243.3651011555244,239.29775109172195,239.82699084040345,20609700
2022-12-12,247.4814453125,247.51084668836435,242.24779103974268,242.52221385109104,30665100
2022-12-13,251.80361938476562,258.66421896273175,248.03028363491617,256.47861718677996,42196900
2022-12-14,252.09767150878906,257.36072748667533,249.2456182321453,252.00946737567781,35410900
2022-12-15,244.05116271972656,249.1378104779901,242.41442120789245,248.66737347549784,35560400
2022-12-16,239.81719970703125,244.86463565635628,238.66069067242736,243.60033153916896,86102000
2022-12-19,235.66165161132812,240.32687006543648,233.95631171686074,239.98383401854358,29696400
2022-12-20,236.9847412109375,238.07263700939967,233.67204653626635,234.63252639957287,25150800
2022-12-21,239.56234741210938,240.7286518216814,235.32838484202188,236.87692208746932,23690600
2022-12-22,233.44662475585938,237.17095355808544,229.21264718155905,236.45548020048759,28651700
2022-12-23,233.9758758544922,234.11308726654062,229.28127151269362,231.40805587690517,21207000
2022-12-27,232.2411346435547,234.17188988521556,231.13363291878463,233.94647434160723,16688600
2022-12-28,229.85951232910156,234.94615982143847,229.5066808569475,232.17251532323996,17457100
2022-12-29,236.2104949951172,237.10237674431212,230.95723402585327,230.95723402585327,19770700
2022-12-30,235.044189453125,235.18140087026654,231.94711466058996,233.46625067853594,21938500
2023-01-03,234.80894470214844,240.85607195731004,232.6723500003931,238.23924481140818,25740000
2023-01-04,224.5376434326172,228.232555812996,221.46017488373835,227.65430882995585,50623400
2023-01-05,217.88287353515625,223.01852855170435,217.3438233498918,222.67549253701173,39585600
2023-01-06,220.45066833496094,221.26414125690687,214.98180331379334,218.55911012079767,43613600
2023-01-09,222.59707641601562,226.63503997806498,221.9012238905733,221.9404207414047,27369800
2023-01-10,224.29263305664062,226.70363566114452,222.8028985080936,223.22432820821962,27033900
2023-01-11,231.07484436035156,231.2512526344681,226.5076407236404,226.68404899775695,28669300
2023-01-12,233.76026916503906,235.1225878893982,228.9088472303744,230.57499017345114,27269500
2023-01-13,234.46591186523438,234.60312327325482,230.2417446380463,232.2803248107226,21333300
2023-01-17,235.56365966796875,236.11250539693725,232.36856995944925,233.23105036492805,29831300
2023-01-18,231.114013671875,237.55318409838128,230.8297953902502,236.7593170496167,30028700
2023-01-19,227.311279296875,230.82979848155264,226.08617211757934,229.12444390420126,28623000
2023-01-20,235.43621826171875,235.9458670784951,229.8399216164332,230.18295763742017,35389800
2023-01-23,237.7492218017578,240.2876405055047,234.8775625509585,236.29869896460573,31934000
2023-01-24,237.21994018554688,239.09190749280148,235.65181201246943,237.6707861951959,40234400
2023-01-25,235.81846618652344,238.45489961888816,226.3018256307838,229.8105349055551,66526600
2023-01-26,243.06126403808594,243.36508822534608,237.1807495855516,238.7978850780299,33454500
2023-01-27,243.21807861328125,244.85481998958946,241.9145627963581,244.03155156466582,26498900
2023-01-30,237.8766326904297,240.7090800731922,237.37677935793346,239.64077517830026,25867400
2023-01-31,242.87506103515625,243.01227244971068,238.11184342287675,238.60188632556014,26541100
2023-02-01,247.71665954589844,250.09826060768097,240.5816368788138,243.06125249211797,31259900
2023-02-02,259.3306579589844,259.41886207455775,252.12702275543276,253.66576433894878,39940400
2023-02-03,253.2051544189453,258.93866192348526,251.9800472560027,254.3714588308541,29077300
2023-02-06,251.65663146972656,253.15616161509,249.70627021074858,252.31330214573043,22518000
2023-02-07,262.2317199707031,263.4176152589011,254.90066837762996,255.34171889390444,50841400
2023-02-08,261.4183044433594,271.2485641308872,260.9086406689903,267.75946096567276,54686000
2023-02-09,258.3702392578125,268.5239446989901,257.5665616442939,268.3475065061302,42375100
2023-02-10,257.8606262207031,258.83090176561467,255.46921404690974,256.3218840602987,25818500
2023-02-13,265.91693115234375,269.13161192054747,261.82995951872545,262.3102219801835,44630900
2023-02-14,266.7499694824219,269.4941978010345,263.91750711977755,267.24001239002024,37047900
2023-02-15,264.61785888671875,266.0032448214542,261.53266680835156,263.63531822248893,28922400
2023-02-16,257.5730285644531,262.08288660517877,257.32739339893584,259.41037480496044,29603600
2023-02-17,253.55442810058594,255.54898434486645,251.53039683731646,254.86122390687038,30000100
2023-02-21,248.258544921875,251.02931675886796,247.19739921785944,250.03694110450442,28397400
2023-02-22,247.11875915527344,249.899350607588,245.9691885535539,249.65371547921086,22491100
2023-02-23,250.32186889648438,252.35572011024465,246.1067613934901,251.0980693615476,29219100
2023-02-24,244.86875915527344,246.61768014977395,243.76831852746525,245.5958445657205,24990900
2023-02-27,245.79237365722656,248.40593539561652,245.03581315561252,248.05222016040298,21190000
2023-02-28,245.06527709960938,247.09914335825746,244.38732168006,244.72139688160397,22491000
2023-03-01,241.9702911376953,246.54891919262562,241.49866082910683,246.38188908047658,27565300
2023-03-02,246.7257537841797,247.01068394203705,241.32178085393133,242.245371353518,24808200
2023-03-03,250.832763671875,251.1570038437467,247.00086162680662,247.78689704415822,30760100
2023-03-06,252.38519287109375,255.57844974197445,251.51073235845544,251.9528726190246,24109800
2023-03-07,249.71267700195312,253.19087897555727,248.96595157458177,251.8251332062513,21473200
2023-03-08,249.27052307128906,250.0958534971569,246.43098161208934,249.60458324475294,17340200
2023-03-09,247.91464233398438,255.02822642305847,247.18755691928234,251.3535343083889,26653400
2023-03-10,244.249755859375,248.37642324072814,243.27705029353803,246.69628726753015,28333900
2023-03-13,249.4866943359375,253.40703652265023,241.43968484300973,243.08052576031324,33339700
2023-03-14,256.23675537109375,256.511865522419,251.392822721387,252.2672832007519,33620300
2023-03-15,260.8056335449219,261.82748437733494,254.68439353837917,255.44096914809327,46028000
2023-03-16,271.3777160644531,271.7314162751919,258.68327877053844,260.57957486476903,54768800
2023-03-17,274.5513000488281,278.38320221583945,271.4956133158903,273.4017443911038,69527400
2023-03-20,267.47698974609375,272.63532695909674,265.1385387453051,272.14405674833455,43466600
2023-03-21,268.9999694824219,270.19867023704575,264.814336850172,270.08077016032206,34558700
2023-03-22,267.5359802246094,276.133210212867,267.42788516982534,268.62658586472133,34873300
2023-03-23,272.81219482421875,276.1528264782384,270.3951536254245,273.0873049607908,36610900
2023-03-24,275.6714172363281,275.7303672722425,270.47376918164593,272.39954031928613,28172000
2023-03-27,271.5545654296875,276.54585829331256,270.70956495396155,275.60262774915475,26840200
2023-03-28,270.4246826171875,271.31879823570057,267.30018046098104,270.9749030001552,21878600
2023-03-29,275.6124572753906,276.2314626149595,273.5491161384135,274.0895014430885,25087000
2023-03-30,279.09063720703125,279.4934824393244,276.56553072790194,279.26751729823314,25053400
2023-03-31,283.2664794921875,284.2195451964046,278.0590256349784,278.77629115992977,32766000
2023-04-03,282.21514892578125,283.23696956652316,278.99241693897744,281.5175235068159,24883300
2023-04-04,282.1659851074219,285.37891186376925,280.6823692815174,282.2151301252811,25824300
2023-04-05,279.3756103515625,282.1365472339195,277.9804193924184,280.85925635754677,22064800
2023-04-06,286.5088195800781,286.9804198360611,277.1058996745783,278.2652902835456,29770300
2023-04-10,284.3374328613281,284.54375798741194,279.7391201581484,284.1605527684974,23103000
2023-04-11,277.8919372558594,280.98696405070535,276.72274155917825,280.76096892424965,27276600
2023-04-12,278.5404357910156,281.9989980260232,277.0371498147004,279.81775661090296,27403400
2023-04-13,284.7795715332031,284.83852157200124,278.2260423471424,278.6386926187293,24222700
2023-04-14,281.1441650390625,283.4433063088322,278.7369287176148,281.98913551237405,20987900
2023-04-17,283.75775146484375,286.508883505856,281.1638595239184,284.86802728978955,23836200
2023-04-18,283.33526611328125,286.6660935877299,281.9990251103345,286.479408449853,20161800
2023-04-19,283.4138488769531,284.00334925083666,279.5721115217609,280.99677740499226,17150300
2023-04-20,281.11468505859375,283.98371688946736,280.10266940979704,280.269714510074,23244400
2023-04-21,280.77081298828125,281.27188830738805,278.11794135985355,280.03390753424685,21676400
2023-04-24,276.8504638671875,279.974965874203,273.85372692501556,277.16488406665934,26611000
2023-04-25,270.6113586425781,276.6834526548498,270.56221361928937,274.6299462973571,45772200
2023-04-26,290.2130432128906,294.33972616743455,287.61915134399425,291.5198391418934,64599200
2023-04-27,299.5078430175781,299.8714082329825,290.09511710218845,290.80254754565533,46462600
2023-04-28,301.8954162597656,303.53624217197233,298.0143691284371,298.70215950112447,36446700
2023-05-01,300.2251281738281,303.2120602406596,299.822282896331,301.6105141326076,21294100
2023-05-02,300.0777282714844,303.7818955393081,298.60391737135024,302.3867046786464,26404400
2023-05-03,299.0853271484375,303.2218143261027,298.78074198718167,301.2665682938947,22360800
2023-05-04,300.0777282714844,302.3867046786464,298.1028120701816,300.8932237762644,22519900
2023-05-05,305.2261657714844,306.52312628098895,298.9575532936322,300.3822488512361,28181200
2023-05-08,303.26116943359375,304.78412545107415,300.74586773679005,304.71534040836775,21318600
2023-05-09,301.6399841308594,304.6269161479535,300.9620286732827,302.62252479578075,21340800
2023-05-10,306.8572082519531,307.5351635672236,302.29823611574494,303.231631560639,30078000
2023-05-11,304.69561767578125,305.6879931681305,300.91286076821495,304.68581266049245,31680200
2023-05-12,303.5755615234375,305.226222486931,301.2469451669451,305.1279624328462,19758100
2023-05-15,304.05694580078125,304.48926597842296,302.21960003818066,303.7032456471218,16336500
2023-05-16,306.2972106933594,308.23281696097433,304.4205544655897,304.4205544655897,26730300
2023-05-17,309.1922302246094,309.6156391239885,305.98213567050874,307.50842107919334,24315000
2023-05-18,313.6429443359375,314.1550015459057,308.91645194585186,309.71404716104996,27276000
2023-05-19,313.4657897949219,313.86951575848417,311.5259518994373,311.89028190183615,27529500
2023-05-22,316.26226806640625,317.65068255774975,313.1408221240689,313.72178477500375,24115700
2023-05-23,310.43292236328125,317.7786905434151,310.4230658616671,315.12987593584427,30797200
2023-05-24,309.0444641113281,311.65388239302536,307.82343004625983,309.9109947219232,23384900
2023-05-25,320.9296569824219,321.89463238352636,315.1002884244355,318.2906692286353,43301700
2023-05-26,327.79296875,328.29513945011763,318.92091576078735,319.0587565244424,36630600
2023-05-30,326.1386413574219,330.59927867316253,325.4592039473821,330.0971080159677,29503100
2023-05-31,323.36187744140625,330.79626374577583,322.3180799641337,327.2021566585661,45950600
2023-06-01,327.4876403808594,328.4231063396508,319.74800432295723,320.9394688202307,26773900
2023-06-02,330.2645263671875,332.3323782865881,327.45815805159447,329.13214056975426,25864000
2023-06-05,330.79620361328125,333.37608225813574,329.53580373906595,330.0872268058912,21307100
2023-06-06,328.5708923339844,330.235018509985,327.0840329482656,330.19562255099885,20396200
2023-06-07,318.4285888671875,329.368464259654,317.5620581330694,326.57195237701546,40717100
2023-06-08,320.27978515625,321.6386600689706,318.3990265502694,318.97998914840355,23277700
2023-06-09,321.7863464355469,324.9373314399376,319.44278312053285,320.0138891984146,22514900
2023-06-12,326.76885986328125,327.01503196954405,320.1812918956647,323.5489094811682,24260300
2023-06-13,329.1715393066406,331.8203538740593,325.3312600240495,329.34877603115035,22951300
2023-06-14,332.1748046875,333.8487871057347,327.71416712277926,329.2207392790675,26003800
2023-06-15,342.7700500488281,344.48339830870674,332.0369521231739,332.312663682813,38899100
2023-06-16,337.0884094238281,346.088476963345,336.71425302671787,345.94077969470817,46533600
2023-06-20,332.87396240234375,336.84225617717664,330.7174920084204,334.1146796290697,26375400
2023-06-21,328.4527282714844,332.55889297136713,326.98555186795784,331.2197008440699,25117800
2023-06-22,334.508544921875,334.91227084067236,328.236083553627,329.0041394344266,23556800
2023-06-23,329.89031982421875,332.78530632497916,328.34438176725655,329.2404218291187,23084700
2023-06-26,323.56866455078125,330.9636551501701,323.4603331837818,328.61026513447996,21520600
2023-06-27,329.4472351074219,331.0030296985232,324.2579075361374,326.7787076649522,24354100
2023-06-28,330.7076416015625,332.80503293279156,328.6988686300646,329.53585987238114,20259500
2023-06-29,329.91986083984375,330.96362821714007,327.527075062663,329.5850703650796,16997000
2023-06-30,335.3258361816406,337.48230643910676,332.0369801390501,332.5785468035808,26823800
2023-07-03,332.81488037109375,335.68032771766394,331.41663942897316,333.99651867597373,12508700
2023-07-05,332.9723815917969,336.4187910450174,329.60476403996404,329.9592374452914,18172400
2023-07-06,336.044677734375,337.7383433789411,330.3630351608976,332.1354626736777,28161200
2023-07-07,332.0566711425781,336.55670498898127,331.84003846145146,334.12452308964015,21185300
2023-07-10,326.7491760253906,330.0971410096197,322.5741063466411,329.4767824384207,32791400
2023-07-11,327.3794250488281,327.76343798253686,321.99317712247336,325.9910104955654,26698200
2023-07-12,332.0369873046875,336.4188332721777,330.5304150423304,331.44616817134346,29995300
2023-07-13,337.4133605957031,338.47681093963564,333.8290800785116,334.36082027563174,20567200
2023-07-14,339.953857421875,346.0490818076083,339.0381043039025,342.2678814702268,28302200
2023-07-17,340.4363708496094,341.67705794335393,336.96042159632077,340.3871183937117,20363900
2023-07-18,353.98565673828125,361.1640442664553,336.9308748774754,340.5348083176435,64872700
2023-07-19,349.64312744140625,356.9101323004206,347.0435658135602,356.2110119833152,39732900
2023-07-20,341.5589294433594,352.4889788996425,340.0818965452214,348.15635507516674,33778400
2023-07-21,338.50634765625,344.93636222302956,334.62667264440915,343.8039764820787,69368900
2023-07-24,339.8258361816406,341.6081500253585,337.06872038252897,340.5545261109339,26678100
2023-07-25,345.6059875488281,346.50205770801625,339.78647478990905,341.79521773437693,41637700
2023-07-26,332.59820556640625,339.3925798836245,328.00955380229783,336.21202538513404,58383700
2023-07-27,325.6561584472656,336.1036882550132,324.01171554866875,335.2667271305917,39635300
2023-07-28,333.1890563964844,334.8039600258681,328.0686940198267,328.5610382897155,28484900
2023-07-31,330.7765808105469,332.52932517386967,328.2557505534437,331.7612693303981,25446000
2023-08-01,331.19012451171875,333.3564512189415,328.5905625133595,330.0577387535238,18311900
2023-08-02,322.4854736328125,328.52161875649267,321.3629143538821,328.52161875649267,27761300
2023-08-03,321.65838623046875,324.8290847693167,320.95926572866995,321.0084881392415,18253700
2023-08-04,322.76123046875,330.00855424396565,322.22949020677027,326.7984597683666,23727700
2023-08-07,325.0555114746094,326.0401999902519,322.50517182513227,323.34216307349016,17741500
2023-08-08,321.0577087402344,323.7163800029689,318.0544205048181,321.95377897989215,22327600
2023-08-09,317.2961730957031,322.101427535395,316.134217875359,321.4712425475284,22373300
2023-08-10,317.9854736328125,323.23388055451517,316.26226863024675,321.0281577170199,20113700
2023-08-11,316.0948791503906,317.4734371020371,314.32242174086554,315.3563627423326,24342600
2023-08-14,319.0784606933594,319.0981436446772,315.1790727103108,316.4690422541551,18836100
2023-08-15,316.9318542480469,320.1124092027747,315.9865616184338,318.05441366158993,16966300
2023-08-16,316.1622009277344,320.12904938898345,315.5701308469875,316.55690427692053,20698900
2023-08-17,312.688720703125,317.6127097168365,312.02756935768224,316.3003145091052,21257200
2023-08-18,312.2939758300781,314.1688387831498,307.42916133771763,310.33027679368416,24744800
2023-08-21,317.62261962890625,318.5008322758043,312.8466400945614,313.7248527414595,24040000
2023-08-22,318.1949157714844,321.7670303653258,317.2081424532329,321.1947150908699,16102000
2023-08-23,322.67486572265625,324.8457790055064,319.18167984531766,319.5369338888436,21166400
2023-08-24,315.73785400390625,328.57578427329713,315.7279766344483,328.44749892606876,23281400
2023-08-25,318.70806884765625,321.05656413544324,314.5833333396425,317.2180314460419,21684100
2023-08-28,319.41851806640625,321.83609449836024,317.46469615983295,321.3525852347555,14808500
2023-08-29,324.0661926269531,324.6286605824637,317.62256478776396,317.62256478776396,19284600
2023-08-30,324.4412536621094,325.44775174817295,322.132207384244,324.3228456653885,15222100
2023-08-31,323.4248046875,326.5331343506148,322.4577560775386,324.845760553026,26411000
2023-09-01,324.3128967285156,327.59883836815857,322.457758218764,326.92783979218484,14931200
2023-09-05,329.1382141113281,330.4210374382803,324.31290845170753,324.64840775182194,18553900
2023-09-06,328.4771423339844,330.036231094412,325.81284204251835,328.9705290461866,17535800
2023-09-07,325.5464172363281,328.6744720623306,324.6780518228213,326.90816935169704,18381000
2023-09-08,329.84869384765625,331.7137098037089,325.1023167744585,325.72398875980934,19530100
2023-09-11,333.47015380859375,333.94381580860636,330.9933433198764,332.7794004894833,16583300
2023-09-12,327.38177490234375,332.33539626234364,327.09563232037993,331.3782249333898,17565500
2023-09-13,331.61505126953125,332.39461065187623,326.789745222865,326.92787783331875,16544400
2023-09-14,334.2201232910156,336.3515270839073,332.1182913781519,334.6641532003969,20267000
2023-09-15,325.8523254394531,332.93735148691496,325.28985735324517,332.4637195102644,37666900
2023-09-18,324.7076416015625,326.02991429912345,322.04334146619146,323.46429752319824,16834200
2023-09-19,324.3030700683594,325.0333028577392,320.2178438745172,321.85589132300237,16505900
2023-09-20,316.52728271484375,325.2306310562654,316.27074211639325,325.1517024368806,21436500
2023-09-21,315.30364990234375,321.046677345135,310.8335683618871,315.0372319704766,35529500
2023-09-22,312.8170166015625,317.1982925065449,311.96837589582117,317.0700071580314,21447900
2023-09-25,313.3399963378906,313.4682816827549,310.83358377019226,312.40254967459873,17836000
2023-09-26,308.01141357421875,311.7019358551928,305.9194290098136,310.9618559252266,26297600
2023-09-27,308.65283203125,310.1428392517049,305.593828747816,308.16929263193225,19410100
2023-09-28,309.49163818359375,311.3072977112975,305.3570550340628,306.8766644594851,19683600
2023-09-29,311.57366943359375,315.24446731366316,310.81386483371,313.5472160333315,24140300
2023-10-02,317.5436096191406,317.63244570904936,311.0111757318988,312.0966322948684,20570000
2023-10-03,309.2449035644531,317.13909008245986,307.09371485170817,316.5864693213822,21033500
2023-10-04,314.7412109375,315.80694299104033,309.84682368319505,309.87642567835275,20720100
2023-10-05,315.1358947753906,315.74771949407113,310.73489445489207,314.86947683543065,16965600
2023-10-06,322.9314270019531,324.8358921681667,312.1163703803469,312.36306369557445,25645500
2023-10-09,325.45758056640625,325.93121248263185,318.9053913285908,320.45463265375236,19891200
2023-10-10,324.0465087890625,326.720656085552,323.3360307858184,326.58249336445317,20557100
2023-10-11,328.0232238769531,328.41792721055504,324.78660835912325,326.8292063918448,20063200
2023-10-12,326.7798767089844,329.2172081664268,324.37214724843665,326.19768402743284,19313100
2023-10-13,323.39520263671875,329.41449526956706,322.04329801120366,327.9836921494348,21072400
2023-10-16,328.24029541015625,331.6940020700412,326.22726938220796,326.6712993129767,22158000
2023-10-17,327.6679382324219,329.04941482391666,323.07944842920335,325.23060698695457,18338500
2023-10-18,325.74371337890625,331.15124180050987,323.95765614917667,328.0922386062229,23153600
2023-10-19,326.9377136230469,332.42417036991503,326.53313298528315,327.75672215339745,25052100
2023-10-20,322.3492126464844,327.5297719167904,321.14534814482755,327.33240523235037,25012600
2023-10-23,324.9642028808594,328.3291035769389,320.0994175521123,321.16511950696747,24374700
2023-10-24,326.1581726074219,327.450843201344,323.2669341104162,326.91797719567256,31153600
2023-10-25,336.1640625,341.6209174681372,333.15438596388094,340.4565021251705,55053800
2023-10-26,323.5531005859375,337.1113556219108,322.61565393783195,336.0357763758335,37828500
2023-10-27,325.44769287109375,332.26629984544655,324.05633893346254,326.0594874860953,29856500
2023-10-30,332.8484802246094,334.9601894195528,327.44095201134724,329.0000705992629,22828100
2023-10-31,333.63787841796875,334.5161210370291,330.26313087484664,334.3681110770551,20265300
2023-11-01,341.49267578125,342.824825886297,335.1575773399262,335.2957400698119,28158800
2023-11-02,343.712890625,344.21612454156855,340.2098272647779,342.64715857381447,24348100
2023-11-03,348.13360595703125,349.7026019942071,342.7359548361638,345.00555147993623,23624000
2023-11-06,351.81427001953125,352.810920650958,348.6763382726154,348.775021621636,23828300
2023-11-07,355.7613525390625,357.66581765167786,352.89971618574515,354.6462939673867,25833900
2023-11-08,358.3961181640625,359.0572394916119,355.7811445101007,356.89620329285094,26767800
2023-11-09,355.91925048828125,359.96502688763604,355.5935984478297,357.507940986345,24847300
2023-11-10,364.7804870605469,365.20479233824454,356.2942309369423,356.7086588455069,28042100
2023-11-13,361.8300476074219,363.5963803497688,361.0603655929023,363.3496870103211,19986500
2023-11-14,365.3725280761719,367.03033005742196,362.4911669897253,366.1027607739128,27683900
2023-11-15,365.5208435058594,368.9420000758944,362.98954914112466,367.11275840931216,26860100
2023-11-16,371.9479675292969,372.1259400085941,366.0251773955339,366.79642164754426,27182300
2023-11-17,365.6988830566406,370.1681406109191,362.8808648558553,369.41666104402844,40157000
2023-11-20,373.20367431640625,374.61761697588884,366.83595346489807,367.0534854259764,52465100
2023-11-21,368.88275146484375,371.99739052137556,366.95462576672355,371.4535756706522,28423100
2023-11-22,373.60906982421875,375.5272979461787,370.76138971842033,373.7573802099264,23345300
2023-11-24,373.1937561035156,373.72770364641934,370.92948056102307,373.0948724585258,10176600
2023-11-27,374.36053466796875,376.36777927950243,371.9776106304941,372.5510875373221,22179200
2023-11-28,378.40460205078125,378.70122279234795,373.91555038642196,374.1034202477642,20453100
2023-11-29,374.59783935546875,379.98665110815534,373.20366140430053,379.4527337290247,28963400
2023-11-30,374.65716552734375,375.82391411402256,371.2557732398662,374.2418662773965,30554400
2023-12-01,370.3065490722656,373.91557582374776,367.1424534634021,372.53129531051445,33020400
2023-12-04,364.996826171875,365.3725357450279,358.82684275276864,364.9572666786292,32063300
2023-12-05,368.3388671875,368.8925793974309,361.51631803473913,362.33701910752933,23065000
2023-12-06,364.66064453125,369.9802652283336,363.8992977327105,369.3474641617025,21182100
2023-12-07,366.7864990234375,367.28088706354185,362.208460944063,364.0970268782678,23118900
2023-12-08,370.0296936035156,370.2570927962262,364.0970369580223,365.0561509893791,20144800
2023-12-11,367.132568359375,367.429219306122,361.990950541345,364.3442425802933,27708800
2023-12-12,370.177978515625,370.2175380062211,366.3019631635577,366.6876003030071,24838300
2023-12-13,370.1680908203125,373.4014078665919,366.6084909494342,371.7995652934086,30955500
2023-12-14,361.8228454589844,369.5649795287377,360.0430604780347,369.1200181959737,43277500
2023-12-15,366.5690002441406,368.22023954945644,362.1689342190952,362.73254387781907,78478200
2023-12-18,368.4673767089844,368.8134543499527,364.54193471439714,365.3033115595372,21802900
2023-12-19,369.0705871582031,369.0705871582031,365.68895952374146,367.3204340997758,20603700
2023-12-20,366.4602355957031,371.80951853431884,366.3712493574519,370.79108024092596,26316700
2023-12-21,369.347412109375,370.2076424400769,365.8866959536453,368.3784007227526,17708000
2023-12-22,370.375732421875,370.9690041075322,368.5267259720335,369.4858399809148,17091100
2023-12-26,370.4548645019531,372.70927284710115,369.3078805824845,370.7910447615306,12673100
2023-12-27,369.87152099609375,370.85039977971724,368.6256533259875,369.49578121145504,14905400
2023-12-28,371.0679016113281,372.23465019250256,369.9604771834302,371.1568878412429,14327000
2023-12-29,371.8193359375,372.92676023082794,369.2880717884507,371.7797764484386,18723000
2024-01-02,366.7073974609375,371.68094017367383,362.65340930447013,369.6638284252025,25258600
2024-01-03,366.4404296875,369.0705777416299,364.3738912539091,364.86827930524817,23083500
2024-01-04,363.81024169921875,368.91232945000587,363.04889504674566,366.5096110262484,20901500
2024-01-05,363.6224060058594,367.8840285269613,362.3864358970699,364.82871403903994,20987000
2024-01-08,370.4845275878906,370.988813066157,364.86828645661416,365.1550098059731,23134000
2024-01-09,371.57220458984375,371.76994171839436,367.0238281824233,367.8346318821267,20830000
2024-01-10,378.4737854003906,379.8580959650945,372.09619819178806,372.14562492264923,25514200
2024-01-11,380.3129577636719,386.29504112370273,376.1106593210736,381.6675761983364,27850800
2024-01-12,384.10986328125,384.3174978189153,380.33273123391484,381.1632995596287,21645700
2024-01-16,385.8896179199219,389.607425521524,383.2693674241333,389.2415832112696,27202300
2024-01-17,385.0986328125,385.7314338319448,380.4909325183697,383.6253660644491,22234100
2024-01-18,389.44921875,389.56786704822485,385.74130855522117,387.3233562733369,23392100
2024-01-19,394.1953430175781,394.1953430175781,389.0833577969474,391.31800122328355,29272000
2024-01-22,392.0596618652344,396.12351757509936,389.17242207576174,395.5302458183524,27016900
2024-01-23,394.4227600097656,394.8973833764225,389.5085418380042,391.30812148964645,20525900
2024-01-24,398.041748046875,401.07729824873246,395.9554447311388,397.03320717730816,24867000
2024-01-25,400.3257751464844,402.44177048645173,398.0120426913666,399.7819603610059,21021200
2024-01-26,399.39630126953125,401.611180132996,397.91313719960004,399.83136514404845,17803300
2024-01-29,405.121337890625,405.37842932819404,399.7918203197978,401.5024138062242,24510200
2024-01-30,404.0039978027344,408.41393048382605,401.88803277214015,407.6328191397312,33477600
2024-01-31,393.1175842285156,410.65849256823645,392.7517419035558,402.39230877230926,47871100
2024-02-01,399.2480163574219,403.4206527472509,397.2902287972473,397.3198908735355,30657700
2024-02-02,406.6045227050781,408.0184653335539,399.03049390369324,399.27768793699545,28245000
2024-02-05,401.0970153808594,406.54518129966755,399.4556434483769,405.29931376867506,25352300
2024-02-06,400.9388122558594,403.3909878537456,398.38778318773774,401.3244494199643,18382600
2024-02-07,409.40277099609375,409.6499650445578,402.8274153419617,402.86697483873127,22340500
2024-02-08,409.4620361328125,410.89577347726316,407.89978324873107,409.40271198373665,21225300
2024-02-09,415.82977294921875,416.0967618057892,410.4310639420329,410.58927173757974,22032800
2024-02-12,410.5991516113281,416.01762504580444,410.09486617050925,415.83965259906256,21202900
2024-02-13,401.7594909667969,405.4674011458871,398.8623843888798,400.39497519288363,27824900
2024-02-14,405.6426696777344,405.989387335356,400.7689119546156,404.23602806912544,20401200
2024-02-15,402.7402038574219,405.2860649354581,400.49154229797136,404.30537605508795,21825500
2024-02-16,400.2637023925781,404.45397083978673,399.6495323619633,404.1270543842311,22281100
2024-02-20,399.005615234375,400.68962483118145,394.2705266937162,399.451369143448,24307900
2024-02-21,398.4013366699219,398.5103188921078,393.4879464924858,396.4102420513832,18631100
2024-02-22,407.7823486328125,408.95125472253443,404.73129998270167,406.3360744839896,27009900
2024-02-23,406.4847106933594,411.95283750838547,405.1275871523173,411.76465043623483,16295900
2024-02-26,403.7110290527344,408.2876177161092,403.5326972396102,407.5941823661443,16193500
2024-02-27,403.65155029296875,404.48365448185706,400.0556509629094,404.15673805320534,14835800
2024-02-28,403.8892822265625,405.45442409031557,401.5118373886908,404.34495184803217,13183100
2024-02-29,409.7536926269531,410.30842877280423,402.1062240667456,404.80066973124497,31947300
2024-03-01,411.5962219238281,411.9627407983519,407.019633390637,407.4059534745647,17800300
2024-03-04,411.0216979980469,413.4288600615765,408.44611984108144,409.55559222110224,17596000
2024-03-05,398.86688232421875,410.3579001798919,396.8757879038599,410.07061642001656,26919200
2024-03-06,398.31219482421875,401.35335816221044,394.6469759902315,399.1839316978577,22344100
2024-03-07,405.2960205078125,405.929991794264,398.4608239093344,402.30437497315796,18718500
2024-03-08,402.4034118652344,406.56396338142315,400.5311546136932,404.1270542383835,17971700
2024-03-11,400.7193603515625,401.8684653107991,397.49000992509303,399.9665214154685,16120800
2024-03-12,411.3782653808594,411.66554917132913,402.9680422398846,403.7902307329295,22457000
2024-03-13,411.1999816894531,414.25103060175684,407.5842808912539,414.1717955341408,17115900
2024-03-14,421.2248840332031,423.80046200765156,414.06280198030794,416.29166230285614,34157300
2024-03-15,412.5075988769531,418.62952831732593,408.9116991847294,415.3506293663728,45049800
2024-03-18,413.39910888671875,416.77707411837673,409.8923602232522,410.3579455831781,20106000
2024-03-19,417.45068359375,417.7082504608342,411.6457249805596,413.90430223487067,19837900
2024-03-20,421.23480224609375,421.95792425172124,416.7077319976527,418.0351385254577,17860100
2024-03-21,425.33587646484375,426.77226517382667,423.1466488448073,425.7915460992778,21296200
2024-03-22,424.7118225097656,425.8212948665726,422.0669250575301,425.6628247277611,17636500
2024-03-25,418.8870544433594,423.39432359578046,417.64879867030754,421.2446982721868,18060500
2024-03-26,417.68841552734375,421.9876357811286,417.3912462453885,421.6112012034168,16725600
2024-03-27,417.470458984375,420.4621040067137,415.0732129558644,420.45218828756117,16705000
2024-03-28,416.76715087890625,417.9063400745122,415.1821775398297,417.00488629896955,21871200
2024-04-01,420.58099365234375,423.8698081123032,418.253066843913,419.9668236498753,16316000
2024-04-02,417.4804382324219,418.41160904891876,413.9142553427375,416.1629170804003,17912000
2024-04-03,416.4997253417969,419.2833219106777,415.1524873360607,415.7864888048433,16502300
2024-04-04,413.953857421875,424.6424895808556,413.64677241260966,420.9970416568271,19370900
2024-04-05,421.5220642089844,422.5027833332265,414.38972913104834,416.06385334615516,16544300
2024-04-08,420.6007995605469,423.26552832814343,419.32291117383534,421.1753671524619,14272400
2024-04-09,422.27490234375,423.7211765083397,417.6586815570047,422.43340269794294,12512300
2024-04-10,419.2833251953125,420.0460798769914,415.7567751324305,418.2233709862432,16216600
2024-04-11,423.9094543457031,425.3359275063621,418.3917790111302,421.81929297733194,17966400
2024-04-12,417.93609619140625,421.1852782373019,415.82610344793704,420.0658901447868,19232100
2024-04-15,409.7536926269531,422.80985372463516,409.54564389911945,422.59191950798987,20273500
2024-04-16,410.6848449707031,414.46896182763265,409.8428552388163,410.6749594816062,16765600
2024-04-17,407.9706115722656,414.9444767069898,406.4747888910302,413.32978630581465,15855500
2024-04-18,400.4717102050781,408.02014264055606,400.15473970896494,406.7719711724091,21029900
2024-04-19,395.3701171875,401.67037838778936,394.03279488372993,400.23398957432255,30276500
2024-04-22,397.19281005859375,399.06506725448133,392.0317685818269,396.3210731778114,20286900
2024-04-23,403.74072265625,404.36480838898973,399.27308625210287,400.4419924205836,15734500
2024-04-24,405.2166748046875,408.59463978116713,402.9580977513957,405.7119770552414,15065300
2024-04-25,395.29083251953125,396.1328524000204,384.3842671799505,390.3278942457317,40586500
2024-04-26,402.5024719238281,409.1197034555493,401.94773576133974,408.2975149317784,29694700
2024-04-29,398.4706726074219,402.5024403041244,395.4394251609336,401.4424862005164,19582100
2024-04-30,385.67205810546875,398.38153147568886,385.51358797981476,397.71781312224874,28781400
2024-05-01,391.2293701171875,397.9456678723463,386.6428661349504,388.92124454675456,23562500
2024-05-02,394.1021423339844,396.1725023827848,390.9421111461168,393.9238407560063,17709400
2024-05-03,402.8392333984375,403.324619934145,398.08431361506535,398.500380810565,17446700
2024-05-06,409.6546325683594,410.0409526402596,402.55198432258595,404.9195438147948,16996600
2024-05-07,405.4941101074219,410.7740499032866,405.2464589410717,410.7641341827589,20018200
2024-05-08,406.6828308105469,408.356955043612,402.88879817126514,404.33510268855184,11792300
2024-05-09,408.4460754394531,408.842311213407,405.25632757821904,406.71251747640963,14689700
2024-05-10,410.84332275390625,411.477324178815,407.9309429487919,409.0602466503411,13402300
2024-05-13,409.83294677734375,414.4194510292962,406.9601994102217,414.0826490844057,15440200
2024-05-14,412.646240234375,413.56749523570926,407.68330162903794,408.14888698952717,15109300
2024-05-15,419.8609313964844,420.58538800605515,414.095139906024,414.7203513205961,22239500
2024-05-16,417.7868347167969,422.18315151911617,417.151719986036,418.59066930665216,17530100
2024-05-17,417.01275634765625,419.7021586835379,414.84935049574557,419.32504512881616,15352200
2024-05-20,422.1037292480469,423.52284159685394,416.7944295178616,417.0127568242458,16272100
2024-05-21,425.7756042480469,429.6756950854867,421.6174819616407,423.58239750259565,21453300
2024-05-22,427.2443542480469,429.11998861717575,423.88016299593255,426.8176331949398,18073700
2024-05-23,423.7510986328125,430.30088747906075,422.1831336543051,429.6756760944335,17211700
2024-05-24,426.8870849609375,427.7802311569624,421.180834455013,423.9396813142882,11845800
2024-05-28,427.0458679199219,427.54206361225715,423.3541707575322,426.3611154416687,15718000
2024-05-29,425.9046325683594,427.66115445230247,422.4510995765547,422.4510995765547,15517100
2024-05-30,411.5149230957031,421.071626093263,411.08817181006793,421.071626093263,28424800
2024-05-31,411.971435546875,413.5791047255822,401.43224401056676,413.5791047255822,47995300
2024-06-03,410.3736572265625,413.2615196687407,405.8086812773789,412.3683735171778,17484700
2024-06-04,412.904296875,413.27147684716857,406.56290129495756,409.2919776436919,14348900
2024-06-05,420.78387451171875,420.8533188907335,413.1325152430589,414.6310359031759,16988000
2024-06-06,421.2899475097656,422.07394512362515,417.37992333025653,420.7838485363347,14861300
2024-06-07,420.6250915527344,423.03659533238357,419.78155282449774,422.9572173477245,13621700
2024-06-10,424.6144714355469,424.82286513391676,420.66477334419267,421.4686078947135,14003000
2024-06-11,429.38787841796875,429.5268277427762,422.01441801832095,422.24267892962746,14551100
2024-06-12,437.7041320800781,440.0263242349242,429.9535579589742,432.00781534858527,22366200
2024-06-13,438.2201843261719,440.01644063600304,436.02700779586485,437.49575798146077,15960600
2024-06-14,439.2026672363281,439.7683376003339,433.39717151476515,434.94529966913103,13582000
2024-06-17,444.9585266113281,447.5089797746042,437.3667384679764,439.22250553797545,20790000
2024-06-18,442.9439697265625,446.7150751827561,441.50502038116036,446.28832386783046,17112500
2024-06-20,442.3088684082031,443.1325399619797,437.912551396736,442.9042790324355,19877400
2024-06-21,446.3577880859375,447.1516890658263,443.112679216781,443.9760548608899,34486200
2024-06-24,444.26385498046875,449.30518978099155,443.0134321712583,446.37762314479846,15913700
2024-06-25,447.5188903808594,447.98531552571586,443.3508346061679,444.8394216277891,16747500
2024-06-26,448.71966552734375,450.1487114593878,444.7798707523325,445.5837053034348,16507000
2024-06-27,449.4044189453125,452.6991654227889,448.3326193512516,448.7395034299803,14806300
2024-06-28,443.54931640625,451.9151680373726,443.01341660893064,449.62274649126965,28362300
2024-07-01,453.2548828125,453.88999748693993,442.269104011504,445.24627786855143,17662800
2024-07-02,455.7854919433594,456.0931308349297,449.6624240698802,449.75176594132466,13979800
2024-07-03,457.26416015625,457.5122579984809,454.39616484845857,454.70380374999445,9932800
2024-07-05,464.00250244140625,464.78650009669735,455.4778642825478,456.1129790053472,16000300
2024-07-08,462.69256591796875,464.14147919648303,460.92611040198074,463.0002048353039,12962300
2024-07-09,456.0435485839844,463.7742557192127,454.51525736098597,463.4467798855468,17207200
2024-07-10,462.7024841308594,462.91087784219644,455.36869724486377,457.71075666628917,18196100
2024-07-11,451.2403869628906,461.2436790661222,448.1143297880847,459.457386639418,23111200
2024-07-12,450.0990905761719,452.8877078833818,447.22116168053736,450.8731546278995,16324300
2024-07-15,450.5059814453125,453.7808911637112,447.99523247056425,449.85099950163277,14429400
2024-07-16,446.09979248046875,450.84342238707205,443.26156747821994,450.764044396858,17175700
2024-07-17,440.1454162597656,441.46531376189114,435.8384412822571,439.22249954002416,21778000
2024-07-18,437.0193786621094,441.2668124744543,431.0948010273652,440.95917357547034,20794800
2024-07-19,433.7841796875,437.7835460054657,428.7130742947466,429.80471086507333,20940400
2024-07-22,439.5698547363281,441.2172281155517,435.5705185548157,438.4286106688719,15808800
2024-07-23,441.46533203125,444.9784061601368,439.7286470352855,440.52254806214466,13107100
2024-07-24,425.63665771484375,438.12095826115956,424.3366274271562,437.0987963490377,26805800
2024-07-25,415.216552734375,426.52980855641556,414.3333401430881,425.5374171635106,29943800
2024-07-26,422.0342712402344,425.6565240052853,414.0951402007918,415.0180872010169,23583800
2024-07-29,423.4831848144531,428.86192913835873,421.4686315229256,428.29625878283395,15125800
2024-07-30,419.7021789550781,425.7855127211385,414.18445497765873,424.4656455012434,32687600
2024-07-31,415.16693115234375,418.5708262456948,409.07363367025533,417.3005665174137,42891400
2024-08-01,413.93634033203125,424.20759683358074,409.94693801865395,417.58836350695543,30296400
2024-08-02,405.3819274902344,411.84240478431724,401.2635094994672,409.35149283755305,29437900
2024-08-05,392.1434631347656,397.98866312927163,382.64626998707365,386.2089818321841,40709200
2024-08-06,396.56951904296875,402.5834388839359,395.4679791086585,396.9565662320286,24946500
2024-08-07,395.39849853515625,406.95985229689995,394.44581127033643,405.53083654236127,20650900
2024-08-08,399.6260681152344,402.77193167950935,396.8969919508049,399.3779702821044,20203000
2024-08-09,402.93072509765625,404.945278327108,399.1993542150353,400.9558760021183,19276700
2024-08-12,403.7147521972656,405.64992758545134,401.1642989727411,403.9628500529108,16762900
2024-08-13,410.8599548339844,411.79280513110314,406.4537347921751,406.47357171655057,19414300
2024-08-14,413.6882629394531,414.54173528870035,409.3118435327495,411.64393908583247,18267000
2024-08-15,418.5796203613281,418.6591414148161,415.22923848625584,417.35676799168647,20752100
2024-08-16,416.0345458984375,418.8878379189571,414.87134183677813,418.15215435686315,22775600
2024-08-19,419.07672119140625,419.2954420190991,414.03622098500824,416.52167114516885,15234000
2024-08-20,422.32769775390625,423.3815262412174,419.18611531171354,419.24576369099765,16387600
2024-08-21,421.6715393066406,423.91836557959886,419.26561024554667,421.6118605911061,16067300
2024-08-22,413.1315002441406,424.30610443723026,412.1969685866766,421.8902239006129,19361900
2024-08-23,414.36431884765625,416.8199448280934,409.69166039420327,414.5532154876874,18493800
2024-08-26,411.0835266113281,414.8514777475828,408.94604542911463,413.94677020088477,13152800
2024-08-27,411.4314880371094,411.9484507655821,407.86238512676584,410.4571806188663,13492900
2024-08-28,408.2103271484375,412.5847132206145,404.9394663484376,412.46541647118636,14882700
2024-08-29,410.7156982421875,419.5937196899045,408.21037518945246,412.52511339470357,17045200
2024-08-30,414.7122802734375,415.0602190186727,409.7314285183125,413.18123450252676,24308300
2024-09-03,407.0570983886719,417.43634095322227,404.66112073149435,415.47780496274754,20313600
2024-09-04,406.5202331542969,408.8466109265116,402.01659855552833,403.5476443909062,15135800
2024-09-05,406.0132141113281,410.69579375461194,403.7663574401279,405.24767603841406,14195500
2024-09-06,399.3621826171875,408.2600768498661,398.46739620074226,406.6793340354345,19609500
2024-09-09,403.3587341308594,406.27167441765806,399.8095040440946,404.8698768958274,15295100
2024-09-10,411.7893981933594,413.9069762623546,405.327227721672,405.8243177579556,19594300
2024-09-11,420.57794189453125,421.52239474938517,407.19625641616165,413.08181573237965,19266900
2024-09-12,424.514892578125,424.8827343519594,417.30708702498356,420.84636566939764,17418800
2024-09-13,428.083984375,429.3167579290349,422.98383586069434,423.35167762504557,15874600
2024-09-16,428.8296203613281,431.0068771042965,425.72778345078893,428.09393683099876,13834700
2024-09-17,432.6174621582031,439.27848092894993,429.75421863095636,437.6679140298658,18874200
2024-09-18,428.302734375,433.4923558065776,427.9050683956392,432.46835149823806,18898000
2024-09-19,436.1368408203125,438.93048428402824,434.3572500672092,438.66206659768085,21706600
2024-09-20,432.73675537109375,436.6836515284863,431.6928784161533,434.6754186759471,55167100
2024-09-23,430.9870300292969,433.9198431554934,427.88519293448667,431.75253779309,15128900
2024-09-24,426.6722717285156,430.82793711748263,423.62013164821116,430.47996802683457,17015800
2024-09-25,429.59515380859375,430.599285430914,426.0757780554542,427.3284243659067,13396400
2024-09-26,428.7998046875,432.766573468399,426.6324994108163,432.5578041483432,14492000
2024-09-27,425.5289306640625,429.3366572153901,424.982143776937,429.0085608111411,14896100
2024-09-30,427.795654296875,427.91498138591425,422.89435403602215,425.71782167728367,16807300
2024-10-01,418.2416076660156,425.9862787507864,416.3725443176016,425.95645456288486,19092900
2024-10-02,414.7023620605469,420.3592494217051,414.2847930567838,420.12062555956777,16582300
2024-10-03,414.11578369140625,417.1082451347957,411.8788784861643,415.19943635003835,13686400
2024-10-04,413.6385803222656,417.30710741019845,412.554927626964,415.8058857128688,19169700
2024-10-07,407.15655517578125,414.68247600169315,406.61968938897553,413.5789505765619,20919800
2024-10-08,412.2964172363281,413.24090045920747,405.79450128292336,408.50859351504334,19229300
2024-10-09,415.0303955078125,417.93341460570645,411.88878290651843,413.4397013585542,14974300
2024-10-10,413.4198303222656,414.9210519137125,410.74548354781774,412.81339505205864,13848400
2024-10-11,413.8970642089844,414.702347658303,410.84492403738636,413.7181190735733,14144900
2024-10-14,416.70062255859375,421.5720985232806,415.0900254622179,415.3385704638852,16653100
2024-10-15,416.3029479980469,420.02120204810905,412.84322081195853,419.7229298265709,18900200
2024-10-16,413.6982116699219,413.93680518127485,408.09105177334885,412.7537587941709,15508900
2024-10-17,414.29473876953125,420.04109862109203,413.1713103850963,419.9018988417956,14820000
2024-10-18,415.726318359375,417.20763687167505,413.8373824004759,414.7122656673259,17145300
2024-10-21,416.3427429199219,416.5216880571269,411.3420182082338,413.6982202013397,14206100
2024-10-22,425.0219421386719,428.07405197206367,415.6070554250592,416.0544182638452,25482200
2024-10-23,422.1288757324219,428.5711433507003,420.0709156477079,428.35242251551375,19654400
2024-10-24,422.2580871582031,423.50081217243513,419.9416307412936,422.8545708930616,13581600
2024-10-25,425.658203125,430.0027653012564,424.0874119188817,424.2763085648032,16899100
2024-10-28,424.1072998046875,429.4261695906152,423.81897907057987,429.1478003666399,14882400
2024-10-29,429.43609619140625,430.64899709836675,423.32186444879665,425.5090727531412,17644100
2024-10-30,430.0127258300781,435.9479823564893,429.5852356603292,434.8941538571239,29749100
2024-10-31,403.9850769042969,413.7379809491165,403.93534969689097,412.9426186903331,53971000
2024-11-01,407.9816589355469,413.0818074048316,405.12836706972047,406.62958864176215,24230400
2024-11-04,406.082763671875,408.03137836159885,403.20959918238225,407.41496126180874,19672300
2024-11-05,409.0653381347656,412.4853201284023,405.7050045203228,405.99332524640585,17626000
2024-11-06,417.73455810546875,418.00300613139274,408.1307753660983,410.01974169679755,26681800
2024-11-07,422.95404052734375,424.36578964518526,417.4363530057155,418.8281991036067,19901800
2024-11-08,420.0808410644531,424.0177855133015,419.32525452801985,422.8446603519728,16891400
2024-11-11,415.57720947265625,422.3376216288976,413.5788978774876,420.0609408352946,24503300
2024-11-12,420.5679931640625,421.969790701444,414.77193671429194,415.81581365023004,19401200
2024-11-13,422.72540283203125,426.8313412777235,415.7760631016859,419.18612400128455,21502200
2024-11-14,424.4055480957031,425.6780973820496,417.5556327945319,422.526533184943,30246900
2024-11-15,412.5847473144531,420.3393400677491,411.23267692258383,417.3767027455775,28247600
2024-11-18,413.34033203125,415.9649517435253,409.7016291897124,412.4554971706168,24742000
2024-11-19,415.3585205078125,415.5076414577029,409.15481593264525,410.7057344914447,18133500
2024-11-20,413.0718688964844,414.86141123218795,408.19044109637775,414.4438422518667,19191700
2024-11-21,411.2887268066406,418.1722655525636,408.7186214344056,417.8933391524707,20780200
2024-11-22,415.4029235839844,415.80138553605957,409.4856708735379,409.7944811664486,24814600
2024-11-25,417.1860656738281,419.46727321033643,413.2611532266888,416.7776323033626,27691100
2024-11-26,426.350830078125,427.396826920373,417.24585120009374,417.98300734363517,23458900
2024-11-27,421.3699951171875,425.5937771564677,420.4037088714897,423.48187093647766,18332400
2024-11-29,421.8381652832031,423.2527401453399,416.1998390930093,418.48107704362025,16271900
2024-12-02,429.32940673828125,431.3416594246016,419.69642835819553,419.9554423160969,20207200
2024-12-03,429.5485534667969,430.8136785324232,426.10178307894205,428.19374634076934,18302000
2024-12-04,435.7447204589844,437.98610309109085,430.973057365549,431.3715193088951,26009400
2024-12-05,440.9247741699219,442.95696954495514,434.4994957116604,436.24279326556575,21697800
2024-12-06,441.87115478515625,444.3914637865622,440.0780304611881,440.605999369761,18821000
2024-12-09,444.3117370605469,446.61288735234007,438.8128895478079,440.90485264962797,19144400
2024-12-10,441.632080078125,447.89799856218906,439.9087252497819,442.68804835999237,18469500
2024-12-11,447.2704162597656,448.6252234428676,442.34933339299914,442.34933339299914,19200200
2024-12-12,447.83819580078125,454.4129240722559,447.389907127457,447.389907127457,20834800
2024-12-13,445.5569763183594,449.7010474581427,443.8734464678006,446.722508676707,20177800
2024-12-16,449.8604431152344,450.4481798147897,443.57461233779367,445.5569810702514,23598800
2024-12-17,452.7194519042969,453.5462901057899,447.84819595840975,449.2826833242326,22733500
2024-12-18,435.71484375,450.9163784238889,435.34623528561843,449.59148560028365,24444500
2024-12-19,435.356201171875,441.4826409757379,434.64892893973837,439.92861811038824,22963700
2024-12-20,434.9278564453125,442.04049490082355,426.988379811487,431.45120224609855,64263700
2024-12-23,433.5830383300781,435.97384050264867,431.1722932989543,435.06732205874545,19152500
2024-12-24,437.6473693847656,437.9163547514511,432.52707119819956,432.9853009034494,7164500
2024-12-26,436.43206787109375,439.2512462781778,434.9577555797017,437.3983540840164,8194200
2024-12-27,428.881103515625,433.5531436249425,424.71711987555517,432.9355230391817,18117700
2024-12-30,423.2029113769531,425.91249514442245,420.2841404099869,424.42821148968693,13158700
2024-12-31,419.88568115234375,425.09566152109494,419.0489019483089,424.4680695178944,13246500
2025-01-02,416.97686767578125,424.43820240788705,413.2611726539346,423.90026204092493,16896500
2025-01-03,421.7286071777344,422.40599553232005,417.93320162542307,419.4672816518615,16662900
2025-01-06,426.21136474609375,432.6565862275622,423.85044657634234,426.3607841744266,20573600
2025-01-07,420.7523498535156,429.00063686122985,419.18835553907815,427.356962317073,18139100
2025-01-08,422.9339904785156,425.33476415419165,419.9255676122581,421.8381972488523,15054600
2025-01-10,417.345458984375,423.0833778600729,413.4304875422897,423.0036976315441,20201100
2025-01-13,415.5921936035156,416.8971739621178,410.71096634455273,413.6496498082875,17604800
2025-01-14,414.0780334472656,418.13242259689986,409.1469793562449,416.2098216251219,16935900
2025-01-15,424.6772766113281,426.51022596326726,416.6680604251186,417.52478252697114,19637800
2025-01-16,422.953857421875,427.8450559110229,422.76461308505725,427.0581034768278,15300000
2025-01-17,427.3868713378906,432.816010728012,426.53017961505896,432.4274897834489,26197500
2025-01-21,426.8588562011719,429.2496581837696,423.96996920550396,428.55235740588927,26085700
2025-01-22,444.4911193847656,445.55699830786784,434.3301720077898,435.8841949618168,27803800
2025-01-23,444.9991149902344,445.03897030447143,439.8090775364838,440.30716256200645,18389300
2025-01-24,442.3592834472656,444.9393603072831,439.70946738545626,443.4550766157881,15549500
2025-01-27,432.8956604003906,433.5332238334213,421.8780219291722,422.3860783898249,35647800
2025-01-28,445.4872741699219,446.66274757404807,429.72785612913765,432.93552501884864,23491700
2025-01-29,440.6358947753906,445.16848684550723,438.7132938317083,444.97921209968376,23581400
2025-01-30,413.4006042480469,421.24045777086803,411.57762641112805,417.1661258658952,54586300
2025-01-31,413.4703674316406,419.078810069406,413.32094799383236,417.37536767699305,34223400
2025-02-03,409.3462219238281,413.819015846871,407.09486781879804,410.02361028085903,25679100
2025-02-04,410.7906494140625,412.3347312724244,408.1707172498281,411.1094311345796,20532100
2025-02-05,411.7071533203125,412.2450632912695,408.82820710975375,410.7707509847515,16316700
2025-02-06,414.2274475097656,416.59833715024297,412.41441067873023,412.41441067873023,16309800
2025-02-07,408.1806945800781,417.0466023053385,406.5370200109021,414.8849302333569,22886800
2025-02-10,410.6412353515625,413.8688167120759,409.34622639599064,412.1255190561223,20817900
2025-02-11,409.8642272949219,410.9101937368833,407.7324086942097,408.0711332799312,18140600
2025-02-12,407.4734191894531,409.17686151888216,402.82129152637,405.65041091349894,19121700
2025-02-13,408.9676818847656,409.425911619151,404.80366775695455,405.4412312140984,23891700
2025-02-14,406.86572265625,407.3438952203064,404.3255012113121,406.22818963820515,22758500
2025-02-18,408.0711364746094,409.0274512633779,404.94314775203674,406.4374029097933,21423100
2025-02-19,413.18145751953125,413.8987012007662,406.0887313388178,406.31786140389937,24114200
2025-02-20,415.3674621582031,418.5416276159257,411.78404435480104,414.52900508229465,23508700
2025-02-21,407.4619445800781,417.28390907488637,407.14255413255484,416.57521868274245,27524800
2025-02-24,403.2596740722656,408.6198287275297,398.58825743588903,407.7614192904554,26443700
2025-02-25,397.17083740234375,401.18349019975926,395.9730546936776,400.3649855487621,29387400
2025-02-26,398.99749755859375,402.860400830509,393.5275288045757,397.28064827533655,19619000
2025-02-27,391.8106994628906,404.9964840093174,391.45137377356565,400.53467393026557,21127400
2025-02-28,396.26251220703125,396.9013540385077,385.86162375466716,391.94046026830176,32845700
2025-03-03,387.778076171875,398.0891633417286,385.4523593369203,398.0891633417286,23007700
2025-03-04,387.8978576660156,391.86058386063223,380.30181761040467,382.6974135187692,29342900
2025-03-05,400.2851257324219,400.9339589862258,388.09750890861034,388.62653647287385,23433100
2025-03-06,396.1627197265625,401.4130601425524,391.9604125552081,393.557486671848,23304600
2025-03-07,392.5892639160156,394.07652376953155,384.83351327034705,391.601087821307,22034100
2025-03-10,379.46337890625,385.69193466137494,376.5287638766263,385.1329632711281,32840100
2025-03-11,379.7528381347656,385.29265558349334,376.2193166501511,378.30548307291184,30380200
2025-03-12,382.5676574707031,384.5140963348653,378.2555969008229,382.2482670126177,24253600
2025-03-13,378.0758972167969,384.6139126915579,376.75833925298997,382.4578672121625,20473000
2025-03-14,387.84796142578125,389.51491455417886,378.81455773398244,379.0840519928303,19952800
2025-03-17,387.98773193359375,391.99036302361236,384.8634626840814,385.9913968692823,22474300
2025-03-18,382.81719970703125,386.6601507855219,380.4016513456866,386.36071271152235,19486900
2025-03-19,387.1093444824219,388.9659214939022,383.29633715100766,384.8235322758774,19185500
2025-03-20,386.131103515625,391.07204471614995,382.5776297310475,385.0331131975468,18470500
2025-03-21,390.54302978515625,391.0221306945889,382.09851071654674,382.5177544739553,39675900
2025-03-24,392.35968017578125,394.67543616141086,389.09568331150246,394.67543616141086,21004500
2025-03-25,394.4358825683594,395.63366532055824,391.9205113732519,393.19816458592396,15775000
2025-03-26,389.2554016113281,394.5856126855185,387.85797313035886,394.27618318122023,16108400
2025-03-27,389.8642578125,391.5212195564284,386.6900923994873,389.4151007040484,13766800
2025-03-28,378.1058349609375,388.4169222438939,376.2392666189567,387.36882809704144,21632000
2025-03-31,374.7021179199219,376.3790320336197,366.5670283067677,371.8573344110368,35184700
2025-04-01,381.4896545410156,382.1484487727996,372.54608191207893,373.96346276032,19689500
2025-04-02,381.43975830078125,384.3743428432238,375.92985398533636,377.2773862564683,16092600
2025-04-03,372.42626953125,376.788287190408,368.67318036225987,374.10321411915555,30198000
2025-04-04,359.18060302734375,373.9035742050073,358.8212773354498,363.4627502923482,49209900
2025-04-07,357.2042236328125,370.32015981776436,344.1581969485817,350.2370336524557,50425000
2025-04-08,353.9102783203125,372.9652928837084,349.6081786868937,367.585185716996,35868900
2025-04-09,389.7744140625,392.50941370351666,352.45294739016697,352.8921435234206,50199700
2025-04-10,380.65118408203125,383.19649903483815,367.12599611378243,381.3598744812396,38024400
2025-04-11,387.7381896972656,389.3352333779351,378.19571053548395,379.9425037151649,23839200
2025-04-14,387.0993347167969,393.92679674338564,383.5059256339463,392.4994245329486,19251200
2025-04-15,385.0231628417969,391.17187833074144,383.4560325474498,387.79806728846995,17199900
2025-04-16,370.92901611328125,380.9106912763521,367.32564600100716,379.97244183574617,21967800
2025-04-17,367.1060485839844,373.6340726815441,366.2176953329466,373.0651098854367,20943700
2025-04-21,358.4619140625,363.8121077971333,355.01825440362086,362.1551460624454,20807300
2025-04-22,366.1478271484375,367.09606804173376,359.20055908423666,362.7141283475077,19485000
2025-04-23,373.7039489746094,379.6929540391626,372.33643389707953,375.3708716590499,20545500
2025-04-24,386.59027099609375,387.7381880213899,374.5024768665421,375.01155205300716,22232300
2025-04-25,391.1319580078125,391.44138750936105,383.8952433175299,386.29083932956814,18973200
2025-04-28,390.4432067871094,392.0202980494585,385.9315006090283,391.241728610284,16579400
2025-04-29,393.31793212890625,394.3759872470841,389.66463540586307,390.5829324517716,14974000
2025-04-30,394.53570556640625,395.93313400867555,383.73552563819743,389.58477271143016,36461100
2025-05-01,424.6204528808594,436.1892106723326,424.12136912560175,430.3199808366381,58938100
2025-05-02,434.48236083984375,438.63474141621873,429.20204608174254,430.948839257634,30757400
2025-05-05,435.3707275390625,438.6946118778074,431.3181395047298,432.07675654489867,20136100
2025-05-06,432.5159606933594,436.92787448428356,430.3798980651205,431.408009380462,15104200
2025-05-07,432.555908203125,437.3171563878889,430.319992206568,433.04500054847074,23295300
2025-05-08,437.3670654296875,442.85698666150637,434.86165526525525,437.12748451655574,23491300
2025-05-09,437.9260559082031,439.93235195021686,435.08127232610667,439.19371771814804,15324200
2025-05-12,448.4367370605469,448.5465208630377,438.9740982732109,445.12281367736733,22821900
2025-05-13,448.3169860839844,449.8441812103938,444.54388351816056,446.9594623818115,23618800
2025-05-14,452.1099853515625,453.0682176126866,447.3187935842875,447.3187935842875,19902800
2025-05-15,453.1300048828125,456.19000244140625,450.42999267578125,450.7699890136719,21992300
2025-05-16,454.2699890136719,454.3599853515625,448.7300109863281,452.04998779296875,23849800
2025-05-19,458.8699951171875,459.5899963378906,450.79998779296875,450.8800048828125,21336500
2025-05-20,458.1700134277344,458.3399963378906,454.32000732421875,455.5899963378906,15441800
2025-05-21,452.57000732421875,457.7799987792969,451.80999755859375,454.57000732421875,19216900
2025-05-22,454.8599853515625,460.25,453.8999938964844,454.95001220703125,18025600
2025-05-23,450.17999267578125,453.69000244140625,448.9100036621094,449.9800109863281,16883500
2025-05-27,460.69000244140625,460.95001220703125,456.1199951171875,456.4800109863281,20974300
2025-05-28,457.3599853515625,462.5199890136719,456.92999267578125,461.2200012207031,17086300
2025-05-29,458.67999267578125,461.7200012207031,455.30999755859375,461.54998779296875,13974800
2025-05-30,460.3599853515625,461.67999267578125,455.5400085449219,459.7200012207031,34770500
2025-06-02,461.9700012207031,462.1099853515625,456.8900146484375,457.1400146484375,16626500
2025-06-03,462.9700012207031,464.1400146484375,460.8599853515625,461.4700012207031,15743800
2025-06-04,463.8699951171875,465.69000244140625,463.0199890136719,464.0,14162700
2025-06-05,467.67999267578125,469.6499938964844,464.0299987792969,464.9599914550781,20131700
2025-06-06,470.3800048828125,473.3399963378906,468.7799987792969,470.0899963378906,15285600
2025-06-09,472.75,473.42999267578125,468.6199951171875,469.70001220703125,16469900
2025-06-10,470.9200134277344,472.79998779296875,466.9599914550781,471.19000244140625,15375900
2025-06-11,472.6199951171875,475.4700012207031,469.6600036621094,470.0199890136719,16399200
2025-06-12,478.8699951171875,480.4200134277344,473.5199890136719,475.0199890136719,18950600
2025-06-13,474.9599914550781,479.17999267578125,472.760009765625,476.4100036621094,16814500
2025-06-16,479.1400146484375,480.69000244140625,475.0,475.2099914550781,15626100
2025-06-17,478.0400085449219,478.739990234375,474.0799865722656,475.3999938964844,15414100
2025-06-18,480.239990234375,481.0,474.4599914550781,478.0,17526500
2025-06-20,477.3999938964844,483.4599914550781,476.8699951171875,482.2300109863281,37576200
2025-06-23,486.0,487.75,472.510009765625,478.2099914550781,24864000
2025-06-24,490.1099853515625,491.8500061035156,486.79998779296875,488.95001220703125,22305600
2025-06-25,492.2699890136719,494.55999755859375,489.3900146484375,492.0400085449219,17475600
