Date,Close
,AAPL
2000-01-03,0.8410475850105286
2000-01-04,0.7701389789581299
2000-01-05,0.7814086079597473
2000-01-06,0.7137866616249084
2000-01-07,0.7475982308387756
2000-01-10,0.7344491481781006
2000-01-11,0.6968813538551331
2000-01-12,0.6550872921943665
2000-01-13,0.7269353270530701
2000-01-14,0.7546417117118835
2000-01-18,0.7809389233589172
2000-01-19,0.8006624579429626
2000-01-20,0.8527879118919373
2000-01-21,0.836351752281189
2000-01-24,0.79831463098526
2000-01-25,0.8433952331542969
2000-01-26,0.8278992176055908
2000-01-27,0.8264902234077454
2000-01-28,0.7635641098022461
2000-01-31,0.7795302867889404
2000-02-01,0.7532327771186829
2000-02-02,0.7424318790435791
2000-02-03,0.7762431502342224
2000-02-04,0.8114631175994873
2000-02-07,0.8570138812065125
2000-02-08,0.8631190061569214
2000-02-09,0.8462126851081848
2000-02-10,0.8527879118919373
2000-02-11,0.8170979619026184
2000-02-14,0.8701624274253845
2000-02-15,0.8941119909286499
2000-02-16,0.8574832677841187
2000-02-17,0.8631190061569214
2000-02-18,0.8358824849128723
2000-02-22,0.8551356196403503
2000-02-23,0.873449444770813
2000-02-24,0.865583598613739
2000-02-25,0.8293077349662781
2000-02-28,0.850909411907196
2000-02-29,0.8612407445907593
2000-03-01,0.9791087508201599
2000-03-02,0.9166527986526489
2000-03-03,0.9617339372634888
2000-03-06,0.9443596601486206
2000-03-07,0.923226535320282
2000-03-08,0.9166527986526489
2000-03-09,0.9185312390327454
2000-03-10,0.9448283910751343
2000-03-13,0.9114866256713867
2000-03-14,0.8584223985671997
2000-03-15,0.873449444770813
2000-03-16,0.9133653044700623
2000-03-17,0.9391933083534241
2000-03-20,0.9241660833358765
2000-03-21,1.0138589143753052
2000-03-22,1.0833585262298584
2000-03-23,1.061758279800415
2000-03-24,1.0420348644256592
2000-03-27,1.0486094951629639
2000-03-28,1.045322299003601
2000-03-29,1.0213730335235596
2000-03-30,0.9448283910751343
2000-03-31,1.0204335451126099
2000-04-03,1.0016491413116455
2000-04-04,0.9565684199333191
2000-04-05,0.979578971862793
2000-04-06,0.9406026005744934
2000-04-07,0.9899094700813293
2000-04-10,0.9391933083534241
2000-04-11,0.8973990678787231
2000-04-12,0.8208546042442322
2000-04-13,0.8551356196403503
2000-04-14,0.8405780792236328
2000-04-17,0.9307406544685364
2000-04-18,0.9532817006111145
2000-04-19,0.9100781679153442
2000-04-20,0.8931728601455688
2000-04-24,0.9053829312324524
2000-04-25,0.9640814065933228
2000-04-26,0.9114866256713867
2000-04-27,0.9523418545722961
2000-04-28,0.9321495294570923
2000-05-01,0.9340277910232544
2000-05-02,0.8856589198112488
2000-05-03,0.8645275831222534
2000-05-04,0.8316555023193359
2000-05-05,0.8499703407287598
2000-05-08,0.8274290561676025
2000-05-09,0.7922095060348511
2000-05-10,0.7461892366409302
2000-05-11,0.772486686706543
2000-05-12,0.8086457848548889
2000-05-15,0.7588685154914856
2000-05-16,0.7940875291824341
2000-05-17,0.761685848236084
2000-05-18,0.7569901943206787
2000-05-19,0.7062737941741943
2000-05-22,0.6757491827011108
2000-05-23,0.6447561383247375
2000-05-24,0.658843994140625
2000-05-25,0.6556740403175354
2000-05-26,0.6489824056625366
2000-05-30,0.6579049825668335
2000-05-31,0.6311379671096802
2000-06-01,0.669644832611084
2000-06-02,0.695472776889801
2000-06-05,0.6860803961753845
2000-06-06,0.6978205442428589
2000-06-07,0.7255268096923828
2000-06-08,0.7123779654502869
2000-06-09,0.7194222807884216
2000-06-12,0.6851413249969482
2000-06-13,0.7100301384925842
2000-06-14,0.6795065402984619
2000-06-15,0.6940640807151794
2000-06-16,0.6851413249969482
2000-06-19,0.7259961366653442
2000-06-20,0.7607468366622925
2000-06-21,0.8358824849128723
2000-06-22,0.8077058792114258
2000-06-23,0.7767128348350525
2000-06-26,0.8133416771888733
2000-06-27,0.7776521444320679
2000-06-28,0.8180370330810547
2000-06-29,0.7701389789581299
2000-06-30,0.7870442271232605
2000-07-03,0.8011319637298584
2000-07-05,0.7757737040519714
2000-07-06,0.7785909175872803
2000-07-07,0.8180370330810547
2000-07-10,0.8584223985671997
2000-07-11,0.8556050062179565
2000-07-12,0.884719729423523
2000-07-13,0.8490310311317444
2000-07-14,0.8668755292892456
2000-07-17,0.8762677907943726
2000-07-18,0.860300600528717
2000-07-19,0.7917400002479553
2000-07-20,0.8283687233924866
2000-07-21,0.8048887848854065
2000-07-24,0.7316318154335022
2000-07-25,0.752293586730957
2000-07-26,0.752293586730957
2000-07-27,0.7814086079597473
2000-07-28,0.7259961366653442
2000-07-31,0.7635641098022461
2000-08-01,0.7410233020782471
2000-08-02,0.7100301384925842
2000-08-03,0.7213004231452942
2000-08-04,0.7119085788726807
2000-08-07,0.7203615307807922
2000-08-08,0.7025161385536194
2000-08-09,0.7137866616249084
2000-08-10,0.714725911617279
2000-08-11,0.7166049480438232
2000-08-14,0.7072126865386963
2000-08-15,0.7015771865844727
2000-08-16,0.7288135290145874
2000-08-17,0.7729562520980835
2000-08-18,0.7513545751571655
2000-08-21,0.7588685154914856
2000-08-22,0.7767128348350525
2000-08-23,0.8161588311195374
2000-08-24,0.8431605696678162
2000-08-25,0.8537265658378601
2000-08-28,0.8725104331970215
2000-08-29,0.8894162178039551
2000-08-30,0.8941119909286499
2000-08-31,0.9157134890556335
2000-09-01,0.9532817006111145
2000-09-05,0.9382535815238953
2000-09-06,0.8781457543373108
2000-09-07,0.9316802024841309
2000-09-08,0.884719729423523
2000-09-11,0.8781457543373108
2000-09-12,0.8678144812583923
2000-09-13,0.8715713620185852
2000-09-14,0.8544312119483948
2000-09-15,0.8300119042396545
2000-09-18,0.9114866256713867
2000-09-19,0.9006868600845337
2000-09-20,0.917357325553894
2000-09-21,0.8518485426902771
2000-09-22,0.7842265963554382
2000-09-25,0.8039495348930359
2000-09-26,0.7729562520980835
2000-09-27,0.7353883385658264
2000-09-28,0.8039495348930359
2000-09-29,0.38694727420806885
2000-10-02,0.36440718173980713
2000-10-03,0.33529239892959595
2000-10-04,0.3550150692462921
2000-10-05,0.33153507113456726
2000-10-06,0.33341339230537415
2000-10-09,0.3268394470214844
2000-10-10,0.3136906027793884
2000-10-11,0.294906347990036
2000-10-12,0.30054205656051636
2000-10-13,0.33153507113456726
2000-10-16,0.3230828046798706
2000-10-17,0.3024201989173889
2000-10-18,0.3024201989173889
2000-10-19,0.28457579016685486
2000-10-20,0.2930281162261963
2000-10-23,0.30617693066596985
2000-10-24,0.28363674879074097
2000-10-25,0.2780010998249054
2000-10-26,0.2780010998249054
2000-10-27,0.2789401412010193
2000-10-30,0.2902107238769531
2000-10-31,0.29396721720695496
2000-11-01,0.3080551028251648
2000-11-02,0.33529239892959595
2000-11-03,0.3343524634838104
2000-11-06,0.3221437335014343
2000-11-07,0.3202647268772125
2000-11-08,0.301481157541275
2000-11-09,0.3033595085144043
2000-11-10,0.2864542007446289
2000-11-13,0.2911497950553894
2000-11-14,0.3042985498905182
2000-11-15,0.2986637353897095
2000-11-16,0.2855149209499359
2000-11-17,0.2780010998249054
2000-11-20,0.28457579016685486
2000-11-21,0.2826975882053375
2000-11-22,0.2780010998249054
2000-11-24,0.2902107238769531
2000-11-27,0.28081855177879333
2000-11-28,0.2709576487541199
2000-11-29,0.2639133632183075
2000-11-30,0.24794723093509674
2000-12-01,0.2564002275466919
2000-12-04,0.2507646381855011
2000-12-05,0.255460262298584
2000-12-06,0.21507498621940613
2000-12-07,0.21507498621940613
2000-12-08,0.2263454794883728
2000-12-11,0.22822368144989014
2000-12-12,0.23104195296764374
2000-12-13,0.2254061996936798
2000-12-14,0.2169540971517563
2000-12-15,0.21131844818592072
2000-12-18,0.21413587033748627
2000-12-19,0.2103792428970337
2000-12-20,0.2160140573978424
2000-12-21,0.21131844818592072
2000-12-22,0.2254061996936798
2000-12-26,0.22071059048175812
2000-12-27,0.22258882224559784
2000-12-28,0.22258882224559784
2000-12-29,0.22352799773216248
2001-01-02,0.22352799773216248
2001-01-03,0.2460688352584839
2001-01-04,0.2564002275466919
2001-01-05,0.2460688352584839
2001-01-08,0.2488863468170166
2001-01-09,0.258278489112854
2001-01-10,0.2488863468170166
2001-01-11,0.27048808336257935
2001-01-12,0.258278489112854
2001-01-16,0.25733932852745056
2001-01-17,0.25264278054237366
2001-01-18,0.28081855177879333
2001-01-19,0.2930281162261963
2001-01-22,0.2892715334892273
2001-01-23,0.3080551028251648
2001-01-24,0.3080551028251648
2001-01-25,0.29960280656814575
2001-01-26,0.29396721720695496
2001-01-29,0.32590025663375854
2001-01-30,0.3268394470214844
2001-01-31,0.3249611258506775
2001-02-01,0.3174472749233246
2001-02-02,0.309934139251709
2001-02-05,0.3033595085144043
2001-02-06,0.3174472749233246
2001-02-07,0.31181231141090393
2001-02-08,0.31181231141090393
2001-02-09,0.2873932719230652
2001-02-12,0.29584628343582153
2001-02-13,0.2873932719230652
2001-02-14,0.2930281162261963
2001-02-15,0.301481157541275
2001-02-16,0.2855149209499359
2001-02-20,0.27518364787101746
2001-02-21,0.28363674879074097
2001-02-22,0.2826975882053375
2001-02-23,0.2826975882053375
2001-02-26,0.2930281162261963
2001-02-27,0.2911497950553894
2001-02-28,0.27424463629722595
2001-03-01,0.28175756335258484
2001-03-02,0.2892715334892273
2001-03-05,0.30617693066596985
2001-03-06,0.3230828046798706
2001-03-07,0.3193254768848419
2001-03-08,0.3127516210079193
2001-03-09,0.3042985498905182
2001-03-12,0.27987945079803467
2001-03-13,0.29396721720695496
2001-03-14,0.3071158230304718
2001-03-15,0.29584628343582153
2001-03-16,0.294906347990036
2001-03-19,0.30899500846862793
2001-03-20,0.29584628343582153
2001-03-21,0.3024201989173889
2001-03-22,0.3249611258506775
2001-03-23,0.3456228971481323
2001-03-26,0.32729050517082214
2001-03-27,0.34366971254348755
2001-03-28,0.3331507444381714
2001-03-29,0.3385601043701172
2001-03-30,0.3316477835178375
2001-04-02,0.3244352340698242
2001-04-03,0.30414867401123047
2001-04-04,0.2930281162261963
2001-04-05,0.3136157989501953
2001-04-06,0.3094082176685333
2001-04-09,0.30865681171417236
2001-04-10,0.3311968147754669
2001-04-11,0.3275909423828125
2001-04-12,0.33690741658210754
2001-04-16,0.32218074798583984
2001-04-17,0.3065529763698578
2001-04-18,0.34246721863746643
2001-04-19,0.3864971399307251
2001-04-20,0.37627848982810974
2001-04-23,0.36440718173980713
2001-04-24,0.3611011505126953
2001-04-25,0.37147003412246704
2001-04-26,0.3710189759731293
2001-04-27,0.3937096893787384
2001-04-30,0.3830409646034241
2001-05-01,0.38965287804603577
2001-05-02,0.39956995844841003
2001-05-03,0.3750759959220886
2001-05-04,0.38694727420806885
2001-05-07,0.3750759959220886
2001-05-08,0.3692156672477722
2001-05-09,0.3603493571281433
2001-05-10,0.3456228971481323
2001-05-11,0.34336936473846436
2001-05-14,0.3499811887741089
2001-05-15,0.3483284115791321
2001-05-16,0.36215275526046753
2001-05-17,0.3538883328437805
2001-05-18,0.3535878658294678
2001-05-21,0.3540380895137787
2001-05-22,0.35313689708709717
2001-05-23,0.3490789532661438
2001-05-24,0.3486287295818329
2001-05-25,0.34201696515083313
2001-05-29,0.3226318359375
2001-05-30,0.2972356081008911
2001-05-31,0.29979050159454346
2001-06-01,0.31391626596450806
2001-06-04,0.3104601502418518
2001-06-05,0.314667671918869
2001-06-06,0.31151193380355835
2001-06-07,0.32548704743385315
2001-06-08,0.3203774392604828
2001-06-11,0.3011428117752075
2001-06-12,0.3052006661891937
2001-06-13,0.3076048493385315
2001-06-14,0.29873862862586975
2001-06-15,0.3071538507938385
2001-06-18,0.3055010437965393
2001-06-19,0.30339720845222473
2001-06-20,0.3256368339061737
2001-06-21,0.3379591703414917
2001-06-22,0.33450308442115784
2001-06-25,0.3605000078678131
2001-06-26,0.3568933308124542
2001-06-27,0.35073256492614746
2001-06-28,0.3537376821041107
2001-06-29,0.3493802845478058
2001-07-02,0.3591477870941162
2001-07-03,0.3582456409931183
2001-07-05,0.34847813844680786
2001-07-06,0.3310471177101135
2001-07-09,0.3411148488521576
2001-07-10,0.3176727294921875
2001-07-11,0.3387106955051422
2001-07-12,0.3660600185394287
2001-07-13,0.37342333793640137
2001-07-16,0.3600490689277649
2001-07-17,0.3771798610687256
2001-07-18,0.3124132454395294
2001-07-19,0.2999412417411804
2001-07-20,0.3002415895462036
2001-07-23,0.2936297655105591
2001-07-24,0.2868673503398895
2001-07-25,0.27755007147789
2001-07-26,0.27935346961021423
2001-07-27,0.28491342067718506
2001-07-30,0.28446319699287415
2001-07-31,0.2823593318462372
2001-08-01,0.286416232585907
2001-08-02,0.29783737659454346
2001-08-03,0.2930281162261963
2001-08-06,0.28746816515922546
2001-08-07,0.2892715334892273
2001-08-08,0.28401198983192444
2001-08-09,0.28626638650894165
2001-08-10,0.28581544756889343
2001-08-13,0.2868673503398895
2001-08-14,0.2814572751522064
2001-08-15,0.2770998477935791
2001-08-16,0.28025537729263306
2001-08-17,0.2715400159358978
2001-08-20,0.27229049801826477
2001-08-21,0.26928552985191345
2001-08-22,0.2736437916755676
2001-08-23,0.26763275265693665
2001-08-24,0.2790529429912567
2001-08-27,0.28431248664855957
2001-08-28,0.27649810910224915
2001-08-29,0.26793333888053894
2001-08-30,0.26793333888053894
2001-08-31,0.27875253558158875
2001-09-04,0.27424463629722595
2001-09-05,0.27875253558158875
2001-09-06,0.26628053188323975
2001-09-07,0.2596677839756012
2001-09-10,0.2610208988189697
2001-09-17,0.2553104758262634
2001-09-18,0.24464082717895508
2001-09-19,0.2557615637779236
2001-09-20,0.23562484979629517
2001-09-21,0.23637637495994568
2001-09-24,0.24719564616680145
2001-09-25,0.233520969748497
2001-09-26,0.2276606410741806
2001-09-27,0.23307004570960999
2001-09-28,0.23307004570960999
2001-10-01,0.233520969748497
2001-10-02,0.2261577993631363
2001-10-03,0.22510594129562378
2001-10-04,0.23862990736961365
2001-10-05,0.24253708124160767
2001-10-08,0.24343910813331604
2001-10-09,0.24043327569961548
2001-10-10,0.25275570154190063
2001-10-11,0.2665809094905853
2001-10-12,0.2706378102302551
2001-10-15,0.2703373432159424
2001-10-16,0.2706378102302551
2001-10-17,0.2553104758262634
2001-10-18,0.27048808336257935
2001-10-19,0.2749960720539093
2001-10-22,0.28581544756889343
2001-10-23,0.27259179949760437
2001-10-24,0.28476351499557495
2001-10-25,0.2883702516555786
2001-10-26,0.2805558443069458
2001-10-29,0.26492732763290405
2001-10-30,0.2644771337509155
2001-10-31,0.26387542486190796
2001-11-01,0.27935346961021423
2001-11-02,0.2790529429912567
2001-11-05,0.2865668535232544
2001-11-06,0.29408007860183716
2001-11-07,0.29438042640686035
2001-11-08,0.2811567783355713
2001-11-09,0.2811567783355713
2001-11-12,0.28175756335258484
2001-11-13,0.29107484221458435
2001-11-14,0.2946815490722656
2001-11-15,0.2922765910625458
2001-11-16,0.28506404161453247
2001-11-19,0.30054205656051636
2001-11-20,0.29347914457321167
2001-11-21,0.29573360085487366
2001-11-23,0.29813772439956665
2001-11-26,0.32112881541252136
2001-11-27,0.3155689835548401
2001-11-28,0.3085061311721802
2001-11-29,0.3068532943725586
2001-11-30,0.3200770318508148
2001-12-03,0.31632038950920105
2001-12-04,0.3366069197654724
2001-12-05,0.357043981552124
2001-12-06,0.3423174321651459
2001-12-07,0.3387106955051422
2001-12-10,0.3387106955051422
2001-12-11,0.32729050517082214
2001-12-12,0.3229321241378784
2001-12-13,0.3155689835548401
2001-12-14,0.3064022958278656
2001-12-17,0.30985844135284424
2001-12-18,0.3157196044921875
2001-12-19,0.3248852789402008
2001-12-20,0.31060990691185
2001-12-21,0.3155689835548401
2001-12-24,0.3209790885448456
2001-12-26,0.3229321241378784
2001-12-27,0.3316477835178375
2001-12-28,0.3370579481124878
2001-12-31,0.32909294962882996
2002-01-02,0.35013097524642944
2002-01-03,0.3543385863304138
2002-01-04,0.3559921085834503
2002-01-07,0.34412068128585815
2002-01-08,0.33976253867149353
2002-01-09,0.32533642649650574
2002-01-10,0.31902509927749634
2002-01-11,0.31632038950920105
2002-01-14,0.3178233802318573
2002-01-15,0.326088011264801
2002-01-16,0.312262624502182
2002-01-17,0.33780941367149353
2002-01-18,0.3331507444381714
2002-01-22,0.3278912603855133
2002-01-23,0.3459233343601227
2002-01-24,0.348778635263443
2002-01-25,0.3493802845478058
2002-01-28,0.349680632352829
2002-01-29,0.34667477011680603
2002-01-30,0.36200299859046936
2002-01-31,0.37147003412246704
2002-02-01,0.36681145429611206
2002-02-04,0.3809371888637543
2002-02-05,0.3824393153190613
2002-02-06,0.3707186281681061
2002-02-07,0.36515873670578003
2002-02-08,0.3611011505126953
2002-02-11,0.3753763437271118
2002-02-12,0.3713195025920868
2002-02-13,0.37582749128341675
2002-02-14,0.3696666657924652
2002-02-15,0.3591477870941162
2002-02-19,0.3399132490158081
2002-02-20,0.34757688641548157
2002-02-21,0.3230828046798706
2002-02-22,0.3417157232761383
2002-02-25,0.35779547691345215
2002-02-26,0.3556916415691376
2002-02-27,0.3299950957298279
2002-02-28,0.326088011264801
2002-03-01,0.35238537192344666
2002-03-04,0.365008145570755
2002-03-05,0.3535878658294678
2002-03-06,0.3617018461227417
2002-03-07,0.3663604259490967
2002-03-08,0.37056803703308105
2002-03-11,0.3765788972377777
2002-03-12,0.37147003412246704
2002-03-13,0.36801308393478394
2002-03-14,0.36711201071739197
2002-03-15,0.3749261796474457
2002-03-18,0.37177056074142456
2002-03-19,0.37342333793640137
2002-03-20,0.3744751513004303
2002-03-21,0.3647075891494751
2002-03-22,0.36200299859046936
2002-03-25,0.350882351398468
2002-03-26,0.3525359332561493
2002-03-27,0.3526857793331146
2002-03-28,0.3556916415691376
2002-04-01,0.3675629198551178
2002-04-02,0.3617018461227417
2002-04-03,0.3568933308124542
2002-04-04,0.37417471408843994
2002-04-05,0.37177056074142456
2002-04-08,0.3690650761127472
2002-04-09,0.36215275526046753
2002-04-10,0.37056803703308105
2002-04-11,0.3735738694667816
2002-04-12,0.3765788972377777
2002-04-15,0.3756777346134186
2002-04-16,0.3867974877357483
2002-04-17,0.3923574686050415
2002-04-18,0.3818383812904358
2002-04-19,0.3753763437271118
2002-04-22,0.3686148524284363
2002-04-23,0.36440718173980713
2002-04-24,0.3571937382221222
2002-04-25,0.36245331168174744
2002-04-26,0.3457735478878021
2002-04-29,0.3600490689277649
2002-04-30,0.3647075891494751
2002-05-01,0.3603493571281433
2002-05-02,0.3559921085834503
2002-05-03,0.35328665375709534
2002-05-06,0.34036335349082947
2002-05-07,0.33765873312950134
2002-05-08,0.36621060967445374
2002-05-09,0.36350515484809875
2002-05-10,0.3504321873188019
2002-05-13,0.359748512506485
2002-05-14,0.38484349846839905
2002-05-15,0.379885196685791
2002-05-16,0.3788334131240845
2002-05-17,0.37582749128341675
2002-05-20,0.37177056074142456
2002-05-21,0.3525359332561493
2002-05-22,0.3654590845108032
2002-05-23,0.3783823251724243
2002-05-24,0.3629043400287628
2002-05-28,0.3603493571281433
2002-05-29,0.3603493571281433
2002-05-30,0.3636556565761566
2002-05-31,0.35013097524642944
2002-06-03,0.34427061676979065
2002-06-04,0.3423174321651459
2002-06-05,0.3414153754711151
2002-06-06,0.33300015330314636
2002-06-07,0.32158005237579346
2002-06-10,0.32278168201446533
2002-06-11,0.3074541985988617
2002-06-12,0.3018944263458252
2002-06-13,0.2936297655105591
2002-06-14,0.3020450174808502
2002-06-17,0.30865681171417236
2002-06-18,0.3027956187725067
2002-06-19,0.2572636008262634
2002-06-20,0.25711387395858765
2002-06-21,0.25320670008659363
2002-06-24,0.25951799750328064
2002-06-25,0.2575639486312866
2002-06-26,0.24869857728481293
2002-06-27,0.2563622295856476
2002-06-28,0.26628053188323975
2002-07-01,0.2563622295856476
2002-07-02,0.2545590102672577
2002-07-03,0.263725608587265
2002-07-05,0.28160789608955383
2002-07-08,0.2706378102302551
2002-07-09,0.26342514157295227
2002-07-10,0.26026949286460876
2002-07-11,0.2749960720539093
2002-07-12,0.2631247341632843
2002-07-15,0.27394410967826843
2002-07-16,0.2683841586112976
2002-07-17,0.2348734587430954
2002-07-18,0.2252565324306488
2002-07-19,0.22480547428131104
2002-07-22,0.22420461475849152
2002-07-23,0.217442125082016
2002-07-24,0.22841224074363708
2002-07-25,0.21578945219516754
2002-07-26,0.21548819541931152
2002-07-29,0.22570665180683136
2002-07-30,0.23186828196048737
2002-07-31,0.22931338846683502
2002-08-01,0.2224012166261673
2002-08-02,0.21714171767234802
2002-08-05,0.21022869646549225
2002-08-06,0.22149910032749176
2002-08-07,0.22585733234882355
2002-08-08,0.22991441190242767
2002-08-09,0.2254061996936798
2002-08-12,0.2252565324306488
2002-08-13,0.2192455679178238
2002-08-14,0.22796118259429932
2002-08-15,0.23457296192646027
2002-08-16,0.23757794499397278
2002-08-19,0.24013282358646393
2002-08-20,0.23908093571662903
2002-08-21,0.24223671853542328
2002-08-22,0.23998306691646576
2002-08-23,0.23637637495994568
2002-08-26,0.23337045311927795
2002-08-27,0.22315268218517303
2002-08-28,0.22089828550815582
2002-08-29,0.22089828550815582
2002-08-30,0.22164969146251678
2002-09-03,0.211130753159523
2002-09-04,0.21759194135665894
2002-09-05,0.2130838930606842
2002-09-06,0.21608980000019073
2002-09-09,0.2159392088651657
2002-09-10,0.215338334441185
2002-09-11,0.21473753452301025
2002-09-12,0.21248307824134827
2002-09-13,0.21293410658836365
2002-09-16,0.21789327263832092
2002-09-17,0.2224012166261673
2002-09-18,0.22570665180683136
2002-09-19,0.219094917178154
2002-09-20,0.2234530746936798
2002-09-23,0.22315268218517303
2002-09-24,0.21999703347682953
2002-09-25,0.2243543267250061
2002-09-26,0.22089828550815582
2002-09-27,0.22119872272014618
2002-09-30,0.21789327263832092
2002-10-01,0.2180430144071579
2002-10-02,0.21293410658836365
2002-10-03,0.21488729119300842
2002-10-04,0.21083034574985504
2002-10-07,0.2069232016801834
2002-10-08,0.20557086169719696
2002-10-09,0.2042185664176941
2002-10-10,0.21203206479549408
2002-10-11,0.2180430144071579
2002-10-14,0.22195011377334595
2002-10-15,0.22781042754650116
2002-10-16,0.21879452466964722
2002-10-17,0.21203206479549408
2002-10-18,0.21548819541931152
2002-10-21,0.21879452466964722
2002-10-22,0.22089828550815582
2002-10-23,0.22360293567180634
2002-10-24,0.22074764966964722
2002-10-25,0.23171758651733398
2002-10-28,0.23457296192646027
2002-10-29,0.23201805353164673
2002-10-30,0.24013282358646393
2002-10-31,0.24148516356945038
2002-11-01,0.24584338068962097
2002-11-04,0.25380757451057434
2002-11-05,0.253958135843277
2002-11-06,0.2587665915489197
2002-11-07,0.24043327569961548
2002-11-08,0.23802903294563293
2002-11-11,0.22781042754650116
2002-11-12,0.23502394556999207
2002-11-13,0.2342725247144699
2002-11-14,0.24494124948978424
2002-11-15,0.23968175053596497
2002-11-18,0.23517373204231262
2002-11-19,0.2294640988111496
2002-11-20,0.23337045311927795
2002-11-21,0.24569271504878998
2002-11-22,0.2405838668346405
2002-11-25,0.23998306691646576
2002-11-26,0.2315678596496582
2002-11-27,0.2362256795167923
2002-11-29,0.23292024433612823
2002-12-02,0.22811084985733032
2002-12-03,0.22781042754650116
2002-12-04,0.22495527565479279
2002-12-05,0.21984635293483734
2002-12-06,0.22465476393699646
2002-12-09,0.22164969146251678
2002-12-10,0.22961384057998657
2002-12-11,0.23276953399181366
2002-12-12,0.22826150059700012
2002-12-13,0.2222505807876587
2002-12-16,0.22315268218517303
2002-12-17,0.22660885751247406
2002-12-18,0.21894517540931702
2002-12-19,0.21338434517383575
2002-12-20,0.21248307824134827
2002-12-23,0.21774257719516754
2002-12-24,0.21578945219516754
2002-12-26,0.21639025211334229
2002-12-27,0.21128055453300476
2002-12-30,0.21143120527267456
2002-12-31,0.215338334441185
2003-01-02,0.2224012166261673
2003-01-03,0.22390326857566833
2003-01-06,0.22390326857566833
2003-01-07,0.22315268218517303
2003-01-08,0.21864379942417145
2003-01-09,0.22059783339500427
2003-01-10,0.22119872272014618
2003-01-13,0.21984635293483734
2003-01-14,0.21954597532749176
2003-01-15,0.21684134006500244
2003-01-16,0.2196957767009735
2003-01-17,0.21188226342201233
2003-01-21,0.21067973971366882
2003-01-22,0.20857594907283783
2003-01-23,0.21293410658836365
2003-01-24,0.20737425982952118
2003-01-27,0.21233241260051727
2003-01-28,0.219094917178154
2003-01-29,0.2243543267250061
2003-01-30,0.2151876986026764
2003-01-31,0.21578945219516754
2003-02-03,0.2202974557876587
2003-02-04,0.21939532458782196
2003-02-05,0.21714171767234802
2003-02-06,0.21684134006500244
2003-02-07,0.21263369917869568
2003-02-10,0.21563880145549774
2003-02-11,0.21563880145549774
2003-02-12,0.21623964607715607
2003-02-13,0.21849404275417328
2003-02-14,0.22044719755649567
2003-02-18,0.2294640988111496
2003-02-19,0.22315268218517303
2003-02-20,0.22195011377334595
2003-02-21,0.2254061996936798
2003-02-24,0.22149910032749176
2003-02-25,0.22570665180683136
2003-02-26,0.21789327263832092
2003-02-27,0.2233024537563324
2003-02-28,0.2255568653345108
2003-03-03,0.22014671564102173
2003-03-04,0.21879452466964722
2003-03-05,0.2196957767009735
2003-03-06,0.21879452466964722
2003-03-07,0.21834345161914825
2003-03-10,0.2159392088651657
2003-03-11,0.21383541822433472
2003-03-12,0.21368564665317535
2003-03-13,0.22119872272014618
2003-03-14,0.2221008539199829
2003-03-17,0.2255568653345108
2003-03-18,0.2254061996936798
2003-03-19,0.22465476393699646
2003-03-20,0.22405394911766052
2003-03-21,0.2254061996936798
2003-03-24,0.2159392088651657
2003-03-25,0.21864379942417145
2003-03-26,0.21654009819030762
2003-03-27,0.21774257719516754
2003-03-28,0.21894517540931702
2003-03-31,0.21248307824134827
2003-04-01,0.21278353035449982
2003-04-02,0.21939532458782196
2003-04-03,0.21729154884815216
2003-04-04,0.21654009819030762
2003-04-07,0.21774257719516754
2003-04-08,0.21714171767234802
2003-04-09,0.213234543800354
2003-04-10,0.2159392088651657
2003-04-11,0.19835740327835083
2003-04-14,0.2040679156780243
2003-04-15,0.20121268928050995
2003-04-16,0.19895903766155243
2003-04-17,0.19715572893619537
2003-04-21,0.19745613634586334
2003-04-22,0.20301604270935059
2003-04-23,0.2040679156780243
2003-04-24,0.2019641101360321
2003-04-25,0.20061181485652924
2003-04-28,0.20827555656433105
2003-04-29,0.21128055453300476
2003-04-30,0.21368564665317535
2003-05-01,0.21578945219516754
2003-05-02,0.21714171767234802
2003-05-05,0.24178555607795715
2003-05-06,0.26297420263290405
2003-05-07,0.2652285695075989
2003-05-08,0.27048808336257935
2003-05-09,0.2749960720539093
2003-05-12,0.27890321612358093
2003-05-13,0.2805558443069458
2003-05-14,0.27875253558158875
2003-05-15,0.2814572751522064
2003-05-16,0.28250908851623535
2003-05-19,0.2719901204109192
2003-05-20,0.2673323154449463
2003-05-21,0.26823359727859497
2003-05-22,0.2740939259529114
2003-05-23,0.27529647946357727
2003-05-27,0.28371158242225647
2003-05-28,0.27469557523727417
2003-05-29,0.2719901204109192
2003-05-30,0.2697365880012512
2003-06-02,0.2622227072715759
2003-06-03,0.2601188123226166
2003-06-04,0.2644771337509155
2003-06-05,0.2650779187679291
2003-06-06,0.2577146589756012
2003-06-09,0.25230446457862854
2003-06-10,0.2581656277179718
2003-06-11,0.2622227072715759
2003-06-12,0.26703113317489624
2003-06-13,0.2617715895175934
2003-06-16,0.27454495429992676
2003-06-17,0.2733425498008728
2003-06-18,0.2873183786869049
2003-06-19,0.28761881589889526
2003-06-20,0.2885201573371887
2003-06-23,0.286416232585907
2003-06-24,0.2822086811065674
2003-06-25,0.2868673503398895
2003-06-26,0.289872407913208
2003-06-27,0.2814572751522064
2003-06-30,0.286416232585907
2003-07-01,0.2868673503398895
2003-07-02,0.2895719110965729
2003-07-03,0.28746816515922546
2003-07-07,0.29858794808387756
2003-07-08,0.3065529763698578
2003-07-09,0.29888927936553955
2003-07-10,0.294230580329895
2003-07-11,0.2982875108718872
2003-07-14,0.2990390956401825
2003-07-15,0.2946815490722656
2003-07-16,0.29858794808387756
2003-07-17,0.3140660226345062
2003-07-18,0.3134651184082031
2003-07-21,0.3097086548805237
2003-07-22,0.31256386637687683
2003-07-23,0.3124132454395294
2003-07-24,0.30820566415786743
2003-07-25,0.3236837089061737
2003-07-28,0.31541839241981506
2003-07-29,0.3113613426685333
2003-07-30,0.30474957823753357
2003-07-31,0.31677138805389404
2003-08-01,0.31151193380355835
2003-08-04,0.318724662065506
2003-08-05,0.3062525689601898
2003-08-06,0.294981986284256
2003-08-07,0.29949015378952026
2003-08-08,0.2951318621635437
2003-08-11,0.29543232917785645
2003-08-12,0.296034038066864
2003-08-13,0.30324655771255493
2003-08-14,0.3000909090042114
2003-08-15,0.2961837947368622
2003-08-18,0.30565088987350464
2003-08-19,0.3053504228591919
2003-08-20,0.3157196044921875
2003-08-21,0.3257875442504883
2003-08-22,0.3137654662132263
2003-08-25,0.3134651184082031
2003-08-26,0.31632038950920105
2003-08-27,0.32278168201446533
2003-08-28,0.3334512412548065
2003-08-29,0.33976253867149353
2003-09-02,0.34336936473846436
2003-09-03,0.3448714315891266
2003-09-04,0.343068927526474
2003-09-05,0.3381098806858063
2003-09-08,0.3417157232761383
2003-09-09,0.33615583181381226
2003-09-10,0.33330056071281433
2003-09-11,0.3390110731124878
2003-09-12,0.3471258282661438
2003-09-15,0.3337515890598297
2003-09-16,0.33600616455078125
2003-09-17,0.33239930868148804
2003-09-18,0.3438195288181305
2003-09-19,0.33931151032447815
2003-09-22,0.3317985534667969
2003-09-23,0.3370579481124878
2003-09-24,0.3203774392604828
2003-09-25,0.30700311064720154
2003-09-26,0.3109103739261627
2003-09-29,0.3200770318508148
2003-09-30,0.3113613426685333
2003-10-01,0.3124132454395294
2003-10-02,0.3091070055961609
2003-10-03,0.32593733072280884
2003-10-06,0.334954172372818
2003-10-07,0.3489292860031128
2003-10-08,0.3465249240398407
2003-10-09,0.35238537192344666
2003-10-10,0.3558414876461029
2003-10-13,0.36590927839279175
2003-10-14,0.36891525983810425
2003-10-15,0.3729723393917084
2003-10-16,0.3493802845478058
2003-10-17,0.3418663442134857
2003-10-20,0.3489292860031128
2003-10-21,0.3483284115791321
2003-10-22,0.34201696515083313
2003-10-23,0.34547311067581177
2003-10-24,0.3396119773387909
2003-10-27,0.3396119773387909
2003-10-28,0.35644224286079407
2003-10-29,0.3559921085834503
2003-10-30,0.34697526693344116
2003-10-31,0.34397026896476746
2003-11-03,0.34787729382514954
2003-11-04,0.34427061676979065
2003-11-05,0.3460739552974701
2003-11-06,0.34742623567581177
2003-11-07,0.3381098806858063
2003-11-10,0.32909294962882996
2003-11-11,0.3236837089061737
2003-11-12,0.3355550169944763
2003-11-13,0.33690741658210754
2003-11-14,0.322481244802475
2003-11-17,0.31752219796180725
2003-11-18,0.30670279264450073
2003-11-19,0.3068532943725586
2003-11-20,0.3062525689601898
2003-11-21,0.30474957823753357
2003-11-24,0.3178233802318573
2003-11-25,0.310760498046875
2003-11-26,0.3113613426685333
2003-11-28,0.31421658396720886
2003-12-01,0.3262386620044708
2003-12-02,0.3236837089061737
2003-12-03,0.3160199522972107
2003-12-04,0.3178233802318573
2003-12-05,0.31331443786621094
2003-12-08,0.31632038950920105
2003-12-09,0.3073044419288635
2003-12-10,0.3062525689601898
2003-12-11,0.318724662065506
2003-12-12,0.31391626596450806
2003-12-15,0.30309683084487915
2003-12-16,0.302345335483551
2003-12-17,0.29873862862586975
2003-12-18,0.3011428117752075
2003-12-19,0.296034038066864
2003-12-22,0.2982875108718872
2003-12-23,0.29768669605255127
2003-12-24,0.30670279264450073
2003-12-26,0.312262624502182
2003-12-29,0.3178233802318573
2003-12-30,0.31977659463882446
2003-12-31,0.32112881541252136
2004-01-02,0.31977659463882446
2004-01-05,0.3331507444381714
2004-01-06,0.33194825053215027
2004-01-07,0.3394621014595032
2004-01-08,0.3510330319404602
2004-01-09,0.3456228971481323
2004-01-12,0.35659295320510864
2004-01-13,0.36245331168174744
2004-01-14,0.3636556565761566
2004-01-15,0.34336936473846436
2004-01-16,0.3414153754711151
2004-01-20,0.3415659964084625
2004-01-21,0.33976253867149353
2004-01-22,0.33330056071281433
2004-01-23,0.3390110731124878
2004-01-26,0.3457735478878021
2004-01-27,0.34667477011680603
2004-01-28,0.338410347700119
2004-01-29,0.3408144414424896
2004-01-30,0.3390110731124878
2004-02-02,0.3354043960571289
2004-02-03,0.33450308442115784
2004-02-04,0.3274402320384979
2004-02-05,0.33690741658210754
2004-02-06,0.34126555919647217
2004-02-09,0.3406638503074646
2004-02-10,0.3453224003314972
2004-02-11,0.35764485597610474
2004-02-12,0.35659295320510864
2004-02-13,0.3456228971481323
2004-02-17,0.34802713990211487
2004-02-18,0.34953004121780396
2004-02-19,0.33765873312950134
2004-02-20,0.3366069197654724
2004-02-23,0.3334512412548065
2004-02-24,0.33600616455078125
2004-02-25,0.3427676856517792
2004-02-26,0.3462246358394623
2004-02-27,0.3594481647014618
2004-03-01,0.3609512150287628
2004-03-02,0.35779547691345215
2004-03-03,0.3594481647014618
2004-03-04,0.37808191776275635
2004-03-05,0.40182459354400635
2004-03-08,0.3907047510147095
2004-03-09,0.4072346091270447
2004-03-10,0.415950208902359
2004-03-11,0.40798521041870117
2004-03-12,0.4141468405723572
2004-03-15,0.3974663317203522
2004-03-16,0.3879992663860321
2004-03-17,0.39355993270874023
2004-03-18,0.3857455849647522
2004-03-19,0.38860079646110535
2004-03-22,0.38860079646110535
2004-03-23,0.3800351321697235
2004-03-24,0.38319075107574463
2004-03-25,0.4037776589393616
2004-03-26,0.4063325822353363
2004-03-29,0.4194064140319824
2004-03-30,0.4195561408996582
2004-03-31,0.4063325822353363
2004-04-01,0.40738430619239807
2004-04-02,0.41324472427368164
2004-04-05,0.42556706070899963
2004-04-06,0.4182039201259613
2004-04-07,0.41039034724235535
2004-04-08,0.41369572281837463
2004-04-12,0.42135947942733765
2004-04-13,0.40467971563339233
2004-04-14,0.40032148361206055
2004-04-15,0.44029343128204346
2004-04-16,0.43849045038223267
2004-04-19,0.4260181188583374
2004-04-20,0.4167015850543976
2004-04-21,0.4167015850543976
2004-04-22,0.41745230555534363
2004-04-23,0.4162505865097046
2004-04-26,0.407684862613678
2004-04-27,0.40482959151268005
2004-04-28,0.3974663317203522
2004-04-29,0.40227553248405457
2004-04-30,0.387398362159729
2004-05-03,0.391756534576416
2004-05-04,0.39280834794044495
2004-05-05,0.40047216415405273
2004-05-06,0.39942023158073425
2004-05-07,0.4007725119590759
2004-05-10,0.3949122726917267
2004-05-11,0.4078355133533478
2004-05-12,0.4102396070957184
2004-05-13,0.40858691930770874
2004-05-14,0.40663284063339233
2004-05-17,0.40032148361206055
2004-05-18,0.40663284063339233
2004-05-19,0.39776742458343506
2004-05-20,0.40137341618537903
2004-05-21,0.40738430619239807
2004-05-24,0.41084039211273193
2004-05-25,0.4269193112850189
2004-05-26,0.42842233180999756
2004-05-27,0.4233134984970093
2004-05-28,0.421659916639328
2004-06-01,0.421659916639328
2004-06-02,0.434583842754364
2004-06-03,0.42676952481269836
2004-06-04,0.4324800968170166
2004-06-07,0.447957307100296
2004-06-08,0.4560721814632416
2004-06-09,0.45381855964660645
2004-06-10,0.4619332551956177
2004-06-14,0.4526159465312958
2004-06-15,0.46118178963661194
2004-06-16,0.4919871687889099
2004-06-17,0.49303898215293884
2004-06-18,0.4945419728755951
2004-06-21,0.48582568764686584
2004-06-22,0.4958944618701935
2004-06-23,0.5064134001731873
2004-06-24,0.4985990822315216
2004-06-25,0.5064134001731873
2004-06-28,0.4882306158542633
2004-06-29,0.48838046193122864
2004-06-30,0.4889811873435974
2004-07-01,0.4853753447532654
2004-07-02,0.467041939496994
2004-07-06,0.4650888741016388
2004-07-07,0.4566737413406372
2004-07-08,0.45291629433631897
2004-07-09,0.4512634575366974
2004-07-12,0.4378894865512848
2004-07-13,0.4390919506549835
2004-07-14,0.4445011615753174
2004-07-15,0.49484238028526306
2004-07-16,0.4838723838329315
2004-07-19,0.48041632771492004
2004-07-20,0.4838723838329315
2004-07-21,0.4751567840576172
2004-07-22,0.47605806589126587
2004-07-23,0.4613316059112549
2004-07-26,0.4697469174861908
2004-07-27,0.48732876777648926
2004-07-28,0.4849242866039276
2004-07-29,0.4904841184616089
2004-07-30,0.48597607016563416
2004-08-02,0.4745561182498932
2004-08-03,0.47019755840301514
2004-08-04,0.4777117371559143
2004-08-05,0.4717007279396057
2004-08-06,0.4475070536136627
2004-08-09,0.45532047748565674
2004-08-10,0.47365376353263855
2004-08-11,0.4659903645515442
2004-08-12,0.45637255907058716
2004-08-13,0.46343517303466797
2004-08-16,0.46253398060798645
2004-08-17,0.4638863503932953
2004-08-18,0.47696036100387573
2004-08-19,0.4614822268486023
2004-08-20,0.46283435821533203
2004-08-23,0.467041939496994
2004-08-24,0.48011595010757446
2004-08-25,0.4966457486152649
2004-08-26,0.5208394527435303
2004-08-27,0.5161807537078857
2004-08-30,0.5127244591712952
2004-08-31,0.5182846784591675
2004-09-01,0.5388714671134949
2004-09-02,0.5358666777610779
2004-09-03,0.5294044613838196
2004-09-07,0.5373684763908386
2004-09-08,0.5462347269058228
2004-09-09,0.5364671945571899
2004-09-10,0.5390219688415527
2004-09-13,0.534814715385437
2004-09-14,0.5333116054534912
2004-09-15,0.5289534330368042
2004-09-16,0.5462347269058228
2004-09-17,0.5581058859825134
2004-09-20,0.5666718482971191
2004-09-21,0.5711797475814819
2004-09-22,0.554800808429718
2004-09-23,0.5600600242614746
2004-09-24,0.5603606104850769
2004-09-27,0.5639672875404358
2004-09-28,0.5716308951377869
2004-09-29,0.5812476277351379
2004-09-30,0.5822995901107788
2004-10-01,0.5810979008674622
2004-10-04,0.5829014778137207
2004-10-05,0.5916169881820679
2004-10-06,0.6107008457183838
2004-10-07,0.5953733921051025
2004-10-08,0.5869582891464233
2004-10-11,0.5798954963684082
2004-10-12,0.5753874182701111
2004-10-13,0.5973264575004578
2004-10-14,0.6759183406829834
2004-10-15,0.6837326884269714
2004-10-18,0.7175440788269043
2004-10-19,0.712584912776947
2004-10-20,0.713336706161499
2004-10-21,0.7203984260559082
2004-10-22,0.7124345302581787
2004-10-25,0.7145382165908813
2004-10-26,0.7208495140075684
2004-10-27,0.7558625340461731
2004-10-28,0.7842638492584229
2004-10-29,0.7874193787574768
2004-11-01,0.788171112537384
2004-11-02,0.8039495348930359
2004-11-03,0.8311488628387451
2004-11-04,0.8182250261306763
2004-11-05,0.822282612323761
2004-11-08,0.8171729445457458
2004-11-09,0.8122146725654602
2004-11-10,0.8227335810661316
2004-11-11,0.8309982419013977
2004-11-12,0.834003210067749
2004-11-15,0.8300969004631042
2004-11-16,0.8255879282951355
2004-11-17,0.8249873518943787
2004-11-18,0.8323506116867065
2004-11-19,0.8290450572967529
2004-11-22,0.921912670135498
2004-11-23,0.9207096099853516
2004-11-24,0.9624851942062378
2004-11-26,0.9699991345405579
2004-11-29,1.0284546613693237
2004-11-30,1.0075663328170776
2004-12-01,1.0186867713928223
2004-12-02,0.9799168109893799
2004-12-03,0.9418986439704895
2004-12-06,0.9884823560714722
2004-12-07,0.9450538754463196
2004-12-08,0.950914740562439
2004-12-09,0.9615838527679443
2004-12-10,0.9790149331092834
2004-12-13,0.9754086136817932
2004-12-14,0.9811192154884338
2004-12-15,0.9806680679321289
2004-12-16,1.0008047819137573
2004-12-17,0.9766112565994263
2004-12-20,0.9424993991851807
2004-12-21,0.9570750594139099
2004-12-22,0.9579777121543884
2004-12-23,0.9618842005729675
2004-12-27,0.94911128282547
2004-12-28,0.9644387364387512
2004-12-29,0.9683457016944885
2004-12-30,0.9737555980682373
2004-12-31,0.967744767665863
2005-01-03,0.9510650038719177
2005-01-04,0.9608326554298401
2005-01-05,0.9692478775978088
2005-01-06,0.9699991345405579
2005-01-07,1.040626049041748
2005-01-10,1.0362685918807983
2005-01-11,0.970149040222168
2005-01-12,0.9836738705635071
2005-01-13,1.0488914251327515
2005-01-14,1.0549015998840332
2005-01-18,1.061664342880249
2005-01-19,1.0500929355621338
2005-01-20,1.0588089227676392
2005-01-21,1.0592595338821411
2005-01-24,1.0633167028427124
2005-01-25,1.0827020406723022
2005-01-26,1.0857082605361938
2005-01-27,1.0915682315826416
2005-01-28,1.1117039918899536
2005-01-31,1.155583143234253
2005-02-01,1.165050745010376
2005-02-02,1.196607232093811
2005-02-03,1.169257402420044
2005-02-04,1.1847357749938965
2005-02-07,1.1862390041351318
2005-02-08,1.2156918048858643
2005-02-09,1.1832329034805298
2005-02-10,1.1775232553482056
2005-02-11,1.220350742340088
2005-02-14,1.2717427015304565
2005-02-15,1.3285452127456665
2005-02-16,1.3543918132781982
2005-02-17,1.3195292949676514
2005-02-18,1.3045023679733276
2005-02-22,1.2816613912582397
2005-02-23,1.325840711593628
2005-02-24,1.3363597393035889
2005-02-25,1.3372607231140137
2005-02-28,1.3482309579849243
2005-03-01,1.3374114036560059
2005-03-02,1.325990080833435
2005-03-03,1.2559648752212524
2005-03-04,1.2866199016571045
2005-03-07,1.2848162651062012
2005-03-08,1.218096137046814
2005-03-09,1.1826318502426147
2005-03-10,1.1970579624176025
2005-03-11,1.2102816104888916
2005-03-14,1.211784839630127
2005-03-15,1.2310190200805664
2005-03-16,1.23763108253479
2005-03-17,1.2697898149490356
2005-03-18,1.291128396987915
2005-03-21,1.3133676052093506
2005-03-22,1.2872211933135986
2005-03-23,1.2788057327270508
2005-03-24,1.277302622795105
2005-03-28,1.2782050371170044
2005-03-29,1.2547615766525269
2005-03-30,1.2863192558288574
2005-03-31,1.2523579597473145
2005-04-01,1.228915810585022
2005-04-04,1.234926700592041
2005-04-05,1.2589694261550903
2005-04-06,1.2721941471099854
2005-04-07,1.3091599941253662
2005-04-08,1.3145703077316284
2005-04-11,1.2598717212677002
2005-04-12,1.2821115255355835
2005-04-13,1.233423113822937
2005-04-14,1.1198186874389648
2005-04-15,1.0624154806137085
2005-04-18,1.0705302953720093
2005-04-19,1.1147100925445557
2005-04-20,1.0672236680984497
2005-04-21,1.1174147129058838
2005-04-22,1.0669234991073608
2005-04-25,1.1114037036895752
2005-04-26,1.0876613855361938
2005-04-27,1.0804485082626343
2005-04-28,1.0681265592575073
2005-04-29,1.0837538242340088
2005-05-02,1.0948736667633057
2005-05-03,1.088261604309082
2005-05-04,1.1165134906768799
2005-05-05,1.102387547492981
2005-05-06,1.119218111038208
2005-05-09,1.1111029386520386
2005-05-10,1.0945736169815063
2005-05-11,1.0702300071716309
2005-05-12,1.0257498025894165
2005-05-13,1.0449844598770142
2005-05-16,1.0684263706207275
2005-05-17,1.0627158880233765
2005-05-18,1.0771421194076538
2005-05-19,1.1285343170166016
2005-05-20,1.1285343170166016
2005-05-23,1.194954514503479
2005-05-24,1.1931508779525757
2005-05-25,1.195555567741394
2005-05-26,1.2244075536727905
2005-05-27,1.2189972400665283
2005-05-31,1.194954514503479
2005-06-01,1.2111841440200806
2005-06-02,1.2033697366714478
2005-06-03,1.1492717266082764
2005-06-06,1.1396554708480835
2005-06-07,1.098179817199707
2005-06-08,1.10960054397583
2005-06-09,1.1315399408340454
2005-06-10,1.0762406587600708
2005-06-13,1.0789453983306885
2005-06-14,1.0819505453109741
2005-06-15,1.115911841392517
2005-06-16,1.141458511352539
2005-06-17,1.1513758897781372
2005-06-20,1.1303375959396362
2005-06-21,1.1378519535064697
2005-06-22,1.158589243888855
2005-06-23,1.1688077449798584
2005-06-24,1.134845495223999
2005-06-27,1.115010142326355
2005-06-28,1.121321439743042
2005-06-29,1.0930711030960083
2005-06-30,1.1062952280044556
2005-07-01,1.0969774723052979
2005-07-05,1.141458511352539
2005-07-06,1.1237260103225708
2005-07-07,1.1309397220611572
2005-07-08,1.1495721340179443
2005-07-11,1.145063877105713
2005-07-12,1.1492717266082764
2005-07-13,1.1525778770446777
2005-07-14,1.2247085571289062
2005-07-15,1.2487521171569824
2005-07-18,1.2469482421875
2005-07-19,1.2980403900146484
2005-07-20,1.311264157295227
2005-07-21,1.3010454177856445
2005-07-22,1.3223847150802612
2005-07-25,1.3166742324829102
2005-07-26,1.311264157295227
2005-07-27,1.3220832347869873
2005-07-28,1.3163737058639526
2005-07-29,1.2818111181259155
2005-08-01,1.2848162651062012
2005-08-02,1.2980403900146484
2005-08-03,1.2989413738250732
2005-08-04,1.2836140394210815
2005-08-05,1.2920292615890503
2005-08-08,1.2818111181259155
2005-08-09,1.3169746398925781
2005-08-10,1.303750991821289
2005-08-11,1.3223847150802612
2005-08-12,1.3854985237121582
2005-08-15,1.432983160018921
2005-08-16,1.390006184577942
2005-08-17,1.4170554876327515
2005-08-18,1.3915084600448608
2005-08-19,1.3773837089538574
2005-08-22,1.378585696220398
2005-08-23,1.3746778964996338
2005-08-24,1.3755805492401123
2005-08-25,1.3842958211898804
2005-08-26,1.3746778964996338
2005-08-29,1.377684235572815
2005-08-30,1.399622917175293
2005-08-31,1.4092410802841187
2005-09-01,1.3903067111968994
2005-09-02,1.3891042470932007
2005-09-06,1.4666441679000854
2005-09-07,1.463037371635437
2005-09-08,1.4960969686508179
2005-09-09,1.5420807600021362
2005-09-12,1.5447847843170166
2005-09-13,1.5273535251617432
2005-09-14,1.4909886121749878
2005-09-15,1.4988023042678833
2005-09-16,1.5390751361846924
2005-09-19,1.5820523500442505
2005-09-20,1.5985825061798096
2005-09-21,1.5661238431930542
2005-09-22,1.5598121881484985
2005-09-23,1.5988825559616089
2005-09-26,1.618117332458496
2005-09-27,1.606095314025879
2005-09-28,1.535167932510376
2005-09-29,1.5730364322662354
2005-09-30,1.6112054586410522
2005-10-03,1.6361502408981323
2005-10-04,1.6154128313064575
2005-10-05,1.586260199546814
2005-10-06,1.5538015365600586
2005-10-07,1.5417803525924683
2005-10-10,1.5138299465179443
2005-10-11,1.5504953861236572
2005-10-12,1.4801691770553589
2005-10-13,1.6151119470596313
2005-10-14,1.6229251623153687
2005-10-17,1.606095314025879
2005-10-18,1.5691293478012085
2005-10-19,1.6511768102645874
2005-10-20,1.6872419118881226
2005-10-21,1.6728159189224243
2005-10-24,1.7067769765853882
2005-10-25,1.6860398054122925
2005-10-26,1.713990569114685
2005-10-27,1.6653028726577759
2005-10-28,1.6370517015457153
2005-10-31,1.7308212518692017
2005-11-01,1.7281150817871094
2005-11-02,1.8017480373382568
2005-11-03,1.8588513135910034
2005-11-04,1.8378139734268188
2005-11-07,1.8101633787155151
2005-11-08,1.8002468347549438
2005-11-09,1.8065574169158936
2005-11-10,1.8387149572372437
2005-11-11,1.849534511566162
2005-11-14,1.8468306064605713
2005-11-15,1.8717752695083618
2005-11-16,1.9520207643508911
2005-11-17,1.9390969276428223
2005-11-18,1.940298080444336
2005-11-21,1.9523202180862427
2005-11-22,1.999204397201538
2005-11-23,2.0169360637664795
2005-11-25,2.083958148956299
2005-11-28,2.093574047088623
2005-11-29,2.0466907024383545
2005-11-30,2.0382752418518066
2005-12-01,2.1518797874450684
2005-12-02,2.1828365325927734
2005-12-05,2.158491373062134
2005-12-06,2.225512742996216
2005-12-07,2.2225067615509033
2005-12-08,2.226414442062378
2005-12-09,2.2339274883270264
2005-12-12,2.251359224319458
2005-12-13,2.253462791442871
2005-12-14,2.1642019748687744
2005-12-15,2.1693108081817627
2005-12-16,2.137153148651123
2005-12-19,2.1452672481536865
2005-12-20,2.167207717895508
2005-12-21,2.2089829444885254
2005-12-22,2.2246110439300537
2005-12-23,2.2044742107391357
2005-12-27,2.230921745300293
2005-12-28,2.2110860347747803
2005-12-29,2.147371768951416
2005-12-30,2.1605961322784424
2006-01-03,2.246551036834717
2006-01-04,2.253161907196045
2006-01-05,2.23543119430542
2006-01-06,2.2931339740753174
2006-01-09,2.2856202125549316
2006-01-10,2.430182695388794
2006-01-11,2.521545886993408
2006-01-12,2.533267021179199
2006-01-13,2.572338104248047
2006-01-17,2.545889377593994
2006-01-18,2.479168176651001
2006-01-19,2.3754830360412598
2006-01-20,2.286823272705078
2006-01-23,2.3343088626861572
2006-01-24,2.285320281982422
2006-01-25,2.23002028465271
2006-01-26,2.1738195419311523
2006-01-27,2.1648027896881104
2006-01-30,2.254063129425049
2006-01-31,2.2693915367126465
2006-02-01,2.26668643951416
2006-02-02,2.166907548904419
2006-02-03,2.1593925952911377
2006-02-06,2.02264666557312
2006-02-07,2.031662940979004
2006-02-08,2.068028211593628
2006-02-09,1.9520207643508911
2006-02-10,2.0229477882385254
2006-02-13,1.9448060989379883
2006-02-14,2.0328640937805176
2006-02-15,2.0803518295288086
2006-02-16,2.1209239959716797
2006-02-17,2.112508773803711
2006-02-21,2.0761430263519287
2006-02-22,2.143465757369995
2006-02-23,2.156388521194458
2006-02-24,2.147672176361084
2006-02-27,2.133546829223633
2006-02-28,2.058411121368408
2006-03-01,2.0767438411712646
2006-03-02,2.092071056365967
2006-03-03,2.0352699756622314
2006-03-06,1.9679477214813232
2006-03-07,1.9928932189941406
2006-03-08,1.9733582735061646
2006-03-09,1.9213640689849854
2006-03-10,1.899124026298523
2006-03-13,1.9739587306976318
2006-03-14,2.0232484340667725
2006-03-15,1.9904884099960327
2006-03-16,1.9327845573425293
2006-03-17,1.9433045387268066
2006-03-20,1.9231668710708618
2006-03-21,1.8576486110687256
2006-03-22,1.853441834449768
2006-03-23,1.8080590963363647
2006-03-24,1.8020492792129517
2006-03-27,1.7885239124298096
2006-03-28,1.7644814252853394
2006-03-29,1.873276710510254
2006-03-30,1.8859004974365234
2006-03-31,1.8849987983703613
2006-04-03,1.8828948736190796
2006-04-04,1.8384146690368652
2006-04-05,2.019941568374634
2006-04-06,2.1410605907440186
2006-04-07,2.0974817276000977
2006-04-10,2.0638208389282227
2006-04-11,2.043384313583374
2006-04-12,2.0049142837524414
2006-04-13,1.99770188331604
2006-04-17,1.9478118419647217
2006-04-18,1.9901881217956543
2006-04-19,1.9730572700500488
2006-04-20,2.0325639247894287
2006-04-21,2.0148327350616455
2006-04-24,1.9760632514953613
2006-04-25,1.9886847734451294
2006-04-26,2.0481929779052734
2006-04-27,2.0845580101013184
2006-04-28,2.1155147552490234
2006-05-01,2.091771364212036
2006-05-02,2.152480363845825
2006-05-03,2.1380538940429688
2006-05-04,2.137753963470459
2006-05-05,2.1605961322784424
2006-05-08,2.1605961322784424
2006-05-09,2.134748935699463
2006-05-10,2.121825695037842
2006-05-11,2.0481929779052734
2006-05-12,2.0346689224243164
2006-05-15,2.0373728275299072
2006-05-16,1.9529207944869995
2006-05-17,1.9613361358642578
2006-05-18,1.8988240957260132
2006-05-19,1.938795566558838
2006-05-22,1.9048336744308472
2006-05-23,1.8979220390319824
2006-05-24,1.9036322832107544
2006-05-25,1.9333850145339966
2006-05-26,1.9099433422088623
2006-05-30,1.8399183750152588
2006-05-31,1.7963387966156006
2006-06-01,1.8684688806533813
2006-06-02,1.853141188621521
2006-06-05,1.8032506704330444
2006-06-06,1.7948358058929443
2006-06-07,1.7599736452102661
2006-06-08,1.826092004776001
2006-06-09,1.780409574508667
2006-06-12,1.7130883932113647
2006-06-13,1.7530605792999268
2006-06-14,1.7314215898513794
2006-06-15,1.7846167087554932
2006-06-16,1.7299188375473022
2006-06-19,1.7190991640090942
2006-06-20,1.7272142171859741
2006-06-21,1.7389355897903442
2006-06-22,1.79062819480896
2006-06-23,1.7680869102478027
2006-06-26,1.7728968858718872
2006-06-27,1.726011872291565
2006-06-28,1.6836353540420532
2006-06-29,1.7722952365875244
2006-06-30,1.7212032079696655
2006-07-03,1.7416400909423828
2006-07-05,1.7130883932113647
2006-07-06,1.6761224269866943
2006-07-07,1.665001630783081
2006-07-10,1.6529804468154907
2006-07-11,1.672515630722046
2006-07-12,1.5916693210601807
2006-07-13,1.5703308582305908
2006-07-14,1.5228455066680908
2006-07-17,1.5739375352859497
2006-07-18,1.5898669958114624
2006-07-19,1.6259316205978394
2006-07-20,1.8182777166366577
2006-07-21,1.8248896598815918
2006-07-24,1.8459281921386719
2006-07-25,1.8612558841705322
2006-07-26,1.919560194015503
2006-07-27,1.9054356813430786
2006-07-28,1.9712539911270142
2006-07-31,2.042482852935791
2006-08-01,2.019040584564209
2006-08-02,2.0484941005706787
2006-08-03,2.0914711952209473
2006-08-04,2.0527002811431885
2006-08-07,2.019941568374634
2006-08-08,1.9469105005264282
2006-08-09,1.9111446142196655
2006-08-10,1.925571322441101
2006-08-11,1.9129486083984375
2006-08-14,1.9216647148132324
2006-08-15,1.9971002340316772
2006-08-16,2.043084144592285
2006-08-17,2.031362295150757
2006-08-18,2.040980100631714
2006-08-21,2.0004074573516846
2006-08-22,2.032263994216919
2006-08-23,2.0229477882385254
2006-08-24,2.037975311279297
2006-08-25,2.066225290298462
2006-08-28,2.013028621673584
2006-08-29,1.998001217842102
2006-08-30,2.0124282836914062
2006-08-31,2.0391767024993896
2006-09-01,2.055104970932007
2006-09-05,2.148272752761841
2006-09-06,2.104694128036499
2006-09-07,2.1879448890686035
2006-09-08,2.1795291900634766
2006-09-11,2.1789286136627197
2006-09-12,2.1828365325927734
2006-09-13,2.23002028465271
2006-09-14,2.229119062423706
2006-09-15,2.227015972137451
2006-09-18,2.220703363418579
2006-09-19,2.217097043991089
2006-09-20,2.261878490447998
2006-09-21,2.243544340133667
2006-09-22,2.193955898284912
2006-09-25,2.2766036987304688
2006-09-26,2.332505702972412
2006-09-27,2.296441078186035
2006-09-28,2.314471960067749
2006-09-29,2.3135712146759033
2006-10-02,2.2498562335968018
2006-10-03,2.226414442062378
2006-10-04,2.2654850482940674
2006-10-05,2.248955011367798
2006-10-06,2.230621337890625
2006-10-09,2.2429425716400146
2006-10-10,2.2182998657226562
2006-10-11,2.2008676528930664
2006-10-12,2.261878490447998
2006-10-13,2.2546658515930176
2006-10-16,2.2660858631134033
2006-10-17,2.2327258586883545
2006-10-18,2.239938974380493
2006-10-19,2.3739800453186035
2006-10-20,2.40283203125
2006-10-23,2.448214292526245
2006-10-24,2.4358913898468018
2006-10-25,2.4548256397247314
2006-10-26,2.4701528549194336
2006-10-27,2.4166572093963623
2006-10-30,2.416957139968872
2006-10-31,2.436793088912964
2006-11-01,2.3790886402130127
2006-11-02,2.3736793994903564
2006-11-03,2.3529419898986816
2006-11-06,2.3956193923950195
2006-11-07,2.4196627140045166
2006-11-08,2.4779670238494873
2006-11-09,2.5047168731689453
2006-11-10,2.498103380203247
2006-11-13,2.5350701808929443
2006-11-14,2.55460524559021
2006-11-15,2.5260541439056396
2006-11-16,2.5729377269744873
2006-11-17,2.5801517963409424
2006-11-20,2.598784923553467
2006-11-21,2.662801504135132
2006-11-22,2.714193820953369
2006-11-24,2.7538654804229736
2006-11-27,2.6910510063171387
2006-11-28,2.75927472114563
2006-11-29,2.7589735984802246
2006-11-30,2.7547664642333984
2006-12-01,2.7445485591888428
2006-12-04,2.7385380268096924
2006-12-05,2.7430450916290283
2006-12-06,2.699768543243408
2006-12-07,2.6159164905548096
2006-12-08,2.652583122253418
2006-12-11,2.6673099994659424
2006-12-12,2.5888679027557373
2006-12-13,2.6763253211975098
2006-12-14,2.6612982749938965
2006-12-15,2.6363532543182373
2006-12-18,2.5687313079833984
2006-12-19,2.5939769744873047
2006-12-20,2.547393798828125
2006-12-21,2.491492509841919
2006-12-22,2.4704537391662598
2006-12-26,2.449716567993164
2006-12-27,2.4500179290771484
2006-12-28,2.4304821491241455
2006-12-29,2.549797296524048
2007-01-03,2.518540859222412
2007-01-04,2.5744423866271973
2007-01-05,2.5561089515686035
2007-01-08,2.5687313079833984
2007-01-09,2.7821152210235596
2007-01-10,2.9152560234069824
2007-01-11,2.8791918754577637
2007-01-12,2.8437273502349854
2007-01-16,2.9182610511779785
2007-01-17,2.853645086288452
2007-01-18,2.6769256591796875
2007-01-19,2.6597957611083984
2007-01-22,2.608402729034424
2007-01-23,2.575643301010132
2007-01-24,2.605698585510254
2007-01-25,2.5921730995178223
2007-01-26,2.5660271644592285
2007-01-29,2.582857370376587
2007-01-30,2.5711350440979004
2007-01-31,2.5765457153320312
2007-02-01,2.5467920303344727
2007-02-02,2.5470917224884033
2007-02-05,2.5227484703063965
2007-02-06,2.5290586948394775
2007-02-07,2.5891683101654053
2007-02-08,2.590069532394409
2007-02-09,2.502612829208374
2007-02-12,2.550999879837036
2007-02-13,2.545588970184326
2007-02-14,2.5636229515075684
2007-02-15,2.5609164237976074
2007-02-16,2.549496650695801
2007-02-20,2.5816545486450195
2007-02-21,2.680833339691162
2007-02-22,2.6901497840881348
2007-02-23,2.6769256591796875
2007-02-26,2.660095691680908
2007-02-27,2.5224475860595703
2007-02-28,2.5428850650787354
2007-03-01,2.6165175437927246
2007-03-02,2.566927194595337
2007-03-05,2.5942776203155518
2007-03-06,2.650479316711426
2007-03-07,2.6363532543182373
2007-03-08,2.644768476486206
2007-03-09,2.6438677310943604
2007-03-12,2.70097017288208
2007-03-13,2.6567912101745605
2007-03-14,2.7048773765563965
2007-03-15,2.691953182220459
2007-03-16,2.692554473876953
2007-03-19,2.738837957382202
2007-03-20,2.749356746673584
2007-03-21,2.821185827255249
2007-03-22,2.8238911628723145
2007-03-23,2.8106672763824463
2007-03-26,2.8806939125061035
2007-03-27,2.86897349357605
2007-03-28,2.8022525310516357
2007-03-29,2.8175785541534424
2007-03-30,2.7923333644866943
2007-04-02,2.8145751953125
2007-04-03,2.840120553970337
2007-04-04,2.833207845687866
2007-04-05,2.8455305099487305
2007-04-09,2.8145751953125
2007-04-10,2.832606554031372
2007-04-11,2.782717704772949
2007-04-12,2.770695686340332
2007-04-13,2.7120895385742188
2007-04-16,2.7478537559509277
2007-04-17,2.715395450592041
2007-04-18,2.716898202896118
2007-04-19,2.712991952896118
2007-04-20,2.734029769897461
2007-04-23,2.8103671073913574
2007-04-24,2.8022525310516357
2007-04-25,2.8656671047210693
2007-04-26,2.9705560207366943
2007-04-27,3.0030133724212646
2007-04-30,2.99940824508667
2007-05-01,2.989489793777466
2007-05-02,3.017139434814453
2007-05-03,3.0174403190612793
2007-05-04,3.0297622680664062
2007-05-07,3.123232126235962
2007-05-08,3.1574926376342773
2007-05-09,3.212191343307495
2007-05-10,3.226015329360962
2007-05-11,3.268092393875122
2007-05-14,3.2867252826690674
2007-05-15,3.2314257621765137
2007-05-16,3.226015329360962
2007-05-17,3.2891297340393066
2007-05-18,3.3065614700317383
2007-05-21,3.3654682636260986
2007-05-22,3.4123520851135254
2007-05-23,3.3928170204162598
2007-05-24,3.32669734954834
2007-05-25,3.4147565364837646
2007-05-29,3.4366962909698486
2007-05-30,3.569535255432129
2007-05-31,3.6422667503356934
2007-06-01,3.558415412902832
2007-06-04,3.6464743614196777
2007-06-05,3.6867473125457764
2007-06-06,3.7158989906311035
2007-06-07,3.7288222312927246
2007-06-08,3.741446018218994
2007-06-11,3.6122117042541504
2007-06-12,3.617922782897949
2007-06-13,3.5313665866851807
2007-06-14,3.5689332485198975
2007-06-15,3.6215310096740723
2007-06-18,3.7594780921936035
2007-06-19,3.716501235961914
2007-06-20,3.653085947036743
2007-06-21,3.7237131595611572
2007-06-22,3.6966652870178223
2007-06-25,3.6768293380737305
2007-06-26,3.5959839820861816
2007-06-27,3.663304567337036
2007-06-28,3.6233317852020264
2007-06-29,3.6678123474121094
2007-07-02,3.64436936378479
2007-07-03,3.8219926357269287
2007-07-05,3.9896931648254395
2007-07-06,3.9761691093444824
2007-07-09,3.9169631004333496
2007-07-10,3.9776718616485596
2007-07-11,3.9788730144500732
2007-07-12,4.029365062713623
2007-07-13,4.139364719390869
2007-07-16,4.150482654571533
2007-07-17,4.17482852935791
2007-07-18,4.151083946228027
2007-07-19,4.207587242126465
2007-07-20,4.320291042327881
2007-07-23,4.318786144256592
2007-07-24,4.054009437561035
2007-07-25,4.125237464904785
2007-07-26,4.387911796569824
2007-07-27,4.323294639587402
2007-07-30,4.250565052032471
2007-07-31,3.95993971824646
2007-08-01,4.057314395904541
2007-08-02,4.102094650268555
2007-08-03,3.962646007537842
2007-08-06,4.064829349517822
2007-08-07,4.058216571807861
2007-08-08,4.027561187744141
2007-08-09,3.7985498905181885
2007-08-10,3.756774425506592
2007-08-13,3.840625762939453
2007-08-14,3.727620840072632
2007-08-15,3.603496551513672
2007-08-16,3.5178427696228027
2007-08-17,3.6684138774871826
2007-08-20,3.673222303390503
2007-08-21,3.8340117931365967
2007-08-22,3.982480049133301
2007-08-23,3.939202308654785
2007-08-24,4.066331386566162
2007-08-27,3.9746665954589844
2007-08-28,3.811471700668335
2007-08-29,4.029664516448975
2007-08-30,4.094882965087891
2007-08-31,4.16190242767334
2007-09-04,4.332610607147217
2007-09-05,4.110209941864014
2007-09-06,4.057615280151367
2007-09-07,3.9602394104003906
2007-09-10,4.108707427978516
2007-09-11,4.072043418884277
2007-09-12,4.112916946411133
2007-09-13,4.123434543609619
2007-09-14,4.1718220710754395
2007-09-17,4.159798622131348
2007-09-18,4.235236644744873
2007-09-19,4.23072624206543
2007-09-20,4.216900825500488
2007-09-21,4.332311153411865
2007-09-24,4.456435680389404
2007-09-25,4.603700637817383
2007-09-26,4.5913777351379395
2007-09-27,4.643372535705566
2007-09-28,4.6124162673950195
2007-10-01,4.698670864105225
2007-10-02,4.762084007263184
2007-10-03,4.746155738830566
2007-10-04,4.695666313171387
2007-10-05,4.852250099182129
2007-10-08,5.046398639678955
2007-10-09,5.044895172119141
2007-10-10,5.01273775100708
2007-10-11,4.875690937042236
2007-10-12,5.026562690734863
2007-10-15,5.0184478759765625
2007-10-16,5.096588611602783
2007-10-17,5.191862106323242
2007-10-18,5.2144012451171875
2007-10-19,5.121833801269531
2007-10-22,5.24024772644043
2007-10-23,5.594886779785156
2007-10-24,5.58797550201416
2007-10-25,5.493304252624512
2007-10-26,5.551008224487305
2007-10-29,5.5627288818359375
2007-10-30,5.620131969451904
2007-10-31,5.708792209625244
2007-11-01,5.633355140686035
2007-11-02,5.646280288696289
2007-11-05,5.595487594604492
2007-11-06,5.76409387588501
2007-11-07,5.599094390869141
2007-11-08,5.273609161376953
2007-11-09,4.9700608253479
2007-11-12,4.621131420135498
2007-11-13,5.108009338378906
2007-11-14,4.9923014640808105
2007-11-15,4.937902450561523
2007-11-16,5.000716209411621
2007-11-19,4.9273834228515625
2007-11-20,5.074647903442383
2007-11-21,5.062926769256592
2007-11-23,5.155495643615723
2007-11-26,5.185549736022949
2007-11-27,5.253772258758545
2007-11-28,5.416365146636963
2007-11-29,5.538686752319336
2007-11-30,5.476473331451416
2007-12-03,5.375490665435791
2007-12-04,5.404042720794678
2007-12-05,5.5750508308410645
2007-12-06,5.708792209625244
2007-12-07,5.839529037475586
2007-12-10,5.836823463439941
2007-12-11,5.666415214538574
2007-12-12,5.736141681671143
2007-12-13,5.765294551849365
2007-12-14,5.722017288208008
2007-12-17,5.541993141174316
2007-12-18,5.499316215515137
2007-12-19,5.503524303436279
2007-12-20,5.626442909240723
2007-12-21,5.8278069496154785
2007-12-24,5.974773406982422
2007-12-26,5.979281425476074
2007-12-27,5.967859745025635
2007-12-28,6.0057268142700195
2007-12-31,5.953133583068848
2008-01-02,5.855757236480713
2008-01-03,5.858462810516357
2008-01-04,5.4112548828125
2008-01-07,5.338825702667236
2008-01-08,5.1467790603637695
2008-01-09,5.391722679138184
2008-01-10,5.350246906280518
2008-01-11,5.190056800842285
2008-01-14,5.3730878829956055
2008-01-15,5.080361366271973
2008-01-16,4.7978515625
2008-01-17,4.835417747497559
2008-01-18,4.849543571472168
2008-01-22,4.677633285522461
2008-01-23,4.179636001586914
2008-01-24,4.075346946716309
2008-01-25,3.9073448181152344
2008-01-28,3.9073448181152344
2008-01-29,3.9533281326293945
2008-01-30,3.9725615978240967
2008-01-31,4.0681352615356445
2008-02-01,4.019747257232666
2008-02-04,3.9566335678100586
2008-02-05,3.8878085613250732
2008-02-06,3.6666102409362793
2008-02-07,3.643770217895508
2008-02-08,3.771200656890869
2008-02-11,3.890514612197876
2008-02-12,3.7525651454925537
2008-02-13,3.889011859893799
2008-02-14,3.830707311630249
2008-02-15,3.7456531524658203
2008-02-19,3.6720192432403564
2008-02-20,3.7213077545166016
2008-02-21,3.652785301208496
2008-02-22,3.590273857116699
2008-02-25,3.5986897945404053
2008-02-26,3.580955982208252
2008-02-27,3.6954641342163086
2008-02-28,3.904340982437134
2008-02-29,3.7573745250701904
2008-03-03,3.658496141433716
2008-03-04,3.745351791381836
2008-03-05,3.741446018218994
2008-03-06,3.6344549655914307
2008-03-07,3.674124002456665
2008-03-10,3.5971851348876953
2008-03-11,3.8274004459381104
2008-03-12,3.7877285480499268
2008-03-13,3.8451318740844727
2008-03-14,3.805161237716675
2008-03-17,3.808767557144165
2008-03-18,3.9917960166931152
2008-03-19,3.8971266746520996
2008-03-20,4.005321502685547
2008-03-24,4.193460941314697
2008-03-25,4.2370381355285645
2008-03-26,4.359658718109131
2008-03-27,4.215099811553955
2008-03-28,4.29804801940918
2008-03-31,4.312777042388916
2008-04-01,4.4940032958984375
2008-04-02,4.432693004608154
2008-04-03,4.556515693664551
2008-04-04,4.6006951332092285
2008-04-07,4.685147762298584
2008-04-08,4.593481540679932
2008-04-09,4.5514068603515625
2008-04-10,4.644874095916748
2008-04-11,4.4221720695495605
2008-04-14,4.441405773162842
2008-04-15,4.459439754486084
2008-04-16,4.619328022003174
2008-04-17,4.643073081970215
2008-04-18,4.839926242828369
2008-04-21,5.0539116859436035
2008-04-22,4.814681053161621
2008-04-23,4.895527362823486
2008-04-24,5.077353000640869
2008-04-25,5.10109806060791
2008-04-28,5.17653226852417
2008-04-29,5.260984420776367
2008-04-30,5.2279253005981445
2008-05-01,5.409754276275635
2008-05-02,5.438004016876221
2008-05-05,5.551909923553467
2008-05-06,5.609914779663086
2008-05-07,5.4875946044921875
2008-05-08,5.561829090118408
2008-05-09,5.513441562652588
2008-05-12,5.654997825622559
2008-05-13,5.7090935707092285
2008-05-14,5.597892761230469
2008-05-15,5.702181816101074
2008-05-16,5.638767242431641
2008-05-19,5.517948150634766
2008-05-20,5.587072849273682
2008-05-21,5.3553571701049805
2008-05-22,5.321094512939453
2008-05-23,5.444917678833008
2008-05-27,5.603002071380615
2008-05-28,5.620432376861572
2008-05-29,5.61081600189209
2008-05-30,5.672728061676025
2008-06-02,5.593085289001465
2008-06-03,5.571146011352539
2008-06-04,5.565734386444092
2008-06-05,5.693165302276611
2008-06-06,5.57926082611084
2008-06-09,5.458140850067139
2008-06-10,5.57926082611084
2008-06-11,5.434095859527588
2008-06-12,5.207189083099365
2008-06-13,5.180439472198486
2008-06-16,5.314783096313477
2008-06-17,5.452731132507324
2008-06-18,5.372186660766602
2008-06-19,5.436801910400391
2008-06-20,5.267596244812012
2008-06-23,5.204183578491211
2008-06-24,5.206888198852539
2008-06-25,5.3313117027282715
2008-06-26,5.056916236877441
2008-06-27,5.11191463470459
2008-06-30,5.0322723388671875
2008-07-01,5.249863624572754
2008-07-02,5.054512977600098
2008-07-03,5.112818241119385
2008-07-07,5.264290809631348
2008-07-08,5.3962297439575195
2008-07-09,5.236942291259766
2008-07-10,5.308469772338867
2008-07-11,5.1867523193359375
2008-07-14,5.225821495056152
2008-07-15,5.098390579223633
2008-07-16,5.193662643432617
2008-07-17,5.163609981536865
2008-07-18,4.963447570800781
2008-07-21,4.997711181640625
2008-07-22,4.86937952041626
2008-07-23,4.9968109130859375
2008-07-24,4.779516220092773
2008-07-25,4.872384548187256
2008-07-28,4.640368461608887
2008-07-29,4.720912456512451
2008-07-30,4.805062770843506
2008-07-31,4.77711296081543
2008-08-01,4.708288192749023
2008-08-04,4.605203151702881
2008-08-05,4.82790470123291
2008-08-06,4.934596538543701
2008-08-07,4.915963649749756
2008-08-08,5.095686435699463
2008-08-11,5.2162041664123535
2008-08-12,5.311476707458496
2008-08-13,5.388714790344238
2008-08-14,5.389317035675049
2008-08-15,5.2817206382751465
2008-08-18,5.271206378936768
2008-08-19,5.215303897857666
2008-08-20,5.284729957580566
2008-08-21,5.238145351409912
2008-08-22,5.3132829666137695
2008-08-25,5.185850620269775
2008-08-26,5.218610763549805
2008-08-27,5.249566078186035
2008-08-28,5.221614360809326
2008-08-29,5.095086574554443
2008-09-02,4.994707107543945
2008-09-03,5.017846584320068
2008-09-04,4.845335483551025
2008-09-05,4.814079761505127
2008-09-08,4.746155738830566
2008-09-09,4.558620929718018
2008-09-10,4.556515693664551
2008-09-11,4.587772846221924
2008-09-12,4.47627067565918
2008-09-15,4.2184038162231445
2008-09-16,4.203978538513184
2008-09-17,3.841827392578125
2008-09-18,4.029966354370117
2008-09-19,4.234935283660889
2008-09-22,3.938600540161133
2008-09-23,3.8120737075805664
2008-09-24,3.8682751655578613
2008-09-25,3.965047597885132
2008-09-26,3.8541481494903564
2008-09-29,3.163503646850586
2008-09-30,3.415959358215332
2008-10-01,3.279512405395508
2008-10-02,3.008424758911133
2008-10-03,2.917360305786133
2008-10-06,2.9495177268981934
2008-10-07,2.6796317100524902
2008-10-08,2.6985669136047363
2008-10-09,2.6670079231262207
2008-10-10,2.9092447757720947
2008-10-13,3.313774824142456
2008-10-14,3.1280393600463867
2008-10-15,2.943807601928711
2008-10-16,3.0622220039367676
2008-10-17,2.927276611328125
2008-10-20,2.9585342407226562
2008-10-21,2.7496581077575684
2008-10-22,2.911349296569824
2008-10-23,2.9522221088409424
2008-10-24,2.896623134613037
2008-10-27,2.767690896987915
2008-10-28,3.002713680267334
2008-10-29,3.142165184020996
2008-10-30,3.337216377258301
2008-10-31,3.2335290908813477
2008-11-03,3.214596748352051
2008-11-04,3.3357150554656982
2008-11-05,3.104597568511963
2008-11-06,2.978370428085327
2008-11-07,2.9525227546691895
2008-11-10,2.8815951347351074
2008-11-11,2.848235845565796
2008-11-12,2.7084834575653076
2008-11-13,2.898425817489624
2008-11-14,2.7120895385742188
2008-11-17,2.6489758491516113
2008-11-18,2.702171802520752
2008-11-19,2.593376636505127
2008-11-20,2.4190611839294434
2008-11-21,2.4818758964538574
2008-11-24,2.793536424636841
2008-11-25,2.728919267654419
2008-11-26,2.8551478385925293
2008-11-28,2.7851216793060303
2008-12-01,2.6727187633514404
2008-12-02,2.7791101932525635
2008-12-03,2.8821964263916016
2008-12-04,2.747253656387329
2008-12-05,2.825094223022461
2008-12-08,2.9970037937164307
2008-12-09,3.0072216987609863
2008-12-10,2.9516215324401855
2008-12-11,2.8551478385925293
2008-12-12,2.953425407409668
2008-12-15,2.847635269165039
2008-12-16,2.868070602416992
2008-12-17,2.6796317100524902
2008-12-18,2.6877458095550537
2008-12-19,2.7048773765563965
2008-12-22,2.576845407485962
2008-12-23,2.596080780029297
2008-12-24,2.5558085441589355
2008-12-26,2.5789499282836914
2008-12-29,2.6029934883117676
2008-12-30,2.593376636505127
2008-12-31,2.56512451171875
2009-01-02,2.727416753768921
2009-01-05,2.842524290084839
2009-01-06,2.795640468597412
2009-01-07,2.7352311611175537
2009-01-08,2.7860231399536133
2009-01-09,2.72230863571167
2009-01-12,2.664605140686035
2009-01-13,2.6360526084899902
2009-01-14,2.5645244121551514
2009-01-15,2.505918264389038
2009-01-16,2.4743611812591553
2009-01-20,2.35023832321167
2009-01-21,2.4893879890441895
2009-01-22,2.6555871963500977
2009-01-23,2.6555871963500977
2009-01-26,2.6940574645996094
2009-01-27,2.726816177368164
2009-01-28,2.8311045169830322
2009-01-29,2.7950406074523926
2009-01-30,2.708784341812134
2009-02-02,2.750258445739746
2009-02-03,2.794438123703003
2009-02-04,2.8115687370300293
2009-02-05,2.899026393890381
2009-02-06,2.9970037937164307
2009-02-09,3.080855369567871
2009-02-10,2.9402005672454834
2009-02-11,2.909846544265747
2009-02-12,2.9834794998168945
2009-02-13,2.980173110961914
2009-02-17,2.8410210609436035
2009-02-18,2.8362131118774414
2009-02-19,2.724111795425415
2009-02-20,2.7409417629241943
2009-02-23,2.613211154937744
2009-02-24,2.712390661239624
2009-02-25,2.739739179611206
2009-02-26,2.680532693862915
2009-02-27,2.6841390132904053
2009-03-02,2.6429641246795654
2009-03-03,2.655888080596924
2009-03-04,2.740039587020874
2009-03-05,2.670013666152954
2009-03-06,2.5636229515075684
2009-03-09,2.4978036880493164
2009-03-10,2.6637022495269775
2009-03-11,2.7854223251342773
2009-03-12,2.8957207202911377
2009-03-13,2.8830978870391846
2009-03-16,2.8677709102630615
2009-03-17,2.9952003955841064
2009-03-18,3.051100969314575
2009-03-19,3.0541067123413086
2009-03-20,3.0532047748565674
2009-03-23,3.2356343269348145
2009-03-24,3.2007715702056885
2009-03-25,3.200469970703125
2009-03-26,3.3020541667938232
2009-03-27,3.211289405822754
2009-03-30,3.140361785888672
2009-03-31,3.1592962741851807
2009-04-01,3.2665903568267822
2009-04-02,3.387406587600708
2009-04-03,3.4859840869903564
2009-04-06,3.559917449951172
2009-04-07,3.456231117248535
2009-04-08,3.495903253555298
2009-04-09,3.5935797691345215
2009-04-13,3.6131138801574707
2009-04-14,3.555710554122925
2009-04-15,3.5355753898620605
2009-04-16,3.650081157684326
2009-04-17,3.709287643432617
2009-04-20,3.6215310096740723
2009-04-21,3.659398317337036
2009-04-22,3.6518828868865967
2009-04-23,3.7687954902648926
2009-04-24,3.7237131595611572
2009-04-27,3.748657703399658
2009-04-28,3.7237131595611572
2009-04-29,3.760981798171997
2009-04-30,3.7817187309265137
2009-05-01,3.8240952491760254
2009-05-04,3.96925687789917
2009-05-05,3.9884908199310303
2009-05-06,3.982180595397949
2009-05-07,3.8787941932678223
2009-05-08,3.8827013969421387
2009-05-11,3.894120693206787
2009-05-12,3.7393429279327393
2009-05-13,3.5911755561828613
2009-05-14,3.695162296295166
2009-05-15,3.679234504699707
2009-05-18,3.8063626289367676
2009-05-19,3.83040714263916
2009-05-20,3.7829205989837646
2009-05-21,3.732128381729126
2009-05-22,3.681636333465576
2009-05-26,3.930485725402832
2009-05-27,3.9987096786499023
2009-05-28,4.059420585632324
2009-05-29,4.081658363342285
2009-06-01,4.188051223754883
2009-06-02,4.192260265350342
2009-06-03,4.236137866973877
2009-06-04,4.31998872756958
2009-06-05,4.347939491271973
2009-06-08,4.323294639587402
2009-06-09,4.289332866668701
2009-06-10,4.215099811553955
2009-06-11,4.206082344055176
2009-06-12,4.116522312164307
2009-06-15,4.09007453918457
2009-06-16,4.097888946533203
2009-06-17,4.074746131896973
2009-06-18,4.083763122558594
2009-06-19,4.191957950592041
2009-06-22,4.128541946411133
2009-06-23,4.027561187744141
2009-06-24,4.0939812660217285
2009-06-25,4.203378200531006
2009-06-26,4.280919075012207
2009-06-29,4.266792297363281
2009-06-30,4.280616760253906
2009-07-01,4.292636871337891
2009-07-02,4.208187103271484
2009-07-06,4.165811061859131
2009-07-07,4.069337844848633
2009-07-08,4.124034881591797
2009-07-09,4.098189353942871
2009-07-10,4.1631059646606445
2009-07-13,4.277912139892578
2009-07-14,4.2758073806762695
2009-07-15,4.414358139038086
2009-07-16,4.433592796325684
2009-07-17,4.560723304748535
2009-07-20,4.595584869384766
2009-07-21,4.553509712219238
2009-07-22,4.710692882537842
2009-07-23,4.743152141571045
2009-07-24,4.808370590209961
2009-07-27,4.811675548553467
2009-07-28,4.808670520782471
2009-07-29,4.809569835662842
2009-07-30,4.89252233505249
2009-07-31,4.910554885864258
2009-08-03,5.001919746398926
2009-08-04,4.975470542907715
2009-08-05,4.962247371673584
2009-08-06,4.926180839538574
2009-08-07,4.974268436431885
2009-08-10,4.950524806976318
2009-08-11,4.893722057342529
2009-08-12,4.968257904052734
2009-08-13,5.061726093292236
2009-08-14,5.012438774108887
2009-08-17,4.796347618103027
2009-08-18,4.928887844085693
2009-08-19,4.9469194412231445
2009-08-20,4.998912334442139
2009-08-21,5.085769176483154
2009-08-24,5.080959320068359
2009-08-25,5.091177940368652
2009-08-26,5.031373500823975
2009-08-27,5.092682361602783
2009-08-28,5.110714435577393
2009-08-31,5.055415630340576
2009-09-01,4.967957973480225
2009-09-02,4.964351654052734
2009-09-03,5.005522727966309
2009-09-04,5.118529796600342
2009-09-08,5.197270393371582
2009-09-09,5.143472671508789
2009-09-10,5.186151504516602
2009-09-11,5.17412805557251
2009-09-14,5.221014022827148
2009-09-15,5.264290809631348
2009-09-16,5.465954780578613
2009-09-17,5.546497821807861
2009-09-18,5.560625076293945
2009-09-21,5.530570030212402
2009-09-22,5.544394493103027
2009-09-23,5.5750508308410645
2009-09-24,5.524560451507568
2009-09-25,5.480981826782227
2009-09-28,5.594586372375488
2009-09-29,5.571445465087891
2009-09-30,5.570544242858887
2009-10-01,5.435601234436035
2009-10-02,5.557018280029297
2009-10-05,5.5906805992126465
2009-10-06,5.710595607757568
2009-10-07,5.717809200286865
2009-10-08,5.688356399536133
2009-10-09,5.724421501159668
2009-10-12,5.7346391677856445
2009-10-13,5.710895538330078
2009-10-14,5.74906587600708
2009-10-15,5.7271246910095215
2009-10-16,5.651689529418945
2009-10-19,5.706085681915283
2009-10-20,5.973569869995117
2009-10-21,6.158703327178955
2009-10-22,6.167120456695557
2009-10-23,6.129251003265381
2009-10-26,6.0853729248046875
2009-10-27,5.931794166564941
2009-10-28,5.782426834106445
2009-10-29,5.901138782501221
2009-10-30,5.6652140617370605
2009-11-02,5.689558029174805
2009-11-03,5.672728061676025
2009-11-04,5.7346391677856445
2009-11-05,5.831414222717285
2009-11-06,5.840731143951416
2009-11-09,6.054717063903809
2009-11-10,6.10039758682251
2009-11-11,6.108513832092285
2009-11-12,6.070643901824951
2009-11-13,6.1445794105529785
2009-11-16,6.2100958824157715
2009-11-17,6.221218109130859
2009-11-18,6.189960479736328
2009-11-19,6.02616548538208
2009-11-20,6.008432865142822
2009-11-23,6.187553882598877
2009-11-24,6.144279956817627
2009-11-25,6.136764049530029
2009-11-27,6.028568744659424
2009-11-30,6.008131504058838
2009-12-01,5.919772624969482
2009-12-02,5.897533416748047
2009-12-03,5.905046463012695
2009-12-04,5.8100762367248535
2009-12-07,5.678737640380859
2009-12-08,5.706387042999268
2009-12-09,5.944717884063721
2009-12-10,5.903543949127197
2009-12-11,5.850646495819092
2009-12-14,5.920073509216309
2009-12-15,5.8356218338012695
2009-12-16,5.8614678382873535
2009-12-17,5.7661967277526855
2009-12-18,5.8734893798828125
2009-12-21,5.9576416015625
2009-12-22,6.0216569900512695
2009-12-23,6.073951244354248
2009-12-24,6.28252649307251
2009-12-28,6.359767913818359
2009-12-29,6.284329414367676
2009-12-30,6.3606672286987305
2009-12-31,6.333317756652832
2010-01-04,6.4318976402282715
2010-01-05,6.443014621734619
2010-01-06,6.340530872344971
2010-01-07,6.328810214996338
2010-01-08,6.37088680267334
2010-01-11,6.3146843910217285
2010-01-12,6.24285364151001
2010-01-13,6.33091402053833
2010-01-14,6.294248580932617
2010-01-15,6.189058303833008
2010-01-19,6.462851524353027
2010-01-20,6.363373279571533
2010-01-21,6.2533745765686035
2010-01-22,5.943214416503906
2010-01-25,6.103105545043945
2010-01-26,6.189359664916992
2010-01-27,6.247664928436279
2010-01-28,5.989498138427734
2010-01-29,5.772208213806152
2010-02-01,5.852450370788574
2010-02-02,5.886414051055908
2010-02-03,5.98769474029541
2010-02-04,5.771906852722168
2010-02-05,5.874391078948975
2010-02-08,5.834117889404297
2010-02-09,5.8963303565979
2010-02-10,5.864171981811523
2010-02-11,5.970864295959473
2010-02-12,6.0222578048706055
2010-02-16,6.1130218505859375
2010-02-17,6.087475776672363
2010-02-18,6.0988945960998535
2010-02-19,6.06102991104126
2010-02-22,6.023460865020752
2010-02-23,5.9224772453308105
2010-02-24,6.030673980712891
2010-02-25,6.070945739746094
2010-02-26,6.149687767028809
2010-03-01,6.281023979187012
2010-03-02,6.276817321777344
2010-03-03,6.291242599487305
2010-03-04,6.332716464996338
2010-03-05,6.580363750457764
2010-03-08,6.584270477294922
2010-03-09,6.702683448791504
2010-03-10,6.757382392883301
2010-03-11,6.777218818664551
2010-03-12,6.810278415679932
2010-03-15,6.727330207824707
2010-03-16,6.745662212371826
2010-03-17,6.735744476318359
2010-03-18,6.751673698425293
2010-03-19,6.679542541503906
2010-03-22,6.754678249359131
2010-03-23,6.863173484802246
2010-03-24,6.893528461456299
2010-03-25,6.811781883239746
2010-03-26,6.939513683319092
2010-03-29,6.984291076660156
2010-03-30,7.088280200958252
2010-03-31,7.062732696533203
2010-04-01,7.0918869972229
2010-04-05,7.167622089385986
2010-04-06,7.1991801261901855
2010-04-07,7.231038570404053
2010-04-08,7.2115020751953125
2010-04-09,7.266801357269287
2010-04-12,7.281830310821533
2010-04-13,7.286038875579834
2010-04-14,7.3840107917785645
2010-04-15,7.481087684631348
2010-04-16,7.435403347015381
2010-04-19,7.425487518310547
2010-04-20,7.350952625274658
2010-04-21,7.790647029876709
2010-04-22,8.008536338806152
2010-04-23,8.139575004577637
2010-04-26,8.099599838256836
2010-04-27,7.875399112701416
2010-04-28,7.862175941467285
2010-04-29,8.073756217956543
2010-04-30,7.846848011016846
2010-05-03,8.004931449890137
2010-05-04,7.774418830871582
2010-05-05,7.693572998046875
2010-05-06,7.400842189788818
2010-05-07,7.08858060836792
2010-05-10,7.633461952209473
2010-05-11,7.709500312805176
2010-05-12,7.876901626586914
2010-05-13,7.76479959487915
2010-05-14,7.628356456756592
2010-05-17,7.640373706817627
2010-05-18,7.584473609924316
2010-05-19,7.463658809661865
2010-05-20,7.145683765411377
2010-05-21,7.282731533050537
2010-05-24,7.416171550750732
2010-05-25,7.3698883056640625
2010-05-26,7.336525917053223
2010-05-27,7.614229202270508
2010-05-28,7.7203192710876465
2010-06-01,7.839034557342529
2010-06-02,7.932801246643066
2010-06-03,7.907857894897461
2010-06-04,7.692668437957764
2010-06-07,7.5417985916137695
2010-06-08,7.493412494659424
2010-06-09,7.309178352355957
2010-06-10,7.528873443603516
2010-06-11,7.61903715133667
2010-06-14,7.642176628112793
2010-06-15,7.804769515991211
2010-06-16,8.031980514526367
2010-06-17,8.170832633972168
2010-06-18,8.236949920654297
2010-06-21,8.119742393493652
2010-06-22,8.230337142944336
2010-06-23,8.143780708312988
2010-06-24,8.084574699401855
2010-06-25,8.01545238494873
2010-06-28,8.063541412353516
2010-06-29,7.69897985458374
2010-06-30,7.5595316886901855
2010-07-01,7.467865943908691
2010-07-02,7.4215850830078125
2010-07-06,7.472372055053711
2010-07-07,7.774115562438965
2010-07-08,7.756684303283691
2010-07-09,7.802670478820801
2010-07-12,7.732642650604248
2010-07-13,7.5676445960998535
2010-07-14,7.59559440612793
2010-07-15,7.557126998901367
2010-07-16,7.5105390548706055
2010-07-19,7.380703449249268
2010-07-20,7.570347309112549
2010-07-21,7.6409759521484375
2010-07-22,7.784636974334717
2010-07-23,7.812286376953125
2010-07-26,7.792447090148926
2010-07-27,7.93670654296875
2010-07-28,7.842942714691162
2010-07-29,7.757287979125977
2010-07-30,7.731443405151367
2010-08-02,7.869685649871826
2010-08-03,7.87209415435791
2010-08-04,7.903652191162109
2010-08-05,7.8651814460754395
2010-08-06,7.816794395446777
2010-08-09,7.866678714752197
2010-08-10,7.796356201171875
2010-08-11,7.519256591796875
2010-08-12,7.567348957061768
2010-08-13,7.486502170562744
2010-08-16,7.442615509033203
2010-08-17,7.572754859924316
2010-08-18,7.60581111907959
2010-08-19,7.5099406242370605
2010-08-20,7.502726078033447
2010-08-23,7.387321472167969
2010-08-24,7.210901737213135
2010-08-25,7.299861907958984
2010-08-26,7.221419334411621
2010-08-27,7.261691093444824
2010-08-30,7.288139820098877
2010-08-31,7.3061723709106445
2010-09-01,7.523467540740967
2010-09-02,7.578761577606201
2010-09-03,7.77712345123291
2010-09-07,7.748267650604248
2010-09-08,7.901848793029785
2010-09-09,7.906356334686279
2010-09-10,7.916572093963623
2010-09-13,8.025671005249023
2010-09-14,8.05632495880127
2010-09-15,8.121243476867676
2010-09-16,8.312085151672363
2010-09-17,8.276021957397461
2010-09-20,8.512245178222656
2010-09-21,8.528477668762207
2010-09-22,8.648091316223145
2010-09-23,8.683256149291992
2010-09-24,8.785438537597656
2010-09-27,8.75057601928711
2010-09-28,8.621341705322266
2010-09-29,8.636670112609863
2010-09-30,8.527874946594238
2010-10-01,8.490906715393066
2010-10-04,8.374297142028809
2010-10-05,8.683856964111328
2010-10-06,8.691370964050293
2010-10-07,8.692270278930664
2010-10-08,8.838034629821777
2010-10-11,8.87680721282959
2010-10-12,8.972373962402344
2010-10-13,9.020464897155762
2010-10-14,9.085683822631836
2010-10-15,9.459251403808594
2010-10-18,9.557230949401855
2010-10-19,9.301470756530762
2010-10-20,9.33272647857666
2010-10-21,9.30237102508545
2010-10-22,9.240761756896973
2010-10-25,9.281932830810547
2010-10-26,9.258193969726562
2010-10-27,9.251582145690918
2010-10-28,9.17374324798584
2010-10-29,9.045707702636719
2010-11-01,9.141880989074707
2010-11-02,9.297560691833496
2010-11-03,9.400954246520996
2010-11-04,9.565347671508789
2010-11-05,9.531082153320312
2010-11-08,9.575864791870117
2010-11-09,9.499526023864746
2010-11-10,9.558135032653809
2010-11-11,9.5166597366333
2010-11-12,9.25759220123291
2010-11-15,9.227836608886719
2010-11-16,9.06403923034668
2010-11-17,9.031279563903809
2010-11-18,9.269615173339844
2010-11-19,9.21851921081543
2010-11-22,9.417781829833984
2010-11-23,9.27862548828125
2010-11-24,9.461055755615234
2010-11-26,9.46706771850586
2010-11-29,9.523271560668945
2010-11-30,9.351360321044922
2010-12-01,9.509146690368652
2010-12-02,9.561738967895508
2010-12-03,9.540399551391602
2010-12-06,9.621847152709961
2010-12-07,9.563541412353516
2010-12-08,9.647695541381836
2010-12-09,9.610125541687012
2010-12-10,9.63416862487793
2010-12-13,9.66752815246582
2010-12-14,9.626054763793945
2010-12-15,9.62816047668457
2010-12-16,9.65491008758545
2010-12-17,9.635671615600586
2010-12-20,9.683760643005371
2010-12-21,9.74356460571289
2010-12-22,9.772417068481445
2010-12-23,9.725534439086914
2010-12-27,9.7579927444458
2010-12-28,9.78173828125
2010-12-29,9.776326179504395
2010-12-30,9.727340698242188
2010-12-31,9.694278717041016
2011-01-03,9.904958724975586
2011-01-04,9.95665168762207
2011-01-05,10.038095474243164
2011-01-06,10.029987335205078
2011-01-07,10.101812362670898
2011-01-10,10.292059898376465
2011-01-11,10.267709732055664
2011-01-12,10.351261138916016
2011-01-13,10.389131546020508
2011-01-14,10.473281860351562
2011-01-18,10.237957000732422
2011-01-19,10.183558464050293
2011-01-20,9.998422622680664
2011-01-21,9.81930160522461
2011-01-24,10.141783714294434
2011-01-25,10.260499000549316
2011-01-26,10.334131240844727
2011-01-27,10.314897537231445
2011-01-28,10.10120964050293
2011-01-31,10.197985649108887
2011-02-01,10.369592666625977
2011-02-02,10.348257064819336
2011-02-03,10.321810722351074
2011-02-04,10.413776397705078
2011-02-07,10.575469970703125
2011-02-08,10.675247192382812
2011-02-09,10.764204978942871
2011-02-10,10.655412673950195
2011-02-11,10.724838256835938
2011-02-14,10.794861793518066
2011-02-15,10.81650161743164
2011-02-16,10.91357421875
2011-02-17,10.768412590026855
2011-02-18,10.535797119140625
2011-02-22,10.176648139953613
2011-02-23,10.29716682434082
2011-02-24,10.304981231689453
2011-02-25,10.463666915893555
2011-02-28,10.615439414978027
2011-03-01,10.498229026794434
2011-03-02,10.582674980163574
2011-03-03,10.806282997131348
2011-03-04,10.81950855255127
2011-03-07,10.680055618286133
2011-03-08,10.692078590393066
2011-03-09,10.593194961547852
2011-03-10,10.418885231018066
2011-03-11,10.578771591186523
2011-03-14,10.625958442687988
2011-03-15,10.381616592407227
2011-03-16,9.91817855834961
2011-03-17,10.057333946228027
2011-03-18,9.938015937805176
2011-03-21,10.197385787963867
2011-03-22,10.25448989868164
2011-03-23,10.194080352783203
2011-03-24,10.367791175842285
2011-03-25,10.5652494430542
2011-03-28,10.532187461853027
2011-03-29,10.547815322875977
2011-03-30,10.477789878845215
2011-03-31,10.474183082580566
2011-04-01,10.355470657348633
2011-04-04,10.254188537597656
2011-04-05,10.185062408447266
2011-04-06,10.159515380859375
2011-04-07,10.160722732543945
2011-04-08,10.069958686828613
2011-04-11,9.941924095153809
2011-04-12,9.990015029907227
2011-04-13,10.1021146774292
2011-04-14,9.990614891052246
2011-04-15,9.841543197631836
2011-04-18,9.973483085632324
2011-04-19,10.154106140136719
2011-04-20,10.290852546691895
2011-04-21,10.540000915527344
2011-04-25,10.609430313110352
2011-04-26,10.531587600708008
2011-04-27,10.52347183227539
2011-04-28,10.42128849029541
2011-04-29,10.522873878479004
2011-05-02,10.407161712646484
2011-05-03,10.46486759185791
2011-05-04,10.5060453414917
2011-05-05,10.42128849029541
2011-05-06,10.418584823608398
2011-05-09,10.446831703186035
2011-05-10,10.502435684204102
2011-05-11,10.435718536376953
2011-05-12,10.415881156921387
2011-05-13,10.233451843261719
2011-05-16,10.017059326171875
2011-05-17,10.102411270141602
2011-05-18,10.214513778686523
2011-05-19,10.234353065490723
2011-05-20,10.074766159057617
2011-05-23,10.050121307373047
2011-05-24,9.983697891235352
2011-05-25,10.121648788452148
2011-05-26,10.068147659301758
2011-05-27,10.140582084655762
2011-05-31,10.45374870300293
2011-06-01,10.384020805358887
2011-06-02,10.401754379272461
2011-06-03,10.321810722351074
2011-06-06,10.159515380859375
2011-06-07,9.979190826416016
2011-06-08,9.985204696655273
2011-06-09,9.962664604187012
2011-06-10,9.794660568237305
2011-06-13,9.81569766998291
2011-06-14,9.991215705871582
2011-06-15,9.820205688476562
2011-06-16,9.772417068481445
2011-06-17,9.625154495239258
2011-06-20,9.476688385009766
2011-06-21,9.776627540588379
2011-06-22,9.695780754089355
2011-06-23,9.954846382141113
2011-06-24,9.808186531066895
2011-06-27,9.979190826416016
2011-06-28,10.075965881347656
2011-06-29,10.039302825927734
2011-06-30,10.088285446166992
2011-07-01,10.316398620605469
2011-07-05,10.50183391571045
2011-07-06,10.571857452392578
2011-07-07,10.735357284545898
2011-07-08,10.810791015625
2011-07-11,10.63918399810791
2011-07-12,10.631670951843262
2011-07-13,10.760001182556152
2011-07-14,10.752487182617188
2011-07-15,10.967374801635742
2011-07-18,11.234257698059082
2011-07-19,11.325921058654785
2011-07-20,11.62796401977539
2011-07-21,11.639683723449707
2011-07-22,11.8203125
2011-07-25,11.976591110229492
2011-07-26,12.124163627624512
2011-07-27,11.79897403717041
2011-07-28,11.775835037231445
2011-07-29,11.735559463500977
2011-08-01,11.92400074005127
2011-08-02,11.688373565673828
2011-08-03,11.798373222351074
2011-08-04,11.341546058654785
2011-08-05,11.22884464263916
2011-08-08,10.615439414978027
2011-08-09,11.240565299987793
2011-08-10,10.930407524108887
2011-08-11,11.23124885559082
2011-08-12,11.330127716064453
2011-08-15,11.523075103759766
2011-08-16,11.435017585754395
2011-08-17,11.433816909790039
2011-08-18,11.001335144042969
2011-08-19,10.70019245147705
2011-08-22,10.71251392364502
2011-08-23,11.228243827819824
2011-08-24,11.30578327178955
2011-08-25,11.231851577758789
2011-08-26,11.52818775177002
2011-08-29,11.720230102539062
2011-08-30,11.720832824707031
2011-08-31,11.565753936767578
2011-09-01,11.451547622680664
2011-09-02,11.241768836975098
2011-09-06,11.412774085998535
2011-09-07,11.538705825805664
2011-09-08,11.545012474060059
2011-09-09,11.344853401184082
2011-09-12,11.41878604888916
2011-09-13,11.559440612792969
2011-09-14,11.700094223022461
2011-09-15,11.81009292602539
2011-09-16,12.036700248718262
2011-09-19,12.37120532989502
2011-09-20,12.425905227661133
2011-09-21,12.386533737182617
2011-09-22,12.076373100280762
2011-09-23,12.15090560913086
2011-09-26,12.116948127746582
2011-09-27,11.999431610107422
2011-09-28,11.931817054748535
2011-09-29,11.738261222839355
2011-09-30,11.460261344909668
2011-10-03,11.258298873901367
2011-10-04,11.195183753967285
2011-10-05,11.367995262145996
2011-10-06,11.341546058654785
2011-10-07,11.11403751373291
2011-10-10,11.6853666305542
2011-10-11,12.030387878417969
2011-10-12,12.087496757507324
2011-10-13,12.275028228759766
2011-10-14,12.682867050170898
2011-10-17,12.622461318969727
2011-10-18,12.690081596374512
2011-10-19,11.980199813842773
2011-10-20,11.880721092224121
2011-10-21,11.807387351989746
2011-10-24,12.195083618164062
2011-10-25,11.954655647277832
2011-10-26,12.03970718383789
2011-10-27,12.162630081176758
2011-10-28,12.170443534851074
2011-10-31,12.165334701538086
2011-11-01,11.916783332824707
2011-11-02,11.94383430480957
2011-11-03,12.113943099975586
2011-11-04,12.028888702392578
2011-11-07,12.013556480407715
2011-11-08,12.208913803100586
2011-11-09,11.8798189163208
2011-11-10,11.577474594116211
2011-11-11,11.559440612792969
2011-11-14,11.398353576660156
2011-11-15,11.685968399047852
2011-11-16,11.56395149230957
2011-11-17,11.342747688293457
2011-11-18,11.268515586853027
2011-11-21,11.090295791625977
2011-11-22,11.315702438354492
2011-11-23,11.029587745666504
2011-11-25,10.926803588867188
2011-11-28,11.303979873657227
2011-11-29,11.21622371673584
2011-11-30,11.486708641052246
2011-12-01,11.658923149108887
2011-12-02,11.712113380432129
2011-12-05,11.811599731445312
2011-12-06,11.749680519104004
2011-12-07,11.693782806396484
2011-12-08,11.740967750549316
2011-12-09,11.82992935180664
2011-12-12,11.7764310836792
2011-12-13,11.6853666305542
2011-12-14,11.426301002502441
2011-12-15,11.388734817504883
2011-12-16,11.451240539550781
2011-12-19,11.487009048461914
2011-12-20,11.899958610534668
2011-12-21,11.914983749389648
2011-12-22,11.978094100952148
2011-12-23,12.12175464630127
2011-12-27,12.21793270111084
2011-12-28,12.101020812988281
2011-12-29,12.175551414489746
2011-12-30,12.171947479248047
2012-01-03,12.35918140411377
2012-01-04,12.425605773925781
2012-01-05,12.563553810119629
2012-01-06,12.694889068603516
2012-01-09,12.674753189086914
2012-01-10,12.720134735107422
2012-01-11,12.699397087097168
2012-01-12,12.664532661437988
2012-01-13,12.617044448852539
2012-01-17,12.764015197753906
2012-01-18,12.896552085876465
2012-01-19,12.85567855834961
2012-01-20,12.6317720413208
2012-01-23,12.845459938049316
2012-01-24,12.635077476501465
2012-01-25,13.424004554748535
2012-01-26,13.362993240356445
2012-01-27,13.442638397216797
2012-01-30,13.614847183227539
2012-01-31,13.719132423400879
2012-02-01,13.710419654846191
2012-02-02,13.678262710571289
2012-02-03,13.8153076171875
2012-02-06,13.944242477416992
2012-02-07,14.090301513671875
2012-02-08,14.326231002807617
2012-02-09,14.821823120117188
2012-02-10,14.829339027404785
2012-02-13,15.105237007141113
2012-02-14,15.311408996582031
2012-02-15,14.95706558227539
2012-02-16,15.093517303466797
2012-02-17,15.090811729431152
2012-02-21,15.473397254943848
2012-02-22,15.419000625610352
2012-02-23,15.519684791564941
2012-02-24,15.700613975524902
2012-02-27,15.801286697387695
2012-02-28,16.091310501098633
2012-02-29,16.30259132385254
2012-03-01,16.363601684570312
2012-03-02,16.38494110107422
2012-03-05,16.023683547973633
2012-03-06,15.936531066894531
2012-03-07,15.949457168579102
2012-03-08,16.28907012939453
2012-03-09,16.384641647338867
2012-03-12,16.589906692504883
2012-03-13,17.073781967163086
2012-03-14,17.719345092773438
2012-03-15,17.598527908325195
2012-03-16,17.598825454711914
2012-03-19,18.06557846069336
2012-03-20,18.211639404296875
2012-03-21,18.107641220092773
2012-03-22,18.012680053710938
2012-03-23,17.913795471191406
2012-03-26,18.242292404174805
2012-03-27,18.467700958251953
2012-03-28,18.56206512451172
2012-03-29,18.328847885131836
2012-03-30,18.01898765563965
2012-04-02,18.592424392700195
2012-04-03,18.913700103759766
2012-04-04,18.763132095336914
2012-04-05,19.04473304748535
2012-04-09,19.121374130249023
2012-04-10,18.88725471496582
2012-04-11,18.819936752319336
2012-04-12,18.716842651367188
2012-04-13,18.18968963623047
2012-04-16,17.435335159301758
2012-04-17,18.324039459228516
2012-04-18,18.283164978027344
2012-04-19,17.655025482177734
2012-04-20,17.220449447631836
2012-04-23,17.181976318359375
2012-04-24,16.838754653930664
2012-04-25,18.333057403564453
2012-04-26,18.263927459716797
2012-04-27,18.122678756713867
2012-04-30,17.55103874206543
2012-05-01,17.49544334411621
2012-05-02,17.61115264892578
2012-05-03,17.486129760742188
2012-05-04,16.988130569458008
2012-05-07,17.115259170532227
2012-05-08,17.076187133789062
2012-05-09,17.106243133544922
2012-05-10,17.146516799926758
2012-05-11,17.03201675415039
2012-05-14,16.776845932006836
2012-05-15,16.625078201293945
2012-05-16,16.411989212036133
2012-05-17,15.932333946228027
2012-05-18,15.940138816833496
2012-05-21,16.86880874633789
2012-05-22,16.739286422729492
2012-05-23,17.14772605895996
2012-05-24,16.990234375
2012-05-25,16.89916229248047
2012-05-29,17.19910430908203
2012-05-30,17.40648078918457
2012-05-31,17.363208770751953
2012-06-01,16.860097885131836
2012-06-04,16.95927619934082
2012-06-05,16.915393829345703
2012-06-06,17.174766540527344
2012-06-07,17.182571411132812
2012-06-08,17.441049575805664
2012-06-11,17.166048049926758
2012-06-12,17.316017150878906
2012-06-13,17.195804595947266
2012-06-14,17.176868438720703
2012-06-15,17.255008697509766
2012-06-18,17.605140686035156
2012-06-19,17.654132843017578
2012-06-20,17.60393524169922
2012-06-21,17.36140251159668
2012-06-22,17.494537353515625
2012-06-25,17.15402603149414
2012-06-26,17.191896438598633
2012-06-27,17.26613426208496
2012-06-28,17.102336883544922
2012-06-29,17.551647186279297
2012-07-02,17.80770492553711
2012-07-03,18.01477813720703
2012-07-05,18.33124542236328
2012-07-06,18.20923614501953
2012-07-09,18.449966430664062
2012-07-10,18.27925682067871
2012-07-11,18.16565704345703
2012-07-12,17.99945831298828
2012-07-13,18.181882858276367
2012-07-16,18.24018096923828
2012-07-17,18.2410945892334
2012-07-18,18.220653533935547
2012-07-19,18.462892532348633
2012-07-20,18.161745071411133
2012-07-23,18.147624969482422
2012-07-24,18.060155868530273
2012-07-25,17.280254364013672
2012-07-26,17.277549743652344
2012-07-27,17.586509704589844
2012-07-30,17.883142471313477
2012-07-31,18.355897903442383
2012-08-01,18.2371826171875
2012-08-02,18.266633987426758
2012-08-03,18.504364013671875
2012-08-06,18.71023178100586
2012-08-07,18.660947799682617
2012-08-08,18.62939453125
2012-08-09,18.735633850097656
2012-08-10,18.764909744262695
2012-08-13,19.015432357788086
2012-08-14,19.06644058227539
2012-08-15,19.040485382080078
2012-08-16,19.2067928314209
2012-08-17,19.562044143676758
2012-08-20,20.076372146606445
2012-08-21,19.802005767822266
2012-08-22,20.188650131225586
2012-08-23,20.000303268432617
2012-08-24,20.018117904663086
2012-08-27,20.394207000732422
2012-08-28,20.367645263671875
2012-08-29,20.327495574951172
2012-08-30,20.037744522094727
2012-08-31,20.079084396362305
2012-09-04,20.372766494750977
2012-09-05,20.229703903198242
2012-09-06,20.412010192871094
2012-09-07,20.537874221801758
2012-09-10,20.00362777709961
2012-09-11,19.938732147216797
2012-09-12,20.2164249420166
2012-09-13,20.614540100097656
2012-09-14,20.865055084228516
2012-09-17,21.121620178222656
2012-09-18,21.185911178588867
2012-09-19,21.191648483276367
2012-09-20,21.08902359008789
2012-09-21,21.1309757232666
2012-09-24,20.850271224975586
2012-09-25,20.329607009887695
2012-09-26,20.0772762298584
2012-09-27,20.564430236816406
2012-09-28,20.135229110717773
2012-10-01,19.902515411376953
2012-10-02,19.960464477539062
2012-10-03,20.266529083251953
2012-10-04,20.126169204711914
2012-10-05,19.697277069091797
2012-10-08,19.262033462524414
2012-10-09,19.192001342773438
2012-10-10,19.344728469848633
2012-10-11,18.958087921142578
2012-10-12,19.006677627563477
2012-10-15,19.159103393554688
2012-10-16,19.612754821777344
2012-10-17,19.456405639648438
2012-10-18,19.09511947631836
2012-10-19,18.406938552856445
2012-10-22,19.137069702148438
2012-10-23,18.513187408447266
2012-10-24,18.6179141998291
2012-10-25,18.39788055419922
2012-10-26,18.230667114257812
2012-10-31,17.96868324279785
2012-11-01,18.00550079345703
2012-11-02,17.40968132019043
2012-11-05,17.64571762084961
2012-11-06,17.59229278564453
2012-11-07,16.919164657592773
2012-11-08,16.305166244506836
2012-11-09,16.587451934814453
2012-11-12,16.459197998046875
2012-11-13,16.4613094329834
2012-11-14,16.27878761291504
2012-11-15,15.93736457824707
2012-11-16,15.99983024597168
2012-11-19,17.153547286987305
2012-11-20,17.00739860534668
2012-11-21,17.03135108947754
2012-11-23,17.328506469726562
2012-11-26,17.875186920166016
2012-11-27,17.731163024902344
2012-11-28,17.675373077392578
2012-11-29,17.870031356811523
2012-11-30,17.746326446533203
2012-12-03,17.773908615112305
2012-12-04,17.46039581298828
2012-12-05,16.336692810058594
2012-12-06,16.592910766601562
2012-12-07,16.168716430664062
2012-12-10,16.064712524414062
2012-12-11,16.41553497314453
2012-12-12,16.343067169189453
2012-12-13,16.060775756835938
2012-12-14,15.457385063171387
2012-12-17,15.731486320495605
2012-12-18,16.18842315673828
2012-12-19,15.958287239074707
2012-12-20,15.81942367553711
2012-12-21,15.746648788452148
2012-12-24,15.772119522094727
2012-12-26,15.554716110229492
2012-12-27,15.617173194885254
2012-12-28,15.451322555541992
2012-12-31,16.135969161987305
2013-01-02,16.647188186645508
2013-01-03,16.43705940246582
2013-01-04,15.97921371459961
2013-01-07,15.885215759277344
2013-01-08,15.92796802520752
2013-01-09,15.679031372070312
2013-01-10,15.873392105102539
2013-01-11,15.776060104370117
2013-01-14,15.213598251342773
2013-01-15,14.733625411987305
2013-01-16,15.345198631286621
2013-01-17,15.241806983947754
2013-01-18,15.160542488098145
2013-01-22,15.305171012878418
2013-01-23,15.585344314575195
2013-01-24,13.659649848937988
2013-01-25,13.337636947631836
2013-01-28,13.63933277130127
2013-01-29,13.895241737365723
2013-01-30,13.851582527160645
2013-01-31,13.810946464538574
2013-02-01,13.754250526428223
2013-02-04,13.411625862121582
2013-02-05,13.8822021484375
2013-02-06,13.867347717285156
2013-02-07,14.279678344726562
2013-02-08,14.485843658447266
2013-02-11,14.636799812316895
2013-02-12,14.269920349121094
2013-02-13,14.24277400970459
2013-02-14,14.229969024658203
2013-02-15,14.033867835998535
2013-02-19,14.028679847717285
2013-02-20,13.688939094543457
2013-02-21,13.60384750366211
2013-02-22,13.748710632324219
2013-02-25,13.50442123413086
2013-02-26,13.692595481872559
2013-02-27,13.558403015136719
2013-02-28,13.461727142333984
2013-03-01,13.128387451171875
2013-03-04,12.810600280761719
2013-03-05,13.148819923400879
2013-03-06,12.981691360473633
2013-03-07,13.131739616394043
2013-03-08,13.166504859924316
2013-03-11,13.354069709777832
2013-03-12,13.066171646118164
2013-03-13,13.063729286193848
2013-03-14,13.190296173095703
2013-03-15,13.530651092529297
2013-03-18,13.898457527160645
2013-03-19,13.86094856262207
2013-03-20,13.787443161010742
2013-03-21,13.807270050048828
2013-03-22,14.087236404418945
2013-03-25,14.138168334960938
2013-03-26,14.063755989074707
2013-03-27,13.787443161010742
2013-03-28,13.50015640258789
2013-04-01,13.080808639526367
2013-04-02,13.107648849487305
2013-04-03,13.174745559692383
2013-04-04,13.044519424438477
2013-04-05,12.906664848327637
2013-04-08,12.998465538024902
2013-04-09,13.02194881439209
2013-04-10,13.287583351135254
2013-04-11,13.246110916137695
2013-04-12,13.107955932617188
2013-04-15,12.804499626159668
2013-04-16,12.999380111694336
2013-04-17,12.284507751464844
2013-04-18,11.95666217803955
2013-04-19,11.910303115844727
2013-04-22,12.158556938171387
2013-04-23,12.386068344116211
2013-04-24,12.365633010864258
2013-04-25,12.454689025878906
2013-04-26,12.723678588867188
2013-04-29,13.11771297454834
2013-04-30,13.503812789916992
2013-05-01,13.397374153137207
2013-05-02,13.587376594543457
2013-05-03,13.72340202331543
2013-05-06,14.050642013549805
2013-05-07,13.988120079040527
2013-05-08,14.146099090576172
2013-05-09,14.022684097290039
2013-05-10,13.906027793884277
2013-05-13,13.960365295410156
2013-05-14,13.62635326385498
2013-05-15,13.165552139282227
2013-05-16,13.341460227966309
2013-05-17,13.300933837890625
2013-05-20,13.597801208496094
2013-05-21,13.497413635253906
2013-05-22,13.549297332763672
2013-05-23,13.573549270629883
2013-05-24,13.6659517288208
2013-05-28,13.552059173583984
2013-05-29,13.659814834594727
2013-05-30,13.863354682922363
2013-05-31,13.806561470031738
2013-06-03,13.836954116821289
2013-06-04,13.793667793273926
2013-06-05,13.664724349975586
2013-06-06,13.460577964782715
2013-06-07,13.563417434692383
2013-06-10,13.47377872467041
2013-06-11,13.434174537658691
2013-06-12,13.268085479736328
2013-06-13,13.383825302124023
2013-06-14,13.202394485473633
2013-06-17,13.262252807617188
2013-06-18,13.255193710327148
2013-06-19,12.985958099365234
2013-06-20,12.796849250793457
2013-06-21,12.69431209564209
2013-06-24,12.357845306396484
2013-06-25,12.360605239868164
2013-06-26,12.220614433288574
2013-06-27,12.088913917541504
2013-06-28,12.173336029052734
2013-07-01,12.562915802001953
2013-07-02,12.847501754760742
2013-07-03,12.918420791625977
2013-07-05,12.814653396606445
2013-07-08,12.741894721984863
2013-07-09,12.966002464294434
2013-07-10,12.916271209716797
2013-07-11,13.117658615112305
2013-07-12,13.093713760375977
2013-07-15,13.122261047363281
2013-07-16,13.206995010375977
2013-07-17,13.210370063781738
2013-07-18,13.254887580871582
2013-07-19,13.045823097229004
2013-07-22,13.08757495880127
2013-07-23,12.862850189208984
2013-07-24,13.523507118225098
2013-07-25,13.46180248260498
2013-07-26,13.538243293762207
2013-07-29,13.747004508972168
2013-07-30,13.916776657104492
2013-07-31,13.892516136169434
2013-08-01,14.01992130279541
2013-08-02,14.199821472167969
2013-08-05,14.411956787109375
2013-08-06,14.283019065856934
2013-08-07,14.274730682373047
2013-08-08,14.246302604675293
2013-08-09,14.043578147888184
2013-08-12,14.44253158569336
2013-08-13,15.128870964050293
2013-08-14,15.404829025268555
2013-08-15,15.386590003967285
2013-08-16,15.523187637329102
2013-08-19,15.690367698669434
2013-08-20,15.484246253967285
2013-08-21,15.524113655090332
2013-08-22,15.54265308380127
2013-08-23,15.482701301574707
2013-08-26,15.542963027954102
2013-08-27,15.098587036132812
2013-08-28,15.16996955871582
2013-08-29,15.194693565368652
2013-08-30,15.056249618530273
2013-09-03,15.098276138305664
2013-09-04,15.4107027053833
2013-09-05,15.30501651763916
2013-09-06,15.396170616149902
2013-09-09,15.641853332519531
2013-09-10,15.285543441772461
2013-09-11,14.453351020812988
2013-09-12,14.607237815856934
2013-09-13,14.366508483886719
2013-09-16,13.909772872924805
2013-09-17,14.070466995239258
2013-09-18,14.359711647033691
2013-09-19,14.595183372497559
2013-09-20,14.444070816040039
2013-09-23,15.16193675994873
2013-09-24,15.114352226257324
2013-09-25,14.880415916442871
2013-09-26,15.025349617004395
2013-09-27,14.91811466217041
2013-09-30,14.732705116271973
2013-10-01,15.079119682312012
2013-10-02,15.128559112548828
2013-10-03,14.938511848449707
2013-10-04,14.926769256591797
2013-10-07,15.072632789611816
2013-10-08,14.8621826171875
2013-10-09,15.036783218383789
2013-10-10,15.131036758422852
2013-10-11,15.229000091552734
2013-10-14,15.32880973815918
2013-10-15,15.410395622253418
2013-10-16,15.485481262207031
2013-10-17,15.590245246887207
2013-10-18,15.725908279418945
2013-10-21,16.111255645751953
2013-10-22,16.06521224975586
2013-10-23,16.222503662109375
2013-10-24,16.43728256225586
2013-10-25,16.253406524658203
2013-10-28,16.374544143676758
2013-10-29,15.966633796691895
2013-10-30,16.22065544128418
2013-10-31,16.152660369873047
2013-11-01,16.070154190063477
2013-11-04,16.277820587158203
2013-11-05,16.23764991760254
2013-11-06,16.191646575927734
2013-11-07,15.929617881774902
2013-11-08,16.18045997619629
2013-11-11,16.133520126342773
2013-11-12,16.163366317749023
2013-11-13,16.18263053894043
2013-11-14,16.416690826416016
2013-11-15,16.318153381347656
2013-11-18,16.12047004699707
2013-11-19,16.149065017700195
2013-11-20,16.00763702392578
2013-11-21,16.198484420776367
2013-11-22,16.156835556030273
2013-11-25,16.279294967651367
2013-11-26,16.579557418823242
2013-11-27,16.96996307373047
2013-11-29,17.284210205078125
2013-12-02,17.13376808166504
2013-12-03,17.602806091308594
2013-12-04,17.56177520751953
2013-12-05,17.651912689208984
2013-12-06,17.4069881439209
2013-12-09,17.60622215270996
2013-12-10,17.578872680664062
2013-12-11,17.448633193969727
2013-12-12,17.423147201538086
2013-12-13,17.233226776123047
2013-12-16,17.32865333557129
2013-12-17,17.250638961791992
2013-12-18,17.119468688964844
2013-12-19,16.9233341217041
2013-12-20,17.06507110595703
2013-12-23,17.719987869262695
2013-12-24,17.644771575927734
2013-12-26,17.527591705322266
2013-12-27,17.409156799316406
2013-12-30,17.236024856567383
2013-12-31,17.43806266784668
2014-01-02,17.192825317382812
2014-01-03,16.815170288085938
2014-01-06,16.906856536865234
2014-01-07,16.78594970703125
2014-01-08,16.892250061035156
2014-01-09,16.67654037475586
2014-01-10,16.565265655517578
2014-01-13,16.65198516845703
2014-01-14,16.983327865600586
2014-01-15,17.32430076599121
2014-01-16,17.22764015197754
2014-01-17,16.80553436279297
2014-01-21,17.06662940979004
2014-01-22,17.14246940612793
2014-01-23,17.287628173828125
2014-01-24,16.973377227783203
2014-01-27,17.111072540283203
2014-01-28,15.74343204498291
2014-01-29,15.564701080322266
2014-01-30,15.53455924987793
2014-01-31,15.560041427612305
2014-02-03,15.588949203491211
2014-02-04,15.814613342285156
2014-02-05,15.932730674743652
2014-02-06,16.02560043334961
2014-02-07,16.249797821044922
2014-02-10,16.540910720825195
2014-02-11,16.758848190307617
2014-02-12,16.757600784301758
2014-02-13,17.023696899414062
2014-02-14,17.00994110107422
2014-02-18,17.072473526000977
2014-02-19,16.802942276000977
2014-02-20,16.608448028564453
2014-02-21,16.423959732055664
2014-02-24,16.49588394165039
2014-02-25,16.324220657348633
2014-02-26,16.176931381225586
2014-02-27,16.499631881713867
2014-02-28,16.45491600036621
2014-03-03,16.502445220947266
2014-03-04,16.61126136779785
2014-03-05,16.646278381347656
2014-03-06,16.5959415435791
2014-03-07,16.586254119873047
2014-03-10,16.601259231567383
2014-03-11,16.762914657592773
2014-03-12,16.7791748046875
2014-03-13,16.592811584472656
2014-03-14,16.406452178955078
2014-03-17,16.470550537109375
2014-03-18,16.616262435913086
2014-03-19,16.61188507080078
2014-03-20,16.531837463378906
2014-03-21,16.662227630615234
2014-03-24,16.85984992980957
2014-03-25,17.04120635986328
2014-03-26,16.8783016204834
2014-03-27,16.80575180053711
2014-03-28,16.786998748779297
2014-03-31,16.783245086669922
2014-04-01,16.93677520751953
2014-04-02,16.964916229248047
2014-04-03,16.84734344482422
2014-04-04,16.629398345947266
2014-04-07,16.368301391601562
2014-04-08,16.36736488342285
2014-04-09,16.58249282836914
2014-04-10,16.368621826171875
2014-04-11,16.247602462768555
2014-04-14,16.31233024597168
2014-04-15,16.196012496948242
2014-04-16,16.228837966918945
2014-04-17,16.41426658630371
2014-04-21,16.609071731567383
2014-04-22,16.625642776489258
2014-04-23,16.408323287963867
2014-04-24,17.753511428833008
2014-04-25,17.8839054107666
2014-04-28,18.576507568359375
2014-04-29,18.521482467651367
2014-04-30,18.451433181762695
2014-05-01,18.494890213012695
2014-05-02,18.5293025970459
2014-05-05,18.791324615478516
2014-05-06,18.58650779724121
2014-05-07,18.521482467651367
2014-05-08,18.48846435546875
2014-05-09,18.411426544189453
2014-05-12,18.640647888183594
2014-05-13,18.669885635375977
2014-05-14,18.673341751098633
2014-05-15,18.514551162719727
2014-05-16,18.787805557250977
2014-05-19,19.010419845581055
2014-05-20,19.01419448852539
2014-05-21,19.06450080871582
2014-05-22,19.094694137573242
2014-05-23,19.310392379760742
2014-05-27,19.6719913482666
2014-05-28,19.621049880981445
2014-05-29,19.978561401367188
2014-05-30,19.90373420715332
2014-06-02,19.766948699951172
2014-06-03,20.046478271484375
2014-06-04,20.275392532348633
2014-06-05,20.354948043823242
2014-06-06,20.298980712890625
2014-06-09,20.6237850189209
2014-06-10,20.744850158691406
2014-06-11,20.659000396728516
2014-06-12,20.31344223022461
2014-06-13,20.091135025024414
2014-06-16,20.293630599975586
2014-06-17,20.267215728759766
2014-06-18,20.289222717285156
2014-06-19,20.21879005432129
2014-06-20,20.009700775146484
2014-06-23,19.992088317871094
2014-06-24,19.87103271484375
2014-06-25,19.888641357421875
2014-06-26,20.00748634338379
2014-06-27,20.245203018188477
2014-06-30,20.454309463500977
2014-07-01,20.58416175842285
2014-07-02,20.57537078857422
2014-07-03,20.69642448425293
2014-07-07,21.123430252075195
2014-07-08,20.986957550048828
2014-07-09,20.99576187133789
2014-07-10,20.918729782104492
2014-07-11,20.95833969116211
2014-07-14,21.22907066345215
2014-07-15,20.98035430908203
2014-07-16,20.86149787902832
2014-07-17,20.489524841308594
2014-07-18,20.784465789794922
2014-07-21,20.676612854003906
2014-07-22,20.848289489746094
2014-07-23,21.391952514648438
2014-07-24,21.356733322143555
2014-07-25,21.497600555419922
2014-07-28,21.79474449157715
2014-07-29,21.65388298034668
2014-07-30,21.60325050354004
2014-07-31,21.0419864654541
2014-08-01,21.158632278442383
2014-08-04,21.039785385131836
2014-08-05,20.93633270263672
2014-08-06,20.9011173248291
2014-08-07,20.898910522460938
2014-08-08,20.9564208984375
2014-08-11,21.232913970947266
2014-08-12,21.228496551513672
2014-08-13,21.509414672851562
2014-08-14,21.566926956176758
2014-08-15,21.673107147216797
2014-08-18,21.93412208557129
2014-08-19,22.237159729003906
2014-08-20,22.246013641357422
2014-08-21,22.24822235107422
2014-08-22,22.411909103393555
2014-08-25,22.460573196411133
2014-08-26,22.316797256469727
2014-08-27,22.591083526611328
2014-08-28,22.617626190185547
2014-08-29,22.672931671142578
2014-09-02,22.84988021850586
2014-09-03,21.88545799255371
2014-09-04,21.704072952270508
2014-09-05,21.89208984375
2014-09-08,21.75716209411621
2014-09-09,21.67531967163086
2014-09-10,22.34112548828125
2014-09-11,22.436241149902344
2014-09-12,22.48712158203125
2014-09-15,22.480485916137695
2014-09-16,22.310155868530273
2014-09-17,22.469417572021484
2014-09-18,22.515871047973633
2014-09-19,22.332279205322266
2014-09-22,22.354398727416992
2014-09-23,22.703889846801758
2014-09-24,22.507022857666016
2014-09-25,21.648775100708008
2014-09-26,22.285825729370117
2014-09-29,22.14426040649414
2014-09-30,22.285825729370117
2014-10-01,21.93854522705078
2014-10-02,22.097808837890625
2014-10-03,22.03586769104004
2014-10-06,22.03586769104004
2014-10-07,21.843427658081055
2014-10-08,22.29688835144043
2014-10-09,22.345548629760742
2014-10-10,22.281402587890625
2014-10-13,22.077898025512695
2014-10-14,21.843427658081055
2014-10-15,21.57577896118164
2014-10-16,21.292640686035156
2014-10-17,21.604530334472656
2014-10-20,22.066843032836914
2014-10-21,22.666290283203125
2014-10-22,22.781312942504883
2014-10-23,23.18831443786621
2014-10-24,23.274587631225586
2014-10-27,23.250253677368164
2014-10-28,23.610811233520508
2014-10-29,23.7435245513916
2014-10-30,23.663898468017578
2014-10-31,23.8895206451416
2014-11-03,24.199203491210938
2014-11-04,24.02223777770996
2014-11-05,24.079748153686523
2014-11-06,24.14861488342285
2014-11-07,24.217485427856445
2014-11-10,24.17750358581543
2014-11-11,24.370773315429688
2014-11-12,24.71512794494629
2014-11-13,25.063920974731445
2014-11-14,25.36604881286621
2014-11-17,25.32383918762207
2014-11-18,25.65263557434082
2014-11-19,25.47490882873535
2014-11-20,25.83924674987793
2014-11-21,25.87479019165039
2014-11-24,26.354658126831055
2014-11-25,26.12582778930664
2014-11-26,26.436851501464844
2014-11-28,26.42130470275879
2014-12-01,25.563766479492188
2014-12-02,25.466022491455078
2014-12-03,25.75482177734375
2014-12-04,25.65707015991211
2014-12-05,25.548219680786133
2014-12-08,24.970609664916992
2014-12-09,25.352718353271484
2014-12-10,24.870637893676758
2014-12-11,24.797319412231445
2014-12-12,24.377439498901367
2014-12-15,24.04421043395996
2014-12-16,23.715410232543945
2014-12-17,24.306350708007812
2014-12-18,25.02614402770996
2014-12-19,24.83286476135254
2014-12-22,25.0905704498291
2014-12-23,25.001712799072266
2014-12-24,24.883968353271484
2014-12-26,25.32383918762207
2014-12-29,25.306068420410156
2014-12-30,24.99726676940918
2014-12-31,24.5218448638916
2015-01-02,24.28858184814453
2015-01-05,23.604331970214844
2015-01-06,23.60655975341797
2015-01-07,23.937572479248047
2015-01-08,24.857309341430664
2015-01-09,24.883968353271484
2015-01-12,24.270811080932617
2015-01-13,24.486299514770508
2015-01-14,24.392993927001953
2015-01-15,23.73096466064453
2015-01-16,23.546571731567383
2015-01-20,24.153059005737305
2015-01-21,24.33745574951172
2015-01-22,24.970609664916992
2015-01-23,25.099458694458008
2015-01-26,25.126115798950195
2015-01-27,24.246370315551758
2015-01-28,25.617090225219727
2015-01-29,26.414634704589844
2015-01-30,26.0280818939209
2015-02-02,26.354658126831055
2015-02-03,26.359102249145508
2015-02-04,26.561264038085938
2015-02-05,26.750844955444336
2015-02-06,26.52557945251465
2015-02-09,26.701780319213867
2015-02-10,27.214752197265625
2015-02-11,27.852632522583008
2015-02-12,28.205036163330078
2015-02-13,28.34331512451172
2015-02-17,28.510591506958008
2015-02-18,28.709089279174805
2015-02-19,28.64887046813965
2015-02-20,28.883060455322266
2015-02-23,29.66368293762207
2015-02-24,29.478565216064453
2015-02-25,28.72470474243164
2015-02-26,29.088253021240234
2015-02-27,28.651107788085938
2015-03-02,28.79161834716797
2015-03-03,28.85183334350586
2015-03-04,28.668947219848633
2015-03-05,28.193878173828125
2015-03-06,28.23626136779785
2015-03-09,28.3566951751709
2015-03-10,27.770111083984375
2015-03-11,27.263826370239258
2015-03-12,27.75672721862793
2015-03-13,27.56492042541504
2015-03-16,27.868247985839844
2015-03-17,28.334392547607422
2015-03-18,28.653335571289062
2015-03-19,28.436986923217773
2015-03-20,28.08013916015625
2015-03-23,28.372304916381836
2015-03-24,28.256330490112305
2015-03-25,27.51807975769043
2015-03-26,27.70989227294922
2015-03-27,27.489091873168945
2015-03-30,28.184959411621094
2015-03-31,27.75227165222168
2015-04-01,27.712120056152344
2015-04-02,27.95076560974121
2015-04-06,28.40353012084961
2015-04-07,28.10466766357422
2015-04-08,28.013216018676758
2015-04-09,28.227331161499023
2015-04-10,28.34777069091797
2015-04-13,28.292016983032227
2015-04-14,28.169353485107422
2015-04-15,28.27640151977539
2015-04-16,28.140350341796875
2015-04-17,27.82364273071289
2015-04-20,28.459291458129883
2015-04-21,28.305400848388672
2015-04-22,28.686786651611328
2015-04-23,28.920974731445312
2015-04-24,29.057029724121094
2015-04-27,29.585620880126953
2015-04-28,29.119474411010742
2015-04-29,28.691246032714844
2015-04-30,27.91285514831543
2015-05-01,28.760385513305664
2015-05-04,28.704631805419922
2015-05-05,28.057832717895508
2015-05-06,27.881628036499023
2015-05-07,28.05409049987793
2015-05-08,28.582639694213867
2015-05-11,28.291492462158203
2015-05-12,28.190704345703125
2015-05-13,28.222063064575195
2015-05-14,28.880521774291992
2015-05-15,28.840206146240234
2015-05-18,29.158241271972656
2015-05-19,29.131370544433594
2015-05-20,29.129125595092773
2015-05-21,29.427000045776367
2015-05-22,29.68455696105957
2015-05-26,29.030582427978516
2015-05-27,29.57258415222168
2015-05-28,29.51434898376465
2015-05-29,29.17840576171875
2015-06-01,29.236635208129883
2015-06-02,29.106733322143555
2015-06-03,29.14256477355957
2015-06-04,28.97234535217285
2015-06-05,28.81333351135254
2015-06-08,28.622957229614258
2015-06-09,28.537858963012695
2015-06-10,28.864843368530273
2015-06-11,28.799888610839844
2015-06-12,28.481861114501953
2015-06-15,28.42586898803711
2015-06-16,28.578166961669922
2015-06-17,28.51097869873047
2015-06-18,28.64088249206543
2015-06-19,28.354204177856445
2015-06-22,28.58040428161621
2015-06-23,28.450498580932617
2015-06-24,28.692394256591797
2015-06-25,28.555770874023438
2015-06-26,28.387798309326172
2015-06-29,27.890588760375977
2015-06-30,28.0921573638916
2015-07-01,28.354204177856445
2015-07-02,28.318368911743164
2015-07-06,28.219820022583008
2015-07-07,28.150392532348633
2015-07-08,27.451616287231445
2015-07-09,26.891698837280273
2015-07-10,27.610628128051758
2015-07-13,28.143672943115234
2015-07-14,28.132474899291992
2015-07-15,28.403474807739258
2015-07-16,28.781970977783203
2015-07-17,29.030582427978516
2015-07-20,29.579303741455078
2015-07-21,29.283658981323242
2015-07-22,28.045124053955078
2015-07-23,28.03169059753418
2015-07-24,27.88387680053711
2015-07-27,27.49640655517578
2015-07-28,27.633024215698242
2015-07-29,27.545684814453125
2015-07-30,27.406827926635742
2015-07-31,27.167173385620117
2015-08-03,26.526636123657227
2015-08-04,25.67555809020996
2015-08-05,25.84577178955078
2015-08-06,25.902015686035156
2015-08-07,25.989761352539062
2015-08-10,26.9346866607666
2015-08-11,25.533052444458008
2015-08-12,25.926767349243164
2015-08-13,25.906517028808594
2015-08-14,26.088747024536133
2015-08-17,26.35873031616211
2015-08-18,26.210237503051758
2015-08-19,25.875022888183594
2015-08-20,25.344064712524414
2015-08-21,23.7939510345459
2015-08-24,23.200000762939453
2015-08-25,23.339487075805664
2015-08-26,24.67812156677246
2015-08-27,25.40480613708496
2015-08-28,25.48805809020996
2015-08-31,25.368810653686523
2015-09-01,24.234914779663086
2015-09-02,25.27431869506836
2015-09-03,24.83111000061035
2015-09-04,24.583629608154297
2015-09-08,25.26756477355957
2015-09-09,24.781612396240234
2015-09-10,25.326061248779297
2015-09-11,25.695035934448242
2015-09-14,25.942514419555664
2015-09-15,26.160743713378906
2015-09-16,26.189990997314453
2015-09-17,25.629791259765625
2015-09-18,25.524049758911133
2015-09-21,25.92001724243164
2015-09-22,25.51280975341797
2015-09-23,25.71978187561035
2015-09-24,25.87276840209961
2015-09-25,25.807527542114258
2015-09-28,25.29681968688965
2015-09-29,24.53639030456543
2015-09-30,24.81536102294922
2015-10-01,24.653377532958984
2015-10-02,24.833358764648438
2015-10-05,24.923351287841797
2015-10-06,25.04258918762207
2015-10-07,24.923351287841797
2015-10-08,24.6353702545166
2015-10-09,25.22482681274414
2015-10-12,25.107833862304688
2015-10-13,25.15058708190918
2015-10-14,24.79511833190918
2015-10-15,25.166332244873047
2015-10-16,24.981849670410156
2015-10-19,25.137086868286133
2015-10-20,25.59604263305664
2015-10-21,25.593795776367188
2015-10-22,25.985261917114258
2015-10-23,26.790685653686523
2015-10-26,25.935760498046875
2015-10-27,25.771530151367188
2015-10-28,26.833433151245117
2015-10-29,27.116910934448242
2015-10-30,26.885177612304688
2015-11-02,27.263145446777344
2015-11-03,27.57588005065918
2015-11-04,27.44763946533203
2015-11-05,27.321107864379883
2015-11-06,27.352733612060547
2015-11-09,27.24202537536621
2015-11-10,26.383440017700195
2015-11-11,26.234317779541016
2015-11-12,26.146196365356445
2015-11-13,25.382505416870117
2015-11-16,25.798248291015625
2015-11-17,25.687530517578125
2015-11-18,26.50092887878418
2015-11-19,26.83759307861328
2015-11-20,26.955078125
2015-11-23,26.604862213134766
2015-11-24,26.86017608642578
2015-11-25,26.668128967285156
2015-11-27,26.618423461914062
2015-11-30,26.72913932800293
2015-12-01,26.51222801208496
2015-12-02,26.272720336914062
2015-12-03,26.028705596923828
2015-12-04,26.894073486328125
2015-12-07,26.724609375
2015-12-08,26.713315963745117
2015-12-09,26.123613357543945
2015-12-10,26.247873306274414
2015-12-11,25.57230567932129
2015-12-14,25.414148330688477
2015-12-15,24.96451759338379
2015-12-16,25.156564712524414
2015-12-17,24.62334442138672
2015-12-18,23.956804275512695
2015-12-21,24.250530242919922
2015-12-22,24.227933883666992
2015-12-23,24.53973388671875
2015-12-24,24.408693313598633
2015-12-28,24.135303497314453
2015-12-29,24.569108963012695
2015-12-30,24.248268127441406
2015-12-31,23.782827377319336
2016-01-04,23.803157806396484
2016-01-05,23.206666946411133
2016-01-06,22.752525329589844
2016-01-07,21.79226303100586
2016-01-08,21.90749168395996
2016-01-11,22.26222801208496
2016-01-12,22.585325241088867
2016-01-13,22.00465202331543
2016-01-14,22.48590660095215
2016-01-15,21.94590950012207
2016-01-19,21.8397159576416
2016-01-20,21.869081497192383
2016-01-21,21.75837516784668
2016-01-22,22.915203094482422
2016-01-25,22.467845916748047
2016-01-26,22.592098236083984
2016-01-27,21.107654571533203
2016-01-28,21.259031295776367
2016-01-29,21.993349075317383
2016-02-01,21.787736892700195
2016-02-02,21.347156524658203
2016-02-03,21.769668579101562
2016-02-04,21.94459342956543
2016-02-05,21.35849380493164
2016-02-08,21.583385467529297
2016-02-09,21.57884407043457
2016-02-10,21.415285110473633
2016-02-11,21.28580093383789
2016-02-12,21.351675033569336
2016-02-16,21.953683853149414
2016-02-17,22.289888381958008
2016-02-18,21.867351531982422
2016-02-19,21.8173770904541
2016-02-22,22.008197784423828
2016-02-23,21.510692596435547
2016-02-24,21.831005096435547
2016-02-25,21.980937957763672
2016-02-26,22.015012741088867
2016-02-29,21.965038299560547
2016-03-01,22.837366104125977
2016-03-02,22.88734245300293
2016-03-03,23.057720184326172
2016-03-04,23.4007511138916
2016-03-07,23.141775131225586
2016-03-08,22.950944900512695
2016-03-09,22.97139549255371
2016-03-10,22.982757568359375
2016-03-11,23.23036766052246
2016-03-14,23.289432525634766
2016-03-15,23.757402420043945
2016-03-16,24.073177337646484
2016-03-17,24.034549713134766
2016-03-18,24.06180763244629
2016-03-21,24.059539794921875
2016-03-22,24.243547439575195
2016-03-23,24.109519958496094
2016-03-24,24.00501823425293
2016-03-28,23.895980834960938
2016-03-29,24.46163558959961
2016-03-30,24.888710021972656
2016-03-31,24.75922393798828
2016-04-01,24.986387252807617
2016-04-04,25.243093490600586
2016-04-05,24.94550132751465
2016-04-06,25.206748962402344
2016-04-07,24.65699577331543
2016-04-08,24.684255599975586
2016-04-11,24.766042709350586
2016-04-12,25.088621139526367
2016-04-13,25.452091217041016
2016-04-14,25.465721130371094
2016-04-15,24.954586029052734
2016-04-18,24.416196823120117
2016-04-19,24.286710739135742
2016-04-20,24.33668327331543
2016-04-21,24.073177337646484
2016-04-22,24.00728416442871
2016-04-25,23.87098503112793
2016-04-26,23.705154418945312
2016-04-27,22.221738815307617
2016-04-28,21.542497634887695
2016-04-29,21.294883728027344
2016-05-02,21.272171020507812
2016-05-03,21.622011184692383
2016-05-04,21.397111892700195
2016-05-05,21.310258865356445
2016-05-06,21.191415786743164
2016-05-09,21.207416534423828
2016-05-10,21.35140037536621
2016-05-11,21.143417358398438
2016-05-12,20.647459030151367
2016-05-13,20.68859100341797
2016-05-16,21.45652961730957
2016-05-17,21.367399215698242
2016-05-18,21.611948013305664
2016-05-19,21.529672622680664
2016-05-20,21.76279067993164
2016-05-23,22.039342880249023
2016-05-24,22.375320434570312
2016-05-25,22.768428802490234
2016-05-26,22.94898796081543
2016-05-27,22.935272216796875
2016-05-31,22.823278427124023
2016-06-01,22.503305435180664
2016-06-02,22.334178924560547
2016-06-03,22.379884719848633
2016-06-06,22.542156219482422
2016-06-07,22.63357925415039
2016-06-08,22.61301612854004
2016-06-09,22.775285720825195
2016-06-10,22.587873458862305
2016-06-13,22.247325897216797
2016-06-14,22.27475357055664
2016-06-15,22.201618194580078
2016-06-16,22.29532241821289
2016-06-17,21.78793716430664
2016-06-20,21.735366821289062
2016-06-21,21.920499801635742
2016-06-22,21.838224411010742
2016-06-23,21.96392059326172
2016-06-24,21.34682846069336
2016-06-27,21.035993576049805
2016-06-28,21.390254974365234
2016-06-29,21.575380325317383
2016-06-30,21.849647521972656
2016-07-01,21.915924072265625
2016-07-05,21.71023178100586
2016-07-06,21.833648681640625
2016-07-07,21.92735481262207
2016-07-08,22.096479415893555
2016-07-11,22.16505241394043
2016-07-12,22.265613555908203
2016-07-13,22.139909744262695
2016-07-14,22.578723907470703
2016-07-15,22.576440811157227
2016-07-18,22.81642723083496
2016-07-19,22.825565338134766
2016-07-20,22.84613609313965
2016-07-21,22.72500991821289
2016-07-22,22.54901885986328
2016-07-25,22.247325897216797
2016-07-26,22.09419822692871
2016-07-27,23.529510498046875
2016-07-28,23.847200393676758
2016-07-29,23.817493438720703
2016-08-01,24.238025665283203
2016-08-02,23.879188537597656
2016-08-03,24.17859649658203
2016-08-04,24.327970504760742
2016-08-05,24.69793128967285
2016-08-08,24.902441024780273
2016-08-09,25.003549575805664
2016-08-10,24.817413330078125
2016-08-11,24.80133628845215
2016-08-12,24.858783721923828
2016-08-15,25.15751075744629
2016-08-16,25.1345272064209
2016-08-17,25.097755432128906
2016-08-18,25.065589904785156
2016-08-19,25.12993621826172
2016-08-22,24.934614181518555
2016-08-23,25.012739181518555
2016-08-24,24.824304580688477
2016-08-25,24.718610763549805
2016-08-26,24.57383918762207
2016-08-29,24.546262741088867
2016-08-30,24.35783576965332
2016-08-31,24.380813598632812
2016-09-01,24.52558135986328
2016-09-02,24.755373001098633
2016-09-06,24.74847412109375
2016-09-07,24.900146484375
2016-09-08,24.24753189086914
2016-09-09,23.698333740234375
2016-09-12,24.229156494140625
2016-09-13,24.80592155456543
2016-09-14,25.683725357055664
2016-09-15,26.55693817138672
2016-09-16,26.407569885253906
2016-09-19,26.09964942932129
2016-09-20,26.097349166870117
2016-09-21,26.092758178710938
2016-09-22,26.3386287689209
2016-09-23,25.89973258972168
2016-09-26,25.938796997070312
2016-09-27,25.987051010131836
2016-09-28,26.184661865234375
2016-09-29,25.77794647216797
2016-09-30,25.977859497070312
2016-10-03,25.856069564819336
2016-10-04,25.96636962890625
2016-10-05,25.977859497070312
2016-10-06,26.17087745666504
2016-10-07,26.209945678710938
2016-10-10,26.667234420776367
2016-10-11,26.724681854248047
2016-10-12,26.96366310119629
2016-10-13,26.880939483642578
2016-10-14,27.030305862426758
2016-10-17,27.011926651000977
2016-10-18,26.99353790283203
2016-10-19,26.913105010986328
2016-10-20,26.899322509765625
2016-10-21,26.79361915588379
2016-10-24,27.03489875793457
2016-10-25,27.172773361206055
2016-10-26,26.561525344848633
2016-10-27,26.306461334228516
2016-10-28,26.13182258605957
2016-10-31,26.0904598236084
2016-11-01,25.61939239501953
2016-11-02,25.642366409301758
2016-11-03,25.367511749267578
2016-11-04,25.13884925842285
2016-11-07,25.501468658447266
2016-11-08,25.6516056060791
2016-11-09,25.610031127929688
2016-11-10,24.89632797241211
2016-11-11,25.044151306152344
2016-11-14,24.415910720825195
2016-11-15,24.739269256591797
2016-11-16,25.404468536376953
2016-11-17,25.395221710205078
2016-11-18,25.420639038085938
2016-11-21,25.806358337402344
2016-11-22,25.82252311706543
2016-11-23,25.690872192382812
2016-11-25,25.820213317871094
2016-11-28,25.7694034576416
2016-11-29,25.743993759155273
2016-11-30,25.526884078979492
2016-12-01,25.288978576660156
2016-12-02,25.383684158325195
2016-12-05,25.20121192932129
2016-12-06,25.395221710205078
2016-12-07,25.644678115844727
2016-12-08,25.896440505981445
2016-12-09,26.319101333618164
2016-12-12,26.168983459472656
2016-12-13,26.605512619018555
2016-12-14,26.605512619018555
2016-12-15,26.751026153564453
2016-12-16,26.785669326782227
2016-12-19,26.940420150756836
2016-12-20,27.012020111083984
2016-12-21,27.037431716918945
2016-12-22,26.85958480834961
2016-12-23,26.912704467773438
2016-12-27,27.083621978759766
2016-12-28,26.968128204345703
2016-12-29,26.961217880249023
2016-12-30,26.751026153564453
2017-01-03,26.82724952697754
2017-01-04,26.797224044799805
2017-01-05,26.93349266052246
2017-01-06,27.233753204345703
2017-01-09,27.483205795288086
2017-01-10,27.510915756225586
2017-01-11,27.658740997314453
2017-01-12,27.543254852294922
2017-01-13,27.494749069213867
2017-01-17,27.71648406982422
2017-01-18,27.714174270629883
2017-01-19,27.665672302246094
2017-01-20,27.71648406982422
2017-01-23,27.73496437072754
2017-01-24,27.709552764892578
2017-01-25,28.150705337524414
2017-01-26,28.164566040039062
2017-01-27,28.166872024536133
2017-01-30,28.09296417236328
2017-01-31,28.02829360961914
2017-02-01,29.73747444152832
2017-02-02,29.686668395996094
2017-02-03,29.813705444335938
2017-02-06,30.093172073364258
2017-02-07,30.37957763671875
2017-02-08,30.497360229492188
2017-02-09,30.717735290527344
2017-02-10,30.648160934448242
2017-02-13,30.919553756713867
2017-02-14,31.32086181640625
2017-02-15,31.434532165527344
2017-02-16,31.39742088317871
2017-02-17,31.48326301574707
2017-02-21,31.710582733154297
2017-02-22,31.80568504333496
2017-02-23,31.67115592956543
2017-02-24,31.701309204101562
2017-02-27,31.763944625854492
2017-02-28,31.777856826782227
2017-03-01,32.427371978759766
2017-03-02,32.23484420776367
2017-03-03,32.4250602722168
2017-03-06,32.322998046875
2017-03-07,32.36474609375
2017-03-08,32.24411392211914
2017-03-09,32.16987991333008
2017-03-10,32.27659225463867
2017-03-13,32.290523529052734
2017-03-14,32.241798400878906
2017-03-15,32.58280944824219
2017-03-16,32.63615417480469
2017-03-17,32.4737663269043
2017-03-20,32.814781188964844
2017-03-21,32.438968658447266
2017-03-22,32.80550765991211
2017-03-23,32.68949890136719
2017-03-24,32.62455368041992
2017-03-27,32.680233001708984
2017-03-28,33.35757827758789
2017-03-29,33.43181228637695
2017-03-30,33.38774108886719
2017-03-31,33.32510757446289
2017-04-03,33.33438491821289
2017-04-04,33.58259963989258
2017-04-05,33.408626556396484
2017-04-06,33.32510757446289
2017-04-07,33.25087356567383
2017-04-10,33.2114372253418
2017-04-11,32.85419464111328
2017-04-12,32.89364242553711
2017-04-13,32.71966552734375
2017-04-17,32.900596618652344
2017-04-18,32.75445556640625
2017-04-19,32.63384246826172
2017-04-20,33.042110443115234
2017-04-21,33.0026741027832
2017-04-24,33.32046890258789
2017-04-25,33.526920318603516
2017-04-26,33.329750061035156
2017-04-27,33.35526657104492
2017-04-28,33.322792053222656
2017-05-01,34.002464294433594
2017-05-02,34.218196868896484
2017-05-03,34.11381530761719
2017-05-04,33.990875244140625
2017-05-05,34.5545654296875
2017-05-08,35.49403762817383
2017-05-09,35.72138595581055
2017-05-10,35.55202865600586
2017-05-11,35.85950469970703
2017-05-12,36.36030578613281
2017-05-15,36.26713943481445
2017-05-16,36.213565826416016
2017-05-17,34.99766540527344
2017-05-18,35.531070709228516
2017-05-19,35.652198791503906
2017-05-22,35.86882400512695
2017-05-23,35.824562072753906
2017-05-24,35.71742248535156
2017-05-25,35.840877532958984
2017-05-26,35.780303955078125
2017-05-30,35.79427719116211
2017-05-31,35.582313537597656
2017-06-01,35.680145263671875
2017-06-02,36.20889663696289
2017-06-05,35.8548469543457
2017-06-06,35.97596740722656
2017-06-07,36.190269470214844
2017-06-08,36.10174560546875
2017-06-09,34.70185089111328
2017-06-12,33.87260818481445
2017-06-13,34.14514923095703
2017-06-14,33.812049865722656
2017-06-15,33.609413146972656
2017-06-16,33.13888931274414
2017-06-19,34.086910247802734
2017-06-20,33.77710723876953
2017-06-21,33.9774284362793
2017-06-22,33.921539306640625
2017-06-23,34.07294464111328
2017-06-26,33.96580123901367
2017-06-27,33.478973388671875
2017-06-28,33.968116760253906
2017-06-29,33.46731185913086
2017-06-30,33.54651641845703
2017-07-03,33.4254035949707
2017-07-05,33.56281661987305
2017-07-06,33.246028900146484
2017-07-07,33.58378982543945
2017-07-10,33.788753509521484
2017-07-11,33.89824295043945
2017-07-12,33.9471549987793
2017-07-13,34.420005798339844
2017-07-14,34.715824127197266
2017-07-17,34.836944580078125
2017-07-18,34.958065032958984
2017-07-19,35.17703628540039
2017-07-20,35.018619537353516
2017-07-21,35.00232696533203
2017-07-24,35.426265716552734
2017-07-25,35.57767105102539
2017-07-26,35.74538040161133
2017-07-27,35.06987380981445
2017-07-28,34.82295608520508
2017-07-31,34.643611907958984
2017-08-01,34.95108413696289
2017-08-02,36.60255432128906
2017-08-03,36.23685836791992
2017-08-04,36.42784881591797
2017-08-07,36.99155044555664
2017-08-08,37.28736114501953
2017-08-09,37.51564025878906
2017-08-10,36.32069778442383
2017-08-11,36.82579040527344
2017-08-14,37.380008697509766
2017-08-15,37.789241790771484
2017-08-16,37.637229919433594
2017-08-17,36.9146614074707
2017-08-18,36.83047866821289
2017-08-21,36.762657165527344
2017-08-22,37.3636474609375
2017-08-23,37.410400390625
2017-08-24,37.244388580322266
2017-08-25,37.38234329223633
2017-08-28,37.758827209472656
2017-08-29,38.0955696105957
2017-08-30,38.19845199584961
2017-08-31,38.35044860839844
2017-09-01,38.362152099609375
2017-09-05,37.90148162841797
2017-09-06,37.861724853515625
2017-09-07,37.7097282409668
2017-09-08,37.0947151184082
2017-09-11,37.76585006713867
2017-09-12,37.616188049316406
2017-09-13,37.33323669433594
2017-09-14,37.01287078857422
2017-09-15,37.387020111083984
2017-09-18,37.10408020019531
2017-09-19,37.118106842041016
2017-09-20,36.49608612060547
2017-09-21,35.869384765625
2017-09-22,35.51861572265625
2017-09-25,35.20525360107422
2017-09-26,35.810909271240234
2017-09-27,36.06578826904297
2017-09-28,35.843650817871094
2017-09-29,36.04008865356445
2017-10-02,35.96759033203125
2017-10-03,36.124263763427734
2017-10-04,35.89042663574219
2017-10-05,36.33706283569336
2017-10-06,36.31601333618164
2017-10-09,36.442298889160156
2017-10-10,36.45632553100586
2017-10-11,36.60832214355469
2017-10-12,36.479705810546875
2017-10-13,36.71120071411133
2017-10-16,37.387020111083984
2017-10-17,37.52499771118164
2017-10-18,37.35896301269531
2017-10-19,36.475032806396484
2017-10-20,36.53817367553711
2017-10-23,36.51945877075195
2017-10-24,36.7369384765625
2017-10-25,36.57558822631836
2017-10-26,36.80942916870117
2017-10-27,38.12830352783203
2017-10-30,38.98652267456055
2017-10-31,39.52903366088867
2017-11-01,39.02627182006836
2017-11-02,39.31156539916992
2017-11-03,40.33814239501953
2017-11-06,40.74736785888672
2017-11-07,40.87831497192383
2017-11-08,41.21272277832031
2017-11-09,41.12854766845703
2017-11-10,40.9924201965332
2017-11-13,40.8281364440918
2017-11-14,40.210906982421875
2017-11-15,39.68052291870117
2017-11-16,40.15459060668945
2017-11-17,39.931640625
2017-11-20,39.891761779785156
2017-11-21,40.63335037231445
2017-11-22,41.06047058105469
2017-11-24,41.06282043457031
2017-11-27,40.856292724609375
2017-11-28,40.616912841796875
2017-11-29,39.77440643310547
2017-11-30,40.33060836791992
2017-12-01,40.14285659790039
2017-12-04,39.84950256347656
2017-12-05,39.811946868896484
2017-12-06,39.66409683227539
2017-12-07,39.73685836791992
2017-12-08,39.74858474731445
2017-12-11,40.52304458618164
2017-12-12,40.29539489746094
2017-12-13,40.429176330566406
2017-12-14,40.417442321777344
2017-12-15,40.8281364440918
2017-12-18,41.40311050415039
2017-12-19,40.9619026184082
2017-12-20,40.91732406616211
2017-12-21,41.072200775146484
2017-12-22,41.072200775146484
2017-12-26,40.030208587646484
2017-12-27,40.037254333496094
2017-12-28,40.14989471435547
2017-12-29,39.71573257446289
2018-01-02,40.42681884765625
2018-01-03,40.41978454589844
2018-01-04,40.607540130615234
2018-01-05,41.06986999511719
2018-01-08,40.91732406616211
2018-01-09,40.91262435913086
2018-01-10,40.903236389160156
2018-01-11,41.13556671142578
2018-01-12,41.56036376953125
2018-01-16,41.34914016723633
2018-01-17,42.032073974609375
2018-01-18,42.069618225097656
2018-01-19,41.88188171386719
2018-01-22,41.53923416137695
2018-01-23,41.54861831665039
2018-01-24,40.886810302734375
2018-01-25,40.156925201416016
2018-01-26,40.25080108642578
2018-01-29,39.41768264770508
2018-01-30,39.18534469604492
2018-01-31,39.29330062866211
2018-02-01,39.37543869018555
2018-02-02,37.66691970825195
2018-02-05,36.72584915161133
2018-02-06,38.26068878173828
2018-02-07,37.44162368774414
2018-02-08,36.41136169433594
2018-02-09,36.85673522949219
2018-02-12,38.34127426147461
2018-02-13,38.725372314453125
2018-02-14,39.43936538696289
2018-02-15,40.763671875
2018-02-16,40.6317138671875
2018-02-20,40.49504470825195
2018-02-21,40.31123733520508
2018-02-22,40.64820098876953
2018-02-23,41.35512924194336
2018-02-26,42.17280578613281
2018-02-27,42.03612518310547
2018-02-28,41.97251892089844
2018-03-01,41.2373161315918
2018-03-02,41.52243423461914
2018-03-05,41.66618347167969
2018-03-06,41.630828857421875
2018-03-07,41.244380950927734
2018-03-08,41.694454193115234
2018-03-09,42.410804748535156
2018-03-12,42.82081604003906
2018-03-13,42.408447265625
2018-03-14,42.04792022705078
2018-03-15,42.09739685058594
2018-03-16,41.948944091796875
2018-03-19,41.308006286621094
2018-03-20,41.29385757446289
2018-03-21,40.358360290527344
2018-03-22,39.78810501098633
2018-03-23,38.866756439208984
2018-03-26,40.711830139160156
2018-03-27,39.66792678833008
2018-03-28,39.22964859008789
2018-03-29,39.53597640991211
2018-04-02,39.27677536010742
2018-04-03,39.67972183227539
2018-04-04,40.43848419189453
2018-04-05,40.718902587890625
2018-04-06,39.6773681640625
2018-04-09,40.07088088989258
2018-04-10,40.82493209838867
2018-04-11,40.634071350097656
2018-04-12,41.03465270996094
2018-04-13,41.17367935180664
2018-04-16,41.4305419921875
2018-04-17,42.00079345703125
2018-04-18,41.90653610229492
2018-04-19,40.718902587890625
2018-04-20,39.05055618286133
2018-04-23,38.93743896484375
2018-04-24,38.395469665527344
2018-04-25,38.56277847290039
2018-04-26,38.697086334228516
2018-04-27,38.24937057495117
2018-04-30,38.94215774536133
2018-05-01,39.84701919555664
2018-05-02,41.60727310180664
2018-05-03,41.682674407958984
2018-05-04,43.31802749633789
2018-05-07,43.63142395019531
2018-05-08,43.84115982055664
2018-05-09,44.14984130859375
2018-05-10,44.78135681152344
2018-05-11,44.61104202270508
2018-05-14,44.50696563720703
2018-05-15,44.10246276855469
2018-05-16,44.5140495300293
2018-05-17,44.23256301879883
2018-05-18,44.07170486450195
2018-05-21,44.383949279785156
2018-05-22,44.27277755737305
2018-05-23,44.55662155151367
2018-05-24,44.50696563720703
2018-05-25,44.608680725097656
2018-05-29,44.44783401489258
2018-05-30,44.35319900512695
2018-05-31,44.20417022705078
2018-06-01,45.00135803222656
2018-06-04,45.377464294433594
2018-06-05,45.727561950683594
2018-06-06,45.88605499267578
2018-06-07,45.763038635253906
2018-06-08,45.34671401977539
2018-06-11,45.23553466796875
2018-06-12,45.483909606933594
2018-06-13,45.110164642333984
2018-06-14,45.133819580078125
2018-06-15,44.67018127441406
2018-06-18,44.64651870727539
2018-06-19,43.925048828125
2018-06-20,44.11664962768555
2018-06-21,43.870635986328125
2018-06-22,43.742897033691406
2018-06-25,43.09239196777344
2018-06-26,43.62699890136719
2018-06-27,43.56311798095703
2018-06-28,43.88010787963867
2018-06-29,43.787845611572266
2018-07-02,44.27750778198242
2018-07-03,43.506343841552734
2018-07-05,43.85646057128906
2018-07-06,44.4643669128418
2018-07-09,45.081787109375
2018-07-10,45.027374267578125
2018-07-11,44.44309997558594
2018-07-12,45.1882209777832
2018-07-13,45.259193420410156
2018-07-16,45.159847259521484
2018-07-17,45.287574768066406
2018-07-18,45.03920364379883
2018-07-19,45.3892936706543
2018-07-20,45.28520584106445
2018-07-23,45.32543182373047
2018-07-24,45.65423583984375
2018-07-25,46.084754943847656
2018-07-26,45.94045639038086
2018-07-27,45.1763916015625
2018-07-30,44.92329406738281
2018-07-31,45.01318359375
2018-08-01,47.6649169921875
2018-08-02,49.05818176269531
2018-08-03,49.20011520385742
2018-08-06,49.455604553222656
2018-08-07,48.9919548034668
2018-08-08,49.02507019042969
2018-08-09,49.41066360473633
2018-08-10,49.26347732543945
2018-08-13,49.58155822753906
2018-08-14,49.790462493896484
2018-08-15,49.906768798828125
2018-08-16,50.63791275024414
2018-08-17,51.64915084838867
2018-08-20,51.145912170410156
2018-08-21,51.046199798583984
2018-08-22,51.04857635498047
2018-08-23,51.15301513671875
2018-08-24,51.31206512451172
2018-08-27,51.73460388183594
2018-08-28,52.15239715576172
2018-08-29,52.930999755859375
2018-08-30,53.417633056640625
2018-08-31,54.034820556640625
2018-09-04,54.20810317993164
2018-09-05,53.854408264160156
2018-09-06,52.95948791503906
2018-09-07,52.53219985961914
2018-09-10,51.827178955078125
2018-09-11,53.13751983642578
2018-09-12,52.477603912353516
2018-09-13,53.74521255493164
2018-09-14,53.1351432800293
2018-09-17,51.72035217285156
2018-09-18,51.80582046508789
2018-09-19,51.83667755126953
2018-09-20,52.23072814941406
2018-09-21,51.66813659667969
2018-09-24,52.4111328125
2018-09-25,52.743465423583984
2018-09-26,52.32330322265625
2018-09-27,53.39863204956055
2018-09-28,53.58616638183594
2018-10-01,53.946990966796875
2018-10-02,54.426490783691406
2018-10-03,55.08879089355469
2018-10-04,54.12027359008789
2018-10-05,53.24196243286133
2018-10-08,53.118526458740234
2018-10-09,53.854408264160156
2018-10-10,51.35954666137695
2018-10-11,50.906150817871094
2018-10-12,52.7244873046875
2018-10-15,51.596927642822266
2018-10-16,52.733985900878906
2018-10-17,52.50609588623047
2018-10-18,51.27882766723633
2018-10-19,52.059814453125
2018-10-22,52.37790298461914
2018-10-23,52.87165451049805
2018-10-24,51.05807113647461
2018-10-25,52.1761360168457
2018-10-26,51.345306396484375
2018-10-29,50.38153076171875
2018-10-30,50.6331672668457
2018-10-31,51.95298385620117
2018-11-01,52.75058364868164
2018-11-02,49.25160217285156
2018-11-05,47.85343933105469
2018-11-06,48.370933532714844
2018-11-07,49.83794021606445
2018-11-08,49.664039611816406
2018-11-09,48.706451416015625
2018-11-12,46.252899169921875
2018-11-13,45.790771484375
2018-11-14,44.49730682373047
2018-11-15,45.59543991088867
2018-11-16,46.10044479370117
2018-11-19,44.27339172363281
2018-11-20,42.158103942871094
2018-11-21,42.11046600341797
2018-11-23,41.04090118408203
2018-11-26,41.59592056274414
2018-11-27,41.505409240722656
2018-11-28,43.101409912109375
2018-11-29,42.77029800415039
2018-11-30,42.53923797607422
2018-12-03,44.02565383911133
2018-12-04,42.08900451660156
2018-12-06,41.619747161865234
2018-12-07,40.13571548461914
2018-12-10,40.40012741088867
2018-12-11,40.169063568115234
2018-12-12,40.281028747558594
2018-12-13,40.72170639038086
2018-12-14,39.41870880126953
2018-12-17,39.05186080932617
2018-12-18,39.55925750732422
2018-12-19,38.32533264160156
2018-12-20,37.35820770263672
2018-12-21,35.90513610839844
2018-12-24,34.97612380981445
2018-12-26,37.43920135498047
2018-12-27,37.196224212646484
2018-12-28,37.21528244018555
2018-12-31,37.574981689453125
2019-01-02,37.61784362792969
2019-01-03,33.87084197998047
2019-01-04,35.31675720214844
2019-01-07,35.238136291503906
2019-01-08,35.9099006652832
2019-01-09,36.51972198486328
2019-01-10,36.636436462402344
2019-01-11,36.27672576904297
2019-01-14,35.73123550415039
2019-01-15,36.462554931640625
2019-01-16,36.90799331665039
2019-01-17,37.12713623046875
2019-01-18,37.35581970214844
2019-01-22,36.517337799072266
2019-01-23,36.66502380371094
2019-01-24,36.37439727783203
2019-01-25,37.57973861694336
2019-01-28,37.23195266723633
2019-01-29,36.8460578918457
2019-01-30,39.36392593383789
2019-01-31,39.64738464355469
2019-02-01,39.666446685791016
2019-02-04,40.79317092895508
2019-02-05,41.49111557006836
2019-02-06,41.505409240722656
2019-02-07,40.71932601928711
2019-02-08,40.76716613769531
2019-02-11,40.5327262878418
2019-02-12,40.881996154785156
2019-02-13,40.712154388427734
2019-02-14,40.8604621887207
2019-02-15,40.76956558227539
2019-02-19,40.89157485961914
2019-02-20,41.154727935791016
2019-02-21,40.92266845703125
2019-02-22,41.37959671020508
2019-02-25,41.6810302734375
2019-02-26,41.704952239990234
2019-02-27,41.834136962890625
2019-02-28,41.422664642333984
2019-03-01,41.858062744140625
2019-03-04,42.068580627441406
2019-03-05,41.992027282714844
2019-03-06,41.75041198730469
2019-03-07,41.26716232299805
2019-03-08,41.3652458190918
2019-03-11,42.79823684692383
2019-03-12,43.279083251953125
2019-03-13,43.47046661376953
2019-03-14,43.953697204589844
2019-03-15,44.52547836303711
2019-03-18,44.98000717163086
2019-03-19,44.623558044433594
2019-03-20,45.01350784301758
2019-03-21,46.671363830566406
2019-03-22,45.70486831665039
2019-03-25,45.152259826660156
2019-03-26,44.68575668334961
2019-03-27,45.08765411376953
2019-03-28,45.14746856689453
2019-03-29,45.441715240478516
2019-04-01,45.75033950805664
2019-04-02,46.41539764404297
2019-04-03,46.73356246948242
2019-04-04,46.81489944458008
2019-04-05,47.1282958984375
2019-04-08,47.86990737915039
2019-04-09,47.72636413574219
2019-04-10,47.99429702758789
2019-04-11,47.594791412353516
2019-04-12,47.575653076171875
2019-04-15,47.66177749633789
2019-04-16,47.66655349731445
2019-04-17,48.59477615356445
2019-04-18,48.7694091796875
2019-04-22,48.929691314697266
2019-04-23,49.63542938232422
2019-04-24,49.55885696411133
2019-04-25,49.10911560058594
2019-04-26,48.874671936035156
2019-04-29,48.9488410949707
2019-04-30,48.006263732910156
2019-05-01,50.3626823425293
2019-05-02,50.03494644165039
2019-05-03,50.656944274902344
2019-05-06,49.87464904785156
2019-05-07,48.530181884765625
2019-05-08,48.53974914550781
2019-05-09,48.01823806762695
2019-05-10,47.353004455566406
2019-05-13,44.60087585449219
2019-05-14,45.30693054199219
2019-05-15,45.849666595458984
2019-05-16,45.647945404052734
2019-05-17,45.38856887817383
2019-05-20,43.96928024291992
2019-05-21,44.81221389770508
2019-05-22,43.89482879638672
2019-05-23,43.14555740356445
2019-05-24,42.9798583984375
2019-05-28,42.80214309692383
2019-05-29,42.598018646240234
2019-05-30,42.818965911865234
2019-05-31,42.043277740478516
2019-06-03,41.61820602416992
2019-06-04,43.1407585144043
2019-06-05,43.837188720703125
2019-06-06,44.480804443359375
2019-06-07,45.66474533081055
2019-06-10,46.24830627441406
2019-06-11,46.78384780883789
2019-06-12,46.63496017456055
2019-06-13,46.62534713745117
2019-06-14,46.2867431640625
2019-06-17,46.56291961669922
2019-06-18,47.657997131347656
2019-06-19,47.51871871948242
2019-06-20,47.90055465698242
2019-06-21,47.73725128173828
2019-06-24,47.6892204284668
2019-06-25,46.96637725830078
2019-06-26,47.98220443725586
2019-06-27,47.96780014038086
2019-06-28,47.53071594238281
2019-07-01,48.40247344970703
2019-07-02,48.685848236083984
2019-07-03,49.08930969238281
2019-07-05,49.04607391357422
2019-07-08,48.03504180908203
2019-07-09,48.32802963256836
2019-07-10,48.80592727661133
2019-07-11,48.45050048828125
2019-07-12,48.82274627685547
2019-07-15,49.28142547607422
2019-07-16,49.110923767089844
2019-07-17,48.83475112915039
2019-07-18,49.389495849609375
2019-07-19,48.6522216796875
2019-07-22,49.764122009277344
2019-07-23,50.153175354003906
2019-07-24,50.11235046386719
2019-07-25,49.71609878540039
2019-07-26,49.88900375366211
2019-07-29,50.35490417480469
2019-07-30,50.13876724243164
2019-07-31,51.16180419921875
2019-08-01,50.054718017578125
2019-08-02,48.995643615722656
2019-08-05,46.43083190917969
2019-08-06,47.30978012084961
2019-08-07,47.7996826171875
2019-08-08,48.85395812988281
2019-08-09,48.45138168334961
2019-08-12,48.32844543457031
2019-08-13,50.375064849853516
2019-08-14,48.87565612792969
2019-08-15,48.632179260253906
2019-08-16,49.779632568359375
2019-08-19,50.70772933959961
2019-08-20,50.71014404296875
2019-08-21,51.25977325439453
2019-08-22,51.21638488769531
2019-08-23,48.8491325378418
2019-08-26,49.7772331237793
2019-08-27,49.21555709838867
2019-08-28,49.54580307006836
2019-08-29,50.384708404541016
2019-08-30,50.319618225097656
2019-09-03,49.586788177490234
2019-09-04,50.428104400634766
2019-09-05,51.4140510559082
2019-09-06,51.40922546386719
2019-09-09,51.628604888916016
2019-09-10,52.238494873046875
2019-09-11,53.899417877197266
2019-09-12,53.778892517089844
2019-09-13,52.732666015625
2019-09-16,53.009891510009766
2019-09-17,53.2027473449707
2019-09-18,53.701751708984375
2019-09-19,53.26542282104492
2019-09-20,52.486785888671875
2019-09-23,52.72542953491211
2019-09-24,52.474735260009766
2019-09-25,53.28229522705078
2019-09-26,53.00748062133789
2019-09-27,52.74954605102539
2019-09-30,53.99102020263672
2019-10-01,54.140472412109375
2019-10-02,52.783294677734375
2019-10-03,53.23167037963867
2019-10-04,54.72385025024414
2019-10-07,54.73590850830078
2019-10-08,54.09467697143555
2019-10-09,54.72867965698242
2019-10-10,55.466331481933594
2019-10-11,56.94164276123047
2019-10-14,56.859676361083984
2019-10-15,56.72709655761719
2019-10-16,56.49808120727539
2019-10-17,56.71745300292969
2019-10-18,56.98984909057617
2019-10-21,57.97821044921875
2019-10-22,57.84563064575195
2019-10-23,58.62186050415039
2019-10-24,58.718284606933594
2019-10-25,59.44147872924805
2019-10-28,60.036895751953125
2019-10-29,58.64836883544922
2019-10-30,58.64113998413086
2019-10-31,59.96698760986328
2019-11-01,61.668907165527344
2019-11-04,62.07387924194336
2019-11-05,61.98469543457031
2019-11-06,62.011192321777344
2019-11-07,62.726898193359375
2019-11-08,62.898582458496094
2019-11-11,63.39665603637695
2019-11-12,63.33860397338867
2019-11-13,63.94551467895508
2019-11-14,63.50303268432617
2019-11-15,64.25743103027344
2019-11-18,64.58141326904297
2019-11-19,64.38555145263672
2019-11-20,63.636009216308594
2019-11-21,63.350711822509766
2019-11-22,63.29510498046875
2019-11-25,64.40489196777344
2019-11-26,63.90196228027344
2019-11-27,64.76032257080078
2019-11-29,64.61769104003906
2019-12-02,63.87055206298828
2019-12-03,62.73174285888672
2019-12-04,63.28542709350586
2019-12-05,64.21387481689453
2019-12-06,65.4542465209961
2019-12-09,64.53788757324219
2019-12-10,64.91507720947266
2019-12-11,65.46875
2019-12-12,65.6355972290039
2019-12-13,66.52778625488281
2019-12-16,67.6666030883789
2019-12-17,67.79959869384766
2019-12-18,67.6375961303711
2019-12-19,67.7052993774414
2019-12-20,67.5650634765625
2019-12-23,68.66761016845703
2019-12-24,68.7328872680664
2019-12-26,70.0965805053711
2019-12-27,70.06997680664062
2019-12-30,70.48584747314453
2019-12-31,71.00086975097656
2020-01-02,72.62084197998047
2020-01-03,71.91480255126953
2020-01-06,72.48785400390625
2020-01-07,72.14692687988281
2020-01-08,73.30752563476562
2020-01-09,74.8646240234375
2020-01-10,75.03388977050781
2020-01-13,76.63691711425781
2020-01-14,75.6020736694336
2020-01-15,75.27806091308594
2020-01-16,76.22102355957031
2020-01-17,77.06488800048828
2020-01-21,76.5426254272461
2020-01-22,76.81584167480469
2020-01-23,77.18577575683594
2020-01-24,76.96334075927734
2020-01-27,74.70021057128906
2020-01-28,76.81342315673828
2020-01-29,78.42131805419922
2020-01-30,78.30766296386719
2020-01-31,74.83562469482422
2020-02-03,74.63008117675781
2020-02-04,77.09392547607422
2020-02-05,77.72257232666016
2020-02-06,78.63167572021484
2020-02-07,77.56285095214844
2020-02-10,77.9312515258789
2020-02-11,77.4610595703125
2020-02-12,79.30058288574219
2020-02-13,78.73589324951172
2020-02-14,78.7552719116211
2020-02-18,77.31321716308594
2020-02-19,78.43292236328125
2020-02-20,77.62828826904297
2020-02-21,75.87117004394531
2020-02-24,72.26726531982422
2020-02-25,69.81940460205078
2020-02-26,70.92700958251953
2020-02-27,66.2906494140625
2020-02-28,66.25186920166016
2020-03-02,72.41995239257812
2020-03-03,70.11991882324219
2020-03-04,73.37242126464844
2020-03-05,70.9924545288086
2020-03-06,70.04965209960938
2020-03-09,64.50926971435547
2020-03-10,69.15536499023438
2020-03-11,66.75355529785156
2020-03-12,60.16132736206055
2020-03-13,67.36913299560547
2020-03-16,58.702308654785156
2020-03-17,61.28345489501953
2020-03-18,59.783241271972656
2020-03-19,59.32517623901367
2020-03-20,55.55888366699219
2020-03-23,54.37858581542969
2020-03-24,59.834129333496094
2020-03-25,59.504520416259766
2020-03-26,62.635833740234375
2020-03-27,60.04256057739258
2020-03-30,61.75605773925781
2020-03-31,61.630027770996094
2020-04-01,58.387237548828125
2020-04-02,59.36152648925781
2020-04-03,58.508426666259766
2020-04-06,63.61253356933594
2020-04-07,62.87576675415039
2020-04-08,64.48505401611328
2020-04-09,64.95037841796875
2020-04-13,66.2251968383789
2020-04-14,69.56977844238281
2020-04-15,68.934814453125
2020-04-16,69.48253631591797
2020-04-17,68.53972625732422
2020-04-20,67.11710357666016
2020-04-21,65.04248809814453
2020-04-22,66.91590881347656
2020-04-23,66.6566162109375
2020-04-24,68.58096313476562
2020-04-27,68.62942504882812
2020-04-28,67.51697540283203
2020-04-29,69.73458099365234
2020-04-30,71.20571899414062
2020-05-01,70.05934143066406
2020-05-04,71.05060577392578
2020-05-05,72.11699676513672
2020-05-06,72.8610610961914
2020-05-07,73.6147689819336
2020-05-08,75.36695098876953
2020-05-11,76.55287170410156
2020-05-12,75.6780014038086
2020-05-13,74.7642593383789
2020-05-14,75.22355651855469
2020-05-15,74.77883911132812
2020-05-18,76.54071044921875
2020-05-19,76.09843444824219
2020-05-20,77.57841491699219
2020-05-21,77.00003051757812
2020-05-22,77.49576568603516
2020-05-26,76.97086334228516
2020-05-27,77.30622100830078
2020-05-28,77.34025573730469
2020-05-29,77.26492309570312
2020-06-01,78.21511840820312
2020-06-02,78.57720184326172
2020-06-03,79.00977325439453
2020-06-04,78.32931518554688
2020-06-05,80.56022644042969
2020-06-08,81.03653717041016
2020-06-09,83.59552001953125
2020-06-10,85.7462158203125
2020-06-11,81.6295166015625
2020-06-12,82.3342514038086
2020-06-15,83.35249328613281
2020-06-16,85.56151580810547
2020-06-17,85.44245147705078
2020-06-18,85.47647094726562
2020-06-19,84.9880142211914
2020-06-22,87.21161651611328
2020-06-23,89.07312774658203
2020-06-24,87.50079345703125
2020-06-25,88.66242218017578
2020-06-26,85.93817901611328
2020-06-29,87.91879272460938
2020-06-30,88.6526870727539
2020-07-01,88.4850082397461
2020-07-02,88.4850082397461
2020-07-06,90.85202026367188
2020-07-07,90.57011413574219
2020-07-08,92.67948913574219
2020-07-09,93.07804870605469
2020-07-10,93.24088287353516
2020-07-13,92.81072998046875
2020-07-14,94.34659576416016
2020-07-15,94.99543762207031
2020-07-16,93.82655334472656
2020-07-17,93.63697814941406
2020-07-20,95.61028289794922
2020-07-21,94.29070281982422
2020-07-22,94.55559539794922
2020-07-23,90.25174713134766
2020-07-24,90.02816772460938
2020-07-27,92.16187286376953
2020-07-28,90.64786529541016
2020-07-29,92.38544464111328
2020-07-30,93.50332641601562
2020-07-31,103.29207611083984
2020-08-03,105.894775390625
2020-08-04,106.6019515991211
2020-08-05,106.98835754394531
2020-08-06,110.7210922241211
2020-08-07,108.20377349853516
2020-08-10,109.77649688720703
2020-08-11,106.51173400878906
2020-08-12,110.05159759521484
2020-08-13,111.99925231933594
2020-08-14,111.89942932128906
2020-08-17,111.60726165771484
2020-08-18,112.53728485107422
2020-08-19,112.678466796875
2020-08-20,115.17876434326172
2020-08-21,121.11421203613281
2020-08-24,122.56275939941406
2020-08-25,121.55729675292969
2020-08-26,123.21035766601562
2020-08-27,121.73746490478516
2020-08-28,121.54024505615234
2020-08-31,125.6619644165039
2020-09-01,130.66738891601562
2020-09-02,127.96015167236328
2020-09-03,117.71556854248047
2020-09-04,117.79348754882812
2020-09-08,109.86656951904297
2020-09-09,114.2487564086914
2020-09-10,110.51903533935547
2020-09-11,109.06803894042969
2020-09-14,112.3400650024414
2020-09-15,112.51536560058594
2020-09-16,109.19461822509766
2020-09-17,107.45148468017578
2020-09-18,104.04309844970703
2020-09-21,107.19830322265625
2020-09-22,108.88301086425781
2020-09-23,104.31580352783203
2020-09-24,105.38700866699219
2020-09-25,109.34070587158203
2020-09-28,111.9505386352539
2020-09-29,111.10331726074219
2020-09-30,112.77828979492188
2020-10-01,113.7326431274414
2020-10-02,110.06134033203125
2020-10-05,113.45023345947266
2020-10-06,110.19766235351562
2020-10-07,112.06739807128906
2020-10-08,111.96028137207031
2020-10-09,113.90794372558594
2020-10-12,121.14342498779297
2020-10-13,117.9298095703125
2020-10-14,118.0174560546875
2020-10-15,117.55001831054688
2020-10-16,115.90425872802734
2020-10-19,112.94384002685547
2020-10-20,114.43379974365234
2020-10-21,113.81055450439453
2020-10-22,112.7198715209961
2020-10-23,112.0284423828125
2020-10-26,112.0381851196289
2020-10-27,113.54759979248047
2020-10-28,108.28898620605469
2020-10-29,112.30113983154297
2020-10-30,106.01024627685547
2020-11-02,105.92257690429688
2020-11-03,107.54887390136719
2020-11-04,111.9408187866211
2020-11-05,115.91401672363281
2020-11-06,115.7823257446289
2020-11-09,113.47036743164062
2020-11-10,113.12894439697266
2020-11-11,116.56269073486328
2020-11-12,116.2895736694336
2020-11-13,116.33834838867188
2020-11-16,117.35287475585938
2020-11-17,116.46517181396484
2020-11-18,115.13847351074219
2020-11-19,115.73352813720703
2020-11-20,114.46538543701172
2020-11-23,111.06087493896484
2020-11-24,112.34854125976562
2020-11-25,113.18748474121094
2020-11-27,113.73375701904297
2020-11-30,116.13348388671875
2020-12-01,119.71358489990234
2020-12-02,120.06476593017578
2020-12-03,119.92818450927734
2020-12-04,119.2551040649414
2020-12-07,120.71834564208984
2020-12-08,121.33292388916016
2020-12-09,118.79659271240234
2020-12-10,120.22084045410156
2020-12-11,119.41117095947266
2020-12-14,118.79659271240234
2020-12-15,124.7471694946289
2020-12-16,124.67887115478516
2020-12-17,125.5470962524414
2020-12-18,123.55706787109375
2020-12-21,125.08858489990234
2020-12-22,128.64918518066406
2020-12-23,127.7517318725586
2020-12-24,128.73699951171875
2020-12-28,133.34130859375
2020-12-29,131.56594848632812
2020-12-30,130.44410705566406
2020-12-31,129.43934631347656
2021-01-04,126.23973083496094
2021-01-05,127.80048370361328
2021-01-06,123.49851989746094
2021-01-07,127.71270751953125
2021-01-08,128.81500244140625
2021-01-11,125.8202133178711
2021-01-12,125.64463806152344
2021-01-13,127.68341827392578
2021-01-14,125.75193786621094
2021-01-15,124.02530670166016
2021-01-19,124.69841003417969
2021-01-20,128.7954864501953
2021-01-21,133.51693725585938
2021-01-22,135.6630401611328
2021-01-25,139.41871643066406
2021-01-26,139.65283203125
2021-01-27,138.5797882080078
2021-01-28,133.7314910888672
2021-01-29,128.72723388671875
2021-02-01,130.8538055419922
2021-02-02,131.68299865722656
2021-02-03,130.65870666503906
2021-02-04,134.02420043945312
2021-02-05,133.6089630126953
2021-02-08,133.75550842285156
2021-02-09,132.8762664794922
2021-02-10,132.27056884765625
2021-02-11,132.0165252685547
2021-02-12,132.25099182128906
2021-02-16,130.12127685546875
2021-02-17,127.82540130615234
2021-02-18,126.72140502929688
2021-02-19,126.87773132324219
2021-02-22,123.0969009399414
2021-02-23,122.96011352539062
2021-02-24,122.46187591552734
2021-02-25,118.20232391357422
2021-02-26,118.46611785888672
2021-03-01,124.84565734863281
2021-03-02,122.23717498779297
2021-03-03,119.24768829345703
2021-03-04,117.36215209960938
2021-03-05,118.6224136352539
2021-03-08,113.67900848388672
2021-03-09,118.3000259399414
2021-03-10,117.21561431884766
2021-03-11,119.14998626708984
2021-03-12,118.24140930175781
2021-03-15,121.13322448730469
2021-03-16,122.67681121826172
2021-03-17,121.8854751586914
2021-03-18,117.75292205810547
2021-03-19,117.22537994384766
2021-03-22,120.54704284667969
2021-03-23,119.71662139892578
2021-03-24,117.32306671142578
2021-03-25,117.81155395507812
2021-03-26,118.4172592163086
2021-03-29,118.5931167602539
2021-03-30,117.13744354248047
2021-03-31,119.33560943603516
2021-04-01,120.16600799560547
2021-04-05,122.99919891357422
2021-04-06,123.30204772949219
2021-04-07,124.95311737060547
2021-04-08,127.35643005371094
2021-04-09,129.9356231689453
2021-04-12,128.21621704101562
2021-04-13,131.33265686035156
2021-04-14,128.98794555664062
2021-04-15,131.4010772705078
2021-04-16,131.06890869140625
2021-04-19,131.73321533203125
2021-04-20,130.04310607910156
2021-04-21,130.42405700683594
2021-04-22,128.90005493164062
2021-04-23,131.22518920898438
2021-04-26,131.6160125732422
2021-04-27,131.29360961914062
2021-04-28,130.5022430419922
2021-04-29,130.40452575683594
2021-04-30,128.43112182617188
2021-05-03,129.48619079589844
2021-05-04,124.9042739868164
2021-05-05,125.14850616455078
2021-05-06,126.750732421875
2021-05-07,127.42596435546875
2021-05-10,124.13780212402344
2021-05-11,123.21791076660156
2021-05-12,120.1450424194336
2021-05-13,122.29801177978516
2021-05-14,124.72498321533203
2021-05-17,123.57019805908203
2021-05-18,122.18057250976562
2021-05-19,122.02399444580078
2021-05-20,124.58797454833984
2021-05-21,122.7481689453125
2021-05-24,124.3824691772461
2021-05-25,124.18675231933594
2021-05-26,124.13780212402344
2021-05-27,122.60139465332031
2021-05-28,121.9457015991211
2021-06-01,121.62277221679688
2021-06-02,122.38607788085938
2021-06-03,120.89857482910156
2021-06-04,123.19833374023438
2021-06-07,123.20813751220703
2021-06-08,124.03016662597656
2021-06-09,124.41182708740234
2021-06-10,123.41363525390625
2021-06-11,124.62712097167969
2021-06-14,127.6902084350586
2021-06-15,126.8681869506836
2021-06-16,127.36724853515625
2021-06-17,128.97219848632812
2021-06-18,127.67063903808594
2021-06-21,129.47128295898438
2021-06-22,131.11534118652344
2021-06-23,130.84133911132812
2021-06-24,130.5575408935547
2021-06-25,130.2639923095703
2021-06-28,131.8982391357422
2021-06-29,133.4151153564453
2021-06-30,134.0316619873047
2021-07-01,134.33502197265625
2021-07-02,136.96749877929688
2021-07-06,138.98345947265625
2021-07-07,141.4789276123047
2021-07-08,140.17739868164062
2021-07-09,142.0074005126953
2021-07-12,141.4104461669922
2021-07-13,142.5260467529297
2021-07-14,145.96095275878906
2021-07-15,145.3053436279297
2021-07-16,143.26002502441406
2021-07-19,139.40428161621094
2021-07-20,143.02516174316406
2021-07-21,142.29116821289062
2021-07-22,143.66128540039062
2021-07-23,145.38365173339844
2021-07-26,145.80442810058594
2021-07-27,143.6319580078125
2021-07-28,141.88018798828125
2021-07-29,142.5260467529297
2021-07-30,142.74134826660156
2021-08-02,142.40866088867188
2021-08-03,144.2092742919922
2021-08-04,143.8080291748047
2021-08-05,143.9156951904297
2021-08-06,143.22964477539062
2021-08-09,143.1806182861328
2021-08-10,142.70040893554688
2021-08-11,142.95523071289062
2021-08-12,145.92486572265625
2021-08-13,146.13070678710938
2021-08-16,148.11045837402344
2021-08-17,147.1990203857422
2021-08-18,143.44529724121094
2021-08-19,143.77847290039062
2021-08-20,145.2388153076172
2021-08-23,146.72857666015625
2021-08-24,146.6403350830078
2021-08-25,145.40545654296875
2021-08-26,144.6017608642578
2021-08-27,145.6406707763672
2021-08-30,150.07066345214844
2021-08-31,148.80633544921875
2021-09-01,149.47280883789062
2021-09-02,150.590087890625
2021-09-03,151.22714233398438
2021-09-07,153.56954956054688
2021-09-08,152.02101135253906
2021-09-09,151.00173950195312
2021-09-10,146.0032958984375
2021-09-13,146.57171630859375
2021-09-14,145.1702117919922
2021-09-15,146.06210327148438
2021-09-16,145.82684326171875
2021-09-17,143.15121459960938
2021-09-20,140.0933380126953
2021-09-21,140.57357788085938
2021-09-22,142.9454345703125
2021-09-23,143.90589904785156
2021-09-24,143.99411010742188
2021-09-27,142.4749755859375
2021-09-28,139.08387756347656
2021-09-29,139.98556518554688
2021-09-30,138.68202209472656
2021-10-01,139.80917358398438
2021-10-04,136.36903381347656
2021-10-05,138.29983520507812
2021-10-06,139.17208862304688
2021-10-07,140.4364013671875
2021-10-08,140.05416870117188
2021-10-11,139.9659423828125
2021-10-12,138.6918487548828
2021-10-13,138.1038055419922
2021-10-14,140.8970489501953
2021-10-15,141.95555114746094
2021-10-18,143.63153076171875
2021-10-19,145.7974853515625
2021-10-20,146.28753662109375
2021-10-21,146.50314331054688
2021-10-22,145.72886657714844
2021-10-25,145.6798553466797
2021-10-26,146.3463134765625
2021-10-27,145.8856964111328
2021-10-28,149.53158569335938
2021-10-29,146.81678771972656
2021-11-01,145.99351501464844
2021-11-02,147.03240966796875
2021-11-03,148.4730987548828
2021-11-04,147.9536590576172
2021-11-05,148.48367309570312
2021-11-08,147.65919494628906
2021-11-09,148.02236938476562
2021-11-10,145.18576049804688
2021-11-11,145.1366729736328
2021-11-12,147.21751403808594
2021-11-15,147.22732543945312
2021-11-16,148.20884704589844
2021-11-17,150.65283203125
2021-11-18,154.95184326171875
2021-11-19,157.5823516845703
2021-11-22,158.04364013671875
2021-11-23,158.4264373779297
2021-11-24,158.94664001464844
2021-11-26,153.9114532470703
2021-11-29,157.278076171875
2021-11-30,162.24453735351562
2021-12-01,161.72434997558594
2021-12-02,160.73297119140625
2021-12-03,158.84852600097656
2021-12-06,162.26417541503906
2021-12-07,168.01585388183594
2021-12-08,171.84376525878906
2021-12-09,171.3333740234375
2021-12-10,176.13296508789062
2021-12-13,172.49156188964844
2021-12-14,171.1076202392578
2021-12-15,175.98574829101562
2021-12-16,169.07586669921875
2021-12-17,167.9765625
2021-12-20,166.6122589111328
2021-12-21,169.79238891601562
2021-12-22,172.39340209960938
2021-12-23,173.0215606689453
2021-12-27,176.99671936035156
2021-12-28,175.97592163085938
2021-12-29,176.0642547607422
2021-12-30,174.9060821533203
2021-12-31,174.2877197265625
2022-01-03,178.6456298828125
2022-01-04,176.3783416748047
2022-01-05,171.68670654296875
2022-01-06,168.8206787109375
2022-01-07,168.98756408691406
2022-01-10,169.00714111328125
2022-01-11,171.84376525878906
2022-01-12,172.2854461669922
2022-01-13,169.00714111328125
2022-01-14,169.8708953857422
2022-01-18,166.6613311767578
2022-01-19,163.1573486328125
2022-01-20,161.46914672851562
2022-01-21,159.40792846679688
2022-01-24,158.63255310058594
2022-01-25,156.82655334472656
2022-01-26,156.73822021484375
2022-01-27,156.2769012451172
2022-01-28,167.1815643310547
2022-01-31,171.54930114746094
2022-02-01,171.38241577148438
2022-02-02,172.58970642089844
2022-02-03,169.7040557861328
2022-02-04,169.4190216064453
2022-02-07,168.70164489746094
2022-02-08,171.81700134277344
2022-02-09,173.24200439453125
2022-02-10,169.1536865234375
2022-02-11,165.73367309570312
2022-02-14,165.9695587158203
2022-02-15,169.81214904785156
2022-02-16,169.5762939453125
2022-02-17,165.9695587158203
2022-02-18,164.41676330566406
2022-02-22,161.48809814453125
2022-02-23,157.31137084960938
2022-02-24,159.9353485107422
2022-02-25,162.00901794433594
2022-02-28,162.27435302734375
2022-03-01,160.38743591308594
2022-03-02,163.68948364257812
2022-03-03,163.36521911621094
2022-03-04,160.35794067382812
2022-03-07,156.55462646484375
2022-03-08,154.72671508789062
2022-03-09,160.14170837402344
2022-03-10,155.78807067871094
2022-03-11,152.06338500976562
2022-03-14,148.0242156982422
2022-03-15,152.41717529296875
2022-03-16,156.8396453857422
2022-03-17,157.8518524169922
2022-03-18,161.1539764404297
2022-03-21,162.5298614501953
2022-03-22,165.9105682373047
2022-03-23,167.27662658691406
2022-03-24,171.07009887695312
2022-03-25,171.70887756347656
2022-03-28,172.57371520996094
2022-03-29,175.8758544921875
2022-03-30,174.7063446044922
2022-03-31,171.60076904296875
2022-04-01,171.3059539794922
2022-04-04,175.36480712890625
2022-04-05,172.04302978515625
2022-04-06,168.8686981201172
2022-04-07,169.17337036132812
2022-04-08,167.15869140625
2022-04-11,162.89349365234375
2022-04-12,164.77053833007812
2022-04-13,167.46331787109375
2022-04-14,162.44140625
2022-04-18,162.22518920898438
2022-04-19,164.51502990722656
2022-04-20,164.34796142578125
2022-04-21,163.5519256591797
2022-04-22,159.001708984375
2022-04-25,160.0729522705078
2022-04-26,154.0977020263672
2022-04-27,153.87168884277344
2022-04-28,160.81982421875
2022-04-29,154.9330596923828
2022-05-02,155.2377471923828
2022-05-03,156.7315216064453
2022-05-04,163.15884399414062
2022-05-05,154.0682373046875
2022-05-06,154.7965850830078
2022-05-09,149.65896606445312
2022-05-10,152.07029724121094
2022-05-11,144.186767578125
2022-05-12,140.30899047851562
2022-05-13,144.78713989257812
2022-05-16,143.24191284179688
2022-05-17,146.88348388671875
2022-05-18,138.59645080566406
2022-05-19,135.18125915527344
2022-05-20,135.4174346923828
2022-05-23,140.85028076171875
2022-05-24,138.1437225341797
2022-05-25,138.3011932373047
2022-05-26,141.5097198486328
2022-05-27,147.27719116210938
2022-05-31,146.4898223876953
2022-06-01,146.36190795898438
2022-06-02,148.82240295410156
2022-06-03,143.0844268798828
2022-06-06,143.83242797851562
2022-06-07,146.36190795898438
2022-06-08,145.62371826171875
2022-06-09,140.38772583007812
2022-06-10,134.96473693847656
2022-06-13,129.79762268066406
2022-06-14,130.66372680664062
2022-06-15,133.2915496826172
2022-06-16,128.00636291503906
2022-06-17,129.48269653320312
2022-06-21,133.72463989257812
2022-06-22,133.21282958984375
2022-06-23,136.08673095703125
2022-06-24,139.4232177734375
2022-06-27,139.4232177734375
2022-06-28,135.26983642578125
2022-06-29,137.03158569335938
2022-06-30,134.56121826171875
2022-07-01,136.7362823486328
2022-07-05,139.32479858398438
2022-07-06,140.66329956054688
2022-07-07,144.0391387939453
2022-07-08,144.71824645996094
2022-07-11,142.58250427246094
2022-07-12,143.55686950683594
2022-07-13,143.1927032470703
2022-07-14,146.1256561279297
2022-07-15,147.798828125
2022-07-18,144.7477264404297
2022-07-19,148.61570739746094
2022-07-20,150.62347412109375
2022-07-21,152.8970489501953
2022-07-22,151.65692138671875
2022-07-25,150.534912109375
2022-07-26,149.2062530517578
2022-07-27,154.3142852783203
2022-07-28,154.865478515625
2022-07-29,159.94395446777344
2022-08-01,158.95977783203125
2022-08-02,157.48342895507812
2022-08-03,163.50682067871094
2022-08-04,163.19186401367188
2022-08-05,162.96517944335938
2022-08-08,162.49212646484375
2022-08-09,162.5413818359375
2022-08-10,166.79908752441406
2022-08-11,166.05990600585938
2022-08-12,169.61782836914062
2022-08-15,170.69210815429688
2022-08-16,170.53439331054688
2022-08-17,172.03250122070312
2022-08-18,171.6382293701172
2022-08-19,169.0461883544922
2022-08-22,165.15316772460938
2022-08-23,164.81805419921875
2022-08-24,165.1137237548828
2022-08-25,167.57769775390625
2022-08-26,161.2601318359375
2022-08-29,159.05242919921875
2022-08-30,156.61807250976562
2022-08-31,154.9524383544922
2022-09-01,155.68177795410156
2022-09-02,153.56277465820312
2022-09-06,152.30126953125
2022-09-07,153.7106170654297
2022-09-08,152.2322540283203
2022-09-09,155.10028076171875
2022-09-12,161.07286071777344
2022-09-13,151.62120056152344
2022-09-14,153.06997680664062
2022-09-15,150.17239379882812
2022-09-16,148.52645874023438
2022-09-19,152.251953125
2022-09-20,154.6370391845703
2022-09-21,151.50289916992188
2022-09-22,150.5370635986328
2022-09-23,148.26036071777344
2022-09-26,148.595458984375
2022-09-27,149.57119750976562
2022-09-28,147.67886352539062
2022-09-29,140.42503356933594
2022-09-30,136.2067413330078
2022-10-03,140.39544677734375
2022-10-04,143.99282836914062
2022-10-05,144.28846740722656
2022-10-06,143.3324737548828
2022-10-07,138.06951904296875
2022-10-10,138.39474487304688
2022-10-11,136.97552490234375
2022-10-12,136.34471130371094
2022-10-13,140.92767333984375
2022-10-14,136.38414001464844
2022-10-17,140.35604858398438
2022-10-18,141.67674255371094
2022-10-19,141.78514099121094
2022-10-20,141.32191467285156
2022-10-21,145.14596557617188
2022-10-24,147.29449462890625
2022-10-25,150.14280700683594
2022-10-26,147.19593811035156
2022-10-27,142.7115936279297
2022-10-28,153.4938201904297
2022-10-31,151.12840270996094
2022-11-01,148.47718811035156
2022-11-02,142.938232421875
2022-11-03,136.87698364257812
2022-11-04,136.6103973388672
2022-11-07,137.14349365234375
2022-11-08,137.716064453125
2022-11-09,133.14529418945312
2022-11-10,144.99183654785156
2022-11-11,147.78567504882812
2022-11-14,146.38380432128906
2022-11-15,148.1212921142578
2022-11-16,146.88726806640625
2022-11-17,148.79261779785156
2022-11-18,149.3553009033203
2022-11-21,146.1172332763672
2022-11-22,148.25950622558594
2022-11-23,149.13815307617188
2022-11-25,146.21595764160156
2022-11-28,142.375732421875
2022-11-29,139.36471557617188
2022-11-30,146.13697814941406
2022-12-01,146.41342163085938
2022-12-02,145.91981506347656
2022-12-05,144.7549285888672
2022-12-06,141.08250427246094
2022-12-07,139.13768005371094
2022-12-08,140.82577514648438
2022-12-09,140.34207153320312
2022-12-12,142.6422882080078
2022-12-13,143.60975646972656
2022-12-14,141.37864685058594
2022-12-15,134.75442504882812
2022-12-16,132.78990173339844
2022-12-19,130.67726135253906
2022-12-20,130.60816955566406
2022-12-21,133.71786499023438
2022-12-22,130.5390625
2022-12-23,130.17379760742188
2022-12-27,128.36717224121094
2022-12-28,124.42821502685547
2022-12-29,127.95255279541016
2022-12-30,128.26846313476562
2023-01-03,123.47061157226562
2023-01-04,124.7441177368164
2023-01-05,123.42124938964844
2023-01-06,127.9624252319336
2023-01-09,128.48562622070312
2023-01-10,129.0582275390625
2023-01-11,131.78294372558594
2023-01-12,131.70396423339844
2023-01-13,133.0366973876953
2023-01-17,134.2016143798828
2023-01-18,133.48095703125
2023-01-19,133.54017639160156
2023-01-20,136.10693359375
2023-01-23,139.30548095703125
2023-01-24,140.7073211669922
2023-01-25,140.0458984375
2023-01-26,142.1190643310547
2023-01-27,144.0638427734375
2023-01-30,141.1713104248047
2023-01-31,142.44482421875
2023-02-01,143.57025146484375
2023-02-02,148.89132690429688
2023-02-03,152.52427673339844
2023-02-06,149.78968811035156
2023-02-07,152.6723175048828
2023-02-08,149.97723388671875
2023-02-09,148.940673828125
2023-02-10,149.30653381347656
2023-02-13,152.114501953125
2023-02-14,151.4718017578125
2023-02-15,153.5778045654297
2023-02-16,151.97607421875
2023-02-17,150.8291473388672
2023-02-21,146.80506896972656
2023-02-22,147.2301788330078
2023-02-23,147.7146759033203
2023-02-24,145.0550079345703
2023-02-27,146.2513885498047
2023-02-28,145.74713134765625
2023-03-01,143.67079162597656
2023-03-02,144.26405334472656
2023-03-03,149.32626342773438
2023-03-06,152.0947265625
2023-03-07,149.88987731933594
2023-03-08,151.14553833007812
2023-03-09,148.89125061035156
2023-03-10,146.8248291015625
2023-03-13,148.7726287841797
2023-03-14,150.8686981201172
2023-03-15,151.26417541503906
2023-03-16,154.09193420410156
2023-03-17,153.25149536132812
2023-03-20,155.6244354248047
2023-03-21,157.4832305908203
2023-03-22,156.04957580566406
2023-03-23,157.1371612548828
2023-03-24,158.4423065185547
2023-03-27,156.49449157714844
2023-03-28,155.87159729003906
2023-03-29,158.9564208984375
2023-03-30,160.52847290039062
2023-03-31,163.03981018066406
2023-04-03,164.2954864501953
2023-04-04,163.7615966796875
2023-04-05,161.91270446777344
2023-04-06,162.80255126953125
2023-04-10,160.2021942138672
2023-04-11,158.986083984375
2023-04-12,158.2939910888672
2023-04-13,163.69236755371094
2023-04-14,163.34632873535156
2023-04-17,163.3660888671875
2023-04-18,164.5921173095703
2023-04-19,165.73904418945312
2023-04-20,164.77008056640625
2023-04-21,163.1584930419922
2023-04-24,163.46499633789062
2023-04-25,161.92259216308594
2023-04-26,161.91270446777344
2023-04-27,166.5102081298828
2023-04-28,167.76593017578125
2023-05-01,167.6769256591797
2023-05-02,166.63876342773438
2023-05-03,165.56106567382812
2023-05-04,163.91981506347656
2023-05-05,171.61199951171875
2023-05-08,171.5428009033203
2023-05-09,169.83233642578125
2023-05-10,171.6021270751953
2023-05-11,171.7899932861328
2023-05-12,170.85931396484375
2023-05-15,170.36428833007812
2023-05-16,170.36428833007812
2023-05-17,170.97813415527344
2023-05-18,173.3147430419922
2023-05-19,173.4236297607422
2023-05-22,172.47312927246094
2023-05-23,169.85931396484375
2023-05-24,170.13653564453125
2023-05-25,171.275146484375
2023-05-26,173.69093322753906
2023-05-30,175.5424041748047
2023-05-31,175.492919921875
2023-06-01,178.3047637939453
2023-06-02,179.15623474121094
2023-06-05,177.79981994628906
2023-06-06,177.43350219726562
2023-06-07,176.05726623535156
2023-06-08,178.78001403808594
2023-06-09,179.16615295410156
2023-06-12,181.96807861328125
2023-06-13,181.4928436279297
2023-06-14,182.12649536132812
2023-06-15,184.16607666015625
2023-06-16,183.08688354492188
2023-06-20,183.1759796142578
2023-06-21,182.1363983154297
2023-06-22,185.14625549316406
2023-06-23,184.8294219970703
2023-06-26,183.4334259033203
2023-06-27,186.1957550048828
2023-06-28,187.37396240234375
2023-06-29,187.71058654785156
2023-06-30,192.04718017578125
2023-07-03,190.55215454101562
2023-07-05,189.43333435058594
2023-07-06,189.90858459472656
2023-07-07,188.78977966308594
2023-07-10,186.74032592773438
2023-07-11,186.21556091308594
2023-07-12,187.88880920410156
2023-07-13,188.6511688232422
2023-07-14,188.7996826171875
2023-07-17,192.06695556640625
2023-07-18,191.80953979492188
2023-07-19,193.1659698486328
2023-07-20,191.2154998779297
2023-07-21,190.0373077392578
2023-07-24,190.8392791748047
2023-07-25,191.7006378173828
2023-07-26,192.57191467285156
2023-07-27,191.30459594726562
2023-07-28,193.8887481689453
2023-07-31,194.50259399414062
2023-08-01,193.6708984375
2023-08-02,190.67095947265625
2023-08-03,189.2749481201172
2023-08-04,180.18594360351562
2023-08-07,177.07705688476562
2023-08-08,178.0176239013672
2023-08-09,176.42359924316406
2023-08-10,176.20578002929688
2023-08-11,176.26527404785156
2023-08-14,177.92095947265625
2023-08-15,175.92819213867188
2023-08-16,175.0557403564453
2023-08-17,172.5077667236328
2023-08-18,172.9935760498047
2023-08-21,174.33197021484375
2023-08-22,175.71006774902344
2023-08-23,179.56671142578125
2023-08-24,174.8673553466797
2023-08-25,177.0782470703125
2023-08-28,178.6446990966797
2023-08-29,182.5409698486328
2023-08-30,186.0406951904297
2023-08-31,186.25881958007812
2023-09-01,187.83522033691406
2023-09-05,188.0731201171875
2023-09-06,181.34136962890625
2023-09-07,176.0372314453125
2023-09-08,176.65191650390625
2023-09-11,177.82179260253906
2023-09-12,174.7880401611328
2023-09-13,172.71597290039062
2023-09-14,174.23284912109375
2023-09-15,173.5091094970703
2023-09-18,176.44374084472656
2023-09-19,177.53428649902344
2023-09-20,173.98500061035156
2023-09-21,172.43836975097656
2023-09-22,173.29098510742188
2023-09-25,174.56993103027344
2023-09-26,170.4852752685547
2023-09-27,168.96836853027344
2023-09-28,169.22616577148438
2023-09-29,169.74169921875
2023-10-02,172.25991821289062
2023-10-03,170.92147827148438
2023-10-04,172.17066955566406
2023-10-05,173.4099884033203
2023-10-06,175.9678497314453
2023-10-09,177.45498657226562
2023-10-10,176.86012268066406
2023-10-11,178.25802612304688
2023-10-12,179.16021728515625
2023-10-13,177.3162078857422
2023-10-16,177.18728637695312
2023-10-17,175.63075256347656
2023-10-18,174.33197021484375
2023-10-19,173.9552459716797
2023-10-20,171.3973846435547
2023-10-23,171.51634216308594
2023-10-24,171.9525909423828
2023-10-25,169.63265991210938
2023-10-26,165.45875549316406
2023-10-27,166.77734375
2023-10-30,168.82958984375
2023-10-31,169.30548095703125
2023-11-01,172.47804260253906
2023-11-02,176.0471649169922
2023-11-03,175.13504028320312
2023-11-06,177.6929168701172
2023-11-07,180.26072692871094
2023-11-08,181.32150268554688
2023-11-09,180.84567260742188
2023-11-10,185.04489135742188
2023-11-13,183.45651245117188
2023-11-14,186.07733154296875
2023-11-15,186.6431884765625
2023-11-16,188.33084106445312
2023-11-17,188.31097412109375
2023-11-20,190.05816650390625
2023-11-21,189.25405883789062
2023-11-22,189.919189453125
2023-11-24,188.5889434814453
2023-11-27,188.4102325439453
2023-11-28,189.0157928466797
2023-11-29,187.99330139160156
2023-11-30,188.56907653808594
2023-12-01,189.84970092773438
2023-12-04,188.0528564453125
2023-12-05,192.01385498046875
2023-12-06,190.921875
2023-12-07,192.857666015625
2023-12-08,194.28720092773438
2023-12-11,191.77560424804688
2023-12-12,193.29449462890625
2023-12-13,196.52084350585938
2023-12-14,196.66976928710938
2023-12-15,196.13368225097656
2023-12-18,194.4658966064453
2023-12-19,195.50827026367188
2023-12-20,193.4136199951172
2023-12-21,193.26467895507812
2023-12-22,192.1925506591797
2023-12-26,191.6465606689453
2023-12-27,191.74581909179688
2023-12-28,192.1726837158203
2023-12-29,191.1303253173828
2024-01-02,184.29042053222656
2024-01-03,182.91050720214844
2024-01-04,180.5875244140625
2024-01-05,179.8628387451172
2024-01-08,184.21099853515625
2024-01-09,183.79405212402344
2024-01-10,184.83644104003906
2024-01-11,184.24078369140625
2024-01-12,184.56838989257812
2024-01-16,182.29502868652344
2024-01-17,181.3519287109375
2024-01-18,187.2586669921875
2024-01-19,190.1673583984375
2024-01-22,192.48043823242188
2024-01-23,193.7610626220703
2024-01-24,193.08599853515625
2024-01-25,192.7584228515625
2024-01-26,191.0211181640625
2024-01-29,190.33612060546875
2024-01-30,186.6729736328125
2024-01-31,183.05943298339844
2024-02-01,185.50155639648438
2024-02-02,184.4989013671875
2024-02-05,186.31558227539062
2024-02-06,187.92379760742188
2024-02-07,188.0330047607422
2024-02-08,186.95094299316406
2024-02-09,187.71630859375
2024-02-12,186.02650451660156
2024-02-13,183.92918395996094
2024-02-14,183.04452514648438
2024-02-15,182.75628662109375
2024-02-16,181.21556091308594
2024-02-20,180.47007751464844
2024-02-21,181.2255096435547
2024-02-22,183.26319885253906
2024-02-23,181.42431640625
2024-02-26,180.0724639892578
2024-02-27,181.53366088867188
2024-02-28,180.33091735839844
2024-02-29,179.66493225097656
2024-03-01,178.5814971923828
2024-03-04,174.0488739013672
2024-03-05,169.09877014160156
2024-03-06,168.104736328125
2024-03-07,167.98545837402344
2024-03-08,169.70506286621094
2024-03-11,171.7129669189453
2024-03-12,172.19007873535156
2024-03-13,170.10269165039062
2024-03-14,171.96145629882812
2024-03-15,171.583740234375
2024-03-18,172.67715454101562
2024-03-19,175.02296447753906
2024-03-20,177.59742736816406
2024-03-21,170.34124755859375
2024-03-22,171.24578857421875
2024-03-25,169.82437133789062
2024-03-26,168.6912384033203
2024-03-27,172.26959228515625
2024-03-28,170.45057678222656
2024-04-01,169.00929260253906
2024-04-02,167.826416015625
2024-04-03,168.63156127929688
2024-04-04,167.8065643310547
2024-04-05,168.56198120117188
2024-04-08,167.4387664794922
2024-04-09,168.6514434814453
2024-04-10,166.77279663085938
2024-04-11,173.9892120361328
2024-04-12,175.4901580810547
2024-04-15,171.6533203125
2024-04-16,168.3632049560547
2024-04-17,166.99147033691406
2024-04-18,166.0372314453125
2024-04-19,164.0094757080078
2024-04-22,164.84442138671875
2024-04-23,165.89805603027344
2024-04-24,168.00535583496094
2024-04-25,168.87013244628906
2024-04-26,168.28367614746094
2024-04-29,172.45843505859375
2024-04-30,169.3074951171875
2024-05-01,168.28367614746094
2024-05-02,171.99127197265625
2024-05-03,182.27914428710938
2024-05-06,180.6191864013672
2024-05-07,181.30499267578125
2024-05-08,181.6429901123047
2024-05-09,183.46202087402344
2024-05-10,182.1979217529297
2024-05-13,185.4128875732422
2024-05-14,186.55752563476562
2024-05-15,188.83685302734375
2024-05-16,188.95631408691406
2024-05-17,188.98619079589844
2024-05-20,190.1507110595703
2024-05-21,191.4546356201172
2024-05-22,190.01138305664062
2024-05-23,186.01010131835938
2024-05-24,189.0956573486328
2024-05-28,189.10562133789062
2024-05-29,189.40420532226562
2024-05-30,190.39956665039062
2024-05-31,191.3551025390625
2024-06-03,193.12680053710938
2024-06-04,193.44532775878906
2024-06-05,194.95823669433594
2024-06-06,193.57470703125
2024-06-07,195.97349548339844
2024-06-10,192.2210235595703
2024-06-11,206.1857147216797
2024-06-12,212.0782012939453
2024-06-13,213.2427520751953
2024-06-14,211.50086975097656
2024-06-17,215.6614227294922
2024-06-18,213.29248046875
2024-06-20,208.70394897460938
2024-06-21,206.524169921875
2024-06-24,207.17111206054688
2024-06-25,208.0968017578125
2024-06-26,212.25733947753906
2024-06-27,213.10340881347656
2024-06-28,209.6395721435547
2024-07-01,215.7410430908203
2024-07-02,219.24465942382812
2024-07-03,220.51870727539062
2024-07-05,225.28639221191406
2024-07-08,226.759521484375
2024-07-09,227.61549377441406
2024-07-10,231.89549255371094
2024-07-11,226.51068115234375
2024-07-12,229.46685791015625
2024-07-15,233.3088836669922
2024-07-16,233.72694396972656
2024-07-17,227.81459045410156
2024-07-18,223.13644409179688
2024-07-19,223.26585388183594
2024-07-22,222.91749572753906
2024-07-23,223.96258544921875
2024-07-24,217.52268981933594
2024-07-25,216.47760009765625
2024-07-26,216.94541931152344
2024-07-29,217.22412109375
2024-07-30,217.78150939941406
2024-07-31,221.04623413085938
2024-08-01,217.3435516357422
2024-08-02,218.83656311035156
2024-08-05,208.29586791992188
2024-08-06,206.26536560058594
2024-08-07,208.8433074951172
2024-08-08,212.31704711914062
2024-08-09,215.23342895507812
2024-08-12,216.7680206298828
2024-08-13,220.4949493408203
2024-08-14,220.94334411621094
2024-08-15,223.93284606933594
2024-08-16,225.25819396972656
2024-08-19,225.0987548828125
2024-08-20,225.71656799316406
2024-08-21,225.60696411132812
2024-08-22,223.74349975585938
2024-08-23,226.04542541503906
2024-08-26,226.38421630859375
2024-08-27,227.2312469482422
2024-08-28,225.6966552734375
2024-08-29,228.98509216308594
2024-08-30,228.19784545898438
2024-09-03,221.98968505859375
2024-09-04,220.076416015625
2024-09-05,221.60105895996094
2024-09-06,220.0465087890625
2024-09-09,220.13621520996094
2024-09-10,219.3389892578125
2024-09-11,221.88006591796875
2024-09-12,221.98968505859375
2024-09-13,221.72061157226562
2024-09-16,215.56227111816406
2024-09-17,216.03062438964844
2024-09-18,219.9169464111328
2024-09-19,228.0683135986328
2024-09-20,227.40066528320312
2024-09-23,225.6767120361328
2024-09-24,226.5735626220703
2024-09-25,225.57705688476562
2024-09-26,226.72305297851562
2024-09-27,226.99208068847656
2024-09-30,232.183837890625
2024-10-01,225.41763305664062
2024-10-02,225.98562622070312
2024-10-03,224.8795166015625
2024-10-04,226.0055694580078
2024-10-07,220.91348266601562
2024-10-08,224.9791717529297
2024-10-09,228.73597717285156
2024-10-10,228.23770141601562
2024-10-11,226.75294494628906
2024-10-14,230.48980712890625
2024-10-15,233.03086853027344
2024-10-16,230.96812438964844
2024-10-17,231.33682250976562
2024-10-18,234.17684936523438
2024-10-21,235.6516571044922
2024-10-22,235.03382873535156
2024-10-23,229.95169067382812
2024-10-24,229.76235961914062
2024-10-25,230.5994110107422
2024-10-28,232.5824432373047
2024-10-29,232.85150146484375
2024-10-30,229.29400634765625
2024-10-31,225.11868286132812
2024-11-01,222.1291961669922
2024-11-04,221.23233032226562
2024-11-05,222.66729736328125
2024-11-06,221.93984985351562
2024-11-07,226.6831817626953
2024-11-08,226.41383361816406
2024-11-11,223.69039916992188
2024-11-12,223.69039916992188
2024-11-13,224.57826232910156
2024-11-14,227.67080688476562
2024-11-15,224.4585418701172
2024-11-18,227.47128295898438
2024-11-19,227.73065185546875
2024-11-20,228.44891357421875
2024-11-21,227.97007751464844
2024-11-22,229.3168182373047
2024-11-25,232.30960083007812
2024-11-26,234.49432373046875
2024-11-27,234.36465454101562
2024-11-29,236.75888061523438
2024-12-02,239.013427734375
2024-12-03,242.06607055664062
2024-12-04,242.42520141601562
2024-12-05,242.4551239013672
2024-12-06,242.25559997558594
2024-12-09,246.1562042236328
2024-12-10,247.1737518310547
2024-12-11,245.89682006835938
2024-12-12,247.36329650878906
2024-12-13,247.5328826904297
2024-12-16,250.4358673095703
2024-12-17,252.8699951171875
2024-12-18,247.4530792236328
2024-12-19,249.1888885498047
2024-12-20,253.87759399414062
2024-12-23,254.6557159423828
2024-12-24,257.57867431640625
2024-12-26,258.39666748046875
2024-12-27,254.9749298095703
2024-12-30,251.5930938720703
2024-12-31,249.8173828125
2025-01-02,243.26319885253906
2025-01-03,242.7743682861328
2025-01-06,244.41041564941406
2025-01-07,241.62713623046875
2025-01-08,242.11593627929688
2025-01-10,236.280029296875
2025-01-13,233.83592224121094
2025-01-14,232.71861267089844
2025-01-15,237.2975616455078
2025-01-16,227.710693359375
2025-01-17,229.4265594482422
2025-01-21,222.10421752929688
2025-01-22,223.29135131835938
2025-01-23,223.1217803955078
2025-01-24,222.24388122558594
2025-01-27,229.3068389892578
2025-01-28,237.68663024902344
2025-01-29,238.78399658203125
2025-01-30,237.0182342529297
2025-01-31,235.4320831298828
2025-02-03,227.4613037109375
2025-02-04,232.23977661132812
2025-02-05,231.9105682373047
2025-02-06,232.6587677001953
2025-02-07,227.08221435546875
2025-02-10,227.3518524169922
2025-02-11,232.3153533935547
2025-02-12,236.55978393554688
2025-02-13,241.21368408203125
2025-02-14,244.2796630859375
2025-02-18,244.14984130859375
2025-02-19,244.54930114746094
2025-02-20,245.508056640625
2025-02-21,245.22842407226562
2025-02-24,246.77639770507812
2025-02-25,246.71646118164062
2025-02-26,240.0452117919922
2025-02-27,236.98922729492188
2025-02-28,241.5232696533203
2025-03-03,237.71826171875
2025-03-04,235.6210174560547
2025-03-05,235.4312744140625
2025-03-06,235.0218048095703
2025-03-07,238.7569122314453
2025-03-10,227.1820831298828
2025-03-11,220.55078125
2025-03-12,216.69583129882812
2025-03-13,209.4053955078125
2025-03-14,213.21041870117188
2025-03-17,213.71974182128906
2025-03-18,212.4114532470703
2025-03-19,214.95811462402344
2025-03-20,213.81961059570312
2025-03-21,217.98414611816406
2025-03-24,220.44091796875
2025-03-25,223.45697021484375
2025-03-26,221.2398681640625
2025-03-27,223.5568389892578
2025-03-28,217.6146240234375
2025-03-31,221.83909606933594
2025-04-01,222.897705078125
2025-04-02,223.59678649902344
2025-04-03,202.9239044189453
2025-04-04,188.13330078125
2025-04-07,181.2223663330078
2025-04-08,172.19419860839844
2025-04-09,198.58958435058594
2025-04-10,190.17062377929688
2025-04-11,197.89048767089844
2025-04-14,202.25477600097656
2025-04-15,201.87527465820312
2025-04-16,194.0155792236328
2025-04-17,196.72203063964844
2025-04-21,192.9070281982422
2025-04-22,199.47842407226562
2025-04-23,204.33206176757812
2025-04-24,208.09710693359375
2025-04-25,209.00592041015625
2025-04-28,209.8647918701172
2025-04-29,210.9333953857422
2025-04-30,212.22171020507812
2025-05-01,213.04063415527344
2025-05-02,205.08106994628906
2025-05-05,198.62953186035156
2025-05-06,198.25001525878906
2025-05-07,195.99298095703125
2025-05-08,197.2313690185547
2025-05-09,198.27000427246094
2025-05-12,210.7899932861328
2025-05-13,212.92999267578125
2025-05-14,212.3300018310547
2025-05-15,211.4499969482422
2025-05-16,211.25999450683594
2025-05-19,208.77999877929688
2025-05-20,206.86000061035156
2025-05-21,202.08999633789062
2025-05-22,201.36000061035156
2025-05-23,195.27000427246094
2025-05-27,200.2100067138672
2025-05-28,200.4199981689453
2025-05-29,199.9499969482422
2025-05-30,200.85000610351562
2025-06-02,201.6999969482422
2025-06-03,203.27000427246094
2025-06-04,202.82000732421875
2025-06-05,200.6300048828125
2025-06-06,203.9199981689453
2025-06-09,201.4499969482422
2025-06-10,202.6699981689453
2025-06-11,198.77999877929688
2025-06-12,199.1999969482422
2025-06-13,196.4499969482422
2025-06-16,198.4199981689453
2025-06-17,195.63999938964844
2025-06-18,196.5800018310547
2025-06-20,201.0
2025-06-23,201.5
2025-06-24,200.3000030517578
2025-06-25,201.55999755859375
2025-06-26,201.0
2025-06-27,201.0800018310547
