Date,Close
,GOOGL
2004-08-19,2.4960410594940186
2004-08-20,2.6943013668060303
2004-08-23,2.72141695022583
2004-08-24,2.6087286472320557
2004-08-25,2.6368391513824463
2004-08-26,2.6843512058258057
2004-08-27,2.6405696868896484
2004-08-30,2.5375843048095703
2004-08-31,2.546539306640625
2004-09-01,2.493802785873413
2004-09-02,2.525146007537842
2004-09-03,2.48783278465271
2004-09-07,2.5268871784210205
2004-09-08,2.544797897338867
2004-09-09,2.54504656791687
2004-09-10,2.6201720237731934
2004-09-13,2.6741526126861572
2004-09-14,2.773406982421875
2004-09-15,2.7860937118530273
2004-09-16,2.8350989818573
2004-09-17,2.9226620197296143
2004-09-20,2.969180107116699
2004-09-21,2.9313690662384033
2004-09-22,2.944800853729248
2004-09-23,3.0054991245269775
2004-09-24,2.9808716773986816
2004-09-27,2.9418160915374756
2004-09-28,3.1557490825653076
2004-09-29,3.2607245445251465
2004-09-30,3.2239081859588623
2004-10-01,3.2980384826660156
2004-10-04,3.3597304821014404
2004-10-05,3.4420700073242188
2004-10-06,3.4099791049957275
2004-10-07,3.454010248184204
2004-10-08,3.4261491298675537
2004-10-11,3.3647055625915527
2004-10-12,3.4179394245147705
2004-10-13,3.505005121231079
2004-10-14,3.532369375228882
2004-10-15,3.5848560333251953
2004-10-18,3.710479974746704
2004-10-19,3.680130958557129
2004-10-20,3.4948062896728516
2004-10-21,3.7159526348114014
2004-10-22,4.289340496063232
2004-10-25,4.661732196807861
2004-10-26,4.522427558898926
2004-10-27,4.626159191131592
2004-10-28,4.808498382568359
2004-10-29,4.742330074310303
2004-11-01,4.876410961151123
2004-11-02,4.8475542068481445
2004-11-03,4.767951965332031
2004-11-04,4.594566345214844
2004-11-05,4.212723255157471
2004-11-08,4.292325496673584
2004-11-09,4.196554183959961
2004-11-10,4.175658702850342
2004-11-11,4.5527753829956055
2004-11-12,4.527402877807617
2004-11-15,4.598795413970947
2004-11-16,4.29207706451416
2004-11-17,4.29108190536499
2004-11-18,4.167698383331299
2004-11-19,4.2139668464660645
2004-11-22,4.107000827789307
2004-11-23,4.167200088500977
2004-11-24,4.347301006317139
2004-11-26,4.462475776672363
2004-11-29,4.503770351409912
2004-11-30,4.526904582977295
2004-12-01,4.476655960083008
2004-12-02,4.4627251625061035
2004-12-03,4.487601280212402
2004-12-06,4.385361671447754
2004-12-07,4.264464855194092
2004-12-08,4.228394985198975
2004-12-09,4.314216613769531
2004-12-10,4.269937515258789
2004-12-13,4.240086555480957
2004-12-14,4.445063591003418
2004-12-15,4.472177982330322
2004-12-16,4.389838218688965
2004-12-17,4.479640960693359
2004-12-20,4.602527141571045
2004-12-21,4.570934772491455
2004-12-22,4.6343674659729
2004-12-23,4.674169063568115
2004-12-27,4.773922443389893
2004-12-28,4.7950663566589355
2004-12-29,4.798547744750977
2004-12-30,4.915465354919434
2004-12-31,4.795812606811523
2005-01-03,5.042580604553223
2005-01-04,4.83834981918335
2005-01-05,4.813724040985107
2005-01-06,4.690338611602783
2005-01-07,4.82218074798584
2005-01-10,4.852280139923096
2005-01-11,4.814468860626221
2005-01-12,4.860240936279297
2005-01-13,4.858996868133545
2005-01-14,4.974420547485352
2005-01-18,5.072183609008789
2005-01-19,4.908001899719238
2005-01-20,4.823922157287598
2005-01-21,4.683622360229492
2005-01-24,4.4955620765686035
2005-01-25,4.406007766723633
2005-01-26,4.707503318786621
2005-01-27,4.678647041320801
2005-01-28,4.734867095947266
2005-01-31,4.866209983825684
2005-02-01,4.773672580718994
2005-02-02,5.123427391052246
2005-02-03,5.24531888961792
2005-02-04,5.083625316619873
2005-02-07,4.876410961151123
2005-02-08,4.941336154937744
2005-02-09,4.765712738037109
2005-02-10,4.676158905029297
2005-02-11,4.661732196807861
2005-02-14,4.800787925720215
2005-02-15,4.856509685516357
2005-02-16,4.935614585876465
2005-02-17,4.9229278564453125
2005-02-18,4.9241719245910645
2005-02-22,4.760488986968994
2005-02-23,4.824668884277344
2005-02-24,4.69879674911499
2005-02-25,4.623671054840088
2005-02-28,4.676407814025879
2005-03-01,4.6283979415893555
2005-03-02,4.606507301330566
2005-03-03,4.652030944824219
2005-03-04,4.624417781829834
2005-03-07,4.696807384490967
2005-03-08,4.6070051193237305
2005-03-09,4.511232852935791
2005-03-10,4.477153301239014
2005-03-11,4.422923564910889
2005-03-14,4.35302209854126
2005-03-15,4.443073272705078
2005-03-16,4.368196487426758
2005-03-17,4.459988117218018
2005-03-18,4.4786458015441895
2005-03-21,4.499541282653809
2005-03-22,4.442823886871338
2005-03-23,4.452277183532715
2005-03-24,4.458993911743164
2005-03-28,4.512974262237549
2005-03-29,4.466954231262207
2005-03-30,4.488845348358154
2005-03-31,4.490337371826172
2005-04-01,4.4786458015441895
2005-04-04,4.609243869781494
2005-04-05,4.690836429595947
2005-04-06,4.707005500793457
2005-04-07,4.819941997528076
2005-04-08,4.777404308319092
2005-04-11,4.806758880615234
2005-04-12,4.824916839599609
2005-04-13,4.799294948577881
2005-04-14,4.762478828430176
2005-04-15,4.602029800415039
2005-04-18,4.651034832000732
2005-04-19,4.761235237121582
2005-04-20,4.927902698516846
2005-04-21,5.080143928527832
2005-04-22,5.3684539794921875
2005-04-25,5.560495853424072
2005-04-26,5.44158935546875
2005-04-27,5.4672112464904785
2005-04-28,5.45900297164917
2005-04-29,5.472684860229492
2005-05-02,5.52964973449707
2005-05-03,5.626665115356445
2005-05-04,5.684128284454346
2005-05-05,5.646317005157471
2005-05-06,5.672187805175781
2005-05-09,5.6224365234375
2005-05-10,5.666715621948242
2005-05-11,5.753531455993652
2005-05-12,5.689601421356201
2005-05-13,5.702536582946777
2005-05-16,5.747562408447266
2005-05-17,5.799304008483887
2005-05-18,5.949305057525635
2005-05-19,5.949802398681641
2005-05-20,6.010250568389893
2005-05-23,6.354532718658447
2005-05-24,6.368213653564453
2005-05-25,6.4878668785095215
2005-05-26,6.447816371917725
2005-05-27,6.616972923278809
2005-05-31,6.897324085235596
2005-06-01,7.164240837097168
2005-06-02,7.161754131317139
2005-06-03,6.9717020988464355
2005-06-06,7.237375736236572
2005-06-07,7.291604995727539
2005-06-08,6.954288482666016
2005-06-09,7.1222004890441895
2005-06-10,7.027424335479736
2005-06-13,7.0336432456970215
2005-06-14,6.92418909072876
2005-06-15,6.835879802703857
2005-06-16,6.901552200317383
2005-06-17,6.972697734832764
2005-06-20,7.13190221786499
2005-06-21,7.160260200500488
2005-06-22,7.196579456329346
2005-06-23,7.206778526306152
2005-06-24,7.39434289932251
2005-06-27,7.564741611480713
2005-06-28,7.512502670288086
2005-06-29,7.2816548347473145
2005-06-30,7.317227363586426
2005-07-01,7.24508810043335
2005-07-05,7.356032848358154
2005-07-06,7.251803398132324
2005-07-07,7.351804733276367
2005-07-08,7.368968963623047
2005-07-11,7.297326564788818
2005-07-12,7.258272171020508
2005-07-13,7.434392929077148
2005-07-14,7.484890460968018
2005-07-15,7.4923529624938965
2005-07-18,7.451307773590088
2005-07-19,7.709022045135498
2005-07-20,7.761260986328125
2005-07-21,7.8095197677612305
2005-07-22,7.5224528312683105
2005-07-25,7.3595170974731445
2005-07-26,7.3654866218566895
2005-07-27,7.386382579803467
2005-07-28,7.301058292388916
2005-07-29,7.158270359039307
2005-08-01,7.254042625427246
2005-08-02,7.442601680755615
2005-08-03,7.3955864906311035
2005-08-04,7.406283378601074
2005-08-05,7.2724504470825195
2005-08-08,7.24508810043335
2005-08-09,7.253047943115234
2005-08-10,7.1065287590026855
2005-08-11,7.065980911254883
2005-08-12,7.207027435302734
2005-08-15,7.064737796783447
2005-08-16,7.1057820320129395
2005-08-17,7.092100620269775
2005-08-18,6.9649858474731445
2005-08-19,6.965234279632568
2005-08-22,6.816227912902832
2005-08-23,6.954785346984863
2005-08-24,7.029164791107178
2005-08-25,7.0296630859375
2005-08-26,7.054290294647217
2005-08-29,7.175434589385986
2005-08-30,7.146081447601318
2005-08-31,7.1144890785217285
2005-09-01,7.120707988739014
2005-09-02,7.175434589385986
2005-09-06,7.142101287841797
2005-09-07,7.335137844085693
2005-09-08,7.3480730056762695
2005-09-09,7.440114498138428
2005-09-12,7.705041408538818
2005-09-13,7.75330114364624
2005-09-14,7.537378311157227
2005-09-15,7.527925491333008
2005-09-16,7.467726707458496
2005-09-19,7.557030200958252
2005-09-20,7.659518241882324
2005-09-21,7.758772850036621
2005-09-22,7.745588779449463
2005-09-23,7.844844341278076
2005-09-26,7.8179779052734375
2005-09-27,7.8095197677612305
2005-09-28,7.612006187438965
2005-09-29,7.702056407928467
2005-09-30,7.872206211090088
2005-10-03,7.927431106567383
2005-10-04,7.736385345458984
2005-10-05,7.729171276092529
2005-10-06,7.779918193817139
2005-10-07,7.785888671875
2005-10-10,7.727679252624512
2005-10-11,7.614493370056152
2005-10-12,7.486880302429199
2005-10-13,7.3990678787231445
2005-10-14,7.366730213165283
2005-10-17,7.587131023406982
2005-10-18,7.544343948364258
2005-10-19,7.679170608520508
2005-10-20,7.542353630065918
2005-10-21,8.455296516418457
2005-10-24,8.67296028137207
2005-10-25,8.629674911499023
2005-10-26,8.841866493225098
2005-10-27,8.782662391662598
2005-10-28,8.90977954864502
2005-10-31,9.257293701171875
2005-11-01,9.437395095825195
2005-11-02,9.44485855102539
2005-11-03,9.600829124450684
2005-11-04,9.712273597717285
2005-11-07,9.826703071594238
2005-11-08,9.699090003967285
2005-11-09,9.431674003601074
2005-11-10,9.7289400100708
2005-11-11,9.711526870727539
2005-11-14,9.874960899353027
2005-11-15,9.771228790283203
2005-11-16,9.904314041137695
2005-11-17,10.036155700683594
2005-11-18,9.955558776855469
2005-11-21,10.183171272277832
2005-11-22,10.360038757324219
2005-11-23,10.518996238708496
2005-11-25,10.662280082702637
2005-11-28,10.534420013427734
2005-11-29,10.038396835327148
2005-11-30,10.07247543334961
2005-12-01,10.300835609436035
2005-12-02,10.390637397766113
2005-12-05,10.095858573913574
2005-12-06,10.063271522521973
2005-12-07,10.055310249328613
2005-12-08,10.215263366699219
2005-12-09,10.179191589355469
2005-12-12,10.264019012451172
2005-12-13,10.385414123535156
2005-12-14,10.421980857849121
2005-12-15,10.511283874511719
2005-12-16,10.70034122467041
2005-12-19,10.562280654907227
2005-12-20,10.690142631530762
2005-12-21,10.605315208435059
2005-12-22,10.747357368469238
2005-12-23,10.719743728637695
2005-12-27,10.563275337219238
2005-12-28,10.614269256591797
2005-12-29,10.451582908630371
2005-12-30,10.319989204406738
2006-01-03,10.826709747314453
2006-01-04,11.075716972351074
2006-01-05,11.224971771240234
2006-01-06,11.5836820602417
2006-01-09,11.614527702331543
2006-01-10,11.685673713684082
2006-01-11,11.73219108581543
2006-01-12,11.533185005187988
2006-01-13,11.598359107971191
2006-01-17,11.6197509765625
2006-01-18,11.067508697509766
2006-01-19,10.857057571411133
2006-01-20,9.936901092529297
2006-01-23,10.634420394897461
2006-01-24,11.02074146270752
2006-01-25,10.77123737335205
2006-01-26,10.80282974243164
2006-01-27,10.783424377441406
2006-01-30,10.617505073547363
2006-01-31,10.762778282165527
2006-02-01,9.994614601135254
2006-02-02,9.851826667785645
2006-02-03,9.491374969482422
2006-02-06,9.579684257507324
2006-02-07,9.15231704711914
2006-02-08,9.181173324584961
2006-02-09,8.924703598022461
2006-02-10,9.020227432250977
2006-02-13,8.59957504272461
2006-02-14,8.540372848510742
2006-02-15,8.516987800598145
2006-02-16,9.116000175476074
2006-02-17,9.172965049743652
2006-02-21,9.119233131408691
2006-02-22,9.091869354248047
2006-02-23,9.404806137084961
2006-02-24,9.388139724731445
2006-02-27,9.711028099060059
2006-02-28,9.020475387573242
2006-03-01,9.074706077575684
2006-03-02,9.364509582519531
2006-03-03,9.407544136047363
2006-03-06,9.156794548034668
2006-03-07,9.065998077392578
2006-03-08,8.803060531616211
2006-03-09,8.532411575317383
2006-03-10,8.39559555053711
2006-03-13,8.384648323059082
2006-03-14,8.73539924621582
2006-03-15,8.56972599029541
2006-03-16,8.427186965942383
2006-03-17,8.452560424804688
2006-03-20,8.661517143249512
2006-03-21,8.455795288085938
2006-03-22,8.463257789611816
2006-03-23,8.504799842834473
2006-03-24,9.099580764770508
2006-03-27,9.196348190307617
2006-03-28,9.383164405822754
2006-03-29,9.825457572937012
2006-03-30,9.662769317626953
2006-03-31,9.701577186584473
2006-04-03,9.694113731384277
2006-04-04,10.058296203613281
2006-04-05,10.149091720581055
2006-04-06,10.228446006774902
2006-04-07,10.103569030761719
2006-04-10,10.357800483703613
2006-04-11,10.190634727478027
2006-04-12,10.172972679138184
2006-04-13,10.00406551361084
2006-04-17,10.119988441467285
2006-04-18,10.055807113647461
2006-04-19,10.211530685424805
2006-04-20,10.323471069335938
2006-04-21,10.873228073120117
2006-04-24,10.957806587219238
2006-04-25,10.625961303710938
2006-04-26,10.596359252929688
2006-04-27,10.448596000671387
2006-04-28,10.396605491638184
2006-05-01,9.92297077178955
2006-05-02,9.820980072021484
2006-05-03,9.80530834197998
2006-05-04,9.819737434387207
2006-05-05,9.808541297912598
2006-05-08,9.82048225402832
2006-05-09,10.169241905212402
2006-05-10,10.024465560913086
2006-05-11,9.626947402954102
2006-05-12,9.306796073913574
2006-05-15,9.358288764953613
2006-05-16,9.236397743225098
2006-05-17,9.315999984741211
2006-05-18,9.228686332702637
2006-05-19,9.204556465148926
2006-05-22,9.227691650390625
2006-05-23,9.342867851257324
2006-05-24,9.483912467956543
2006-05-25,9.527196884155273
2006-05-26,9.48639965057373
2006-05-30,9.252318382263184
2006-05-31,9.249333381652832
2006-06-01,9.51799201965332
2006-06-02,9.438886642456055
2006-06-05,9.314507484436035
2006-06-06,9.70132827758789
2006-06-07,9.614758491516113
2006-06-08,9.783666610717773
2006-06-09,9.616251945495605
2006-06-12,9.491127014160156
2006-06-13,9.615009307861328
2006-06-14,9.56202220916748
2006-06-15,9.72645378112793
2006-06-16,9.718990325927734
2006-06-19,9.655306816101074
2006-06-20,9.631176948547363
2006-06-21,10.003318786621094
2006-06-22,9.949090957641602
2006-06-23,10.0712308883667
2006-06-26,10.055310249328613
2006-06-27,10.00804615020752
2006-06-28,10.102326393127441
2006-06-29,10.393372535705566
2006-06-30,10.431184768676758
2006-07-03,10.527453422546387
2006-07-05,10.484169960021973
2006-07-06,10.527205467224121
2006-07-07,10.459046363830566
2006-07-10,10.40307331085205
2006-07-11,10.561285018920898
2006-07-12,10.379443168640137
2006-07-13,10.169987678527832
2006-07-14,10.037400245666504
2006-07-17,10.14660358428955
2006-07-18,10.026206016540527
2006-07-19,9.925458908081055
2006-07-20,9.629934310913086
2006-07-21,9.70431137084961
2006-07-24,9.72396469116211
2006-07-25,9.685656547546387
2006-07-26,9.58963394165039
2006-07-27,9.512519836425781
2006-07-28,9.654809951782227
2006-07-31,9.616997718811035
2006-08-01,9.34112548828125
2006-08-02,9.135153770446777
2006-08-03,9.338139533996582
2006-08-04,9.299833297729492
2006-08-07,9.401822090148926
2006-08-08,9.477694511413574
2006-08-09,9.376697540283203
2006-08-10,9.308536529541016
2006-08-11,9.16674518585205
2006-08-14,9.18988037109375
2006-08-15,9.476947784423828
2006-08-16,9.64486026763916
2006-08-17,9.597097396850586
2006-08-18,9.53640079498291
2006-08-21,9.385653495788574
2006-08-22,9.410280227661133
2006-08-23,9.289381980895996
2006-08-24,9.296845436096191
2006-08-25,9.285154342651367
2006-08-28,9.476449966430664
2006-08-29,9.4266996383667
2006-08-30,9.471474647521973
2006-08-31,9.416250228881836
2006-09-01,9.417990684509277
2006-09-05,9.561277389526367
2006-09-06,9.456299781799316
2006-09-07,9.415255546569824
2006-09-08,9.399334907531738
2006-09-11,9.554559707641602
2006-09-12,9.74884033203125
2006-09-13,10.113767623901367
2006-09-14,10.04934024810791
2006-09-15,10.196107864379883
2006-09-18,10.31576156616211
2006-09-19,10.045111656188965
2006-09-20,9.875706672668457
2006-09-21,10.120734214782715
2006-09-22,10.044365882873535
2006-09-25,10.04934024810791
2006-09-26,10.121232032775879
2006-09-27,10.022972106933594
2006-09-28,10.039390563964844
2006-09-29,9.997598648071289
2006-10-02,9.98615550994873
2006-10-03,10.05083179473877
2006-10-04,10.340885162353516
2006-10-05,10.244118690490723
2006-10-06,10.460288047790527
2006-10-09,10.671733856201172
2006-10-10,10.613275527954102
2006-10-11,10.609543800354004
2006-10-12,10.632926940917969
2006-10-13,10.62944507598877
2006-10-16,10.49138355255127
2006-10-17,10.46377182006836
2006-10-18,10.430685997009277
2006-10-19,10.598597526550293
2006-10-20,11.434675216674805
2006-10-23,11.959806442260742
2006-10-24,11.773983001708984
2006-10-25,12.104581832885742
2006-10-26,12.067268371582031
2006-10-27,11.82099723815918
2006-10-30,11.855077743530273
2006-10-31,11.850600242614746
2006-11-01,11.629453659057617
2006-11-02,11.689403533935547
2006-11-03,11.736418724060059
2006-11-06,11.864530563354492
2006-11-07,11.755573272705078
2006-11-08,11.816021919250488
2006-11-09,11.757065773010254
2006-11-10,11.779953002929688
2006-11-13,11.966023445129395
2006-11-14,12.171747207641602
2006-11-15,12.237170219421387
2006-11-16,12.33592700958252
2006-11-17,12.407818794250488
2006-11-20,12.314783096313477
2006-11-21,12.67796802520752
2006-11-22,12.637173652648926
2006-11-24,12.562296867370605
2006-11-27,12.058562278747559
2006-11-28,12.176722526550293
2006-11-29,12.056074142456055
2006-11-30,12.060054779052734
2006-12-01,11.960301399230957
2006-12-04,12.061049461364746
2006-12-05,12.114532470703125
2006-12-06,12.15707015991211
2006-12-07,12.006072998046875
2006-12-08,12.042641639709473
2006-12-11,12.038163185119629
2006-12-12,11.984681129455566
2006-12-13,11.915277481079102
2006-12-14,11.99313735961914
2006-12-15,11.947863578796387
2006-12-18,11.51253890991211
2006-12-19,11.657563209533691
2006-12-20,11.51502513885498
2006-12-21,11.348356246948242
2006-12-22,11.33293342590332
2006-12-26,11.381442070007324
2006-12-27,11.642638206481934
2006-12-28,11.506567001342773
2006-12-29,11.454825401306152
2007-01-03,11.631691932678223
2007-01-04,12.021496772766113
2007-01-05,12.119258880615234
2007-01-08,12.029458045959473
2007-01-09,12.077218055725098
2007-01-10,12.175726890563965
2007-01-11,12.430953979492188
2007-01-12,12.562296867370605
2007-01-16,12.544386863708496
2007-01-17,12.370254516601562
2007-01-18,12.135178565979004
2007-01-19,12.182941436767578
2007-01-22,11.961297988891602
2007-01-23,11.916769981384277
2007-01-24,12.414782524108887
2007-01-25,12.141646385192871
2007-01-26,12.334433555603027
2007-01-29,12.250601768493652
2007-01-30,12.296623229980469
2007-01-31,12.475232124328613
2007-02-01,11.98393440246582
2007-02-02,11.977715492248535
2007-02-05,11.62099552154541
2007-02-06,11.728458404541016
2007-02-07,11.691889762878418
2007-02-08,11.717266082763672
2007-02-09,11.489900588989258
2007-02-12,11.400346755981445
2007-02-13,11.420495986938477
2007-02-14,11.590398788452148
2007-02-15,11.479452133178711
2007-02-16,11.690149307250977
2007-02-20,11.743881225585938
2007-02-21,11.837413787841797
2007-02-22,11.837166786193848
2007-02-23,11.70706558227539
2007-02-26,11.565523147583008
2007-02-27,11.163528442382812
2007-02-28,11.18044376373291
2007-03-01,11.150094985961914
2007-03-02,10.912531852722168
2007-03-05,10.969000816345215
2007-03-06,11.381938934326172
2007-03-07,11.334425926208496
2007-03-08,11.311539649963379
2007-03-09,11.267757415771484
2007-03-12,11.312286376953125
2007-03-13,11.02074146270752
2007-03-14,11.144373893737793
2007-03-15,11.099349975585938
2007-03-16,10.966511726379395
2007-03-19,11.12522029876709
2007-03-20,11.076711654663086
2007-03-21,11.357062339782715
2007-03-22,11.493632316589355
2007-03-23,11.488408088684082
2007-03-26,11.56726360321045
2007-03-27,11.53293514251709
2007-03-28,11.489651679992676
2007-03-29,11.465770721435547
2007-03-30,11.397112846374512
2007-04-02,11.406317710876465
2007-04-03,11.756319999694824
2007-04-04,11.717015266418457
2007-04-05,11.729205131530762
2007-04-09,11.647114753723145
2007-04-10,11.604578018188477
2007-04-11,11.555573463439941
2007-04-12,11.626716613769531
2007-04-13,11.599353790283203
2007-04-16,11.797863960266113
2007-04-17,11.761295318603516
2007-04-18,11.841146469116211
2007-04-19,11.732687950134277
2007-04-20,12.002093315124512
2007-04-23,11.917516708374023
2007-04-24,11.878958702087402
2007-04-25,11.890400886535645
2007-04-26,11.969756126403809
2007-04-27,11.91577434539795
2007-04-30,11.725971221923828
2007-05-01,11.666768074035645
2007-05-02,11.586666107177734
2007-05-03,11.771992683410645
2007-05-04,11.719504356384277
2007-05-07,11.623732566833496
2007-05-08,11.612288475036621
2007-05-09,11.672986030578613
2007-05-10,11.479452133178711
2007-05-11,11.610546112060547
2007-05-14,11.487162590026855
2007-05-15,11.393131256103516
2007-05-16,11.756568908691406
2007-05-17,11.715523719787598
2007-05-18,11.699603080749512
2007-05-21,11.70656967163086
2007-05-22,11.837413787841797
2007-05-23,11.790399551391602
2007-05-24,11.799355506896973
2007-05-25,12.02796459197998
2007-05-29,12.117269515991211
2007-05-30,12.403091430664062
2007-05-31,12.385926246643066
2007-06-01,12.447869300842285
2007-06-04,12.613790512084961
2007-06-05,12.906578063964844
2007-06-06,12.891902923583984
2007-06-07,12.81254768371582
2007-06-08,12.82324504852295
2007-06-11,12.720010757446289
2007-06-12,12.556575775146484
2007-06-13,12.568268775939941
2007-06-14,12.508564949035645
2007-06-15,12.584436416625977
2007-06-18,12.816031455993652
2007-06-19,12.793890953063965
2007-06-20,12.685929298400879
2007-06-21,12.78891658782959
2007-06-22,13.059316635131836
2007-06-25,13.120014190673828
2007-06-26,13.190661430358887
2007-06-27,13.091903686523438
2007-06-28,13.06006145477295
2007-06-29,13.002598762512207
2007-07-02,13.193646430969238
2007-07-03,13.292155265808105
2007-07-05,13.47350025177002
2007-07-06,13.418025970458984
2007-07-09,13.496633529663086
2007-07-10,13.516036987304688
2007-07-11,13.544145584106445
2007-07-12,13.565540313720703
2007-07-13,13.735440254211426
2007-07-16,13.756089210510254
2007-07-17,13.806089401245117
2007-07-18,13.669272422790527
2007-07-19,13.646635055541992
2007-07-20,12.938420295715332
2007-07-23,12.749114990234375
2007-07-24,12.786179542541504
2007-07-25,12.680706024169922
2007-07-26,12.63692569732666
2007-07-27,12.733691215515137
2007-07-30,12.838666915893555
2007-07-31,12.686676979064941
2007-08-01,12.759812355041504
2007-08-02,12.71180248260498
2007-08-03,12.51254653930664
2007-08-06,12.686676979064941
2007-08-07,12.836427688598633
2007-08-08,13.079217910766602
2007-08-09,12.804339408874512
2007-08-10,12.829712867736816
2007-08-13,12.823493957519531
2007-08-14,12.651851654052734
2007-08-15,12.376973152160645
2007-08-16,12.226970672607422
2007-08-17,12.438913345336914
2007-08-20,12.386176109313965
2007-08-21,12.602347373962402
2007-08-22,12.755085945129395
2007-08-23,12.741154670715332
2007-08-24,12.811057090759277
2007-08-27,12.767770767211914
2007-08-28,12.597124099731445
2007-08-29,12.758318901062012
2007-08-30,12.721502304077148
2007-08-31,12.81727409362793
2007-09-04,13.063546180725098
2007-09-05,13.129465103149414
2007-09-06,13.022997856140137
2007-09-07,12.919266700744629
2007-09-10,12.798120498657227
2007-09-11,12.968520164489746
2007-09-12,13.001355171203613
2007-09-13,13.054342269897461
2007-09-14,13.153099060058594
2007-09-17,13.067276000976562
2007-09-18,13.315288543701172
2007-09-19,13.603350639343262
2007-09-20,13.752108573913574
2007-09-21,13.932955741882324
2007-09-24,14.129972457885742
2007-09-25,14.154350280761719
2007-09-26,14.133455276489258
2007-09-27,14.117037773132324
2007-09-28,14.111315727233887
2007-10-01,14.49141788482666
2007-10-02,14.537189483642578
2007-10-03,14.527985572814941
2007-10-04,14.403855323791504
2007-10-05,14.77748966217041
2007-10-08,15.16480827331543
2007-10-09,15.303115844726562
2007-10-10,15.557099342346191
2007-10-11,15.472770690917969
2007-10-12,15.855608940124512
2007-10-15,15.42575454711914
2007-10-16,15.323513984680176
2007-10-17,15.758344650268555
2007-10-18,15.911083221435547
2007-10-19,16.037700653076172
2007-10-22,16.18794822692871
2007-10-23,16.81034278869629
2007-10-24,16.811588287353516
2007-10-25,16.629743576049805
2007-10-26,16.781240463256836
2007-10-29,16.896413803100586
2007-10-30,17.28298568725586
2007-10-31,17.587217330932617
2007-11-01,17.492935180664062
2007-11-02,17.69293785095215
2007-11-05,18.051149368286133
2007-11-06,18.452646255493164
2007-11-07,18.23249626159668
2007-11-08,17.259851455688477
2007-11-09,16.516807556152344
2007-11-12,15.723270416259766
2007-11-13,16.431734085083008
2007-11-14,15.962326049804688
2007-11-15,15.663070678710938
2007-11-16,15.762076377868652
2007-11-19,15.568541526794434
2007-11-20,16.132976531982422
2007-11-21,16.430986404418945
2007-11-23,16.833478927612305
2007-11-26,16.56730842590332
2007-11-27,16.755617141723633
2007-11-28,17.220544815063477
2007-11-29,17.338455200195312
2007-11-30,17.23895263671875
2007-12-03,16.95362663269043
2007-12-04,17.019052505493164
2007-12-05,17.376020431518555
2007-12-06,17.79269027709961
2007-12-07,17.782991409301758
2007-12-10,17.87129783630371
2007-12-11,17.3931827545166
2007-12-12,17.396915435791016
2007-12-13,17.265077590942383
2007-12-14,17.163330078125
2007-12-17,16.64765739440918
2007-12-18,16.750144958496094
2007-12-19,16.85014533996582
2007-12-20,17.1566162109375
2007-12-21,17.330745697021484
2007-12-24,17.431243896484375
2007-12-26,17.6827392578125
2007-12-27,17.43149185180664
2007-12-28,17.476022720336914
2007-12-31,17.201141357421875
2008-01-02,17.044673919677734
2008-01-03,17.04815673828125
2008-01-04,16.34342384338379
2008-01-07,16.150634765625
2008-01-08,15.713568687438965
2008-01-09,16.2488956451416
2008-01-10,16.087949752807617
2008-01-11,15.87700366973877
2008-01-14,16.264320373535156
2008-01-15,15.862076759338379
2008-01-16,15.322270393371582
2008-01-17,14.945154190063477
2008-01-18,14.931720733642578
2008-01-22,14.536194801330566
2008-01-23,13.647380828857422
2008-01-24,14.29092025756836
2008-01-25,14.089673042297363
2008-01-28,13.830467224121094
2008-01-29,13.694645881652832
2008-01-30,13.63867473602295
2008-01-31,14.037434577941895
2008-02-01,12.833443641662598
2008-02-04,12.324235916137695
2008-02-05,12.607073783874512
2008-02-06,12.48045539855957
2008-02-07,12.561053276062012
2008-02-08,12.853095054626465
2008-02-11,12.964290618896484
2008-02-12,12.887921333312988
2008-02-13,13.299118995666504
2008-02-14,13.240164756774902
2008-02-15,13.175237655639648
2008-02-19,12.660555839538574
2008-02-20,12.6618013381958
2008-02-21,12.509062767028809
2008-02-22,12.631950378417969
2008-02-25,12.100601196289062
2008-02-26,11.547114372253418
2008-02-27,11.762787818908691
2008-02-28,11.825724601745605
2008-02-29,11.720995903015137
2008-03-03,11.368754386901855
2008-03-04,11.059796333312988
2008-03-05,11.136911392211914
2008-03-06,10.763773918151855
2008-03-07,10.779943466186523
2008-03-10,10.289144515991211
2008-03-11,10.941387176513672
2008-03-12,10.949846267700195
2008-03-13,11.020243644714355
2008-03-14,10.89362621307373
2008-03-17,10.44461727142334
2008-03-18,10.924471855163574
2008-03-19,10.746360778808594
2008-03-20,10.784918785095215
2008-03-24,11.456815719604492
2008-03-25,11.213529586791992
2008-03-26,11.397859573364258
2008-03-27,11.04686164855957
2008-03-28,10.897604942321777
2008-03-31,10.957059860229492
2008-04-01,11.584924697875977
2008-04-02,11.584676742553711
2008-04-03,11.321489334106445
2008-04-04,11.718757629394531
2008-04-07,11.861295700073242
2008-04-08,11.637165069580078
2008-04-09,11.547114372253418
2008-04-10,11.668757438659668
2008-04-11,11.379450798034668
2008-04-14,11.235420227050781
2008-04-15,11.115518569946289
2008-04-16,11.31925106048584
2008-04-17,11.182684898376465
2008-04-18,13.418274879455566
2008-04-21,13.377976417541504
2008-04-22,13.806089401245117
2008-04-23,13.594395637512207
2008-04-24,13.508574485778809
2008-04-25,13.533947944641113
2008-04-28,13.734447479248047
2008-04-29,13.89240837097168
2008-04-30,14.285944938659668
2008-05-01,14.753361701965332
2008-05-02,14.460074424743652
2008-05-05,14.79863452911377
2008-05-06,14.58619499206543
2008-05-07,14.403108596801758
2008-05-08,14.502861976623535
2008-05-09,14.258829116821289
2008-05-12,14.550871849060059
2008-05-13,14.502612113952637
2008-05-14,14.335944175720215
2008-05-15,14.452861785888672
2008-05-16,14.429726600646973
2008-05-19,14.366291999816895
2008-05-20,14.393157958984375
2008-05-21,13.681462287902832
2008-05-22,13.6682767868042
2008-05-23,13.54787826538086
2008-05-27,13.95285701751709
2008-05-28,14.135442733764648
2008-05-29,14.502612113952637
2008-05-30,14.572265625
2008-06-02,14.303606033325195
2008-06-03,14.112062454223633
2008-06-04,14.234451293945312
2008-06-05,14.584702491760254
2008-06-06,14.104598045349121
2008-06-09,13.877482414245605
2008-06-10,13.785443305969238
2008-06-11,13.562307357788086
2008-06-12,13.755094528198242
2008-06-13,14.216788291931152
2008-06-16,14.249128341674805
2008-06-17,14.165794372558594
2008-06-18,13.989672660827637
2008-06-19,13.935442924499512
2008-06-20,13.592903137207031
2008-06-23,13.562554359436035
2008-06-24,13.490165710449219
2008-06-25,13.706585884094238
2008-06-26,13.154840469360352
2008-06-27,13.13618278503418
2008-06-30,13.095137596130371
2008-07-01,13.30185604095459
2008-07-02,13.110560417175293
2008-07-03,13.35832405090332
2008-07-07,13.5302152633667
2008-07-08,13.79439640045166
2008-07-09,13.471508026123047
2008-07-10,13.447131156921387
2008-07-11,13.27872085571289
2008-07-14,12.975733757019043
2008-07-15,12.838170051574707
2008-07-16,13.323498725891113
2008-07-17,13.269765853881836
2008-07-18,11.973236083984375
2008-07-21,11.661792755126953
2008-07-22,11.868510246276855
2008-07-23,12.169756889343262
2008-07-24,11.83144474029541
2008-07-25,12.23841381072998
2008-07-28,11.868760108947754
2008-07-29,12.017765998840332
2008-07-30,12.007566452026367
2008-07-31,11.784928321838379
2008-08-01,11.638408660888672
2008-08-04,11.5175142288208
2008-08-05,11.936670303344727
2008-08-06,12.098115921020508
2008-08-07,11.918511390686035
2008-08-08,12.313788414001465
2008-08-11,12.45881462097168
2008-08-12,12.502843856811523
2008-08-13,12.438663482666016
2008-08-14,12.57448673248291
2008-08-15,12.690407752990723
2008-08-18,12.395628929138184
2008-08-19,12.201598167419434
2008-08-20,12.064780235290527
2008-08-21,12.102839469909668
2008-08-22,12.203836441040039
2008-08-25,12.015276908874512
2008-08-26,11.795125961303711
2008-08-27,11.656317710876465
2008-08-28,11.785673141479492
2008-08-29,11.524726867675781
2008-09-02,11.57348346710205
2008-09-03,11.552586555480957
2008-09-04,11.200593948364258
2008-09-05,11.051090240478516
2008-09-08,10.44660758972168
2008-09-09,10.414519309997559
2008-09-10,10.30257511138916
2008-09-11,10.78989315032959
2008-09-12,10.887158393859863
2008-09-15,10.792630195617676
2008-09-16,11.018254280090332
2008-09-17,10.310786247253418
2008-09-18,10.922483444213867
2008-09-19,11.172982215881348
2008-09-22,10.700091361999512
2008-09-23,10.678450584411621
2008-09-24,10.823726654052734
2008-09-25,10.935417175292969
2008-09-26,10.722479820251465
2008-09-29,9.477694511413574
2008-09-30,9.96327018737793
2008-10-01,10.2418794631958
2008-10-02,9.713765144348145
2008-10-03,9.624709129333496
2008-10-06,9.234159469604492
2008-10-07,8.607288360595703
2008-10-08,8.410768508911133
2008-10-09,8.183653831481934
2008-10-10,8.258777618408203
2008-10-13,9.478191375732422
2008-10-14,9.022714614868164
2008-10-15,8.437137603759766
2008-10-16,8.78166675567627
2008-10-17,9.267243385314941
2008-10-20,9.435901641845703
2008-10-21,9.023709297180176
2008-10-22,8.847589492797852
2008-10-23,8.764256477355957
2008-10-24,8.440123558044434
2008-10-27,8.196337699890137
2008-10-28,9.172965049743652
2008-10-29,8.905550003051758
2008-10-30,8.947589874267578
2008-10-31,8.939380645751953
2008-11-03,8.619230270385742
2008-11-04,9.127939224243164
2008-11-05,8.513505935668945
2008-11-06,8.239374160766602
2008-11-07,8.237384796142578
2008-11-10,7.929917812347412
2008-11-11,7.747827529907227
2008-11-12,7.238868236541748
2008-11-13,7.763251304626465
2008-11-14,7.712006568908691
2008-11-17,7.465736389160156
2008-11-18,7.398571014404297
2008-11-19,6.969711780548096
2008-11-20,6.456771373748779
2008-11-21,6.528164863586426
2008-11-24,6.404034614562988
2008-11-25,7.016229152679443
2008-11-26,7.2659831047058105
2008-11-28,7.287623882293701
2008-12-01,6.61672306060791
2008-12-02,6.843591690063477
2008-12-03,6.95105504989624
2008-12-04,6.824436187744141
2008-12-05,7.064488410949707
2008-12-08,7.5152387619018555
2008-12-09,7.611259460449219
2008-12-10,7.682155609130859
2008-12-11,7.468223571777344
2008-12-12,7.854794502258301
2008-12-15,7.728176593780518
2008-12-16,8.0916109085083
2008-12-17,7.841858863830566
2008-12-18,7.718474388122559
2008-12-19,7.715738296508789
2008-12-22,7.390859603881836
2008-12-23,7.413496494293213
2008-12-24,7.536133766174316
2008-12-26,7.471707344055176
2008-12-29,7.398571014404297
2008-12-30,7.540114402770996
2008-12-31,7.653051376342773
2009-01-02,7.993104457855225
2009-01-05,8.160518646240234
2009-01-06,8.31002140045166
2009-01-07,8.01026725769043
2009-01-08,8.089372634887695
2009-01-09,7.837630271911621
2009-01-12,7.778425693511963
2009-01-13,7.818973064422607
2009-01-14,7.486880302429199
2009-01-15,7.437626361846924
2009-01-16,7.454541206359863
2009-01-20,7.0336432456970215
2009-01-21,7.539369106292725
2009-01-22,7.624444007873535
2009-01-23,8.077184677124023
2009-01-26,8.056537628173828
2009-01-27,8.245842933654785
2009-01-28,8.673457145690918
2009-01-29,8.540372848510742
2009-01-30,8.42121696472168
2009-02-02,8.471962928771973
2009-02-03,8.468977928161621
2009-02-04,8.532411575317383
2009-02-05,8.799080848693848
2009-02-06,9.23590087890625
2009-02-09,9.422220230102539
2009-02-10,8.918235778808594
2009-02-11,8.90654468536377
2009-02-12,9.031170845031738
2009-02-13,8.897588729858398
2009-02-17,8.523954391479492
2009-02-18,8.783906936645508
2009-02-19,8.523456573486328
2009-02-20,8.618233680725098
2009-02-23,8.210517883300781
2009-02-24,8.593358039855957
2009-02-25,8.498580932617188
2009-02-26,8.38763427734375
2009-02-27,8.407783508300781
2009-03-02,8.138378143310547
2009-03-03,8.096587181091309
2009-03-04,7.933402061462402
2009-03-05,7.60305118560791
2009-03-06,7.675936698913574
2009-03-09,7.236132621765137
2009-03-10,7.665987014770508
2009-03-11,7.90827751159668
2009-03-12,8.048078536987305
2009-03-13,8.070219993591309
2009-03-16,7.952555179595947
2009-03-17,8.341864585876465
2009-03-18,8.286140441894531
2009-03-19,8.207533836364746
2009-03-20,8.213005065917969
2009-03-23,8.671716690063477
2009-03-24,8.63614273071289
2009-03-25,8.559028625488281
2009-03-26,8.788384437561035
2009-03-27,8.649327278137207
2009-03-30,8.524701118469238
2009-03-31,8.658282279968262
2009-04-01,8.808284759521484
2009-04-02,9.017491340637207
2009-04-03,9.198586463928223
2009-04-06,9.160277366638184
2009-04-07,8.92171859741211
2009-04-08,9.005053520202637
2009-04-09,9.266247749328613
2009-04-13,9.405801773071289
2009-04-14,9.176945686340332
2009-04-15,9.44037914276123
2009-04-16,9.670231819152832
2009-04-17,9.75729751586914
2009-04-20,9.435404777526855
2009-04-21,9.489384651184082
2009-04-22,9.54883861541748
2009-04-23,9.569485664367676
2009-04-24,9.688889503479004
2009-04-27,9.600829124450684
2009-04-28,9.545106887817383
2009-04-29,9.738142967224121
2009-04-30,9.85008430480957
2009-05-01,9.793368339538574
2009-05-04,9.999589920043945
2009-05-05,10.024713516235352
2009-05-06,10.036653518676758
2009-05-07,9.86600399017334
2009-05-08,10.132673263549805
2009-05-11,10.148845672607422
2009-05-12,9.925707817077637
2009-05-13,9.690132141113281
2009-05-14,9.639387130737305
2009-05-15,9.701577186584473
2009-05-18,9.87172794342041
2009-05-19,9.922472953796387
2009-05-20,9.880183219909668
2009-05-21,9.863268852233887
2009-05-22,9.788640975952148
2009-05-26,10.058792114257812
2009-05-27,10.088643074035645
2009-05-28,10.209044456481934
2009-05-29,10.378945350646973
2009-06-01,10.61103630065918
2009-06-02,10.656808853149414
2009-06-03,10.737653732299805
2009-06-04,10.952333450317383
2009-06-05,11.052830696105957
2009-06-08,10.91477108001709
2009-06-09,10.836410522460938
2009-06-10,10.761286735534668
2009-06-11,10.671733856201172
2009-06-12,10.56825065612793
2009-06-15,10.367502212524414
2009-06-16,10.348347663879395
2009-06-17,10.3274507522583
2009-06-18,10.300088882446289
2009-06-19,10.450090408325195
2009-06-22,10.133172035217285
2009-06-23,10.091629981994629
2009-06-24,10.181429862976074
2009-06-25,10.34262752532959
2009-06-26,10.580191612243652
2009-06-29,10.550836563110352
2009-06-30,10.48740291595459
2009-07-01,10.422727584838867
2009-07-02,10.161529541015625
2009-07-06,10.189391136169434
2009-07-07,9.86650276184082
2009-07-08,10.012273788452148
2009-07-09,10.208793640136719
2009-07-10,10.30854606628418
2009-07-13,10.554818153381348
2009-07-14,10.564519882202148
2009-07-15,10.899845123291016
2009-07-16,11.010045051574707
2009-07-17,10.702829360961914
2009-07-20,10.700839042663574
2009-07-21,10.644370079040527
2009-07-22,10.63914680480957
2009-07-23,10.87919807434082
2009-07-24,11.112534523010254
2009-07-27,11.064770698547363
2009-07-28,10.94163703918457
2009-07-29,10.851836204528809
2009-07-30,11.085667610168457
2009-07-31,11.021239280700684
2009-08-03,11.249102592468262
2009-08-04,11.286911964416504
2009-08-05,11.222484588623047
2009-08-06,11.203081130981445
2009-08-07,11.370744705200195
2009-08-10,11.35855484008789
2009-08-11,11.29213809967041
2009-08-12,11.407561302185059
2009-08-13,11.499601364135742
2009-08-14,11.44288444519043
2009-08-17,11.067009925842285
2009-08-18,11.076711654663086
2009-08-19,11.044123649597168
2009-08-20,11.453084945678711
2009-08-21,11.573233604431152
2009-08-24,11.660052299499512
2009-08-25,11.725722312927246
2009-08-26,11.641892433166504
2009-08-27,11.593631744384766
2009-08-28,11.561043739318848
2009-08-31,11.484427452087402
2009-09-01,11.337410926818848
2009-09-02,11.269002914428711
2009-09-03,11.381192207336426
2009-09-04,11.475223541259766
2009-09-08,11.408556938171387
2009-09-09,11.541641235351562
2009-09-10,11.715025901794434
2009-09-11,11.744877815246582
2009-09-14,11.81900691986084
2009-09-15,11.879205703735352
2009-09-16,12.146621704101562
2009-09-17,12.231945991516113
2009-09-18,12.225479125976562
2009-09-21,12.363289833068848
2009-09-22,12.414535522460938
2009-09-23,12.399609565734863
2009-09-24,12.35756778717041
2009-09-25,12.25085163116455
2009-09-28,12.401350975036621
2009-09-29,12.401350975036621
2009-09-30,12.334683418273926
2009-10-01,12.1195068359375
2009-10-02,12.054333686828613
2009-10-05,12.15234375
2009-10-06,12.406574249267578
2009-10-07,12.874238967895508
2009-10-08,12.790657043457031
2009-10-09,12.842150688171387
2009-10-12,13.035932540893555
2009-10-13,13.087427139282227
2009-10-14,13.316532135009766
2009-10-15,13.181954383850098
2009-10-16,13.677977561950684
2009-10-19,13.733699798583984
2009-10-20,13.724496841430664
2009-10-21,13.709073066711426
2009-10-22,13.78345012664795
2009-10-23,13.773500442504883
2009-10-26,13.786437034606934
2009-10-27,13.639172554016113
2009-10-28,13.440415382385254
2009-10-29,13.707829475402832
2009-10-30,13.336433410644531
2009-11-02,13.283448219299316
2009-11-03,13.365538597106934
2009-11-04,13.441162109375
2009-11-05,13.648127555847168
2009-11-06,13.709073066711426
2009-11-09,13.99290657043457
2009-11-10,14.098628997802734
2009-11-11,14.193158149719238
2009-11-12,14.12574291229248
2009-11-13,14.230222702026367
2009-11-16,14.33544635772705
2009-11-17,14.365548133850098
2009-11-18,14.34465217590332
2009-11-19,14.253605842590332
2009-11-20,14.178232192993164
2009-11-23,14.486443519592285
2009-11-24,14.504850387573242
2009-11-25,14.570773124694824
2009-11-27,14.422015190124512
2009-11-30,14.502612113952637
2009-12-01,14.67350959777832
2009-12-02,14.614802360534668
2009-12-03,14.570773124694824
2009-12-04,14.552614212036133
2009-12-07,14.58345890045166
2009-12-08,14.603358268737793
2009-12-09,14.652363777160645
2009-12-10,14.714056968688965
2009-12-11,14.689430236816406
2009-12-14,14.819282531738281
2009-12-15,14.754853248596191
2009-12-16,14.869778633117676
2009-12-17,14.774754524230957
2009-12-18,14.836445808410645
2009-12-21,14.89266586303711
2009-12-22,14.953363418579102
2009-12-23,15.21605110168457
2009-12-24,15.38520622253418
2009-12-28,15.494410514831543
2009-12-29,15.408093452453613
2009-12-30,15.490930557250977
2009-12-31,15.42251968383789
2010-01-04,15.590929985046387
2010-01-05,15.522273063659668
2010-01-06,15.130976676940918
2010-01-07,14.77873420715332
2010-01-08,14.975751876831055
2010-01-11,14.953113555908203
2010-01-12,14.688684463500977
2010-01-13,14.604353904724121
2010-01-14,14.673012733459473
2010-01-15,14.427985191345215
2010-01-19,14.617537498474121
2010-01-20,14.438183784484863
2010-01-21,14.502115249633789
2010-01-22,13.68195915222168
2010-01-25,13.432951927185059
2010-01-26,13.49315071105957
2010-01-27,13.485191345214844
2010-01-28,13.290909767150879
2010-01-29,13.182700157165527
2010-02-01,13.259316444396973
2010-02-02,13.212053298950195
2010-02-03,13.453349113464355
2010-02-04,13.104094505310059
2010-02-05,13.216282844543457
2010-02-08,13.270511627197266
2010-02-09,13.344392776489258
2010-02-10,13.294890403747559
2010-02-11,13.343399047851562
2010-02-12,13.261804580688477
2010-02-16,13.465291023254395
2010-02-17,13.388422966003418
2010-02-18,13.51305103302002
2010-02-19,13.451857566833496
2010-02-22,13.502605438232422
2010-02-23,13.31031322479248
2010-02-24,13.220759391784668
2010-02-25,13.095386505126953
2010-02-26,13.104589462280273
2010-03-01,13.25110912322998
2010-03-02,13.459320068359375
2010-03-03,13.565292358398438
2010-03-04,13.795888900756836
2010-03-05,14.035194396972656
2010-03-08,13.992158889770508
2010-03-09,13.935194969177246
2010-03-10,14.339676856994629
2010-03-11,14.456344604492188
2010-03-12,14.416542053222656
2010-03-15,14.009572982788086
2010-03-16,14.059822082519531
2010-03-17,14.068778038024902
2010-03-18,14.089673042297363
2010-03-19,13.930468559265137
2010-03-22,13.868277549743652
2010-03-23,13.656834602355957
2010-03-24,13.864048957824707
2010-03-25,14.002110481262207
2010-03-26,13.997385025024414
2010-03-29,13.991413116455078
2010-03-30,14.097386360168457
2010-03-31,14.107583999633789
2010-04-01,14.149375915527344
2010-04-05,14.204351425170898
2010-04-06,14.134947776794434
2010-04-07,14.018529891967773
2010-04-08,14.116787910461426
2010-04-09,14.085196495056152
2010-04-12,14.247139930725098
2010-04-13,14.596395492553711
2010-04-14,14.65186882019043
2010-04-15,14.808586120605469
2010-04-16,13.685441970825195
2010-04-19,13.684196472167969
2010-04-20,13.807084083557129
2010-04-21,13.788676261901855
2010-04-22,13.608574867248535
2010-04-23,13.557082176208496
2010-04-26,13.22498893737793
2010-04-27,13.160811424255371
2010-04-28,13.164043426513672
2010-04-29,13.233943939208984
2010-04-30,13.077226638793945
2010-05-03,13.199117660522461
2010-05-04,12.5963773727417
2010-05-05,12.680706024169922
2010-05-06,12.404831886291504
2010-05-07,12.2672700881958
2010-05-10,12.976480484008789
2010-05-11,12.663043022155762
2010-05-12,12.571998596191406
2010-05-13,12.708566665649414
2010-05-14,12.625232696533203
2010-05-17,12.636178970336914
2010-05-18,12.397370338439941
2010-05-19,12.299360275268555
2010-05-20,11.816271781921387
2010-05-21,11.74263858795166
2010-05-24,11.869752883911133
2010-05-25,11.867514610290527
2010-05-26,11.827714920043945
2010-05-27,12.200603485107422
2010-05-28,12.080451965332031
2010-06-01,11.999357223510742
2010-06-02,12.272991180419922
2010-06-03,12.57722282409668
2010-06-04,12.40607738494873
2010-06-07,12.077715873718262
2010-06-08,12.059308052062988
2010-06-09,11.791643142700195
2010-06-10,12.114781379699707
2010-06-11,12.151845932006836
2010-06-14,12.019754409790039
2010-06-15,12.387918472290039
2010-06-16,12.469510078430176
2010-06-17,12.439908981323242
2010-06-18,12.438663482666016
2010-06-21,12.153337478637695
2010-06-22,12.095874786376953
2010-06-23,11.9913969039917
2010-06-24,11.818509101867676
2010-06-25,11.758310317993164
2010-06-28,11.743385314941406
2010-06-29,11.300098419189453
2010-06-30,11.068504333496094
2010-07-01,10.9326810836792
2010-07-02,10.859545707702637
2010-07-06,10.847607612609863
2010-07-07,11.199101448059082
2010-07-08,11.357311248779297
2010-07-09,11.629204750061035
2010-07-12,11.836668968200684
2010-07-13,12.169259071350098
2010-07-14,12.222493171691895
2010-07-15,12.289159774780273
2010-07-16,11.433183670043945
2010-07-19,11.596616744995117
2010-07-20,11.97995376586914
2010-07-21,11.87821102142334
2010-07-22,12.060054779052734
2010-07-23,12.190652847290039
2010-07-26,12.163537979125977
2010-07-27,12.254583358764648
2010-07-28,12.04861068725586
2010-07-29,12.064531326293945
2010-07-30,12.061049461364746
2010-08-02,12.199358940124512
2010-08-03,12.184930801391602
2010-08-04,12.595133781433105
2010-08-05,12.639411926269531
2010-08-06,12.443389892578125
2010-08-09,12.571002960205078
2010-08-10,12.530206680297852
2010-08-11,12.232443809509277
2010-08-12,12.23915958404541
2010-08-13,12.098363876342773
2010-08-16,12.07945728302002
2010-08-17,12.202095985412598
2010-08-18,11.993884086608887
2010-08-19,11.641145706176758
2010-08-20,11.493134498596191
2010-08-23,11.544129371643066
2010-08-24,11.228704452514648
2010-08-25,11.309051513671875
2010-08-26,11.218504905700684
2010-08-27,11.413779258728027
2010-08-30,11.261042594909668
2010-08-31,11.194623947143555
2010-09-01,11.451093673706055
2010-09-02,11.521988868713379
2010-09-03,11.699105262756348
2010-09-07,11.552338600158691
2010-09-08,11.706069946289062
2010-09-09,11.845375061035156
2010-09-10,11.844380378723145
2010-09-13,11.996870040893555
2010-09-14,11.95109748840332
2010-09-15,11.95632266998291
2010-09-16,11.966769218444824
2010-09-17,12.192891120910645
2010-09-20,12.643890380859375
2010-09-21,12.772746086120605
2010-09-22,12.835932731628418
2010-09-23,12.773244857788086
2010-09-24,13.116779327392578
2010-09-27,13.194393157958984
2010-09-28,13.11379337310791
2010-09-29,13.126729965209961
2010-09-30,13.079466819763184
2010-10-01,13.075238227844238
2010-10-04,12.99389362335205
2010-10-05,13.388921737670898
2010-10-06,13.292401313781738
2010-10-07,13.184442520141602
2010-10-08,13.342153549194336
2010-10-11,13.404094696044922
2010-10-12,13.467528343200684
2010-10-13,13.515042304992676
2010-10-14,13.456087112426758
2010-10-15,14.96157169342041
2010-10-18,15.36605167388916
2010-10-19,15.120280265808105
2010-10-20,15.124011039733887
2010-10-21,15.223763465881348
2010-10-22,15.237196922302246
2010-10-25,15.335952758789062
2010-10-26,15.388192176818848
2010-10-27,15.335206985473633
2010-10-28,15.3876953125
2010-10-29,15.266301155090332
2010-11-01,15.298640251159668
2010-11-02,15.313565254211426
2010-11-03,15.427494049072266
2010-11-04,15.529237747192383
2010-11-05,15.54938793182373
2010-11-08,15.59142780303955
2010-11-09,15.542920112609863
2010-11-10,15.494661331176758
2010-11-11,15.353117942810059
2010-11-12,15.007344245910645
2010-11-15,14.812813758850098
2010-11-16,14.520523071289062
2010-11-17,14.5162935256958
2010-11-18,14.839929580688477
2010-11-19,14.69739055633545
2010-11-22,14.707091331481934
2010-11-23,14.502861976623535
2010-11-24,14.800375938415527
2010-11-26,14.676742553710938
2010-11-29,14.48047161102295
2010-11-30,13.823751449584961
2010-12-01,14.038678169250488
2010-12-02,14.22450065612793
2010-12-03,14.253853797912598
2010-12-06,14.387187004089355
2010-12-07,14.605600357055664
2010-12-08,14.690176963806152
2010-12-09,14.714056968688965
2010-12-10,14.731719017028809
2010-12-13,14.791668891906738
2010-12-14,14.798883438110352
2010-12-15,14.684206008911133
2010-12-16,14.719281196594238
2010-12-17,14.69664478302002
2010-12-20,14.802614212036133
2010-12-21,15.001869201660156
2010-12-22,15.062068939208984
2010-12-23,15.030725479125977
2010-12-27,14.98470687866211
2010-12-28,14.898636817932129
2010-12-29,14.950377464294434
2010-12-30,14.89714241027832
2010-12-31,14.775500297546387
2011-01-03,15.033712387084961
2011-01-04,14.978238105773926
2011-01-05,15.151124954223633
2011-01-06,15.26132583618164
2011-01-07,15.334460258483887
2011-01-10,15.278986930847168
2011-01-11,15.323762893676758
2011-01-12,15.345157623291016
2011-01-13,15.340680122375488
2011-01-14,15.527000427246094
2011-01-18,15.911332130432129
2011-01-19,15.715311050415039
2011-01-20,15.59142780303955
2011-01-21,15.219782829284668
2011-01-24,15.201126098632812
2011-01-25,15.420780181884766
2011-01-26,15.335952758789062
2011-01-27,15.343167304992676
2011-01-28,14.950129508972168
2011-01-31,14.934456825256348
2011-02-01,15.2001314163208
2011-02-02,15.224011421203613
2011-02-03,15.177990913391113
2011-02-04,15.198639869689941
2011-02-07,15.280978202819824
2011-02-08,15.382719039916992
2011-02-09,15.335952758789062
2011-02-10,15.334460258483887
2011-02-11,15.53495979309082
2011-02-14,15.625757217407227
2011-02-15,15.526252746582031
2011-02-16,15.527995109558105
2011-02-17,15.553865432739258
2011-02-18,15.673768043518066
2011-02-22,15.179484367370605
2011-02-23,15.207096099853516
2011-02-24,15.144906997680664
2011-02-25,15.175253868103027
2011-02-28,15.258838653564453
2011-03-01,14.944406509399414
2011-03-02,14.945154190063477
2011-03-03,15.163315773010254
2011-03-04,14.940925598144531
2011-03-07,14.718036651611328
2011-03-08,14.734206199645996
2011-03-09,14.720773696899414
2011-03-10,14.435447692871094
2011-03-11,14.34614372253418
2011-03-14,14.17897891998291
2011-03-15,14.168282508850098
2011-03-16,13.85832691192627
2011-03-17,13.964299201965332
2011-03-18,13.956836700439453
2011-03-21,14.34091854095459
2011-03-22,14.36131763458252
2011-03-23,14.481717109680176
2011-03-24,14.59937858581543
2011-03-25,14.421517372131348
2011-03-28,14.31256103515625
2011-03-29,14.471019744873047
2011-03-30,14.47375774383545
2011-03-31,14.596146583557129
2011-04-01,14.721519470214844
2011-04-04,14.619030952453613
2011-04-05,14.15658950805664
2011-04-06,14.283206939697266
2011-04-07,14.427985191345215
2011-04-08,14.382211685180664
2011-04-11,14.36256217956543
2011-04-12,14.1943998336792
2011-04-13,14.33544635772705
2011-04-14,14.39091968536377
2011-04-15,13.201605796813965
2011-04-18,13.105586051940918
2011-04-19,12.973494529724121
2011-04-20,13.077972412109375
2011-04-21,13.062301635742188
2011-04-25,13.061058044433594
2011-04-26,13.254342079162598
2011-04-27,13.377229690551758
2011-04-28,13.382453918457031
2011-04-29,13.534942626953125
2011-05-02,13.397130012512207
2011-05-03,13.280960083007812
2011-05-04,13.328224182128906
2011-05-05,13.290412902832031
2011-05-06,13.316035270690918
2011-05-09,13.375238418579102
2011-05-10,13.49912166595459
2011-05-11,13.3197660446167
2011-05-12,13.309815406799316
2011-05-13,13.172999382019043
2011-05-16,12.896130561828613
2011-05-17,13.195635795593262
2011-05-18,13.17946720123291
2011-05-19,13.215289115905762
2011-05-20,13.035683631896973
2011-05-23,12.895384788513184
2011-05-24,12.892149925231934
2011-05-25,12.927226066589355
2011-05-26,12.888916969299316
2011-05-27,12.957822799682617
2011-05-31,13.159815788269043
2011-06-01,13.074739456176758
2011-06-02,13.135933876037598
2011-06-03,13.012051582336426
2011-06-06,12.961803436279297
2011-06-07,12.91130542755127
2011-06-08,12.914787292480469
2011-06-09,12.85409164428711
2011-06-10,12.674488067626953
2011-06-13,12.555581092834473
2011-06-14,12.646130561828613
2011-06-15,12.51130199432373
2011-06-16,12.447122573852539
2011-06-17,12.065279006958008
2011-06-20,12.054333686828613
2011-06-21,12.263786315917969
2011-06-22,12.114781379699707
2011-06-23,11.945873260498047
2011-06-24,11.81303596496582
2011-06-27,12.010053634643555
2011-06-28,12.27995777130127
2011-06-29,12.377469062805176
2011-06-30,12.596626281738281
2011-07-01,12.96105670928955
2011-07-05,13.244889259338379
2011-07-06,13.317527770996094
2011-07-07,13.597132682800293
2011-07-08,13.233695983886719
2011-07-11,13.116532325744629
2011-07-12,13.28394603729248
2011-07-13,13.389667510986328
2011-07-14,13.157824516296387
2011-07-15,14.866297721862793
2011-07-18,14.799628257751465
2011-07-19,14.988935470581055
2011-07-20,14.809829711914062
2011-07-21,15.099384307861328
2011-07-22,15.378988265991211
2011-07-25,15.397644996643066
2011-07-26,15.485705375671387
2011-07-27,15.105104446411133
2011-07-28,15.197643280029297
2011-07-29,15.017294883728027
2011-08-01,15.093911170959473
2011-08-02,14.736445426940918
2011-08-03,14.954606056213379
2011-08-04,14.366291999816895
2011-08-05,14.404104232788086
2011-08-08,13.58270263671875
2011-08-09,14.264053344726562
2011-08-10,13.657083511352539
2011-08-11,13.983452796936035
2011-08-12,14.024250030517578
2011-08-15,13.86156177520752
2011-08-16,13.408076286315918
2011-08-17,13.262551307678223
2011-08-18,12.55931282043457
2011-08-19,12.212045669555664
2011-08-22,12.392394065856934
2011-08-23,12.906081199645996
2011-08-24,13.0172758102417
2011-08-25,12.936429977416992
2011-08-26,13.10608196258545
2011-08-29,13.410064697265625
2011-08-30,13.45036506652832
2011-08-31,13.456832885742188
2011-09-01,13.246381759643555
2011-09-02,13.05583381652832
2011-09-06,12.989664077758789
2011-09-07,13.284442901611328
2011-09-08,13.307577133178711
2011-09-09,13.056082725524902
2011-09-12,13.187178611755371
2011-09-13,13.172253608703613
2011-09-14,13.235685348510742
2011-09-15,13.496633529663086
2011-09-16,13.599122047424316
2011-09-19,13.598873138427734
2011-09-20,13.597878456115723
2011-09-21,13.413050651550293
2011-09-22,12.951852798461914
2011-09-23,13.072501182556152
2011-09-26,13.231209754943848
2011-09-27,13.416533470153809
2011-09-28,13.155335426330566
2011-09-29,13.122003555297852
2011-09-30,12.812050819396973
2011-10-03,12.3264741897583
2011-10-04,12.48518180847168
2011-10-05,12.554834365844727
2011-10-06,12.80384349822998
2011-10-07,12.814040184020996
2011-10-10,13.36255168914795
2011-10-11,13.512056350708008
2011-10-12,13.64439582824707
2011-10-13,13.905342102050781
2011-10-14,14.718534469604492
2011-10-17,14.487936973571777
2011-10-18,14.689430236816406
2011-10-19,14.445398330688477
2011-10-20,14.519278526306152
2011-10-21,14.688932418823242
2011-10-24,14.836445808410645
2011-10-25,14.506592750549316
2011-10-26,14.584953308105469
2011-10-27,14.892416954040527
2011-10-28,14.928985595703125
2011-10-31,14.742415428161621
2011-11-01,14.394403457641602
2011-11-02,14.54788589477539
2011-11-03,14.863309860229492
2011-11-04,14.829479217529297
2011-11-07,15.13271713256836
2011-11-08,15.23246955871582
2011-11-09,14.94913387298584
2011-11-10,14.803112983703613
2011-11-11,15.13321590423584
2011-11-14,15.24888801574707
2011-11-15,15.337445259094238
2011-11-16,15.210826873779297
2011-11-17,14.9471435546875
2011-11-18,14.798136711120605
2011-11-21,14.451369285583496
2011-11-22,14.427985191345215
2011-11-23,14.181962966918945
2011-11-25,14.005095481872559
2011-11-28,14.63171672821045
2011-11-29,14.500871658325195
2011-11-30,14.91032886505127
2011-12-01,15.268043518066406
2011-12-02,15.431973457336426
2011-12-05,15.563566207885742
2011-12-06,15.516800880432129
2011-12-07,15.50734806060791
2011-12-08,15.324759483337402
2011-12-09,15.607597351074219
2011-12-12,15.557099342346191
2011-12-13,15.563068389892578
2011-12-14,15.375009536743164
2011-12-15,15.411575317382812
2011-12-16,15.571279525756836
2011-12-19,15.468541145324707
2011-12-20,15.680980682373047
2011-12-21,15.567795753479004
2011-12-22,15.664313316345215
2011-12-23,15.749887466430664
2011-12-27,15.926753997802734
2011-12-28,15.91307258605957
2011-12-29,15.980236053466797
2011-12-30,16.067302703857422
2012-01-03,16.552629470825195
2012-01-04,16.624025344848633
2012-01-05,16.39342498779297
2012-01-06,16.16979217529297
2012-01-09,15.484212875366211
2012-01-10,15.501129150390625
2012-01-11,15.571279525756836
2012-01-12,15.662820816040039
2012-01-13,15.547148704528809
2012-01-17,15.636453628540039
2012-01-18,15.744166374206543
2012-01-19,15.909838676452637
2012-01-20,14.576991081237793
2012-01-23,14.565299034118652
2012-01-24,14.451120376586914
2012-01-25,14.16654109954834
2012-01-26,14.131962776184082
2012-01-27,14.427488327026367
2012-01-30,14.370523452758789
2012-01-31,14.430721282958984
2012-02-01,14.44863224029541
2012-02-02,14.55510139465332
2012-02-03,14.834207534790039
2012-02-06,15.15162181854248
2012-02-07,15.093911170959473
2012-02-08,15.170528411865234
2012-02-09,15.210578918457031
2012-02-10,15.072519302368164
2012-02-13,15.228986740112305
2012-02-14,15.168290138244629
2012-02-15,15.063811302185059
2012-02-16,15.087691307067871
2012-02-17,15.040925979614258
2012-02-21,15.273763656616211
2012-02-22,15.123015403747559
2012-02-23,15.077493667602539
2012-02-24,15.171772956848145
2012-02-27,15.157095909118652
2012-02-28,15.38296890258789
2012-02-29,15.379485130310059
2012-03-01,15.482719421386719
2012-03-02,15.45411205291748
2012-03-05,15.27998161315918
2012-03-06,15.048885345458984
2012-03-07,15.094657897949219
2012-03-08,15.103116035461426
2012-03-09,14.931720733642578
2012-03-12,15.053613662719727
2012-03-13,15.367794036865234
2012-03-14,15.32326602935791
2012-03-15,15.451128005981445
2012-03-16,15.548393249511719
2012-03-19,15.770782470703125
2012-03-20,15.75859260559082
2012-03-21,15.920037269592285
2012-03-22,16.071035385131836
2012-03-23,15.984963417053223
2012-03-26,16.152626037597656
2012-03-27,16.095163345336914
2012-03-28,16.312578201293945
2012-03-29,16.129741668701172
2012-03-30,15.95138168334961
2012-04-02,16.092676162719727
2012-04-03,15.985708236694336
2012-04-04,15.799886703491211
2012-04-05,15.729488372802734
2012-04-09,15.692673683166504
2012-04-10,15.593666076660156
2012-04-11,15.820036888122559
2012-04-12,16.19441795349121
2012-04-13,15.537447929382324
2012-04-16,15.076498031616211
2012-04-17,15.16356372833252
2012-04-18,15.11082649230957
2012-04-19,14.908087730407715
2012-04-20,14.82749080657959
2012-04-23,14.865798950195312
2012-04-24,14.957093238830566
2012-04-25,15.167293548583984
2012-04-26,15.310331344604492
2012-04-27,15.298140525817871
2012-04-30,15.046149253845215
2012-05-01,15.035701751708984
2012-05-02,15.106101036071777
2012-05-03,15.19963264465332
2012-05-04,14.850127220153809
2012-05-07,15.113314628601074
2012-05-08,15.243663787841797
2012-05-09,15.153114318847656
2012-05-10,15.26530647277832
2012-05-11,15.055602073669434
2012-05-14,15.025004386901855
2012-05-15,15.201872825622559
2012-05-16,15.645159721374512
2012-05-17,15.498889923095703
2012-05-18,14.935452461242676
2012-05-21,15.276498794555664
2012-05-22,14.945402145385742
2012-05-23,15.16082763671875
2012-05-24,15.016549110412598
2012-05-25,14.714802742004395
2012-05-29,14.784704208374023
2012-05-30,14.632713317871094
2012-05-31,14.44937801361084
2012-06-01,14.203604698181152
2012-06-04,14.392908096313477
2012-06-05,14.189425468444824
2012-06-06,14.44216537475586
2012-06-07,14.383954048156738
2012-06-08,14.439179420471191
2012-06-11,14.141912460327148
2012-06-12,14.057333946228027
2012-06-13,13.9575834274292
2012-06-14,13.90683650970459
2012-06-15,14.042657852172852
2012-06-18,14.200371742248535
2012-06-19,14.466045379638672
2012-06-20,14.366044044494629
2012-06-21,14.060070991516113
2012-06-22,14.216042518615723
2012-06-25,13.947881698608398
2012-06-26,14.046887397766113
2012-06-27,14.16181468963623
2012-06-28,14.03768253326416
2012-06-29,14.429726600646973
2012-07-02,14.439676284790039
2012-07-03,14.622762680053711
2012-07-05,14.82400894165039
2012-07-06,14.576742172241211
2012-07-09,14.577489852905273
2012-07-10,14.470273971557617
2012-07-11,14.208828926086426
2012-07-12,14.191166877746582
2012-07-13,14.34141731262207
2012-07-16,14.301615715026855
2012-07-17,14.346641540527344
2012-07-18,14.446890830993652
2012-07-19,14.752862930297852
2012-07-20,15.194658279418945
2012-07-23,15.311325073242188
2012-07-24,15.113811492919922
2012-07-25,15.124258995056152
2012-07-26,15.257843017578125
2012-07-27,15.795160293579102
2012-07-30,15.72899055480957
2012-07-31,15.745657920837402
2012-08-01,15.738445281982422
2012-08-02,15.640682220458984
2012-08-03,15.953619003295898
2012-08-06,15.99068546295166
2012-08-07,15.933967590332031
2012-08-08,15.976008415222168
2012-08-09,15.97899341583252
2012-08-10,15.970285415649414
2012-08-13,16.418302536010742
2012-08-14,16.63347625732422
2012-08-15,16.605615615844727
2012-08-16,16.738204956054688
2012-08-17,16.844423294067383
2012-08-20,16.804622650146484
2012-08-21,16.654621124267578
2012-08-22,16.845417022705078
2012-08-23,16.835968017578125
2012-08-24,16.881488800048828
2012-08-27,16.647409439086914
2012-08-28,16.84716033935547
2012-08-29,17.114822387695312
2012-08-30,16.957359313964844
2012-08-31,17.042186737060547
2012-09-04,16.94144058227539
2012-09-05,16.93347930908203
2012-09-06,17.398157119750977
2012-09-07,17.566070556640625
2012-09-10,17.432241439819336
2012-09-11,17.218807220458984
2012-09-12,17.186216354370117
2012-09-13,17.56333351135254
2012-09-14,17.65388298034668
2012-09-17,17.661344528198242
2012-09-18,17.867816925048828
2012-09-19,18.097169876098633
2012-09-20,18.112594604492188
2012-09-21,18.25861358642578
2012-09-24,18.64145278930664
2012-09-25,18.635982513427734
2012-09-26,18.74294662475586
2012-09-27,18.818571090698242
2012-09-28,18.768817901611328
2012-10-01,18.949913024902344
2012-10-02,18.83075714111328
2012-10-03,18.967824935913086
2012-10-04,19.105886459350586
2012-10-05,19.095937728881836
2012-10-08,18.851905822753906
2012-10-09,18.50986099243164
2012-10-10,18.52155303955078
2012-10-11,18.693693161010742
2012-10-12,18.526277542114258
2012-10-15,18.432497024536133
2012-10-16,18.525035858154297
2012-10-17,18.793445587158203
2012-10-18,17.28870391845703
2012-10-19,16.960094451904297
2012-10-22,16.882484436035156
2012-10-23,16.924274444580078
2012-10-24,16.848403930664062
2012-10-25,16.859846115112305
2012-10-26,16.794918060302734
2012-10-31,16.923032760620117
2012-11-01,17.1043758392334
2012-11-02,17.11258888244629
2012-11-05,16.98920249938965
2012-11-06,16.95835304260254
2012-11-07,16.59516716003418
2012-11-08,16.226259231567383
2012-11-09,16.493425369262695
2012-11-12,16.5648193359375
2012-11-13,16.39441680908203
2012-11-14,16.23272705078125
2012-11-15,16.10113525390625
2012-11-16,16.099143981933594
2012-11-19,16.622283935546875
2012-11-20,16.666065216064453
2012-11-21,16.564071655273438
2012-11-23,16.616313934326172
2012-11-26,16.4466609954834
2012-11-27,16.68446922302246
2012-11-28,17.006860733032227
2012-11-29,17.21134376525879
2012-11-30,17.37253761291504
2012-12-03,17.294925689697266
2012-12-04,17.18994903564453
2012-12-05,17.110095977783203
2012-12-06,17.19243621826172
2012-12-07,17.020294189453125
2012-12-10,17.050395965576172
2012-12-11,17.335472106933594
2012-12-12,17.352386474609375
2012-12-13,17.480249404907227
2012-12-14,17.461841583251953
2012-12-17,17.930007934570312
2012-12-18,17.937219619750977
2012-12-19,17.91333770751953
2012-12-20,17.969308853149414
2012-12-21,17.80189323425293
2012-12-24,17.64940643310547
2012-12-26,17.63373374938965
2012-12-27,17.569555282592773
2012-12-28,17.4133358001709
2012-12-31,17.596668243408203
2013-01-02,17.99144744873047
2013-01-03,18.001895904541016
2013-01-04,18.35761833190918
2013-01-07,18.27751922607422
2013-01-08,18.2414493560791
2013-01-09,18.361352920532227
2013-01-10,18.444934844970703
2013-01-11,18.407869338989258
2013-01-14,17.99144744873047
2013-01-15,18.033241271972656
2013-01-16,17.790950775146484
2013-01-17,17.694679260253906
2013-01-18,17.52527618408203
2013-01-22,17.484477996826172
2013-01-23,18.445432662963867
2013-01-24,18.761606216430664
2013-01-25,18.748170852661133
2013-01-28,18.67503547668457
2013-01-29,18.74842071533203
2013-01-30,18.752151489257812
2013-01-31,18.79842185974121
2013-02-01,19.293699264526367
2013-02-04,18.881256103515625
2013-02-05,19.048423767089844
2013-02-06,19.15862274169922
2013-02-07,19.25265121459961
2013-02-08,19.53673553466797
2013-02-11,19.463350296020508
2013-02-12,19.420564651489258
2013-02-13,19.474300384521484
2013-02-14,19.597681045532227
2013-02-15,19.723800659179688
2013-02-19,20.071067810058594
2013-02-20,19.713104248046875
2013-02-21,19.789474487304688
2013-02-22,19.893455505371094
2013-02-25,19.671064376831055
2013-02-26,19.6551456451416
2013-02-27,19.89519691467285
2013-02-28,19.93052101135254
2013-03-01,20.054649353027344
2013-03-04,20.435497283935547
2013-03-05,20.86087417602539
2013-03-06,20.681272506713867
2013-03-07,20.71162223815918
2013-03-08,20.684755325317383
2013-03-11,20.766843795776367
2013-03-12,20.58749008178711
2013-03-13,20.530275344848633
2013-03-14,20.43649673461914
2013-03-15,20.256393432617188
2013-03-18,20.094451904296875
2013-03-19,20.182262420654297
2013-03-20,20.266590118408203
2013-03-21,20.180768966674805
2013-03-22,20.15713882446289
2013-03-25,20.140470504760742
2013-03-26,20.20962905883789
2013-03-27,19.966838836669922
2013-03-28,19.756139755249023
2013-04-01,19.93027114868164
2013-04-02,20.225048065185547
2013-04-03,20.054899215698242
2013-04-04,19.778032302856445
2013-04-05,19.47902488708496
2013-04-08,19.275041580200195
2013-04-09,19.344694137573242
2013-04-10,19.656389236450195
2013-04-11,19.66161346435547
2013-04-12,19.653154373168945
2013-04-15,19.45116424560547
2013-04-16,19.735740661621094
2013-04-17,19.466833114624023
2013-04-18,19.05265235900879
2013-04-19,19.897436141967773
2013-04-22,19.903406143188477
2013-04-23,20.097187042236328
2013-04-24,20.235248565673828
2013-04-25,20.127038955688477
2013-04-26,19.93599510192871
2013-04-29,20.37480354309082
2013-04-30,20.511869430541992
2013-05-01,20.40888023376465
2013-05-02,20.637243270874023
2013-05-03,21.037992477416992
2013-05-06,21.43177604675293
2013-05-07,21.324312210083008
2013-05-08,21.732275009155273
2013-05-09,21.678794860839844
2013-05-10,21.89645767211914
2013-05-13,21.82929229736328
2013-05-14,22.067354202270508
2013-05-15,22.78352928161621
2013-05-16,22.484521865844727
2013-05-17,22.61661148071289
2013-05-20,22.60044288635254
2013-05-21,22.5616397857666
2013-05-22,22.125064849853516
2013-05-23,21.960140228271484
2013-05-24,21.724563598632812
2013-05-28,21.922330856323242
2013-05-29,21.599933624267578
2013-05-30,21.66088104248047
2013-05-31,21.672327041625977
2013-06-03,21.583019256591797
2013-06-04,21.370830535888672
2013-06-05,21.38575553894043
2013-06-06,21.508642196655273
2013-06-07,21.884017944335938
2013-06-10,22.14496612548828
2013-06-11,21.886011123657227
2013-06-12,21.69123077392578
2013-06-13,21.81610870361328
2013-06-14,21.767351150512695
2013-06-17,22.04620933532715
2013-06-18,22.403675079345703
2013-06-19,22.405166625976562
2013-06-20,22.00864601135254
2013-06-21,21.913869857788086
2013-06-24,21.636754989624023
2013-06-25,21.54745101928711
2013-06-26,21.73277473449707
2013-06-27,21.81785011291504
2013-06-28,21.899938583374023
2013-07-01,22.086755752563477
2013-07-02,21.948198318481445
2013-07-03,22.050687789916992
2013-07-05,22.2263126373291
2013-07-08,22.51487159729004
2013-07-09,22.518604278564453
2013-07-10,22.537256240844727
2013-07-11,22.891740798950195
2013-07-12,22.960399627685547
2013-07-15,23.00243377685547
2013-07-16,22.876066207885742
2013-07-17,22.849699020385742
2013-07-18,22.6539249420166
2013-07-19,22.303674697875977
2013-07-22,22.6544246673584
2013-07-23,22.48278045654297
2013-07-24,22.460391998291016
2013-07-25,22.082279205322266
2013-07-26,22.023822784423828
2013-07-29,21.94720458984375
2013-07-30,22.16238021850586
2013-07-31,22.083520889282227
2013-08-01,22.493227005004883
2013-08-02,22.55168914794922
2013-08-05,22.512630462646484
2013-08-06,22.302928924560547
2013-08-07,22.15566635131836
2013-08-08,22.205663681030273
2013-08-09,22.14969253540039
2013-08-12,22.027801513671875
2013-08-13,21.921829223632812
2013-08-14,21.637252807617188
2013-08-15,21.384761810302734
2013-08-16,21.31635093688965
2013-08-19,21.533767700195312
2013-08-20,21.528047561645508
2013-08-21,21.62531089782715
2013-08-22,21.73426628112793
2013-08-23,21.647201538085938
2013-08-26,21.552175521850586
2013-08-27,21.148189544677734
2013-08-28,21.108388900756836
2013-08-29,21.279539108276367
2013-08-30,21.067344665527344
2013-09-03,21.402671813964844
2013-09-04,21.682523727416992
2013-09-05,21.879791259765625
2013-09-06,21.88028907775879
2013-09-09,22.090986251831055
2013-09-10,22.106407165527344
2013-09-11,22.293474197387695
2013-09-12,22.215614318847656
2013-09-13,22.116357803344727
2013-09-16,22.083770751953125
2013-09-17,22.042726516723633
2013-09-18,22.470840454101562
2013-09-19,22.34819984436035
2013-09-20,22.465618133544922
2013-09-23,22.05242919921875
2013-09-24,22.06088638305664
2013-09-25,21.82183074951172
2013-09-26,21.845212936401367
2013-09-27,21.800935745239258
2013-09-30,21.78899383544922
2013-10-01,22.06486701965332
2013-10-02,22.089494705200195
2013-10-03,21.79347038269043
2013-10-04,21.700439453125
2013-10-07,21.536006927490234
2013-10-08,21.235755920410156
2013-10-09,21.290231704711914
2013-10-10,21.598196029663086
2013-10-11,21.69148063659668
2013-10-14,21.793968200683594
2013-10-15,21.940736770629883
2013-10-16,22.33924674987793
2013-10-17,22.10939598083496
2013-10-18,25.159669876098633
2013-10-21,24.957927703857422
2013-10-22,25.049968719482422
2013-10-23,25.657188415527344
2013-10-24,25.511415481567383
2013-10-25,25.253948211669922
2013-10-28,25.248973846435547
2013-10-29,25.77733612060547
2013-10-30,25.632556915283203
2013-10-31,25.636537551879883
2013-11-01,25.548477172851562
2013-11-04,25.52534294128418
2013-11-05,25.411165237426758
2013-11-06,25.441761016845703
2013-11-07,25.073598861694336
2013-11-08,25.274595260620117
2013-11-11,25.13926887512207
2013-11-12,25.168872833251953
2013-11-13,25.683557510375977
2013-11-14,25.752212524414062
2013-11-15,25.710668563842773
2013-11-18,25.660669326782227
2013-11-19,25.502708435058594
2013-11-20,25.430814743041992
2013-11-21,25.723356246948242
2013-11-22,25.669126510620117
2013-11-25,26.018381118774414
2013-11-26,26.328832626342773
2013-11-27,26.445751190185547
2013-11-29,26.358186721801758
2013-12-02,26.23107147216797
2013-12-03,26.200721740722656
2013-12-04,26.3231143951416
2013-12-05,26.302217483520508
2013-12-06,26.613910675048828
2013-12-09,26.81963348388672
2013-12-10,26.981826782226562
2013-12-11,26.79848861694336
2013-12-12,26.61614990234375
2013-12-13,26.388036727905273
2013-12-16,26.691274642944336
2013-12-17,26.613662719726562
2013-12-18,26.98406219482422
2013-12-19,27.0206298828125
2013-12-20,27.37884521484375
2013-12-23,27.739046096801758
2013-12-24,27.657947540283203
2013-12-26,27.79775047302246
2013-12-27,27.821134567260742
2013-12-30,27.598743438720703
2013-12-31,27.878597259521484
2014-01-02,27.689790725708008
2014-01-03,27.4877986907959
2014-01-06,27.794267654418945
2014-01-07,28.330097198486328
2014-01-08,28.389049530029297
2014-01-09,28.11566734313965
2014-01-10,28.114173889160156
2014-01-13,27.935068130493164
2014-01-14,28.59228515625
2014-01-15,28.5728816986084
2014-01-16,28.761940002441406
2014-01-17,28.62039566040039
2014-01-21,28.94801139831543
2014-01-22,28.98084831237793
2014-01-23,28.858457565307617
2014-01-24,27.95621109008789
2014-01-27,27.39401626586914
2014-01-28,27.935813903808594
2014-01-29,27.535558700561523
2014-01-30,28.243776321411133
2014-01-31,29.37761688232422
2014-02-03,28.195016860961914
2014-02-04,28.312681198120117
2014-02-05,28.43805503845215
2014-02-06,28.854976654052734
2014-02-07,29.289804458618164
2014-02-10,29.177616119384766
2014-02-11,29.606721878051758
2014-02-12,29.519906997680664
2014-02-13,29.8485164642334
2014-02-14,29.920654296875
2014-02-18,30.121652603149414
2014-02-19,29.909212112426758
2014-02-20,29.953245162963867
2014-02-21,29.945281982421875
2014-02-24,30.162200927734375
2014-02-25,30.348522186279297
2014-02-26,30.35274887084961
2014-02-27,30.328866958618164
2014-02-28,30.240310668945312
2014-03-03,29.917919158935547
2014-03-04,30.221900939941406
2014-03-05,30.30523681640625
2014-03-06,30.338817596435547
2014-03-07,30.218917846679688
2014-03-10,30.138818740844727
2014-03-11,29.85075569152832
2014-03-12,30.0325984954834
2014-03-13,29.578861236572266
2014-03-14,29.174379348754883
2014-03-17,29.65448570251465
2014-03-18,30.131105422973633
2014-03-19,29.832347869873047
2014-03-20,29.780357360839844
2014-03-21,29.429109573364258
2014-03-24,28.804475784301758
2014-03-25,28.824129104614258
2014-03-26,28.158700942993164
2014-03-27,27.71864891052246
2014-03-28,27.864669799804688
2014-03-31,27.724367141723633
2014-04-01,28.23133659362793
2014-04-02,28.236560821533203
2014-04-03,28.404647827148438
2014-04-04,27.099973678588867
2014-04-07,26.87034797668457
2014-04-08,27.709318161010742
2014-04-09,28.18297576904297
2014-04-10,27.17154312133789
2014-04-11,26.727706909179688
2014-04-14,27.097488403320312
2014-04-15,27.271442413330078
2014-04-16,28.026912689208984
2014-04-17,27.005043029785156
2014-04-21,26.80772590637207
2014-04-22,27.112398147583008
2014-04-23,26.71527862548828
2014-04-24,26.56269645690918
2014-04-25,25.999074935913086
2014-04-28,25.99311065673828
2014-04-29,26.656631469726562
2014-04-30,26.584562301635742
2014-05-01,26.76597785949707
2014-05-02,26.534364700317383
2014-05-05,26.606929779052734
2014-05-06,25.972732543945312
2014-05-07,25.745594024658203
2014-05-08,25.85344886779785
2014-05-09,26.174022674560547
2014-05-12,26.761005401611328
2014-05-13,26.91558074951172
2014-05-14,26.56120491027832
2014-05-15,26.29827880859375
2014-05-16,26.257524490356445
2014-05-19,26.780885696411133
2014-05-20,26.858421325683594
2014-05-21,27.32114601135254
2014-05-22,27.606929779052734
2014-05-23,28.021942138671875
2014-05-27,28.5721435546875
2014-05-28,28.352460861206055
2014-05-29,28.357929229736328
2014-05-30,28.4121036529541
2014-06-02,28.04878044128418
2014-06-03,27.560211181640625
2014-06-04,27.52293586730957
2014-06-05,28.078105926513672
2014-06-06,28.13277816772461
2014-06-09,28.36638069152832
2014-06-10,28.245601654052734
2014-06-11,28.205841064453125
2014-06-12,27.808225631713867
2014-06-13,27.8504695892334
2014-06-16,27.45037269592285
2014-06-17,27.366870880126953
2014-06-18,27.86587905883789
2014-06-19,28.081090927124023
2014-06-20,28.157133102416992
2014-06-23,28.54331398010254
2014-06-24,28.456336975097656
2014-06-25,29.12184715270996
2014-06-26,29.064191818237305
2014-06-27,29.10991859436035
2014-06-30,29.059221267700195
2014-07-01,29.3981876373291
2014-07-02,29.362899780273438
2014-07-03,29.47721290588379
2014-07-07,29.361907958984375
2014-07-08,28.74759292602539
2014-07-09,28.994112014770508
2014-07-10,28.8291015625
2014-07-11,29.15763282775879
2014-07-14,29.53586196899414
2014-07-15,29.476221084594727
2014-07-16,29.354948043823242
2014-07-17,28.867870330810547
2014-07-18,30.07512855529785
2014-07-21,29.74361801147461
2014-07-22,29.998586654663086
2014-07-23,30.0791072845459
2014-07-24,29.970752716064453
2014-07-25,29.725725173950195
2014-07-28,29.772443771362305
2014-07-29,29.52045440673828
2014-07-30,29.59450912475586
2014-07-31,28.80474853515625
2014-08-01,28.509021759033203
2014-08-04,28.939937591552734
2014-08-05,28.48615837097168
2014-08-06,28.55325698852539
2014-08-07,28.420053482055664
2014-08-08,28.7247257232666
2014-08-11,28.690431594848633
2014-08-12,28.43546485900879
2014-08-13,29.053756713867188
2014-08-14,29.0582275390625
2014-08-15,29.011507034301758
2014-08-18,29.458328247070312
2014-08-19,29.677515029907227
2014-08-20,29.593019485473633
2014-08-21,29.44441032409668
2014-08-22,29.45037841796875
2014-08-25,29.352462768554688
2014-08-26,29.230693817138672
2014-08-27,28.976221084594727
2014-08-28,28.843019485473633
2014-08-29,28.94441032409668
2014-09-02,29.256040573120117
2014-09-03,29.300277709960938
2014-09-04,29.48019790649414
2014-09-05,29.710813522338867
2014-09-08,29.902164459228516
2014-09-09,29.422046661376953
2014-09-10,29.494112014770508
2014-09-11,29.379301071166992
2014-09-12,29.070655822753906
2014-09-15,28.908626556396484
2014-09-16,29.26349449157715
2014-09-17,29.487651824951172
2014-09-18,29.68546485900879
2014-09-19,30.089542388916016
2014-09-22,29.68546485900879
2014-09-23,29.382781982421875
2014-09-24,29.742624282836914
2014-09-25,29.088050842285156
2014-09-26,29.219758987426758
2014-09-29,29.21528434753418
2014-09-30,29.245105743408203
2014-10-01,28.808725357055664
2014-10-02,28.870853424072266
2014-10-03,29.13775062561035
2014-10-06,29.213794708251953
2014-10-07,28.533872604370117
2014-10-08,29.012998580932617
2014-10-09,28.370351791381836
2014-10-10,27.594009399414062
2014-10-13,27.075119018554688
2014-10-14,27.27094841003418
2014-10-15,26.875320434570312
2014-10-16,26.685955047607422
2014-10-17,25.992612838745117
2014-10-20,26.460309982299805
2014-10-21,26.741125106811523
2014-10-22,26.972734451293945
2014-10-23,27.51746940612793
2014-10-24,27.281381607055664
2014-10-27,27.33009147644043
2014-10-28,27.780393600463867
2014-10-29,27.75603675842285
2014-10-30,27.84649658203125
2014-10-31,28.22422981262207
2014-11-03,28.020450592041016
2014-11-04,28.04132843017578
2014-11-05,27.63178253173828
2014-11-06,27.42005157470703
2014-11-07,27.426511764526367
2014-11-10,27.74510383605957
2014-11-11,27.897192001342773
2014-11-12,27.746095657348633
2014-11-13,27.656139373779297
2014-11-14,27.594009399414062
2014-11-17,27.16905975341797
2014-11-18,27.063194274902344
2014-11-19,27.196889877319336
2014-11-20,27.025917053222656
2014-11-21,27.13178062438965
2014-11-24,27.21080780029297
2014-11-25,27.29778480529785
2014-11-26,27.223230361938477
2014-11-28,27.29033088684082
2014-12-01,26.821640014648438
2014-12-02,26.768959045410156
2014-12-03,26.68844223022461
2014-12-04,26.96727180480957
2014-12-05,26.24658966064453
2014-12-08,26.378299713134766
2014-12-09,26.64569664001465
2014-12-10,26.24460220336914
2014-12-11,26.446887969970703
2014-12-12,25.920047760009766
2014-12-15,25.63823699951172
2014-12-16,24.759511947631836
2014-12-17,25.171539306640625
2014-12-18,25.577606201171875
2014-12-19,25.846986770629883
2014-12-22,26.456331253051758
2014-12-23,26.777904510498047
2014-12-24,26.686452865600586
2014-12-26,26.914581298828125
2014-12-29,26.705337524414062
2014-12-30,26.60444450378418
2014-12-31,26.37482452392578
2015-01-02,26.31965446472168
2015-01-05,25.818159103393555
2015-01-06,25.18098258972168
2015-01-07,25.10692596435547
2015-01-08,25.19440269470215
2015-01-09,24.886743545532227
2015-01-12,24.7048397064209
2015-01-13,24.9404239654541
2015-01-14,25.145692825317383
2015-01-15,25.050262451171875
2015-01-16,25.37084197998047
2015-01-20,25.34499740600586
2015-01-21,25.864383697509766
2015-01-22,26.704843521118164
2015-01-23,26.935955047607422
2015-01-26,26.676015853881836
2015-01-27,25.904144287109375
2015-01-28,25.468753814697266
2015-01-29,25.50851821899414
2015-01-30,26.717266082763672
2015-02-02,26.45136070251465
2015-02-03,26.506032943725586
2015-02-04,26.148181915283203
2015-02-05,26.333568572998047
2015-02-06,26.534862518310547
2015-02-09,26.306232452392578
2015-02-10,26.846986770629883
2015-02-11,26.739633560180664
2015-02-12,27.13774871826172
2015-02-13,27.39371109008789
2015-02-17,27.088043212890625
2015-02-18,26.970745086669922
2015-02-19,27.15961456298828
2015-02-20,26.92850112915039
2015-02-23,26.59052848815918
2015-02-24,26.771940231323242
2015-02-25,27.203351974487305
2015-02-26,27.797786712646484
2015-02-27,27.96379280090332
2015-03-02,28.5795955657959
2015-03-03,28.7669734954834
2015-03-04,28.744112014770508
2015-03-05,28.8981876373291
2015-03-06,28.474231719970703
2015-03-09,28.533872604370117
2015-03-10,27.825618743896484
2015-03-11,27.618860244750977
2015-03-12,27.89122772216797
2015-03-13,27.48516273498535
2015-03-16,27.914587020874023
2015-03-17,27.714290618896484
2015-03-18,28.139240264892578
2015-03-19,28.01548194885254
2015-03-20,28.079099655151367
2015-03-23,28.0999755859375
2015-03-24,28.70484733581543
2015-03-25,28.180988311767578
2015-03-26,28.01399040222168
2015-03-27,27.711305618286133
2015-03-30,27.889734268188477
2015-03-31,27.56965446472168
2015-04-01,27.31070899963379
2015-04-02,26.904150009155273
2015-04-06,27.03536033630371
2015-04-07,27.08058738708496
2015-04-08,27.27840232849121
2015-04-09,27.237646102905273
2015-04-10,27.263492584228516
2015-04-13,27.268461227416992
2015-04-14,26.82810401916504
2015-04-15,26.890727996826172
2015-04-16,27.013986587524414
2015-04-17,26.478200912475586
2015-04-20,27.064186096191406
2015-04-21,26.98416519165039
2015-04-22,27.29530143737793
2015-04-23,27.706830978393555
2015-04-24,28.51200294494629
2015-04-27,28.137250900268555
2015-04-28,28.05027198791504
2015-04-29,27.90216064453125
2015-04-30,27.274921417236328
2015-05-01,27.39371109008789
2015-05-04,27.477210998535156
2015-05-05,26.99013328552246
2015-05-06,26.594501495361328
2015-05-07,26.9404296875
2015-05-08,27.283870697021484
2015-05-11,27.126314163208008
2015-05-12,26.775917053222656
2015-05-13,26.813690185546875
2015-05-14,27.296293258666992
2015-05-15,27.161602020263672
2015-05-18,27.170549392700195
2015-05-19,27.300270080566406
2015-05-20,27.460805892944336
2015-05-21,27.674524307250977
2015-05-22,27.56070899963379
2015-05-26,27.196395874023438
2015-05-27,27.54728889465332
2015-05-28,27.543807983398438
2015-05-29,27.103452682495117
2015-06-01,27.296794891357422
2015-06-02,27.532377243041992
2015-06-03,27.598979949951172
2015-06-04,27.42005157470703
2015-06-05,27.312694549560547
2015-06-08,27.011999130249023
2015-06-09,26.946392059326172
2015-06-10,27.465282440185547
2015-06-11,27.338045120239258
2015-06-12,27.210309982299805
2015-06-15,26.988142013549805
2015-06-16,27.081087112426758
2015-06-17,27.167068481445312
2015-06-18,27.643213272094727
2015-06-19,27.709814071655273
2015-06-22,27.817169189453125
2015-06-23,28.001564025878906
2015-06-24,27.762001037597656
2015-06-25,27.731185913085938
2015-06-26,27.488143920898438
2015-06-29,26.901165008544922
2015-06-30,26.841028213500977
2015-07-01,27.003055572509766
2015-07-02,27.2038516998291
2015-07-06,27.118362426757812
2015-07-07,27.337547302246094
2015-07-08,26.92353057861328
2015-07-09,27.07015037536621
2015-07-10,27.639734268188477
2015-07-13,28.416080474853516
2015-07-14,29.034866333007812
2015-07-15,29.02393341064453
2015-07-16,29.909622192382812
2015-07-17,34.772457122802734
2015-07-20,34.43547439575195
2015-07-21,34.56023025512695
2015-07-22,34.54780197143555
2015-07-23,33.53537368774414
2015-07-24,32.5433235168457
2015-07-27,32.71728515625
2015-07-28,32.78636932373047
2015-07-29,32.87433624267578
2015-07-30,33.0299072265625
2015-07-31,32.67900848388672
2015-08-03,33.03786087036133
2015-08-04,32.86688995361328
2015-08-05,33.46380615234375
2015-08-06,33.30774688720703
2015-08-07,33.021461486816406
2015-08-10,32.95933532714844
2015-08-11,34.30923080444336
2015-08-12,34.36738967895508
2015-08-13,34.12086868286133
2015-08-14,34.26300811767578
2015-08-17,34.498600006103516
2015-08-18,34.23120880126953
2015-08-19,34.495121002197266
2015-08-20,33.771461486816406
2015-08-21,32.00952911376953
2015-08-24,30.721254348754883
2015-08-25,30.440935134887695
2015-08-26,32.790348052978516
2015-08-27,33.198890686035156
2015-08-28,32.78786087036133
2015-08-31,32.19789505004883
2015-09-01,31.290342330932617
2015-09-02,32.05326461791992
2015-09-03,31.66261100769043
2015-09-04,31.260520935058594
2015-09-08,32.0020751953125
2015-09-09,31.978715896606445
2015-09-10,32.35992431640625
2015-09-11,32.56966781616211
2015-09-14,32.42901611328125
2015-09-15,33.055259704589844
2015-09-16,33.0776252746582
2015-09-17,33.3832893371582
2015-09-18,32.84899139404297
2015-09-21,33.150184631347656
2015-09-22,32.465293884277344
2015-09-23,32.46977233886719
2015-09-24,32.5502815246582
2015-09-25,31.81668472290039
2015-09-28,31.026424407958984
2015-09-29,30.944913864135742
2015-09-30,31.728214263916016
2015-10-01,31.908632278442383
2015-10-02,32.653663635253906
2015-10-05,33.3837890625
2015-10-06,33.38180160522461
2015-10-07,33.30028533935547
2015-10-08,33.15117645263672
2015-10-09,33.36192321777344
2015-10-12,33.619869232177734
2015-10-13,33.95486068725586
2015-10-14,33.817684173583984
2015-10-15,34.44442367553711
2015-10-16,34.558738708496094
2015-10-19,34.78886032104492
2015-10-20,33.797306060791016
2015-10-21,33.38975143432617
2015-10-22,33.85396194458008
2015-10-23,35.75208282470703
2015-10-26,36.338069915771484
2015-10-27,36.42255783081055
2015-10-28,36.626338958740234
2015-10-29,37.020477294921875
2015-10-30,36.649696350097656
2015-11-02,37.16411209106445
2015-11-03,37.21779251098633
2015-11-04,37.54035568237305
2015-11-05,37.8067626953125
2015-11-06,37.85298538208008
2015-11-09,37.513519287109375
2015-11-10,37.686981201171875
2015-11-11,38.03439712524414
2015-11-12,37.60099792480469
2015-11-13,36.782901763916016
2015-11-16,37.29731369018555
2015-11-17,37.07664108276367
2015-11-18,37.773956298828125
2015-11-19,37.770477294921875
2015-11-20,38.61838912963867
2015-11-23,38.60348129272461
2015-11-24,38.25209426879883
2015-11-25,38.23369598388672
2015-11-27,38.36838912963867
2015-11-30,37.91511535644531
2015-12-01,38.95586395263672
2015-12-02,38.660640716552734
2015-12-03,38.18101119995117
2015-12-04,38.72822952270508
2015-12-07,38.419090270996094
2015-12-08,38.52594757080078
2015-12-09,37.90019607543945
2015-12-10,37.775447845458984
2015-12-11,37.29731369018555
2015-12-14,37.899696350097656
2015-12-15,37.777931213378906
2015-12-16,38.59801483154297
2015-12-17,38.26203155517578
2015-12-18,37.61689758300781
2015-12-21,37.81322479248047
2015-12-22,38.127830505371094
2015-12-23,38.1964225769043
2015-12-24,38.063716888427734
2015-12-28,38.87883377075195
2015-12-29,39.46133804321289
2015-12-30,39.27942657470703
2015-12-31,38.66858673095703
2016-01-04,37.74562454223633
2016-01-05,37.84950256347656
2016-01-06,37.74015808105469
2016-01-07,36.829124450683594
2016-01-08,36.327632904052734
2016-01-11,36.43498611450195
2016-01-12,37.04482650756836
2016-01-13,35.76401138305664
2016-01-14,36.35149002075195
2016-01-15,35.312713623046875
2016-01-19,35.739654541015625
2016-01-20,35.71381378173828
2016-01-21,36.11689758300781
2016-01-22,37.0507926940918
2016-01-25,36.46232604980469
2016-01-26,36.47077178955078
2016-01-27,35.66511154174805
2016-01-28,37.19194793701172
2016-01-29,37.840553283691406
2016-02-01,38.308753967285156
2016-02-02,38.8127326965332
2016-02-03,37.245628356933594
2016-02-04,36.28388977050781
2016-02-05,34.97822570800781
2016-02-08,34.998104095458984
2016-02-09,34.842041015625
2016-02-10,35.13180160522461
2016-02-11,35.107452392578125
2016-02-12,35.133792877197266
2016-02-16,35.6680908203125
2016-02-17,36.380313873291016
2016-02-18,35.66162872314453
2016-02-19,35.89025115966797
2016-02-22,36.23518753051758
2016-02-23,35.65068817138672
2016-02-24,35.83011245727539
2016-02-25,36.238670349121094
2016-02-26,36.02693557739258
2016-02-29,35.64720916748047
2016-03-01,36.88727569580078
2016-03-02,36.75357437133789
2016-03-03,36.36143112182617
2016-03-04,36.293338775634766
2016-03-07,35.427528381347656
2016-03-08,35.463809967041016
2016-03-09,36.05427169799805
2016-03-10,36.390254974365234
2016-03-11,37.02146911621094
2016-03-14,37.28837203979492
2016-03-15,37.304771423339844
2016-03-16,37.64224624633789
2016-03-17,37.69791030883789
2016-03-18,37.545326232910156
2016-03-21,37.88081359863281
2016-03-22,37.77594757080078
2016-03-23,37.652183532714844
2016-03-24,37.516998291015625
2016-03-28,37.43946075439453
2016-03-29,38.06620407104492
2016-03-30,38.18797302246094
2016-03-31,37.91759490966797
2016-04-01,38.25407791137695
2016-04-04,38.02793884277344
2016-04-05,37.70238494873047
2016-04-06,38.17455291748047
2016-04-07,37.77942657470703
2016-04-08,37.74711990356445
2016-04-11,37.65119171142578
2016-04-12,37.98817443847656
2016-04-13,38.36540985107422
2016-04-14,38.53837585449219
2016-04-15,38.76749801635742
2016-04-18,39.149208068847656
2016-04-19,38.58111572265625
2016-04-20,38.515010833740234
2016-04-21,38.76749801635742
2016-04-22,36.6685905456543
2016-04-25,36.88926315307617
2016-04-26,36.052284240722656
2016-04-27,35.857948303222656
2016-04-28,35.0428352355957
2016-04-29,35.18299865722656
2016-05-02,35.50754928588867
2016-05-03,35.21083068847656
2016-05-04,35.3564567565918
2016-05-05,35.5224609375
2016-05-06,36.04283905029297
2016-05-09,36.23916244506836
2016-05-10,36.74860763549805
2016-05-11,36.30973815917969
2016-05-12,36.18648147583008
2016-05-13,36.02544021606445
2016-05-16,36.29730987548828
2016-05-17,35.794822692871094
2016-05-18,35.87385177612305
2016-05-19,35.55228042602539
2016-05-20,35.87036895751953
2016-05-23,35.648704528808594
2016-05-24,36.43299865722656
2016-05-25,36.68498992919922
2016-05-26,36.626834869384766
2016-05-27,37.15715026855469
2016-05-31,37.21928787231445
2016-06-01,37.19990158081055
2016-06-02,36.99164962768555
2016-06-03,36.57365417480469
2016-06-06,36.28538513183594
2016-06-07,36.33657455444336
2016-06-08,36.925048828125
2016-06-09,36.904666900634766
2016-06-10,36.44095230102539
2016-06-13,36.3758430480957
2016-06-14,36.443931579589844
2016-06-15,36.39125061035156
2016-06-16,35.99661636352539
2016-06-17,35.00257873535156
2016-06-20,35.09601593017578
2016-06-21,35.232696533203125
2016-06-22,35.31172561645508
2016-06-23,35.53041076660156
2016-06-24,34.055755615234375
2016-06-27,33.85396194458008
2016-06-28,34.35695266723633
2016-06-29,34.55228042602539
2016-06-30,34.96678924560547
2016-07-01,35.3007926940918
2016-07-05,35.034385681152344
2016-07-06,35.2371711730957
2016-07-07,35.15217590332031
2016-07-08,35.675045013427734
2016-07-11,36.14324188232422
2016-07-12,36.40715408325195
2016-07-13,36.256553649902344
2016-07-14,36.570674896240234
2016-07-15,36.56222915649414
2016-07-18,37.43548583984375
2016-07-19,37.4459228515625
2016-07-20,37.62833023071289
2016-07-21,37.49562454223633
2016-07-22,37.737674713134766
2016-07-25,37.65019989013672
2016-07-26,37.65666198730469
2016-07-27,37.871368408203125
2016-07-28,38.063716888427734
2016-07-29,39.33111572265625
2016-08-01,39.808258056640625
2016-08-02,39.76750183105469
2016-08-03,39.70785903930664
2016-08-04,39.62485885620117
2016-08-05,40.1059684753418
2016-08-08,40.021484375
2016-08-09,40.1333122253418
2016-08-10,40.18350601196289
2016-08-11,40.169090270996094
2016-08-12,40.11193084716797
2016-08-15,40.05776596069336
2016-08-16,39.820682525634766
2016-08-17,40.030921936035156
2016-08-18,39.89822006225586
2016-08-19,39.744140625
2016-08-22,39.609947204589844
2016-08-23,39.59204864501953
2016-08-24,39.44344711303711
2016-08-25,39.32912826538086
2016-08-26,39.424556732177734
2016-08-29,39.55378341674805
2016-08-30,39.35994338989258
2016-08-31,39.25706481933594
2016-09-01,39.33409881591797
2016-09-02,39.60596466064453
2016-09-06,40.16014862060547
2016-09-07,40.15865707397461
2016-09-08,39.90269088745117
2016-09-09,39.188968658447266
2016-09-12,39.7028923034668
2016-09-13,39.20090103149414
2016-09-14,39.28738021850586
2016-09-15,39.822669982910156
2016-09-16,39.660640716552734
2016-09-19,39.53240966796875
2016-09-20,39.75060272216797
2016-09-21,40.011539459228516
2016-09-22,40.554283142089844
2016-09-23,40.50508117675781
2016-09-26,39.89324188232422
2016-09-27,40.29483413696289
2016-09-28,40.26153564453125
2016-09-29,39.89274978637695
2016-09-30,39.96332550048828
2016-10-03,39.78042984008789
2016-10-04,39.900203704833984
2016-10-05,39.822669982910156
2016-10-06,39.91461944580078
2016-10-07,39.79682540893555
2016-10-10,40.465816497802734
2016-10-11,40.237186431884766
2016-10-12,40.34653091430664
2016-10-13,39.96432113647461
2016-10-14,39.99016571044922
2016-10-17,40.101497650146484
2016-10-18,40.82963562011719
2016-10-19,41.09553527832031
2016-10-20,40.83658981323242
2016-10-21,40.95736312866211
2016-10-24,41.53788375854492
2016-10-25,41.18052291870117
2016-10-26,40.859947204589844
2016-10-27,40.62386703491211
2016-10-28,40.733707427978516
2016-10-31,40.25358581542969
2016-11-01,40.03390121459961
2016-11-02,39.18598937988281
2016-11-03,38.8763427734375
2016-11-04,38.822174072265625
2016-11-07,39.86243438720703
2016-11-08,40.356964111328125
2016-11-09,40.039363861083984
2016-11-10,38.78190994262695
2016-11-11,38.357460021972656
2016-11-14,37.43647766113281
2016-11-15,38.526939392089844
2016-11-16,38.76650619506836
2016-11-17,39.07366180419922
2016-11-18,38.567203521728516
2016-11-21,39.006065368652344
2016-11-22,39.0160026550293
2016-11-23,38.717796325683594
2016-11-25,38.7789306640625
2016-11-28,39.055274963378906
2016-11-29,39.2366828918457
2016-11-30,38.56272506713867
2016-12-01,37.98866653442383
2016-12-02,37.99513244628906
2016-12-05,38.67902755737305
2016-12-06,38.577632904052734
2016-12-07,39.337581634521484
2016-12-08,39.52147674560547
2016-12-09,40.23121643066406
2016-12-12,40.15418243408203
2016-12-13,40.52396011352539
2016-12-14,40.65070343017578
2016-12-15,40.53937530517578
2016-12-16,40.250606536865234
2016-12-19,40.3828125
2016-12-20,40.51700210571289
2016-12-21,40.36790084838867
2016-12-22,40.242652893066406
2016-12-23,40.14921188354492
2016-12-27,40.25507354736328
2016-12-28,39.988670349121094
2016-12-29,39.90467834472656
2016-12-30,39.38629150390625
2017-01-03,40.15964889526367
2017-01-04,40.14772415161133
2017-01-05,40.40865707397461
2017-01-06,41.014522552490234
2017-01-09,41.11243438720703
2017-01-10,41.054283142089844
2017-01-11,41.24563980102539
2017-01-12,41.22924041748047
2017-01-13,41.29931640625
2017-01-17,41.12635040283203
2017-01-18,41.20388412475586
2017-01-19,40.97277069091797
2017-01-20,41.16164016723633
2017-01-23,41.96979522705078
2017-01-24,42.223270416259766
2017-01-25,42.6666145324707
2017-01-26,42.59355163574219
2017-01-27,41.99961471557617
2017-01-30,40.9459342956543
2017-01-31,40.7650146484375
2017-02-01,40.51899719238281
2017-02-02,40.669090270996094
2017-02-03,40.76203155517578
2017-02-06,40.836097717285156
2017-02-07,41.214324951171875
2017-02-08,41.24662399291992
2017-02-09,41.25557327270508
2017-02-10,41.49364471435547
2017-02-13,41.69792938232422
2017-02-14,41.75110626220703
2017-02-15,41.61641311645508
2017-02-16,41.85746383666992
2017-02-17,42.07516098022461
2017-02-21,42.21034622192383
2017-02-22,42.31422805786133
2017-02-23,42.296329498291016
2017-02-24,42.13778305053711
2017-02-27,42.230228424072266
2017-02-28,41.99464416503906
2017-03-01,42.582122802734375
2017-03-02,42.23917770385742
2017-03-03,42.200904846191406
2017-03-06,42.11094284057617
2017-03-07,42.30379104614258
2017-03-08,42.427547454833984
2017-03-09,42.63629150390625
2017-03-10,42.81372833251953
2017-03-13,42.97128677368164
2017-03-14,43.037391662597656
2017-03-15,43.160648345947266
2017-03-16,43.24066925048828
2017-03-17,43.35845947265625
2017-03-20,43.13679122924805
2017-03-21,42.25358963012695
2017-03-22,42.236690521240234
2017-03-23,41.73221206665039
2017-03-24,41.508060455322266
2017-03-27,41.67555236816406
2017-03-28,41.78092956542969
2017-03-29,42.240169525146484
2017-03-30,42.220787048339844
2017-03-31,42.13728713989258
2017-04-03,42.582122802734375
2017-04-04,42.374366760253906
2017-04-05,42.19245910644531
2017-04-06,42.00309753417969
2017-04-07,41.8539924621582
2017-04-10,41.834110260009766
2017-04-11,41.74365234375
2017-04-12,41.822181701660156
2017-04-13,41.7585563659668
2017-04-17,42.50160217285156
2017-04-18,42.4449462890625
2017-04-19,42.5701904296875
2017-04-20,42.74762725830078
2017-04-21,42.691463470458984
2017-04-24,43.68450927734375
2017-04-25,44.17705535888672
2017-04-26,44.19196701049805
2017-04-27,44.306278228759766
2017-04-28,45.95042419433594
2017-05-01,46.362945556640625
2017-05-02,46.575172424316406
2017-05-03,47.13978958129883
2017-05-04,47.451416015625
2017-05-05,47.23073959350586
2017-05-08,47.64873504638672
2017-05-09,47.55032730102539
2017-05-10,47.45738220214844
2017-05-11,47.50956726074219
2017-05-12,47.472293853759766
2017-05-15,47.675071716308594
2017-05-16,47.94296646118164
2017-05-17,46.82765579223633
2017-05-18,47.24168014526367
2017-05-19,47.44793701171875
2017-05-22,47.9161262512207
2017-05-23,48.238197326660156
2017-05-24,48.58909225463867
2017-05-25,49.297340393066406
2017-05-26,49.36742401123047
2017-05-30,49.51156234741211
2017-05-31,49.060272216796875
2017-06-01,49.119911193847656
2017-06-02,49.50908279418945
2017-06-05,49.8947639465332
2017-06-06,49.53690719604492
2017-06-07,49.77647399902344
2017-06-08,49.914642333984375
2017-06-09,48.216827392578125
2017-06-12,47.80379867553711
2017-06-13,48.235713958740234
2017-06-14,48.10798263549805
2017-06-15,47.7227897644043
2017-06-16,47.6452522277832
2017-06-19,48.47031021118164
2017-06-20,48.160667419433594
2017-06-21,48.6378059387207
2017-06-22,48.53989028930664
2017-06-23,49.01056671142578
2017-06-26,48.314735412597656
2017-06-27,47.12189483642578
2017-06-28,47.7640380859375
2017-06-29,46.611454010009766
2017-06-30,46.206878662109375
2017-07-03,45.69892501831055
2017-07-05,46.33510971069336
2017-07-06,46.10797119140625
2017-07-07,46.760066986083984
2017-07-10,47.26652526855469
2017-07-11,47.39227294921875
2017-07-12,48.09456253051758
2017-07-13,48.15370559692383
2017-07-14,48.55430221557617
2017-07-17,48.507083892822266
2017-07-18,49.05331039428711
2017-07-19,49.34257888793945
2017-07-20,49.31374740600586
2017-07-21,49.39575958251953
2017-07-24,49.6179313659668
2017-07-25,48.16265106201172
2017-07-26,47.977760314941406
2017-07-27,47.341575622558594
2017-07-28,47.63084030151367
2017-07-31,46.993167877197266
2017-08-01,47.04584884643555
2017-08-02,47.09952926635742
2017-08-03,46.73471450805664
2017-08-04,47.00758361816406
2017-08-07,47.00558853149414
2017-08-08,46.92805480957031
2017-08-09,46.723785400390625
2017-08-10,45.904197692871094
2017-08-11,46.22726058959961
2017-08-14,46.6666259765625
2017-08-15,46.6243782043457
2017-08-16,46.93203353881836
2017-08-17,46.10648727416992
2017-08-18,46.03292465209961
2017-08-21,45.76900863647461
2017-08-22,46.739688873291016
2017-08-23,46.84803771972656
2017-08-24,46.56523132324219
2017-08-25,46.24763870239258
2017-08-28,46.129852294921875
2017-08-29,46.508567810058594
2017-08-30,46.90021896362305
2017-08-31,47.477264404296875
2017-09-01,47.31572723388672
2017-09-05,46.79336166381836
2017-09-06,46.8202018737793
2017-09-07,47.21135711669922
2017-09-08,46.789886474609375
2017-09-11,46.883323669433594
2017-09-12,47.050323486328125
2017-09-13,47.23869705200195
2017-09-14,46.72626876831055
2017-09-15,46.48571014404297
2017-09-18,46.210357666015625
2017-09-19,46.563743591308594
2017-09-20,47.09455108642578
2017-09-21,47.09505081176758
2017-09-22,46.8818359375
2017-09-25,46.435508728027344
2017-09-26,46.59206771850586
2017-09-27,47.70886993408203
2017-09-28,47.95290756225586
2017-09-29,48.395755767822266
2017-10-02,48.08511734008789
2017-10-03,48.31424331665039
2017-10-04,48.05082321166992
2017-10-05,48.96583557128906
2017-10-06,49.38581848144531
2017-10-09,49.31971740722656
2017-10-10,49.09555435180664
2017-10-11,49.98273849487305
2017-10-12,49.98273849487305
2017-10-13,50.09307861328125
2017-10-16,50.166629791259766
2017-10-17,50.24863815307617
2017-10-18,50.33512496948242
2017-10-19,49.79336929321289
2017-10-20,49.95391082763672
2017-10-23,48.98323059082031
2017-10-24,49.129852294921875
2017-10-25,49.2774658203125
2017-10-26,49.275474548339844
2017-10-27,51.37538146972656
2017-10-30,51.34854507446289
2017-10-31,51.344078063964844
2017-11-01,51.8192253112793
2017-11-02,51.83761215209961
2017-11-03,52.18651580810547
2017-11-06,51.82320022583008
2017-11-07,52.30580139160156
2017-11-08,52.59904861450195
2017-11-09,52.073692321777344
2017-11-10,51.896263122558594
2017-11-13,51.74964141845703
2017-11-14,51.77151107788086
2017-11-15,51.511566162109375
2017-11-16,52.11096954345703
2017-11-17,51.485721588134766
2017-11-20,51.424591064453125
2017-11-21,52.20193099975586
2017-11-22,52.28244400024414
2017-11-24,52.511070251464844
2017-11-27,53.28095245361328
2017-11-28,52.84756088256836
2017-11-29,51.559776306152344
2017-11-30,51.4996337890625
2017-12-01,50.94795227050781
2017-12-04,50.2918815612793
2017-12-05,50.67607879638672
2017-12-06,51.32816696166992
2017-12-07,51.917137145996094
2017-12-08,52.15620040893555
2017-12-11,52.28492736816406
2017-12-12,52.125885009765625
2017-12-13,52.256099700927734
2017-12-14,52.55828857421875
2017-12-15,53.280460357666016
2017-12-18,53.93106460571289
2017-12-19,53.66714096069336
2017-12-20,53.35799789428711
2017-12-21,53.22330093383789
2017-12-22,53.12439727783203
2017-12-26,52.974788665771484
2017-12-27,52.6939697265625
2017-12-28,52.48274230957031
2017-12-29,52.35600280761719
2018-01-02,53.340599060058594
2018-01-03,54.25063705444336
2018-01-04,54.46137619018555
2018-01-05,55.18354034423828
2018-01-08,55.378379821777344
2018-01-09,55.30780029296875
2018-01-10,55.17609405517578
2018-01-11,55.271026611328125
2018-01-12,56.19547653198242
2018-01-16,56.197959899902344
2018-01-17,56.61545944213867
2018-01-18,56.45988845825195
2018-01-19,56.83414840698242
2018-01-22,57.86098861694336
2018-01-23,58.45790481567383
2018-01-24,58.21535873413086
2018-01-25,58.7546272277832
2018-01-26,59.02401351928711
2018-01-29,58.970340728759766
2018-01-30,58.51755142211914
2018-01-31,58.758602142333984
2018-02-01,58.727291107177734
2018-02-02,55.62639236450195
2018-02-05,52.802818298339844
2018-02-06,53.89825439453125
2018-02-07,52.45590591430664
2018-02-08,50.08512496948242
2018-02-09,52.001625061035156
2018-02-12,52.413658142089844
2018-02-13,52.392784118652344
2018-02-14,53.315242767333984
2018-02-15,54.2426872253418
2018-02-16,54.448455810546875
2018-02-20,54.85054397583008
2018-02-21,55.35551834106445
2018-02-22,55.164161682128906
2018-02-23,56.068241119384766
2018-02-26,56.844085693359375
2018-02-27,55.542388916015625
2018-02-28,54.866943359375
2018-03-01,53.251136779785156
2018-03-02,53.88384246826172
2018-03-05,54.41167068481445
2018-03-06,54.71683883666992
2018-03-07,55.41962814331055
2018-03-08,56.13235855102539
2018-03-09,57.695980072021484
2018-03-12,57.9489631652832
2018-03-13,56.65571594238281
2018-03-14,57.1020393371582
2018-03-15,57.187522888183594
2018-03-16,56.38285446166992
2018-03-19,54.675594329833984
2018-03-20,54.46336364746094
2018-03-21,54.373897552490234
2018-03-22,52.34358215332031
2018-03-23,51.02150344848633
2018-03-26,52.390296936035156
2018-03-27,50.04685592651367
2018-03-28,49.95937728881836
2018-03-29,51.5478515625
2018-04-02,50.329654693603516
2018-04-03,50.63035202026367
2018-04-04,51.178565979003906
2018-04-05,51.324195861816406
2018-04-06,50.19645690917969
2018-04-09,50.700435638427734
2018-04-10,51.51604080200195
2018-04-11,50.94744873046875
2018-04-12,51.55530548095703
2018-04-13,51.49317932128906
2018-04-16,51.99317932128906
2018-04-17,53.646263122558594
2018-04-18,53.448951721191406
2018-04-19,54.14775466918945
2018-04-20,53.54487228393555
2018-04-23,53.370418548583984
2018-04-24,50.82717514038086
2018-04-25,50.844566345214844
2018-04-26,51.85451126098633
2018-04-27,51.26504135131836
2018-04-30,50.62538146972656
2018-05-01,51.72726821899414
2018-05-02,50.99665832519531
2018-05-03,51.00908279418945
2018-05-04,52.236717224121094
2018-05-07,52.657196044921875
2018-05-08,52.613956451416016
2018-05-09,54.12290573120117
2018-05-10,54.94398498535156
2018-05-11,54.84010314941406
2018-05-14,55.000152587890625
2018-05-15,53.92012405395508
2018-05-16,53.8813591003418
2018-05-17,53.74069595336914
2018-05-18,53.16315841674805
2018-05-21,53.87738037109375
2018-05-22,53.444969177246094
2018-05-23,53.97430419921875
2018-05-24,53.948944091796875
2018-05-25,53.880859375
2018-05-29,53.08512878417969
2018-05-30,53.552330017089844
2018-05-31,54.67211151123047
2018-06-01,56.41168212890625
2018-06-04,57.30830001831055
2018-06-05,57.20790481567383
2018-06-06,57.005615234375
2018-06-07,56.38285446166992
2018-06-08,56.2978630065918
2018-06-11,56.70492172241211
2018-06-12,57.0672492980957
2018-06-13,56.870426177978516
2018-06-14,57.659698486328125
2018-06-15,57.61794662475586
2018-06-18,58.82619857788086
2018-06-19,58.58315658569336
2018-06-20,58.85055160522461
2018-06-21,58.1234130859375
2018-06-22,58.11595916748047
2018-06-25,56.6244010925293
2018-06-26,56.29338836669922
2018-06-27,55.51406478881836
2018-06-28,56.00312805175781
2018-06-29,56.12290573120117
2018-07-02,56.76506042480469
2018-07-03,55.48126220703125
2018-07-05,56.724300384521484
2018-07-06,57.40969467163086
2018-07-09,58.01605224609375
2018-07-10,58.009098052978516
2018-07-11,58.223819732666016
2018-07-12,59.704925537109375
2018-07-13,59.86198806762695
2018-07-16,59.468849182128906
2018-07-17,60.29240417480469
2018-07-18,60.28396224975586
2018-07-19,59.59757995605469
2018-07-20,59.53693771362305
2018-07-23,60.18902587890625
2018-07-24,62.532474517822266
2018-07-25,63.41666793823242
2018-07-26,63.891822814941406
2018-07-27,62.27103805541992
2018-07-30,61.13535690307617
2018-07-31,60.99519348144531
2018-08-01,61.2819709777832
2018-08-02,61.686546325683594
2018-08-03,61.5389289855957
2018-08-06,61.51457595825195
2018-08-07,62.41766357421875
2018-08-08,62.69052505493164
2018-08-09,62.84608840942383
2018-08-10,62.25214767456055
2018-08-13,62.0598030090332
2018-08-14,62.53197479248047
2018-08-15,61.24370193481445
2018-08-16,60.838130950927734
2018-08-17,60.43008041381836
2018-08-20,60.73326110839844
2018-08-21,60.50761795043945
2018-08-22,60.72332000732422
2018-08-23,60.69399642944336
2018-08-24,61.46885299682617
2018-08-27,62.439029693603516
2018-08-28,61.921634674072266
2018-08-29,62.85552978515625
2018-08-30,62.348079681396484
2018-08-31,61.22282409667969
2018-09-04,60.20443344116211
2018-09-05,59.59757995605469
2018-09-06,58.846580505371094
2018-09-07,58.52848815917969
2018-09-10,58.40274429321289
2018-09-11,59.14479064941406
2018-09-12,58.23077392578125
2018-09-13,58.7546272277832
2018-09-14,58.54787063598633
2018-09-17,57.645782470703125
2018-09-18,58.007606506347656
2018-09-19,58.363468170166016
2018-09-20,59.22331237792969
2018-09-21,58.25661849975586
2018-09-24,58.626399993896484
2018-09-25,59.338626861572266
2018-09-26,59.34707260131836
2018-09-27,60.00811004638672
2018-09-28,59.99419403076172
2018-10-01,60.066261291503906
2018-10-02,60.022029876708984
2018-10-03,60.215370178222656
2018-10-04,58.50263977050781
2018-10-05,58.043392181396484
2018-10-08,57.451446533203125
2018-10-09,56.91714859008789
2018-10-10,54.282447814941406
2018-10-11,54.211875915527344
2018-10-12,55.6929931640625
2018-10-15,54.79338455200195
2018-10-16,56.31624984741211
2018-10-17,56.04338836669922
2018-10-18,54.568241119384766
2018-10-19,54.929569244384766
2018-10-22,55.237220764160156
2018-10-23,55.41316223144531
2018-10-24,52.540889739990234
2018-10-25,54.85054397583008
2018-10-26,53.86445999145508
2018-10-29,51.42806625366211
2018-10-30,52.162654876708984
2018-10-31,54.20391845703125
2018-11-01,53.97528839111328
2018-11-02,53.25510787963867
2018-11-05,52.47180938720703
2018-11-06,53.15968322753906
2018-11-07,55.08165740966797
2018-11-08,54.405208587646484
2018-11-09,53.529964447021484
2018-11-12,52.155208587646484
2018-11-13,52.08612060546875
2018-11-14,52.41464614868164
2018-11-15,53.23324203491211
2018-11-16,53.095069885253906
2018-11-19,51.06474304199219
2018-11-20,51.21534729003906
2018-11-21,51.860477447509766
2018-11-23,51.19795227050781
2018-11-26,52.48225021362305
2018-11-27,52.30033493041992
2018-11-28,54.264060974121094
2018-11-29,54.40272903442383
2018-11-30,55.1517333984375
2018-12-03,55.48523712158203
2018-12-04,52.806800842285156
2018-12-06,53.582645416259766
2018-12-07,52.017032623291016
2018-12-10,52.34506607055664
2018-12-11,52.766048431396484
2018-12-12,53.36644744873047
2018-12-13,53.35700225830078
2018-12-14,52.27199935913086
2018-12-17,50.976776123046875
2018-12-18,51.85948181152344
2018-12-19,51.464351654052734
2018-12-20,50.873897552490234
2018-12-21,49.267032623291016
2018-12-24,48.93999099731445
2018-12-26,52.08015441894531
2018-12-27,52.33115768432617
2018-12-28,52.02200698852539
2018-12-31,51.936519622802734
2019-01-02,52.41962814331055
2019-01-03,50.96782684326172
2019-01-04,53.582149505615234
2019-01-07,53.47529220581055
2019-01-08,53.944969177246094
2019-01-09,53.76007843017578
2019-01-10,53.61992263793945
2019-01-11,52.90620040893555
2019-01-14,52.26206588745117
2019-01-15,54.00162887573242
2019-01-16,54.150733947753906
2019-01-17,54.628379821777344
2019-01-18,55.03493881225586
2019-01-22,53.609981536865234
2019-01-23,53.89726638793945
2019-01-24,53.87688446044922
2019-01-25,54.747161865234375
2019-01-28,53.671112060546875
2019-01-29,53.18403625488281
2019-01-30,54.572208404541016
2019-01-31,55.958892822265625
2019-02-01,55.597564697265625
2019-02-04,56.73076248168945
2019-02-05,57.250152587890625
2019-02-06,55.809791564941406
2019-02-07,54.965850830078125
2019-02-08,54.790401458740234
2019-02-11,54.77748107910156
2019-02-12,56.04289245605469
2019-02-13,56.09507751464844
2019-02-14,56.12340545654297
2019-02-15,55.64775848388672
2019-02-19,55.989715576171875
2019-02-20,55.69547653198242
2019-02-21,54.88135528564453
2019-02-22,55.49517059326172
2019-02-25,55.533447265625
2019-02-26,55.766056060791016
2019-02-27,55.809791564941406
2019-02-28,55.991695404052734
2019-03-01,57.083648681640625
2019-03-04,57.32719039916992
2019-03-05,58.11098861694336
2019-03-06,57.89975357055664
2019-03-07,57.19945526123047
2019-03-08,57.15571212768555
2019-03-11,58.611488342285156
2019-03-12,59.50562286376953
2019-03-13,59.5955810546875
2019-03-14,59.271026611328125
2019-03-15,59.16019058227539
2019-03-18,59.073219299316406
2019-03-19,59.76457214355469
2019-03-20,60.95592498779297
2019-03-21,61.43803024291992
2019-03-22,60.02252960205078
2019-03-25,59.5120849609375
2019-03-26,59.137332916259766
2019-03-27,58.549354553222656
2019-03-28,58.264068603515625
2019-03-29,58.49369430541992
2019-04-01,59.591609954833984
2019-04-02,59.91765213012695
2019-04-03,60.17958068847656
2019-04-04,60.6090087890625
2019-04-05,60.211395263671875
2019-04-08,60.053836822509766
2019-04-09,59.7760009765625
2019-04-10,59.962886810302734
2019-04-11,60.11894607543945
2019-04-12,60.772029876708984
2019-04-15,60.96089553833008
2019-04-16,61.228294372558594
2019-04-17,61.63733673095703
2019-04-18,61.70344161987305
2019-04-22,62.31427764892578
2019-04-23,63.150760650634766
2019-04-24,62.62690353393555
2019-04-25,62.98923110961914
2019-04-26,63.49022674560547
2019-04-29,64.42362976074219
2019-04-30,59.59061813354492
2019-05-01,58.316261291503906
2019-05-02,57.97779083251953
2019-05-03,59.12291717529297
2019-05-06,59.317256927490234
2019-05-07,58.591609954833984
2019-05-08,58.19001770019531
2019-05-09,58.050350189208984
2019-05-10,58.03395080566406
2019-05-13,56.49070739746094
2019-05-14,55.90770721435547
2019-05-15,58.191009521484375
2019-05-16,58.87192153930664
2019-05-17,58.09061050415039
2019-05-20,56.89179992675781
2019-05-21,57.37788391113281
2019-05-22,57.44796371459961
2019-05-23,56.925601959228516
2019-05-24,56.59110641479492
2019-05-28,56.63832092285156
2019-05-29,55.66317367553711
2019-05-30,55.73623275756836
2019-05-31,54.995174407958984
2019-06-03,51.627376556396484
2019-06-04,52.410179138183594
2019-06-05,51.920616149902344
2019-06-06,52.07569122314453
2019-06-07,53.10003662109375
2019-06-10,53.81525802612305
2019-06-11,53.72976303100586
2019-06-12,53.63334274291992
2019-06-13,54.22528839111328
2019-06-14,53.99119567871094
2019-06-17,54.36843490600586
2019-06-18,54.932552337646484
2019-06-19,54.89626693725586
2019-06-20,55.32817840576172
2019-06-21,55.93305587768555
2019-06-24,55.502132415771484
2019-06-25,54.05481719970703
2019-06-26,53.693973541259766
2019-06-27,53.51057815551758
2019-06-28,53.817237854003906
2019-07-01,54.67211151123047
2019-07-02,55.29835891723633
2019-07-03,55.814762115478516
2019-07-05,56.29587173461914
2019-07-08,55.50660705566406
2019-07-09,55.879371643066406
2019-07-10,56.70541763305664
2019-07-11,56.86296463012695
2019-07-12,56.925601959228516
2019-07-15,57.18255615234375
2019-07-16,57.32917785644531
2019-07-17,56.995182037353516
2019-07-18,57.02003479003906
2019-07-19,56.24020767211914
2019-07-22,56.62092590332031
2019-07-23,57.0602912902832
2019-07-24,56.64677429199219
2019-07-25,56.458404541015625
2019-07-26,61.889827728271484
2019-07-29,61.721832275390625
2019-07-30,61.033958435058594
2019-07-31,60.546878814697266
2019-08-01,60.22779846191406
2019-08-02,59.45940017700195
2019-08-05,57.39329147338867
2019-08-06,58.20492935180664
2019-08-07,58.44498825073242
2019-08-08,59.9499626159668
2019-08-09,59.09061050415039
2019-08-12,58.37490463256836
2019-08-13,59.479774475097656
2019-08-14,57.86545944213867
2019-08-15,58.11745071411133
2019-08-16,58.60900115966797
2019-08-19,59.6641731262207
2019-08-20,58.82371520996094
2019-08-21,59.223812103271484
2019-08-22,59.22083282470703
2019-08-23,57.33514404296875
2019-08-26,58.209896087646484
2019-08-27,58.19200134277344
2019-08-28,58.337623596191406
2019-08-29,59.356021881103516
2019-08-30,59.171627044677734
2019-09-03,58.128883361816406
2019-09-04,58.76108932495117
2019-09-05,60.2481689453125
2019-09-06,59.95642852783203
2019-09-09,59.904232025146484
2019-09-10,59.92560577392578
2019-09-11,60.63634490966797
2019-09-12,61.3803825378418
2019-09-13,61.631874084472656
2019-09-16,61.214378356933594
2019-09-17,61.12739944458008
2019-09-18,61.26506805419922
2019-09-19,61.56825256347656
2019-09-20,61.12541580200195
2019-09-23,61.3664665222168
2019-09-24,60.553340911865234
2019-09-25,61.92560958862305
2019-09-26,61.744197845458984
2019-09-27,60.932071685791016
2019-09-30,60.6930046081543
2019-10-01,59.940513610839844
2019-10-02,58.544891357421875
2019-10-03,59.11695861816406
2019-10-04,60.187034606933594
2019-10-07,60.052345275878906
2019-10-08,59.1517448425293
2019-10-09,59.76158905029297
2019-10-10,60.11297607421875
2019-10-11,60.42312240600586
2019-10-14,60.52550506591797
2019-10-15,61.74171447753906
2019-10-16,61.779483795166016
2019-10-17,62.26656723022461
2019-10-18,61.84956741333008
2019-10-21,61.84310531616211
2019-10-22,61.69002151489258
2019-10-23,62.50662612915039
2019-10-24,62.58018493652344
2019-10-25,62.83814239501953
2019-10-28,64.06477355957031
2019-10-29,62.657222747802734
2019-10-30,62.659210205078125
2019-10-31,62.56477355957031
2019-11-01,63.23326873779297
2019-11-04,64.0960922241211
2019-11-05,64.18704986572266
2019-11-06,64.1656723022461
2019-11-07,64.95743560791016
2019-11-08,65.059814453125
2019-11-11,64.52700805664062
2019-11-12,64.47382354736328
2019-11-13,64.42263793945312
2019-11-14,65.0672607421875
2019-11-15,66.27949523925781
2019-11-18,65.59857940673828
2019-11-19,65.23824310302734
2019-11-20,64.70494842529297
2019-11-21,64.61945343017578
2019-11-22,64.29788208007812
2019-11-25,64.89281463623047
2019-11-26,65.25862121582031
2019-11-27,65.21538543701172
2019-11-29,64.8157730102539
2019-12-02,64.0588150024414
2019-12-03,64.35105895996094
2019-12-04,65.5538558959961
2019-12-05,65.95246124267578
2019-12-06,66.57025146484375
2019-12-09,66.74917602539062
2019-12-10,66.74420166015625
2019-12-11,66.81180572509766
2019-12-12,67.02254486083984
2019-12-13,66.94202423095703
2019-12-16,67.62940979003906
2019-12-17,67.34063720703125
2019-12-18,67.1925277709961
2019-12-19,67.41767120361328
2019-12-20,67.15823364257812
2019-12-23,67.12890625
2019-12-24,66.82075500488281
2019-12-26,67.71736907958984
2019-12-27,67.32821655273438
2019-12-30,66.58615112304688
2019-12-31,66.57025146484375
2020-01-02,68.0260238647461
2020-01-03,67.67015075683594
2020-01-06,69.47383880615234
2020-01-07,69.33964538574219
2020-01-08,69.83318328857422
2020-01-09,70.56629180908203
2020-01-10,71.02204132080078
2020-01-13,71.57225036621094
2020-01-14,71.10307312011719
2020-01-15,71.53101348876953
2020-01-16,72.07574462890625
2020-01-17,73.53498840332031
2020-01-21,73.6706771850586
2020-01-22,73.75117492675781
2020-01-23,73.79193878173828
2020-01-24,72.87146759033203
2020-01-27,71.15972900390625
2020-01-28,72.09264373779297
2020-01-29,72.40078735351562
2020-01-30,72.27902221679688
2020-01-31,71.21192169189453
2020-02-03,73.68806457519531
2020-02-04,71.83965301513672
2020-02-05,71.8714599609375
2020-02-06,73.3585433959961
2020-02-07,73.51461029052734
2020-02-10,74.98330688476562
2020-02-11,75.05288696289062
2020-02-12,75.47882843017578
2020-02-13,75.21839904785156
2020-02-14,75.48379516601562
2020-02-18,75.51908874511719
2020-02-19,75.7889633178711
2020-02-20,75.3973159790039
2020-02-21,73.7308120727539
2020-02-24,70.56976318359375
2020-02-25,68.90276336669922
2020-02-26,69.10902404785156
2020-02-27,65.35554504394531
2020-02-28,66.56330108642578
2020-03-02,68.90276336669922
2020-03-03,66.48725128173828
2020-03-04,68.66818237304688
2020-03-05,65.3460922241211
2020-03-06,64.40077209472656
2020-03-09,60.42709732055664
2020-03-10,63.37839889526367
2020-03-11,60.184051513671875
2020-03-12,55.24616622924805
2020-03-13,60.3515510559082
2020-03-16,53.33016586303711
2020-03-17,55.56972885131836
2020-03-18,54.2342414855957
2020-03-19,55.25213623046875
2020-03-20,53.09208679199219
2020-03-23,52.39228439331055
2020-03-24,56.163665771484375
2020-03-25,54.75263214111328
2020-03-26,57.799354553222656
2020-03-27,55.18206024169922
2020-03-30,56.97380828857422
2020-03-31,57.75114822387695
2020-04-01,54.776485443115234
2020-04-02,55.51853561401367
2020-04-03,54.309288024902344
2020-04-06,58.806819915771484
2020-04-07,58.7755012512207
2020-04-08,59.99021530151367
2020-04-09,59.968849182128906
2020-04-13,60.159698486328125
2020-04-14,62.88436508178711
2020-04-15,62.49022674560547
2020-04-16,62.49668502807617
2020-04-17,63.568756103515625
2020-04-20,62.68157958984375
2020-04-21,60.24668502807617
2020-04-22,62.54539489746094
2020-04-23,63.179588317871094
2020-04-24,63.44947052001953
2020-04-27,63.164180755615234
2020-04-28,61.262088775634766
2020-04-29,66.70893096923828
2020-04-30,66.93357849121094
2020-05-01,65.47333526611328
2020-05-04,65.75066375732422
2020-05-05,67.04888153076172
2020-05-06,66.87044525146484
2020-05-07,68.05583953857422
2020-05-08,68.80435180664062
2020-05-11,69.76111602783203
2020-05-12,68.34909057617188
2020-05-13,67.01457977294922
2020-05-14,67.43854522705078
2020-05-15,68.24372100830078
2020-05-18,68.84611511230469
2020-05-19,68.3103256225586
2020-05-20,70.03795623779297
2020-05-21,69.91818237304688
2020-05-22,70.24073791503906
2020-05-26,70.64480590820312
2020-05-27,70.59064483642578
2020-05-28,70.48925018310547
2020-05-29,71.24870300292969
2020-06-01,71.3157958984375
2020-06-02,71.68557739257812
2020-06-03,71.53348541259766
2020-06-04,70.29341888427734
2020-06-05,71.57174682617188
2020-06-08,71.97036743164062
2020-06-09,72.17115783691406
2020-06-10,72.79840850830078
2020-06-11,69.6771240234375
2020-06-12,70.22483825683594
2020-06-15,70.61351013183594
2020-06-16,71.892333984375
2020-06-17,72.19403839111328
2020-06-18,71.27852630615234
2020-06-19,70.80735778808594
2020-06-22,72.1005859375
2020-06-23,72.76261901855469
2020-06-24,71.20793914794922
2020-06-25,71.62543487548828
2020-06-26,67.7208480834961
2020-06-29,69.44203186035156
2020-06-30,70.47980499267578
2020-07-01,71.67017364501953
2020-07-02,73.05834197998047
2020-07-06,74.53548431396484
2020-07-07,74.05188751220703
2020-07-08,74.73180389404297
2020-07-09,75.48031616210938
2020-07-10,76.49176025390625
2020-07-13,75.1607437133789
2020-07-14,75.58966064453125
2020-07-15,75.391845703125
2020-07-16,75.29444122314453
2020-07-17,75.39035034179688
2020-07-20,77.72586822509766
2020-07-21,77.33220672607422
2020-07-22,77.77605438232422
2020-07-23,75.38539123535156
2020-07-24,74.9609375
2020-07-27,76.01560974121094
2020-07-28,74.73429107666016
2020-07-29,75.72136688232422
2020-07-30,76.45994567871094
2020-07-31,73.95397186279297
2020-08-03,73.69601440429688
2020-08-04,73.22583770751953
2020-08-05,73.51361083984375
2020-08-06,74.79889678955078
2020-08-07,74.47187805175781
2020-08-10,74.39482116699219
2020-08-11,73.58567810058594
2020-08-12,74.9127197265625
2020-08-13,75.38041687011719
2020-08-14,74.78300476074219
2020-08-17,75.36003875732422
2020-08-18,77.32524871826172
2020-08-19,76.77007293701172
2020-08-20,78.3426513671875
2020-08-21,78.3088607788086
2020-08-24,78.78500366210938
2020-08-25,79.81382751464844
2020-08-26,81.71641540527344
2020-08-27,80.9405746459961
2020-08-28,81.48281860351562
2020-08-31,80.99077606201172
2020-09-01,82.26065826416016
2020-09-02,85.35758209228516
2020-09-03,80.98978424072266
2020-09-04,78.58917236328125
2020-09-08,75.72584533691406
2020-09-09,76.90030670166016
2020-09-10,75.84761047363281
2020-09-11,75.336181640625
2020-09-14,74.99174499511719
2020-09-15,76.29840850830078
2020-09-16,75.15377807617188
2020-09-17,73.90873718261719
2020-09-18,72.12196350097656
2020-09-21,71.08070373535156
2020-09-22,72.55585479736328
2020-09-23,70.04939270019531
2020-09-24,70.7188720703125
2020-09-25,71.52405548095703
2020-09-28,72.49820709228516
2020-09-29,72.86400604248047
2020-09-30,72.8431396484375
2020-10-01,73.95148468017578
2020-10-02,72.34611511230469
2020-10-05,73.69950866699219
2020-10-06,72.11848449707031
2020-10-07,72.52205657958984
2020-10-08,73.72931671142578
2020-10-09,75.072265625
2020-10-12,77.76313018798828
2020-10-13,77.88638305664062
2020-10-14,77.70597839355469
2020-10-15,77.30984497070312
2020-10-16,77.91770935058594
2020-10-19,76.04145050048828
2020-10-20,77.0916519165039
2020-10-21,78.82675170898438
2020-10-22,79.85408782958984
2020-10-23,81.16223907470703
2020-10-26,78.74224853515625
2020-10-27,79.4674072265625
2020-10-28,75.08966064453125
2020-10-29,77.37993621826172
2020-10-30,80.32376861572266
2020-11-02,80.7318344116211
2020-11-03,81.7924575805664
2020-11-04,86.7720947265625
2020-11-05,87.5996322631836
2020-11-06,87.46195983886719
2020-11-09,87.54595947265625
2020-11-10,86.3680191040039
2020-11-11,86.8406982421875
2020-11-12,86.62150573730469
2020-11-13,88.08472442626953
2020-11-16,88.17269897460938
2020-11-17,87.5578842163086
2020-11-18,86.51314544677734
2020-11-19,87.40430450439453
2020-11-20,86.30142211914062
2020-11-23,85.86305236816406
2020-11-24,87.66921997070312
2020-11-25,87.6806411743164
2020-11-27,88.81832885742188
2020-11-30,87.19705200195312
2020-12-01,89.23283386230469
2020-12-02,90.70450592041016
2020-12-03,90.5489501953125
2020-12-04,90.64437866210938
2020-12-07,90.30988311767578
2020-12-08,90.02658081054688
2020-12-09,88.36305236816406
2020-12-10,87.85559844970703
2020-12-11,88.21096801757812
2020-12-14,87.09069061279297
2020-12-15,87.52906036376953
2020-12-16,87.3357162475586
2020-12-17,86.50668334960938
2020-12-18,85.79644775390625
2020-12-21,86.2109603881836
2020-12-22,85.49823760986328
2020-12-23,85.89634704589844
2020-12-24,86.19109344482422
2020-12-28,88.16921997070312
2020-12-29,87.36404418945312
2020-12-30,86.29496002197266
2020-12-31,87.10958099365234
2021-01-04,85.79197692871094
2021-01-05,86.48383331298828
2021-01-06,85.63043975830078
2021-01-07,88.1881103515625
2021-01-08,89.35560607910156
2021-01-11,87.29098510742188
2021-01-12,86.35359954833984
2021-01-13,86.84168243408203
2021-01-14,86.03004455566406
2021-01-15,85.86602783203125
2021-01-19,88.69158935546875
2021-01-20,93.44308471679688
2021-01-21,93.6458740234375
2021-01-22,94.06385803222656
2021-01-25,94.14934539794922
2021-01-26,94.82878112792969
2021-01-27,90.40481567382812
2021-01-28,92.10760498046875
2021-01-29,90.82330322265625
2021-02-01,94.08921813964844
2021-02-02,95.38394927978516
2021-02-03,102.3302993774414
2021-02-04,102.0693588256836
2021-02-05,103.81886291503906
2021-02-08,103.60464477539062
2021-02-09,103.15086364746094
2021-02-10,103.70206451416016
2021-02-11,103.81488037109375
2021-02-12,104.12702178955078
2021-02-16,104.90585327148438
2021-02-17,105.29947662353516
2021-02-18,104.66278839111328
2021-02-19,103.81787109375
2021-02-22,102.10066223144531
2021-02-23,102.39191436767578
2021-02-24,103.5693588256836
2021-02-25,100.19658660888672
2021-02-26,100.49280548095703
2021-03-01,102.8660888671875
2021-03-02,102.60862731933594
2021-03-03,99.97093963623047
2021-03-04,101.0902328491211
2021-03-05,104.22840118408203
2021-03-08,99.77660369873047
2021-03-09,101.4098129272461
2021-03-10,101.20256805419922
2021-03-11,104.40087127685547
2021-03-12,101.8889389038086
2021-03-15,102.109619140625
2021-03-16,103.57333374023438
2021-03-17,103.4903335571289
2021-03-18,100.4644775390625
2021-03-19,100.74380493164062
2021-03-22,100.92919158935547
2021-03-23,101.45801544189453
2021-03-24,101.02063751220703
2021-03-25,101.01717376708984
2021-03-26,100.63297271728516
2021-03-29,101.67969512939453
2021-03-30,101.71349334716797
2021-03-31,102.5112075805664
2021-04-01,105.85415649414062
2021-04-05,110.28656768798828
2021-04-06,109.80445861816406
2021-04-07,111.28408813476562
2021-04-08,111.85069274902344
2021-04-09,112.85665893554688
2021-04-12,111.56192779541016
2021-04-13,112.04949188232422
2021-04-14,111.4272232055664
2021-04-15,113.58130645751953
2021-04-16,113.4570541381836
2021-04-19,113.80546569824219
2021-04-20,113.27117919921875
2021-04-21,113.23837280273438
2021-04-22,111.9545669555664
2021-04-23,114.3109359741211
2021-04-26,114.8079605102539
2021-04-27,113.86610412597656
2021-04-28,117.24881744384766
2021-04-29,118.92475891113281
2021-04-30,116.97346496582031
2021-05-03,116.45557403564453
2021-05-04,114.65388488769531
2021-05-05,115.04852294921875
2021-05-06,116.1707763671875
2021-05-07,116.89543151855469
2021-05-10,113.90438079833984
2021-05-11,112.82633209228516
2021-05-12,109.35665130615234
2021-05-13,110.7875747680664
2021-05-14,113.2398681640625
2021-05-17,113.76371765136719
2021-05-18,112.44910430908203
2021-05-19,112.89791107177734
2021-05-20,114.65985107421875
2021-05-21,114.02266693115234
2021-05-24,117.34822845458984
2021-05-25,117.43917846679688
2021-05-26,118.30598449707031
2021-05-27,117.42974090576172
2021-05-28,117.13996887207031
2021-06-01,118.3492202758789
2021-06-02,117.82286834716797
2021-06-03,116.67924499511719
2021-06-04,118.96501922607422
2021-06-07,119.39891815185547
2021-06-08,119.20707702636719
2021-06-09,119.67925262451172
2021-06-10,121.03063201904297
2021-06-11,120.78561401367188
2021-06-14,121.71553802490234
2021-06-15,120.69564056396484
2021-06-16,120.0525131225586
2021-06-17,121.01770782470703
2021-06-18,119.39495086669922
2021-06-21,121.08629608154297
2021-06-22,121.6012191772461
2021-06-23,121.39893341064453
2021-06-24,121.76969909667969
2021-06-25,121.77816009521484
2021-06-28,121.80549621582031
2021-06-29,121.54356384277344
2021-06-30,121.36164855957031
2021-07-01,121.71454620361328
2021-07-02,124.5107650756836
2021-07-06,125.4377212524414
2021-07-07,125.72000885009766
2021-07-08,124.29853820800781
2021-07-09,124.77021026611328
2021-07-12,126.2185287475586
2021-07-13,126.58233642578125
2021-07-14,127.47249603271484
2021-07-15,126.24784088134766
2021-07-16,126.21305847167969
2021-07-19,123.83531188964844
2021-07-20,125.45709991455078
2021-07-21,126.78861236572266
2021-07-22,127.6558837890625
2021-07-23,132.22201538085938
2021-07-26,133.23594665527344
2021-07-27,131.1136474609375
2021-07-28,135.2826690673828
2021-07-29,134.96804809570312
2021-07-30,133.92332458496094
2021-08-02,134.05056762695312
2021-08-03,134.82144165039062
2021-08-04,134.31993103027344
2021-08-05,135.43923950195312
2021-08-06,134.92926025390625
2021-08-09,136.09677124023438
2021-08-10,135.99142456054688
2021-08-11,135.46658325195312
2021-08-12,136.3760986328125
2021-08-13,136.9064178466797
2021-08-16,137.48497009277344
2021-08-17,135.84677124023438
2021-08-18,134.6415252685547
2021-08-19,134.8711395263672
2021-08-20,136.61021423339844
2021-08-23,139.20664978027344
2021-08-24,140.4193572998047
2021-08-25,141.2319793701172
2021-08-26,140.5972900390625
2021-08-27,143.14549255371094
2021-08-30,143.72850036621094
2021-08-31,143.83485412597656
2021-09-01,144.34979248046875
2021-09-02,142.4327850341797
2021-09-03,142.88258361816406
2021-09-07,143.4203643798828
2021-09-08,142.83436584472656
2021-09-09,142.68527221679688
2021-09-10,140.03614807128906
2021-09-13,141.48397827148438
2021-09-14,141.69471740722656
2021-09-15,143.56846618652344
2021-09-16,142.7538604736328
2021-09-17,139.9606170654297
2021-09-20,137.89251708984375
2021-09-21,138.20413208007812
2021-09-22,139.4471893310547
2021-09-23,140.37413024902344
2021-09-24,141.36717224121094
2021-09-27,140.23098754882812
2021-09-28,135.02024841308594
2021-09-29,133.5525360107422
2021-09-30,132.8790740966797
2021-10-01,135.72900390625
2021-10-04,132.86268615722656
2021-10-05,135.21209716796875
2021-10-06,136.74488830566406
2021-10-07,138.39500427246094
2021-10-08,138.95217895507812
2021-10-11,138.08584594726562
2021-10-12,135.63555908203125
2021-10-13,136.7617950439453
2021-10-14,140.30950927734375
2021-10-15,140.5252227783203
2021-10-18,141.92681884765625
2021-10-19,142.3831024169922
2021-10-20,140.923828125
2021-10-21,141.04013061523438
2021-10-22,136.7463836669922
2021-10-25,136.62759399414062
2021-10-26,138.47799682617188
2021-10-27,145.34580993652344
2021-10-28,144.97950744628906
2021-10-29,147.1634063720703
2021-11-01,142.64151000976562
2021-11-02,144.5654754638672
2021-11-03,145.7240753173828
2021-11-04,147.3835906982422
2021-11-05,147.96461486816406
2021-11-08,148.14254760742188
2021-11-09,148.0307159423828
2021-11-10,145.0237579345703
2021-11-11,144.89749145507812
2021-11-12,147.7916259765625
2021-11-15,147.56698608398438
2021-11-16,146.9944305419922
2021-11-17,147.16439819335938
2021-11-18,148.94525146484375
2021-11-19,148.03866577148438
2021-11-22,145.4298095703125
2021-11-23,144.91290283203125
2021-11-24,145.2489013671875
2021-11-26,141.3353729248047
2021-11-29,144.6629180908203
2021-11-30,141.05157470703125
2021-12-01,140.21060180664062
2021-12-02,142.1136932373047
2021-12-03,141.1549530029297
2021-12-06,142.30157470703125
2021-12-07,146.39154052734375
2021-12-08,147.30307006835938
2021-12-09,146.75833129882812
2021-12-10,147.11917114257812
2021-12-13,144.9571533203125
2021-12-14,143.04910278320312
2021-12-15,145.56796264648438
2021-12-16,143.58387756347656
2021-12-17,140.88009643554688
2021-12-20,140.76278686523438
2021-12-21,142.61717224121094
2021-12-22,145.5421142578125
2021-12-23,146.0406494140625
2021-12-27,147.0247344970703
2021-12-28,145.81251525878906
2021-12-29,145.78070068359375
2021-12-30,145.32891845703125
2021-12-31,143.98846435546875
2022-01-03,144.1271209716797
2022-01-04,143.53866577148438
2022-01-05,136.95364379882812
2022-01-06,136.9263153076172
2022-01-07,136.20016479492188
2022-01-10,137.84283447265625
2022-01-11,138.9029541015625
2022-01-12,140.58734130859375
2022-01-13,137.7608184814453
2022-01-14,138.64898681640625
2022-01-18,135.18724060058594
2022-01-19,134.3109893798828
2022-01-20,132.5127716064453
2022-01-21,129.57440185546875
2022-01-24,130.02420043945312
2022-01-25,126.17826843261719
2022-01-26,128.46255493164062
2022-01-27,128.23593139648438
2022-01-28,132.55601501464844
2022-01-31,134.4968719482422
2022-02-01,136.8234100341797
2022-02-02,147.11769104003906
2022-02-03,142.23695373535156
2022-02-04,142.43873596191406
2022-02-07,138.37115478515625
2022-02-08,138.56796264648438
2022-02-09,140.7478790283203
2022-02-10,137.79359436035156
2022-02-11,133.4819793701172
2022-02-14,134.71804809570312
2022-02-15,135.79409790039062
2022-02-16,136.91685485839844
2022-02-17,131.74884033203125
2022-02-18,129.62559509277344
2022-02-22,129.03961181640625
2022-02-23,126.8273696899414
2022-02-24,131.8999481201172
2022-02-25,133.6579132080078
2022-02-28,134.2518768310547
2022-03-01,133.2622833251953
2022-03-02,133.7692413330078
2022-03-03,133.10125732421875
2022-03-04,131.12013244628906
2022-03-07,125.62507629394531
2022-03-08,126.34675598144531
2022-03-09,132.62460327148438
2022-03-10,131.6400146484375
2022-03-11,129.0962677001953
2022-03-14,125.20012664794922
2022-03-15,128.4277801513672
2022-03-16,132.48593139648438
2022-03-17,133.04110717773438
2022-03-18,135.31396484375
2022-03-21,135.2901153564453
2022-03-22,139.03416442871094
2022-03-23,137.45115661621094
2022-03-24,140.72801208496094
2022-03-25,140.82839965820312
2022-03-28,140.61221313476562
2022-03-29,141.6559295654297
2022-03-30,141.09231567382812
2022-03-31,138.2384490966797
2022-04-01,139.31497192382812
2022-04-04,142.1191864013672
2022-04-05,139.7528533935547
2022-04-06,135.73394775390625
2022-04-07,135.07838439941406
2022-04-08,132.49288940429688
2022-04-11,128.05551147460938
2022-04-12,126.95311737060547
2022-04-13,129.11961364746094
2022-04-14,125.97449493408203
2022-04-18,126.91535186767578
2022-04-19,129.23394775390625
2022-04-20,127.27667236328125
2022-04-21,124.07040405273438
2022-04-22,118.92228698730469
2022-04-25,122.34028625488281
2022-04-26,117.9426498413086
2022-04-27,113.61311340332031
2022-04-28,117.81590270996094
2022-04-29,113.42921447753906
2022-05-02,115.88798522949219
2022-05-03,116.63449096679688
2022-05-04,121.53213500976562
2022-05-05,115.81094360351562
2022-05-06,115.05646514892578
2022-05-09,111.84025573730469
2022-05-10,113.7130126953125
2022-05-11,112.92523956298828
2022-05-12,112.17127227783203
2022-05-13,115.35865783691406
2022-05-16,113.76273345947266
2022-05-17,115.77864074707031
2022-05-18,111.2323989868164
2022-05-19,109.72593688964844
2022-05-20,108.25874328613281
2022-05-23,110.82335662841797
2022-05-24,105.3382568359375
2022-05-25,105.17422485351562
2022-05-26,107.14989471435547
2022-05-27,111.64691162109375
2022-05-31,113.08378601074219
2022-06-01,113.21302795410156
2022-06-02,116.92127227783203
2022-06-03,113.85814666748047
2022-06-06,116.12406158447266
2022-06-07,116.45109558105469
2022-06-08,116.4953384399414
2022-06-09,114.15089416503906
2022-06-10,110.4988021850586
2022-06-13,105.75823974609375
2022-06-14,106.07931518554688
2022-06-15,109.11013793945312
2022-06-16,105.4013671875
2022-06-17,106.50474548339844
2022-06-21,110.87902069091797
2022-06-22,110.82286834716797
2022-06-23,111.5728530883789
2022-06-24,117.27167510986328
2022-06-27,115.14295196533203
2022-06-28,111.33975982666016
2022-06-29,111.03558349609375
2022-06-30,108.31340026855469
2022-07-01,108.08924865722656
2022-07-05,112.58777618408203
2022-07-06,113.88896942138672
2022-07-07,118.0748519897461
2022-07-08,118.64195251464844
2022-07-11,114.98688507080078
2022-07-12,113.34076690673828
2022-07-13,110.68965911865234
2022-07-14,109.70954132080078
2022-07-15,111.11111450195312
2022-07-18,108.3800048828125
2022-07-19,113.13150787353516
2022-07-20,113.22098541259766
2022-07-21,113.6583480834961
2022-07-22,107.25674438476562
2022-07-25,106.86906433105469
2022-07-26,104.39390563964844
2022-07-27,112.38597869873047
2022-07-28,113.53907012939453
2022-07-29,115.62654876708984
2022-08-01,114.17525482177734
2022-08-02,114.44363403320312
2022-08-03,117.37605285644531
2022-08-04,117.48540496826172
2022-08-05,116.76969146728516
2022-08-08,116.6007080078125
2022-08-09,115.93470001220703
2022-08-10,118.98638916015625
2022-08-11,118.13151550292969
2022-08-12,120.95458984375
2022-08-15,121.35221099853516
2022-08-16,120.97447204589844
2022-08-17,118.83729553222656
2022-08-18,119.45359802246094
2022-08-19,116.51123809814453
2022-08-22,113.55895233154297
2022-08-23,113.18122100830078
2022-08-24,113.0122299194336
2022-08-25,115.95458984375
2022-08-26,109.68219757080078
2022-08-29,108.7676773071289
2022-08-30,108.2905502319336
2022-08-31,107.57483673095703
2022-09-01,109.08576965332031
2022-09-02,107.20703887939453
2022-09-06,106.17323303222656
2022-09-07,108.79750061035156
2022-09-08,107.73387908935547
2022-09-09,109.99034881591797
2022-09-12,110.19910430908203
2022-09-13,103.6980972290039
2022-09-14,104.37403106689453
2022-09-15,102.29650115966797
2022-09-16,102.18714141845703
2022-09-19,102.4555435180664
2022-09-20,100.53704071044922
2022-09-21,98.6881332397461
2022-09-22,99.54300689697266
2022-09-23,98.15135192871094
2022-09-26,97.58475494384766
2022-09-27,96.91874694824219
2022-09-28,99.45355224609375
2022-09-29,96.83921813964844
2022-09-30,95.07977294921875
2022-10-03,98.05194091796875
2022-10-04,101.0340576171875
2022-10-05,100.82530975341797
2022-10-06,100.81536865234375
2022-10-07,98.09170532226562
2022-10-10,97.27659606933594
2022-10-11,96.60065460205078
2022-10-12,96.97838592529297
2022-10-13,98.46943664550781
2022-10-14,95.98434448242188
2022-10-17,99.37403106689453
2022-10-18,100.16925048828125
2022-10-19,99.03604125976562
2022-10-20,99.37403106689453
2022-10-21,100.527099609375
2022-10-24,101.9088134765625
2022-10-25,103.85713195800781
2022-10-26,94.36407470703125
2022-10-27,91.67022705078125
2022-10-28,95.71595764160156
2022-10-31,93.94657135009766
2022-11-01,89.93064880371094
2022-11-02,86.4515151977539
2022-11-03,82.93263244628906
2022-11-04,86.06385040283203
2022-11-07,87.96245574951172
2022-11-08,88.3700180053711
2022-11-09,86.7994384765625
2022-11-10,93.37997436523438
2022-11-11,95.83524322509766
2022-11-14,95.12947082519531
2022-11-15,97.85314178466797
2022-11-16,98.26069641113281
2022-11-17,97.77362060546875
2022-11-18,96.84915924072266
2022-11-21,95.03007507324219
2022-11-22,96.47142791748047
2022-11-23,97.87301635742188
2022-11-25,96.87898254394531
2022-11-28,95.4773941040039
2022-11-29,94.62252807617188
2022-11-30,100.387939453125
2022-12-01,100.387939453125
2022-12-02,99.84122467041016
2022-12-05,98.88693237304688
2022-12-06,96.40184783935547
2022-12-07,94.37400817871094
2022-12-08,93.15132904052734
2022-12-09,92.2765884399414
2022-12-12,92.75372314453125
2022-12-13,95.05989074707031
2022-12-14,94.50324249267578
2022-12-15,90.3183364868164
2022-12-16,89.72190856933594
2022-12-19,87.91275787353516
2022-12-20,88.48929595947266
2022-12-21,89.04596710205078
2022-12-22,87.23681640625
2022-12-23,88.69805145263672
2022-12-27,86.86901092529297
2022-12-28,85.50718688964844
2022-12-29,87.92269897460938
2022-12-30,87.70401000976562
2023-01-03,88.58870697021484
2023-01-04,87.55490112304688
2023-01-05,85.68611907958984
2023-01-06,86.8193130493164
2023-01-09,87.49525451660156
2023-01-10,87.89286804199219
2023-01-11,90.97439575195312
2023-01-12,90.58671569824219
2023-01-13,91.5708236694336
2023-01-17,90.74577331542969
2023-01-18,90.57678985595703
2023-01-19,92.49527740478516
2023-01-20,97.43563079833984
2023-01-23,99.19509887695312
2023-01-24,97.1175537109375
2023-01-25,94.65234375
2023-01-26,96.9386215209961
2023-01-27,98.77759552001953
2023-01-30,96.36209106445312
2023-01-31,98.25074768066406
2023-02-01,99.8312759399414
2023-02-02,107.09769439697266
2023-02-03,104.15534210205078
2023-02-06,102.28655242919922
2023-02-07,106.998291015625
2023-02-08,98.77759552001953
2023-02-09,94.44359588623047
2023-02-10,94.00621032714844
2023-02-13,94.04597473144531
2023-02-14,94.11555480957031
2023-02-15,96.36209106445312
2023-02-16,94.94060516357422
2023-02-17,93.78751373291016
2023-02-21,91.24279022216797
2023-02-22,91.10362243652344
2023-02-23,90.34814453125
2023-02-24,88.59864044189453
2023-02-27,89.33423614501953
2023-02-28,89.52310180664062
2023-03-01,89.8213119506836
2023-03-02,91.4515380859375
2023-03-03,93.09170532226562
2023-03-06,94.56287384033203
2023-03-07,93.30044555664062
2023-03-08,93.68811798095703
2023-03-09,91.76962280273438
2023-03-10,90.08969116210938
2023-03-13,90.56684112548828
2023-03-14,93.40978240966797
2023-03-15,95.53703308105469
2023-03-16,99.72193145751953
2023-03-17,101.0141830444336
2023-03-20,100.61656951904297
2023-03-21,104.29450988769531
2023-03-22,102.75375366210938
2023-03-23,104.970458984375
2023-03-24,104.81141662597656
2023-03-27,101.84917449951172
2023-03-28,100.42770385742188
2023-03-29,100.78555297851562
2023-03-30,100.28853607177734
2023-03-31,103.11161041259766
2023-04-03,103.73784637451172
2023-04-04,104.09569549560547
2023-04-05,103.84719848632812
2023-04-06,107.77364349365234
2023-04-10,105.8054428100586
2023-04-11,104.7219467163086
2023-04-12,104.01617431640625
2023-04-13,106.78954315185547
2023-04-14,108.22096252441406
2023-04-17,105.3382568359375
2023-04-18,103.87700653076172
2023-04-19,103.55892944335938
2023-04-20,104.66231536865234
2023-04-21,104.78160095214844
2023-04-24,105.3382568359375
2023-04-25,103.23088836669922
2023-04-26,103.09172058105469
2023-04-27,106.9485855102539
2023-04-28,106.70008087158203
2023-05-01,106.56092071533203
2023-05-02,104.69212341308594
2023-05-03,104.78160095214844
2023-05-04,104.06588745117188
2023-05-05,104.94063568115234
2023-05-08,107.12751007080078
2023-05-09,106.71002197265625
2023-05-10,111.08378601074219
2023-05-11,115.87506103515625
2023-05-12,116.80945587158203
2023-05-15,115.81542205810547
2023-05-16,118.79753875732422
2023-05-17,120.11959838867188
2023-05-18,122.09774780273438
2023-05-19,122.02815246582031
2023-05-22,124.30450439453125
2023-05-23,121.829345703125
2023-05-24,120.17923736572266
2023-05-25,122.74385833740234
2023-05-26,123.86712646484375
2023-05-30,122.93272399902344
2023-05-31,122.13751220703125
2023-06-01,122.98243713378906
2023-06-02,123.92677307128906
2023-06-05,125.25878143310547
2023-06-06,126.55103302001953
2023-06-07,121.76969909667969
2023-06-08,121.41185760498047
2023-06-09,121.5013198852539
2023-06-12,122.90290832519531
2023-06-13,123.09178161621094
2023-06-14,122.93272399902344
2023-06-15,124.3442611694336
2023-06-16,122.79357147216797
2023-06-20,122.36611938476562
2023-06-21,119.83133697509766
2023-06-22,122.41584014892578
2023-06-23,121.61065673828125
2023-06-26,117.6344985961914
2023-06-27,117.62456512451172
2023-06-28,119.46353149414062
2023-06-29,118.38996887207031
2023-06-30,118.98638916015625
2023-07-03,119.1852035522461
2023-07-05,121.024169921875
2023-07-06,119.39395141601562
2023-07-07,118.7677001953125
2023-07-10,115.75577545166016
2023-07-11,116.44165802001953
2023-07-12,118.22098541259766
2023-07-13,123.79754638671875
2023-07-14,124.67229461669922
2023-07-17,123.90689849853516
2023-07-18,123.0221939086914
2023-07-19,121.30250549316406
2023-07-20,118.48937225341797
2023-07-21,119.30448150634766
2023-07-24,120.80548858642578
2023-07-25,121.48143005371094
2023-07-26,128.4993438720703
2023-07-27,128.62857055664062
2023-07-28,131.7895965576172
2023-07-31,131.9287872314453
2023-08-01,130.76576232910156
2023-08-02,127.6146469116211
2023-08-03,127.6842269897461
2023-08-04,127.34626007080078
2023-08-07,130.74586486816406
2023-08-08,130.61663818359375
2023-08-09,128.8870086669922
2023-08-10,128.91685485839844
2023-08-11,128.78761291503906
2023-08-14,130.54705810546875
2023-08-15,129.0063018798828
2023-08-16,127.93272399902344
2023-08-17,129.14547729492188
2023-08-18,126.70013427734375
2023-08-21,127.60469818115234
2023-08-22,128.3104705810547
2023-08-23,131.5808563232422
2023-08-24,129.0063018798828
2023-08-25,129.105712890625
2023-08-28,130.2289581298828
2023-08-29,133.7677459716797
2023-08-30,135.0699462890625
2023-08-31,135.35821533203125
2023-09-01,134.8512420654297
2023-09-05,134.96060180664062
2023-09-06,133.65841674804688
2023-09-07,134.45362854003906
2023-09-08,135.56695556640625
2023-09-11,136.10374450683594
2023-09-12,134.53314208984375
2023-09-13,135.89498901367188
2023-09-14,137.27670288085938
2023-09-15,136.5808868408203
2023-09-18,137.38604736328125
2023-09-19,137.21705627441406
2023-09-20,132.94271850585938
2023-09-21,129.66238403320312
2023-09-22,129.4735107421875
2023-09-25,130.32838439941406
2023-09-26,127.80352783203125
2023-09-27,129.7617645263672
2023-09-28,131.52122497558594
2023-09-29,130.07986450195312
2023-10-02,133.3701171875
2023-10-03,131.6405029296875
2023-10-04,134.4337615966797
2023-10-05,134.26478576660156
2023-10-06,136.7598114013672
2023-10-09,137.5947723388672
2023-10-10,137.23692321777344
2023-10-11,139.7121124267578
2023-10-12,138.14151000976562
2023-10-13,136.54112243652344
2023-10-16,138.27073669433594
2023-10-17,138.8870391845703
2023-10-18,137.13755798339844
2023-10-19,136.9287872314453
2023-10-20,134.79161071777344
2023-10-23,135.6862335205078
2023-10-24,137.9824676513672
2023-10-25,124.86116790771484
2023-10-26,121.55101776123047
2023-10-27,121.44166564941406
2023-10-30,123.718017578125
2023-10-31,123.34027862548828
2023-11-01,125.6961669921875
2023-11-02,126.7299575805664
2023-11-03,128.3303680419922
2023-11-06,129.4735107421875
2023-11-07,130.189208984375
2023-11-08,131.05401611328125
2023-11-09,129.4635772705078
2023-11-10,131.79954528808594
2023-11-13,131.3025360107422
2023-11-14,132.8234100341797
2023-11-15,133.81744384765625
2023-11-16,136.11367797851562
2023-11-17,134.50335693359375
2023-11-20,135.437744140625
2023-11-21,136.15345764160156
2023-11-22,137.6643829345703
2023-11-24,135.8751220703125
2023-11-27,135.59678649902344
2023-11-28,136.382080078125
2023-11-29,134.1852569580078
2023-11-30,131.73989868164062
2023-12-01,131.0738983154297
2023-12-04,128.4993438720703
2023-12-05,130.20909118652344
2023-12-06,129.244873046875
2023-12-07,136.11367797851562
2023-12-08,134.1852569580078
2023-12-11,132.49537658691406
2023-12-12,131.72998046875
2023-12-13,131.77967834472656
2023-12-14,131.15342712402344
2023-12-15,131.8094940185547
2023-12-18,134.99041748046875
2023-12-19,135.83534240722656
2023-12-20,137.5152587890625
2023-12-21,139.5828857421875
2023-12-22,140.646484375
2023-12-26,140.67633056640625
2023-12-27,139.53317260742188
2023-12-28,139.3939971923828
2023-12-29,138.8572235107422
2024-01-02,137.34628295898438
2024-01-03,138.09182739257812
2024-01-04,135.576904296875
2024-01-05,134.92083740234375
2024-01-08,138.01229858398438
2024-01-09,140.10971069335938
2024-01-10,141.43179321289062
2024-01-11,141.2329864501953
2024-01-12,141.79959106445312
2024-01-16,141.6405487060547
2024-01-17,140.62661743164062
2024-01-18,142.62461853027344
2024-01-19,145.50733947753906
2024-01-22,145.11965942382812
2024-01-23,146.1634063720703
2024-01-24,147.81350708007812
2024-01-25,150.96461486816406
2024-01-26,151.28269958496094
2024-01-29,152.59483337402344
2024-01-30,150.5570526123047
2024-01-31,139.26478576660156
2024-02-01,140.31846618652344
2024-02-02,141.53118896484375
2024-02-05,142.8234405517578
2024-02-06,143.24095153808594
2024-02-07,144.67233276367188
2024-02-08,145.04014587402344
2024-02-09,148.11172485351562
2024-02-12,146.65048217773438
2024-02-13,144.2747344970703
2024-02-14,145.06996154785156
2024-02-15,141.9188690185547
2024-02-16,139.68228149414062
2024-02-20,140.27870178222656
2024-02-21,141.70016479492188
2024-02-22,143.23098754882812
2024-02-23,143.10179138183594
2024-02-26,136.7498779296875
2024-02-27,138.05206298828125
2024-02-28,135.56695556640625
2024-02-29,137.63455200195312
2024-03-01,136.32241821289062
2024-03-04,132.55502319335938
2024-03-05,131.8790740966797
2024-03-06,130.61663818359375
2024-03-07,133.57888793945312
2024-03-08,134.60275268554688
2024-03-11,136.84927368164062
2024-03-12,137.67430114746094
2024-03-13,138.95660400390625
2024-03-14,142.2469024658203
2024-03-15,140.33834838867188
2024-03-18,146.79959106445312
2024-03-19,146.15345764160156
2024-03-20,147.85328674316406
2024-03-21,146.7200927734375
2024-03-22,149.87118530273438
2024-03-25,149.17535400390625
2024-03-26,149.77175903320312
2024-03-27,149.97056579589844
2024-03-28,150.03021240234375
2024-04-01,154.5630340576172
2024-04-02,153.63858032226562
2024-04-03,153.9964141845703
2024-04-04,149.63259887695312
2024-04-05,151.59085083007812
2024-04-08,153.92684936523438
2024-04-09,155.66641235351562
2024-04-10,155.20916748046875
2024-04-11,158.4596710205078
2024-04-12,156.78968811035156
2024-04-15,153.93679809570312
2024-04-16,153.47950744628906
2024-04-17,154.54315185546875
2024-04-18,155.07994079589844
2024-04-19,153.17137145996094
2024-04-22,155.3483123779297
2024-04-23,157.31651306152344
2024-04-24,158.1813507080078
2024-04-25,155.0699920654297
2024-04-26,170.92489624023438
2024-04-29,165.1594696044922
2024-04-30,161.8095703125
2024-05-01,162.88314819335938
2024-05-02,165.62667846679688
2024-05-03,166.2429962158203
2024-05-06,167.0978546142578
2024-05-07,170.22906494140625
2024-05-08,168.3702392578125
2024-05-09,168.94676208496094
2024-05-10,167.64456176757812
2024-05-13,168.1316680908203
2024-05-14,169.3245086669922
2024-05-15,171.48155212402344
2024-05-16,173.14158630371094
2024-05-17,175.01040649414062
2024-05-20,175.86526489257812
2024-05-21,176.7897491455078
2024-05-22,175.32850646972656
2024-05-23,172.515380859375
2024-05-24,173.94677734375
2024-05-28,175.34835815429688
2024-05-29,174.8513641357422
2024-05-30,171.08395385742188
2024-05-31,171.47161865234375
2024-06-03,172.13763427734375
2024-06-04,172.75393676757812
2024-06-05,174.36427307128906
2024-06-06,175.6763916015625
2024-06-07,173.419921875
2024-06-10,174.16632080078125
2024-06-11,175.7685546875
2024-06-12,176.93292236328125
2024-06-13,174.31561279296875
2024-06-14,175.93772888183594
2024-06-17,176.3855743408203
2024-06-18,174.24594116210938
2024-06-20,175.45010375976562
2024-06-21,178.76405334472656
2024-06-24,178.3560333251953
2024-06-25,183.14283752441406
2024-06-26,182.9935760498047
2024-06-27,184.51620483398438
2024-06-28,181.27188110351562
2024-07-01,182.10784912109375
2024-07-02,184.34701538085938
2024-07-03,184.92420959472656
2024-07-05,189.68118286132812
2024-07-08,188.1187286376953
2024-07-09,188.0689697265625
2024-07-10,190.25836181640625
2024-07-11,184.67543029785156
2024-07-12,184.17782592773438
2024-07-15,185.63076782226562
2024-07-16,183.0333709716797
2024-07-17,180.1473388671875
2024-07-18,176.83338928222656
2024-07-19,176.8035430908203
2024-07-22,180.79420471191406
2024-07-23,180.9136199951172
2024-07-24,171.7978057861328
2024-07-25,166.47357177734375
2024-07-26,166.19493103027344
2024-07-29,168.71273803710938
2024-07-30,169.4690704345703
2024-07-31,170.71302795410156
2024-08-01,169.9368133544922
2024-08-02,165.85658264160156
2024-08-05,158.4822998046875
2024-08-06,157.52691650390625
2024-08-07,158.17379760742188
2024-08-08,161.24888610839844
2024-08-09,162.8809814453125
2024-08-12,161.50762939453125
2024-08-13,163.36863708496094
2024-08-14,159.5968780517578
2024-08-15,160.5224151611328
2024-08-16,162.17440795898438
2024-08-19,165.86651611328125
2024-08-20,166.3740692138672
2024-08-21,165.05047607421875
2024-08-22,163.01036071777344
2024-08-23,164.8215789794922
2024-08-26,165.35897827148438
2024-08-27,163.88612365722656
2024-08-28,162.06494140625
2024-08-29,161.00010681152344
2024-08-30,162.59239196777344
2024-09-03,156.60140991210938
2024-09-04,155.69580078125
2024-09-05,156.4819793701172
2024-09-06,150.19244384765625
2024-09-09,148.18948364257812
2024-09-10,148.13966369628906
2024-09-11,150.6309051513672
2024-09-12,154.1485595703125
2024-09-13,156.90887451171875
2024-09-16,157.5067596435547
2024-09-17,158.76235961914062
2024-09-18,159.25064086914062
2024-09-19,161.57247924804688
2024-09-20,163.0174102783203
2024-09-23,161.2834930419922
2024-09-24,161.72193908691406
2024-09-25,160.9247589111328
2024-09-26,162.160400390625
2024-09-27,163.3761444091797
2024-09-30,165.26950073242188
2024-10-01,166.405517578125
2024-10-02,165.2794647216797
2024-10-03,165.2794647216797
2024-10-04,166.4752655029297
2024-10-07,162.4095458984375
2024-10-08,163.8046417236328
2024-10-09,161.29345703125
2024-10-10,161.5126953125
2024-10-11,162.6686248779297
2024-10-14,164.3826141357422
2024-10-15,164.88087463378906
2024-10-16,164.5819091796875
2024-10-17,162.35971069335938
2024-10-18,162.84800720214844
2024-10-21,163.49574279785156
2024-10-22,164.56198120117188
2024-10-23,162.2102508544922
2024-10-24,162.1504364013672
2024-10-25,164.6915283203125
2024-10-28,166.13644409179688
2024-10-29,169.08607482910156
2024-10-30,173.84934997558594
2024-10-31,170.51109313964844
2024-11-01,170.69044494628906
2024-11-04,168.6476287841797
2024-11-05,169.14588928222656
2024-11-06,175.89218139648438
2024-11-07,180.1173553466797
2024-11-08,177.7257537841797
2024-11-11,179.71875
2024-11-12,180.98428344726562
2024-11-13,178.25390625
2024-11-14,174.96543884277344
2024-11-15,171.88626098632812
2024-11-18,174.68641662597656
2024-11-19,177.49655151367188
2024-11-20,175.36402893066406
2024-11-21,167.04327392578125
2024-11-22,164.1833038330078
2024-11-25,167.0631866455078
2024-11-26,168.52804565429688
2024-11-27,168.63766479492188
2024-11-29,168.358642578125
2024-12-02,170.88975524902344
2024-12-03,170.74026489257812
2024-12-04,173.75965881347656
2024-12-05,172.0357208251953
2024-12-06,174.09849548339844
2024-12-09,174.95645141601562
2024-12-10,184.7333526611328
2024-12-11,194.93922424316406
2024-12-12,191.50733947753906
2024-12-13,189.3723907470703
2024-12-16,196.19625854492188
2024-12-17,194.95916748046875
2024-12-18,187.95571899414062
2024-12-19,188.06546020507812
2024-12-20,190.95863342285156
2024-12-23,194.17105102539062
2024-12-24,195.64755249023438
2024-12-26,195.13876342773438
2024-12-27,192.30545043945312
2024-12-30,190.78903198242188
2024-12-31,188.85362243652344
2025-01-02,188.98329162597656
2025-01-03,191.33773803710938
2025-01-06,196.40576171875
2025-01-07,195.02902221679688
2025-01-08,193.49264526367188
2025-01-10,191.58714294433594
2025-01-13,190.5595703125
2025-01-14,189.21275329589844
2025-01-15,195.0888671875
2025-01-16,192.45509338378906
2025-01-17,195.5377960205078
2025-01-21,197.58297729492188
2025-01-22,197.9022216796875
2025-01-23,197.5131378173828
2025-01-24,199.73788452148438
2025-01-27,191.35768127441406
2025-01-28,194.83946228027344
2025-01-29,194.94920349121094
2025-01-30,200.3963165283203
2025-01-31,203.53890991210938
2025-02-03,200.75546264648438
2025-02-04,205.89334106445312
2025-02-05,190.8788299560547
2025-02-06,191.148193359375
2025-02-07,184.90293884277344
2025-02-10,186.03028869628906
2025-02-11,184.8830108642578
2025-02-12,183.17703247070312
2025-02-13,185.70106506347656
2025-02-14,184.79319763183594
2025-02-18,183.33663940429688
2025-02-19,184.83311462402344
2025-02-20,184.12478637695312
2025-02-21,179.23634338378906
2025-02-24,178.82730102539062
2025-02-25,175.00633239746094
2025-02-26,172.3226776123047
2025-02-27,168.1026611328125
2025-02-28,169.87844848632812
2025-03-03,166.6161651611328
2025-03-04,170.51695251464844
2025-03-05,172.61199951171875
2025-03-06,171.94357299804688
2025-03-07,173.4500274658203
2025-03-10,165.66943359375
2025-03-11,163.84164428710938
2025-03-12,166.90794372558594
2025-03-13,162.56320190429688
2025-03-14,165.28990173339844
2025-03-17,164.09133911132812
2025-03-18,160.47572326660156
2025-03-19,163.69183349609375
2025-03-20,162.6031494140625
2025-03-21,163.79171752929688
2025-03-24,167.4772491455078
2025-03-25,170.353759765625
2025-03-26,164.86041259765625
2025-03-27,162.04383850097656
2025-03-28,154.14340209960938
2025-03-31,154.45301818847656
2025-04-01,156.8800811767578
2025-04-02,156.85011291503906
2025-04-03,150.5377655029297
2025-04-04,145.4239501953125
2025-04-07,146.5725555419922
2025-04-08,144.52503967285156
2025-04-09,158.51809692382812
2025-04-10,152.63522338867188
2025-04-11,156.9499969482422
2025-04-14,158.87767028808594
2025-04-15,156.12100219726562
2025-04-16,153.1446075439453
2025-04-17,150.97723388671875
2025-04-21,147.49143981933594
2025-04-22,151.28684997558594
2025-04-23,155.16217041015625
2025-04-24,159.08740234375
2025-04-25,161.76417541503906
2025-04-28,160.41580200195312
2025-04-29,159.9663543701172
2025-04-30,158.6079864501953
2025-05-01,161.10496520996094
2025-05-02,163.8316650390625
2025-05-05,164.01145935058594
2025-05-06,163.03262329101562
2025-05-07,151.19696044921875
2025-05-08,154.0934600830078
2025-05-09,152.5653076171875
2025-05-12,158.26840209960938
2025-05-13,159.33709716796875
2025-05-14,165.1700439453125
2025-05-15,163.76174926757812
2025-05-16,165.9890594482422
2025-05-19,166.338623046875
2025-05-20,163.78172302246094
2025-05-21,168.35618591308594
2025-05-22,170.66339111328125
2025-05-23,168.26629638671875
2025-05-27,172.69093322753906
2025-05-28,172.15159606933594
2025-05-29,171.65219116210938
2025-05-30,171.5323486328125
2025-06-02,168.82562255859375
2025-06-03,165.97906494140625
2025-06-04,167.8468017578125
2025-06-05,168.00662231445312
2025-06-06,173.46998596191406
2025-06-09,176.08999633789062
2025-06-10,178.60000610351562
2025-06-11,177.35000610351562
2025-06-12,175.6999969482422
2025-06-13,174.6699981689453
2025-06-16,176.77000427246094
2025-06-17,175.9499969482422
2025-06-18,173.32000732421875
2025-06-20,166.63999938964844
2025-06-23,165.19000244140625
2025-06-24,166.77000427246094
2025-06-25,170.67999267578125
2025-06-26,173.5399932861328
2025-06-27,178.52999877929688
