Date,Close
2000-01-05,22.58698463439941
2000-01-06,22.907655715942383
2000-01-07,23.328533172607425
2000-01-10,22.927690505981445
2000-01-11,22.38658142089844
2000-01-12,22.526865005493164
2000-01-13,22.867576599121094
2000-01-14,23.68928337097168
2000-01-18,22.76736068725586
2000-01-19,23.76944732666016
2000-01-20,23.749408721923828
2000-01-21,23.388648986816406
2000-01-24,23.408706665039062
2000-01-25,23.92979621887207
2000-01-26,25.15233421325684
2000-01-27,25.87383079528809
2000-01-28,24.59116172790528
2000-01-31,25.87383079528809
2000-02-01,26.85586929321289
2000-02-02,26.414958953857425
2000-02-03,26.675500869750977
2000-02-04,26.214534759521484
2000-02-07,26.354829788208008
2000-02-08,27.2767276763916
2000-02-09,26.57529258728028
2000-02-10,26.655452728271484
2000-02-11,26.495115280151367
2000-02-14,25.35273551940918
2000-02-15,25.99406814575196
2000-02-16,25.493032455444336
2000-02-17,25.132280349731445
2000-02-18,23.96986961364746
2000-02-22,24.771522521972656
2000-02-23,24.81161499023437
2000-02-24,24.37069702148437
2000-02-25,24.330610275268555
2000-02-28,24.99199485778809
2000-02-29,25.53312110900879
2000-03-01,26.29471015930176
2000-03-02,25.8337459564209
2000-03-03,26.014129638671875
2000-03-06,26.75566864013672
2000-03-07,26.234590530395508
2000-03-08,25.33269119262696
2000-03-09,26.014129638671875
2000-03-10,25.23249053955078
2000-03-13,25.67340660095215
2000-03-14,25.33269119262696
2000-03-15,26.655452728271484
2000-03-16,28.900115966796875
2000-03-17,29.18070602416992
2000-03-20,27.75775146484375
2000-03-21,29.501373291015625
2000-03-22,29.36107635498047
2000-03-23,31.58570098876953
2000-03-24,30.844173431396484
2000-03-27,30.36316680908203
2000-03-28,30.222877502441406
2000-03-29,28.980300903320312
2000-03-30,27.898042678833008
2000-03-31,27.958175659179688
2000-04-03,29.66170692443848
2000-04-04,27.962966918945312
2000-04-05,27.842098236083984
2000-04-06,28.184595108032227
2000-04-07,27.842098236083984
2000-04-10,28.406206130981445
2000-04-11,27.721216201782227
2000-04-12,27.983116149902344
2000-04-13,27.23771476745605
2000-04-14,25.424541473388672
2000-04-17,25.343963623046875
2000-04-18,25.94835090637207
2000-04-19,25.142498016357425
2000-04-20,24.920902252197266
2000-04-24,24.09490203857422
2000-04-25,25.16265296936035
2000-04-26,24.63884735107422
2000-04-27,23.812854766845703
2000-04-28,23.248748779296875
2000-05-01,23.772560119628903
2000-05-02,24.5381088256836
2000-05-03,23.933734893798828
2000-05-04,23.61139297485352
2000-05-05,23.26890754699707
2000-05-08,23.208459854125977
2000-05-09,22.84582901000977
2000-05-10,22.160865783691406
2000-05-11,22.56378936767578
2000-05-12,23.087581634521484
2000-05-15,24.054616928100582
2000-05-16,23.933734893798828
2000-05-17,23.853139877319336
2000-05-18,24.21578025817871
2000-05-19,23.36963081359864
2000-05-22,23.26890754699707
2000-05-23,23.571094512939453
2000-05-24,23.087581634521484
2000-05-25,22.64437484741211
2000-05-26,22.72495651245117
2000-05-30,23.691978454589844
2000-05-31,24.074752807617188
2000-06-01,24.8604679107666
2000-06-02,26.008798599243164
2000-06-05,25.58572196960449
2000-06-06,24.820161819458008
2000-06-07,24.77986717224121
2000-06-08,24.65899658203125
2000-06-09,23.63153839111328
2000-06-12,23.49555778503418
2000-06-13,23.29912567138672
2000-06-14,24.205690383911133
2000-06-15,23.60132026672364
2000-06-16,21.96946907043457
2000-06-19,22.664522171020508
2000-06-20,23.17824935913086
2000-06-21,22.72495651245117
2000-06-22,22.422760009765625
2000-06-23,22.664522171020508
2000-06-26,22.996919631958008
2000-06-27,23.17824935913086
2000-06-28,22.747615814208984
2000-06-29,23.027145385742188
2000-06-30,22.271669387817383
2000-07-03,23.15780258178711
2000-07-05,23.24910926818848
2000-07-06,23.37082290649414
2000-07-07,24.37502670288086
2000-07-10,24.22288703918457
2000-07-11,24.67935371398925
2000-07-12,24.618492126464844
2000-07-13,24.70977783203125
2000-07-14,25.561830520629883
2000-07-17,25.3336124420166
2000-07-18,24.801071166992188
2000-07-19,24.67935371398925
2000-07-20,24.983652114868164
2000-07-21,25.67594718933105
2000-07-24,25.105382919311523
2000-07-25,24.953224182128903
2000-07-26,24.04030036926269
2000-07-27,24.28373336791992
2000-07-28,23.55341339111328
2000-07-31,24.25331115722656
2000-08-01,25.135801315307617
2000-08-02,25.044509887695312
2000-08-03,24.46634101867676
2000-08-04,25.53141212463379
2000-08-07,26.07915496826172
2000-08-08,26.04874420166016
2000-08-09,25.470548629760746
2000-08-10,25.257530212402344
2000-08-11,25.31839370727539
2000-08-14,25.683570861816406
2000-08-15,25.22709846496582
2000-08-16,24.52718734741211
2000-08-17,24.67935371398925
2000-08-18,24.70977783203125
2000-08-21,24.801071166992188
2000-08-22,25.683570861816406
2000-08-23,26.444320678710938
2000-08-24,25.927026748657227
2000-08-25,25.34883117675781
2000-08-28,25.65314674377441
2000-08-29,25.257530212402344
2000-08-30,25.927026748657227
2000-08-31,27.205093383789062
2000-09-01,27.418109893798828
2000-09-05,27.81371688842773
2000-09-06,27.26596450805664
2000-09-07,27.87458038330078
2000-09-08,28.148462295532227
2000-09-11,27.996307373046875
2000-09-12,25.7139892578125
2000-09-13,24.67935371398925
2000-09-14,24.344602584838867
2000-09-15,23.918575286865234
2000-09-18,22.6709213256836
2000-09-19,22.823074340820312
2000-09-20,22.640491485595703
2000-09-21,21.7275619506836
2000-09-22,23.005653381347656
2000-09-25,22.88393783569336
2000-09-26,22.427467346191406
2000-09-27,22.153602600097656
2000-09-28,22.823074340820312
2000-09-29,22.48833656311035
2000-10-02,23.127382278442383
2000-10-03,22.76220703125
2000-10-04,22.33692169189453
2000-10-05,21.785388946533203
2000-10-06,21.01937484741211
2000-10-09,20.621049880981445
2000-10-10,20.008235931396484
2000-10-11,19.946964263916016
2000-10-12,18.537504196166992
2000-10-13,19.45671272277832
2000-10-16,19.39542388916016
2000-10-17,18.59877586364746
2000-10-18,18.077890396118164
2000-10-19,19.089035034179688
2000-10-20,18.813257217407227
2000-10-23,18.813257217407227
2000-10-24,19.64055824279785
2000-10-25,19.60991096496582
2000-10-26,19.60991096496582
2000-10-27,20.927453994750977
2000-10-30,21.448331832885746
2000-10-31,22.30628776550293
2000-11-01,22.398197174072266
2000-11-02,22.30628776550293
2000-11-03,21.785388946533203
2000-11-06,22.30628776550293
2000-11-07,22.03051376342773
2000-11-08,21.35643196105957
2000-11-09,21.632190704345703
2000-11-10,20.988739013671875
2000-11-13,20.651700973510746
2000-11-14,20.866174697875977
2000-11-15,19.97760391235352
2000-11-16,20.038890838623047
2000-11-17,19.42607688903809
2000-11-20,18.90518569946289
2000-11-21,18.96646881103516
2000-11-22,18.353662490844727
2000-11-24,19.180952072143555
2000-11-27,19.30351829528809
2000-11-28,18.629413604736328
2000-11-29,18.59877586364746
2000-11-30,18.077890396118164
2000-12-01,18.29237365722656
2000-12-04,18.59877586364746
2000-12-05,20.25336265563965
2000-12-06,19.64055824279785
2000-12-07,19.211578369140625
2000-12-08,19.60991096496582
2000-12-11,20.83552932739257
2000-12-12,21.08065795898437
2000-12-13,21.81602096557617
2000-12-14,21.01937484741211
2000-12-15,21.54026985168457
2000-12-18,22.2450008392334
2000-12-19,21.96924591064453
2000-12-20,21.32578659057617
2000-12-21,22.153074264526367
2000-12-22,22.36755752563477
2000-12-26,22.428842544555664
2000-12-27,22.735246658325195
2000-12-28,23.01100349426269
2000-12-29,22.27563667297364
2001-01-02,21.570905685424805
2001-01-03,25.0006160736084
2001-01-04,25.679651260375977
2001-01-05,24.16727066040039
2001-01-08,24.321590423583984
2001-01-09,24.043800354003903
2001-01-10,25.15493965148925
2001-01-11,26.72905731201172
2001-01-12,26.32781791687012
2001-01-16,26.26607894897461
2001-01-17,26.173486709594727
2001-01-18,25.401865005493164
2001-01-19,24.96976089477539
2001-01-22,25.12407875061035
2001-01-23,25.525331497192383
2001-01-24,26.29696655273437
2001-01-25,26.2043571472168
2001-01-26,26.759929656982425
2001-01-29,27.220443725585938
2001-01-30,27.6451358795166
2001-01-31,27.156221389770508
2001-02-01,27.58094024658203
2001-02-02,26.983379364013672
2001-02-05,26.96362495422364
2001-02-06,25.81791877746582
2001-02-07,25.84262466430664
2001-02-08,25.52162742614746
2001-02-09,25.654953002929688
2001-02-12,25.95125389099121
2001-02-13,25.25494384765625
2001-02-14,25.279640197753903
2001-02-15,25.240131378173828
2001-02-16,25.67470932006836
2001-02-20,24.66727828979492
2001-02-21,23.38329315185547
2001-02-22,23.852453231811523
2001-02-23,23.235137939453125
2001-02-26,23.975908279418945
2001-02-27,23.50676345825196
2001-02-28,23.04254150390625
2001-03-01,22.770936965942383
2001-03-02,22.617849349975582
2001-03-05,23.09192657470703
2001-03-06,23.68453025817871
2001-03-07,24.81543159484864
2001-03-08,24.810508728027344
2001-03-09,24.17342758178711
2001-03-12,22.46476554870605
2001-03-13,23.40799331665039
2001-03-14,21.605457305908203
2001-03-15,22.35117530822754
2001-03-16,22.015357971191406
2001-03-19,22.296852111816406
2001-03-20,21.032617568969727
2001-03-21,19.85234260559082
2001-03-22,19.215293884277344
2001-03-23,20.59804916381836
2001-03-26,20.795574188232425
2001-03-27,21.412872314453125
2001-03-28,21.012868881225582
2001-03-29,21.23509407043457
2001-03-30,22.173398971557617
2001-04-02,22.02524375915528
2001-04-03,20.54371833801269
2001-04-04,20.160335540771484
2001-04-05,21.16112518310547
2001-04-06,20.11054039001465
2001-04-09,20.125465393066406
2001-04-10,21.5594539642334
2001-04-11,22.27644729614257
2001-04-12,22.590133666992188
2001-04-16,22.65486717224121
2001-04-17,22.590133666992188
2001-04-18,24.447322845458984
2001-04-19,24.29794883728028
2001-04-20,23.800046920776367
2001-04-23,23.551097869873047
2001-04-24,23.60088539123535
2001-04-25,23.640718460083008
2001-04-26,24.14858055114746
2001-04-27,24.820762634277344
2001-04-30,23.8896598815918
2001-05-01,24.263092041015625
2001-05-02,24.681331634521484
2001-05-03,24.39753150939941
2001-05-04,25.19419288635254
2001-05-07,24.497114181518555
2001-05-08,23.775144577026367
2001-05-09,23.526195526123047
2001-05-10,23.655651092529297
2001-05-11,23.12288856506348
2001-05-14,23.720373153686523
2001-05-15,23.541128158569336
2001-05-16,24.05398750305176
2001-05-17,23.994218826293945
2001-05-18,23.97930145263672
2001-05-21,24.61164283752441
2001-05-22,24.905406951904297
2001-05-23,24.35770797729492
2001-05-24,24.56682777404785
2001-05-25,24.24817276000977
2001-05-29,24.56184959411621
2001-05-30,24.20833396911621
2001-05-31,24.472217559814453
2001-06-01,24.342771530151367
2001-06-04,24.646482467651367
2001-06-05,24.14858055114746
2001-06-06,23.32205581665039
2001-06-07,22.71957969665528
2001-06-08,22.0075740814209
2001-06-11,21.99762535095215
2001-06-12,21.65406036376953
2001-06-13,21.85819625854492
2001-06-14,21.703842163085938
2001-06-15,22.356115341186523
2001-06-18,22.062339782714844
2001-06-19,22.16689109802246
2001-06-20,22.704647064208984
2001-06-21,23.461462020874023
2001-06-22,22.854013442993164
2001-06-25,22.81419563293457
2001-06-26,22.24657249450684
2001-06-27,21.91794204711914
2001-06-28,22.405900955200195
2001-06-29,22.14201164245605
2001-07-02,22.80423164367676
2001-07-03,22.8995361328125
2001-07-05,22.83934593200684
2001-07-06,22.32767677307129
2001-07-09,22.066829681396484
2001-07-10,21.073591232299805
2001-07-11,21.09365463256836
2001-07-12,21.339466094970703
2001-07-13,21.3444766998291
2001-07-16,20.667274475097656
2001-07-17,21.21906089782715
2001-07-18,21.861162185668945
2001-07-19,21.921348571777344
2001-07-20,21.77086639404297
2001-07-23,21.5752182006836
2001-07-24,21.40969657897949
2001-07-25,21.52005386352539
2001-07-26,21.69060516357422
2001-07-27,22.17719268798828
2001-07-30,21.97653007507324
2001-07-31,21.72069931030273
2001-08-01,21.821029663085938
2001-08-02,21.821029663085938
2001-08-03,21.73073005676269
2001-08-06,21.44981384277344
2001-08-07,21.454832077026367
2001-08-08,21.10871315002441
2001-08-09,21.018409729003903
2001-08-10,21.193988800048828
2001-08-13,21.12876510620117
2001-08-14,21.193988800048828
2001-08-15,21.143829345703125
2001-08-16,21.15887451171875
2001-08-17,20.80772399902344
2001-08-20,20.6120834350586
2001-08-21,20.270980834960938
2001-08-22,20.667274475097656
2001-08-23,20.426490783691406
2001-08-24,20.53182983398437
2001-08-27,20.61709785461425
2001-08-28,20.31111717224121
2001-08-29,19.8496150970459
2001-08-30,19.684070587158203
2001-08-31,19.764339447021484
2001-09-04,19.98003196716309
2001-09-05,19.237607955932617
2001-09-06,18.530311584472656
2001-09-07,18.56041717529297
2001-09-10,18.690841674804688
2001-09-17,17.682552337646484
2001-09-18,17.47687530517578
2001-09-19,17.11069679260254
2001-09-20,15.831525802612305
2001-09-21,15.460326194763184
2001-09-24,16.34319305419922
2001-09-25,16.679285049438477
2001-09-26,16.348215103149414
2001-09-27,16.61408042907715
2001-09-28,17.130762100219727
2001-10-01,17.055513381958008
2001-10-02,17.552133560180664
2001-10-03,17.562255859375
2001-10-04,17.303922653198242
2001-10-05,16.92400360107422
2001-10-08,16.432641983032227
2001-10-09,16.69098472595215
2001-10-10,16.913869857788086
2001-10-11,16.92906379699707
2001-10-12,16.660593032836914
2001-10-15,16.994916915893555
2001-10-16,17.192481994628906
2001-10-17,17.52680206298828
2001-10-18,17.293787002563477
2001-10-19,17.157020568847656
2001-10-22,17.886451721191406
2001-10-23,18.11440658569336
2001-10-24,18.34741973876953
2001-10-25,18.985689163208008
2001-10-26,19.021135330200195
2001-10-29,18.08907890319824
2001-10-30,17.987762451171875
2001-10-31,17.911779403686523
2001-11-01,18.408212661743164
2001-11-02,18.25624656677246
2001-11-05,18.418344497680664
2001-11-06,19.01607894897461
2001-11-07,19.54795837402344
2001-11-08,19.65432929992676
2001-11-09,19.780969619750977
2001-11-12,19.65432929992676
2001-11-13,19.932937622070312
2001-11-14,20.08490562438965
2001-11-15,20.034255981445312
2001-11-16,19.963335037231445
2001-11-19,20.312862396240234
2001-11-20,19.95827293395996
2001-11-21,19.67458724975586
2001-11-23,19.95320510864257
2001-11-26,20.003868103027344
2001-11-27,20.16088104248047
2001-11-28,18.995805740356445
2001-11-29,19.279491424560547
2001-11-30,19.10725212097168
2001-12-03,18.514589309692383
2001-12-04,18.85398292541504
2001-12-05,19.765783309936523
2001-12-06,20.45469856262207
2001-12-07,20.14569091796875
2001-12-10,19.59354591369629
2001-12-11,19.502376556396484
2001-12-12,19.4365177154541
2001-12-13,18.78812599182129
2001-12-14,18.25624656677246
2001-12-17,18.590564727783203
2001-12-18,18.838773727416992
2001-12-19,19.24908828735352
2001-12-20,18.4993896484375
2001-12-21,18.10934066772461
2001-12-24,18.25624656677246
2001-12-26,18.39301490783692
2001-12-27,18.398082733154297
2001-12-28,18.514589309692383
2001-12-31,18.41326713562012
2002-01-02,18.58712577819824
2002-01-03,19.083126068115234
2002-01-04,19.94217109680176
2002-01-07,19.89104080200196
2002-01-08,19.73764991760254
2002-01-09,19.793901443481445
2002-01-10,20.013771057128903
2002-01-11,19.604692459106445
2002-01-14,19.078012466430664
2002-01-15,19.36436080932617
2002-01-16,18.6689395904541
2002-01-17,18.842803955078125
2002-01-18,18.362144470214844
2002-01-22,18.285438537597656
2002-01-23,18.28032684326172
2002-01-24,18.357017517089844
2002-01-25,17.891708374023438
2002-01-28,17.54400062561035
2002-01-29,16.388378143310547
2002-01-30,16.90482521057129
2002-01-31,17.41105079650879
2002-02-01,16.44463348388672
2002-02-04,15.62648105621338
2002-02-05,14.839028358459473
2002-02-06,15.053784370422363
2002-02-07,15.375926971435549
2002-02-08,15.91282558441162
2002-02-11,16.280990600585938
2002-02-12,16.102025985717773
2002-02-13,15.46796989440918
2002-02-14,15.447513580322266
2002-02-15,15.365708351135254
2002-02-19,14.844136238098145
2002-02-20,15.038446426391602
2002-02-21,14.900388717651367
2002-02-22,14.414610862731934
2002-02-25,14.828801155090332
2002-02-26,14.808342933654783
2002-02-27,14.808342933654783
2002-02-28,14.956625938415527
2002-03-01,15.166276931762695
2002-03-04,16.61848258972168
2002-03-05,16.62359619140625
2002-03-06,17.41105079650879
2002-03-07,17.41105079650879
2002-03-08,17.763874053955078
2002-03-11,18.56156349182129
2002-03-12,18.536001205444336
2002-03-13,18.086015701293945
2002-03-14,17.953073501586914
2002-03-15,18.41328239440918
2002-03-18,18.070680618286133
2002-03-19,18.454185485839844
2002-03-20,17.993976593017578
2002-03-21,17.78943634033203
2002-03-22,17.999094009399414
2002-03-25,17.871261596679688
2002-03-26,17.973514556884766
2002-03-27,18.152490615844727
2002-03-28,18.22919464111328
2002-04-01,18.20873260498047
2002-04-02,18.05533218383789
2002-04-03,18.07599449157715
2002-04-04,17.781692504882812
2002-04-05,17.998538970947266
2002-04-08,18.06050491333008
2002-04-09,18.168928146362305
2002-04-10,18.09147071838379
2002-04-11,17.275714874267578
2002-04-12,17.699081420898438
2002-04-15,17.76105499267578
2002-04-16,18.267030715942383
2002-04-17,19.24284744262696
2002-04-18,19.237689971923828
2002-04-19,19.49584197998047
2002-04-22,18.89691925048828
2002-04-23,18.89691925048828
2002-04-24,18.530345916748047
2002-04-25,18.0863094329834
2002-04-26,18.06566047668457
2002-04-29,17.730072021484375
2002-04-30,18.122459411621094
2002-05-01,18.3289794921875
2002-05-02,18.71621322631836
2002-05-03,18.42191696166992
2002-05-06,17.76105499267578
2002-05-07,17.87979507446289
2002-05-08,19.056978225708008
2002-05-09,18.46838760375977
2002-05-10,18.112136840820312
2002-05-13,18.76268196105957
2002-05-14,19.40806770324707
2002-05-15,19.0827865600586
2002-05-16,19.531986236572266
2002-05-17,19.67137718200684
2002-05-20,19.340951919555664
2002-05-21,19.37192153930664
2002-05-22,19.3925724029541
2002-05-23,19.810789108276367
2002-05-24,19.51649475097656
2002-05-28,19.20670509338379
2002-05-29,19.087963104248047
2002-05-30,18.592315673828125
2002-05-31,18.561317443847656
2002-06-03,17.895278930664062
2002-06-04,17.890113830566406
2002-06-05,17.915939331054688
2002-06-06,17.39446258544922
2002-06-07,17.39446258544922
2002-06-10,17.49256134033203
2002-06-11,17.00206756591797
2002-06-12,17.1259765625
2002-06-13,16.86266326904297
2002-06-14,17.038206100463867
2002-06-17,18.31865692138672
2002-06-18,18.08115196228028
2002-06-19,17.869462966918945
2002-06-20,17.234405517578125
2002-06-21,17.03304672241211
2002-06-24,17.131139755249023
2002-06-25,17.00206756591797
2002-06-26,16.25857925415039
2002-06-27,16.89364242553711
2002-06-28,17.513219833374023
2002-07-01,16.19146728515625
2002-07-02,16.301069259643555
2002-07-03,16.15492057800293
2002-07-05,17.01095962524414
2002-07-08,16.84914779663086
2002-07-09,16.32195472717285
2002-07-10,15.737343788146973
2002-07-11,15.956573486328123
2002-07-12,15.768668174743652
2002-07-15,15.700813293457031
2002-07-16,14.8760986328125
2002-07-17,14.688190460205078
2002-07-18,14.197543144226074
2002-07-19,13.623373985290527
2002-07-22,12.798660278320312
2002-07-23,10.481128692626951
2002-07-24,12.161870002746582
2002-07-25,11.665996551513672
2002-07-26,11.613801956176758
2002-07-29,13.101408004760742
2002-07-30,12.991796493530272
2002-07-31,13.028337478637695
2002-08-01,13.059648513793944
2002-08-02,12.448945045471191
2002-08-05,11.665996551513672
2002-08-06,12.344550132751465
2002-08-07,12.54811954498291
2002-08-08,13.769530296325684
2002-08-09,13.753872871398926
2002-08-12,13.289318084716797
2002-08-13,12.736028671264648
2002-08-14,13.122284889221191
2002-08-15,12.939592361450195
2002-08-16,12.9761381149292
2002-08-19,14.202756881713867
2002-08-20,13.853044509887695
2002-08-21,14.03051471710205
2002-08-22,13.931336402893066
2002-08-23,13.41981315612793
2002-08-26,13.826945304870604
2002-08-27,13.962657928466797
2002-08-28,13.717329025268556
2002-08-29,13.884359359741213
2002-08-30,13.779964447021484
2002-09-03,12.918723106384276
2002-09-04,13.252779960632324
2002-09-05,12.579442024230955
2002-09-06,12.480268478393556
2002-09-09,12.313234329223633
2002-09-10,12.083569526672363
2002-09-11,11.994836807250977
2002-09-12,11.488531112670898
2002-09-13,11.504183769226074
2002-09-16,11.33193016052246
2002-09-17,11.248417854309082
2002-09-18,10.669034004211426
2002-09-19,10.371512413024902
2002-09-20,10.533320426940918
2002-09-23,10.047890663146973
2002-09-24,9.7294921875
2002-09-25,9.8599853515625
2002-09-26,10.058334350585938
2002-09-27,9.572903633117676
2002-09-30,9.912181854248049
2002-10-01,10.303658485412598
2002-10-02,9.692870140075684
2002-10-03,9.358271598815918
2002-10-04,8.78466510772705
2002-10-07,8.906821250915527
2002-10-08,8.816534042358398
2002-10-09,8.20574951171875
2002-10-10,8.471305847167969
2002-10-11,9.12989330291748
2002-10-14,8.965241432189941
2002-10-15,9.884078979492188
2002-10-16,9.714119911193848
2002-10-17,9.979674339294434
2002-10-18,10.075275421142578
2002-10-21,10.765727996826172
2002-10-22,10.574528694152832
2002-10-23,10.500174522399902
2002-10-24,10.462994575500488
2002-10-25,10.818841934204102
2002-10-28,11.28622055053711
2002-10-29,10.8666410446167
2002-10-30,11.18000316619873
2002-10-31,11.020665168762209
2002-11-01,11.429627418518066
2002-11-04,11.689875602722168
2002-11-05,11.934181213378906
2002-11-06,11.716425895690918
2002-11-07,10.940999984741213
2002-11-08,10.728551864624023
2002-11-11,10.845396995544434
2002-11-12,10.909130096435549
2002-11-13,11.126886367797852
2002-11-14,11.642075538635254
2002-11-15,11.73236083984375
2002-11-18,11.626139640808104
2002-11-19,11.658005714416504
2002-11-20,12.598078727722168
2002-11-21,13.219488143920898
2002-11-22,13.27259635925293
2002-11-25,13.251351356506348
2002-11-26,12.84770393371582
2002-11-27,13.378822326660156
2002-11-29,13.36820125579834
2002-12-02,13.394753456115724
2002-12-03,13.07077407836914
2002-12-04,13.118568420410156
2002-12-05,12.539658546447754
2002-12-06,12.975168228149414
2002-12-09,12.353768348693848
2002-12-10,12.826461791992188
2002-12-11,12.794595718383787
2002-12-12,12.826461791992188
2002-12-13,12.544967651367188
2002-12-16,13.17168426513672
2002-12-17,13.288527488708496
2002-12-18,12.74678897857666
2002-12-19,12.390941619873049
2002-12-20,13.20886516571045
2002-12-23,13.123884201049805
2002-12-24,12.853017807006836
2002-12-26,12.985798835754396
2002-12-27,12.640573501586914
2002-12-30,12.741485595703123
2002-12-31,12.74678897857666
2003-01-02,13.705770492553713
2003-01-03,13.975142478942873
2003-01-06,15.074186325073242
2003-01-07,14.99875831604004
2003-01-08,14.422301292419434
2003-01-09,14.707831382751465
2003-01-10,14.59469509124756
2003-01-13,14.697062492370604
2003-01-14,14.864068984985352
2003-01-15,14.58930778503418
2003-01-16,14.427689552307127
2003-01-17,14.109825134277344
2003-01-21,13.694988250732422
2003-01-22,13.307085037231444
2003-01-23,13.538753509521484
2003-01-24,12.827601432800291
2003-01-27,12.547457695007324
2003-01-28,12.66597843170166
2003-01-29,12.660593032836914
2003-01-30,12.412766456604004
2003-01-31,12.574395179748535
2003-02-03,12.703692436218262
2003-02-04,12.418160438537598
2003-02-05,12.358893394470217
2003-02-06,12.01948070526123
2003-02-07,11.84169101715088
2003-02-10,11.90634822845459
2003-02-11,11.85247039794922
2003-02-12,11.588481903076172
2003-02-13,11.469961166381836
2003-02-14,11.77165699005127
2003-02-18,12.121841430664062
2003-02-19,12.121841430664062
2003-02-20,12.22420597076416
2003-02-21,12.326568603515623
2003-02-24,12.0140962600708
2003-02-25,12.148778915405272
2003-02-26,12.035640716552734
2003-02-27,12.208043098449709
2003-02-28,12.218817710876465
2003-03-03,12.31040859222412
2003-03-04,12.067963600158691
2003-03-05,12.288853645324709
2003-03-06,11.85247039794922
2003-03-07,12.008707046508787
2003-03-10,11.550768852233888
2003-03-11,11.179034233093262
2003-03-12,11.179034233093262
2003-03-13,11.701624870300291
2003-03-14,11.453795433044434
2003-03-17,12.154172897338867
2003-03-18,12.288853645324709
2003-03-19,12.569003105163574
2003-03-20,12.676756858825684
2003-03-21,13.28015422821045
2003-03-24,12.73062801361084
2003-03-25,13.00539207458496
2003-03-26,13.021557807922363
2003-03-27,12.994616508483888
2003-03-28,13.172409057617188
2003-03-31,12.773733139038086
2003-04-01,13.053878784179688
2003-04-02,13.720508575439451
2003-04-03,13.627618789672852
2003-04-04,13.977327346801758
2003-04-07,14.01011085510254
2003-04-08,14.201356887817385
2003-04-09,14.059285163879396
2003-04-10,14.053818702697754
2003-04-11,13.982783317565918
2003-04-14,14.501879692077637
2003-04-15,14.682204246520996
2003-04-16,14.480026245117188
2003-04-17,14.922626495361328
2003-04-21,14.99912166595459
2003-04-22,15.67121696472168
2003-04-23,16.086484909057617
2003-04-24,15.605639457702637
2003-04-25,15.277796745300291
2003-04-28,15.7422456741333
2003-04-29,15.922561645507812
2003-04-30,16.037315368652344
2003-05-01,15.99906063079834
2003-05-02,16.31598472595215
2003-05-05,16.589191436767578
2003-05-06,16.780437469482422
2003-05-07,16.840545654296875
2003-05-08,16.370624542236328
2003-05-09,16.43619728088379
2003-05-12,16.906118392944336
2003-05-13,16.785903930664062
2003-05-14,16.660228729248047
2003-05-15,16.96075439453125
2003-05-16,17.07550048828125
2003-05-19,16.621980667114258
2003-05-20,16.62743377685547
2003-05-21,16.693010330200195
2003-05-22,16.660228729248047
2003-05-23,16.884258270263672
2003-05-27,17.512638092041016
2003-05-28,17.785842895507812
2003-05-29,17.632848739624023
2003-05-30,17.955232620239258
2003-06-02,18.53442573547364
2003-06-03,18.47979164123535
2003-06-04,18.955177307128903
2003-06-05,19.179197311401367
2003-06-06,19.19559669494629
2003-06-09,18.44699478149414
2003-06-10,18.621862411499023
2003-06-11,18.87321662902832
2003-06-12,18.960634231567383
2003-06-13,18.960634231567383
2003-06-16,19.643653869628903
2003-06-17,19.72015190124512
2003-06-18,19.162813186645508
2003-06-19,18.82402992248535
2003-06-20,19.01527976989746
2003-06-23,18.49618148803711
2003-06-24,18.7420711517334
2003-06-25,18.57268142700196
2003-06-26,18.79671287536621
2003-06-27,18.52350616455078
2003-06-30,18.67649269104004
2003-07-01,18.880708694458008
2003-07-02,18.969013214111328
2003-07-03,18.83655548095703
2003-07-07,19.35535049438477
2003-07-08,19.5374813079834
2003-07-09,19.68095970153809
2003-07-10,19.32223320007324
2003-07-11,19.73616409301757
2003-07-14,20.58609390258789
2003-07-15,20.580570220947266
2003-07-16,20.006607055664062
2003-07-17,19.33878898620605
2003-07-18,19.49884033203125
2003-07-21,19.002117156982425
2003-07-22,19.283594131469727
2003-07-23,19.23944664001465
2003-07-24,19.08491516113281
2003-07-25,19.576107025146484
2003-07-28,19.587141036987305
2003-07-29,19.44917106628418
2003-07-30,19.349822998046875
2003-07-31,19.34431266784668
2003-08-01,18.41158103942871
2003-08-04,18.61579132080078
2003-08-05,18.080440521240234
2003-08-06,18.20737648010254
2003-08-07,18.130109786987305
2003-08-08,18.20737648010254
2003-08-11,18.33431625366211
2003-08-12,18.566118240356445
2003-08-13,18.4502182006836
2003-08-14,18.709613800048828
2003-08-15,18.57715606689453
2003-08-18,18.79240226745605
2003-08-19,18.869665145874023
2003-08-20,19.2228946685791
2003-08-21,19.095947265625
2003-08-22,18.72064971923828
2003-08-25,18.621307373046875
2003-08-26,18.42262458801269
2003-08-27,18.35639762878418
2003-08-28,18.715133666992188
2003-08-29,18.88621711730957
2003-09-02,19.151142120361328
2003-09-03,19.23944664001465
2003-09-04,19.14010429382324
2003-09-05,18.869665145874023
2003-09-08,19.12354278564453
2003-09-09,18.90829849243164
2003-09-10,18.42262458801269
2003-09-11,18.588191986083984
2003-09-12,18.76480865478516
2003-09-15,18.748247146606445
2003-09-16,19.095947265625
2003-09-17,19.129064559936523
2003-09-18,19.725122451782227
2003-09-19,19.587141036987305
2003-09-22,19.311185836791992
2003-09-23,19.5650634765625
2003-09-24,19.24496078491211
2003-09-25,19.02972412109375
2003-09-26,18.869665145874023
2003-09-29,19.12354278564453
2003-09-30,18.94693183898925
2003-10-01,19.52643775939941
2003-10-02,19.51529312133789
2003-10-03,19.59886741638184
2003-10-06,19.810636520385746
2003-10-07,20.11155891418457
2003-10-08,19.84407424926757
2003-10-09,19.894227981567383
2003-10-10,19.793920516967773
2003-10-13,20.30660057067871
2003-10-14,20.49606132507324
2003-10-15,20.395755767822266
2003-10-16,20.529510498046875
2003-10-17,20.250873565673828
2003-10-20,20.395755767822266
2003-10-21,20.43476867675781
2003-10-22,19.492998123168945
2003-10-23,19.504150390625
2003-10-24,19.375986099243164
2003-10-27,19.47628593444824
2003-10-28,19.810636520385746
2003-10-29,20.02239990234375
2003-10-30,19.972244262695312
2003-10-31,20.00567626953125
2003-11-03,20.45706367492676
2003-11-04,20.395755767822266
2003-11-05,20.356748580932617
2003-11-06,20.23415946960449
2003-11-07,20.083702087402344
2003-11-10,20.000104904174805
2003-11-11,20.083702087402344
2003-11-12,20.000104904174805
2003-11-13,19.98338890075684
2003-11-14,19.760486602783203
2003-11-17,19.73262405395508
2003-11-18,19.44285011291504
2003-11-19,19.370410919189453
2003-11-20,19.297956466674805
2003-11-21,19.504150390625
2003-11-24,19.65461540222168
2003-11-25,19.79949378967285
2003-11-26,19.788349151611328
2003-11-28,19.727048873901367
2003-12-01,19.871936798095703
2003-12-02,19.955528259277344
2003-12-03,19.9499568939209
2003-12-04,19.721481323242188
2003-12-05,19.48185157775879
2003-12-08,19.760486602783203
2003-12-09,19.409408569335938
2003-12-10,19.320247650146484
2003-12-11,19.492998123168945
2003-12-12,19.554298400878903
2003-12-15,19.64902687072754
2003-12-16,19.90537643432617
2003-12-17,19.871936798095703
2003-12-18,19.866363525390625
2003-12-19,19.938814163208008
2003-12-22,20.117130279541016
2003-12-23,20.15614318847656
2003-12-24,20.133848190307617
2003-12-26,20.18400955200196
2003-12-29,20.356748580932617
2003-12-30,20.395755767822266
2003-12-31,20.46820831298828
2004-01-02,20.59757232666016
2004-01-05,20.55820274353028
2004-01-06,21.07567024230957
2004-01-07,21.3850326538086
2004-01-08,21.75063705444336
2004-01-09,21.80125999450684
2004-01-12,21.818124771118164
2004-01-13,21.879993438720703
2004-01-14,22.05999183654785
2004-01-15,21.891254425048828
2004-01-16,22.088111877441406
2004-01-20,21.98687171936035
2004-01-21,22.554967880249023
2004-01-22,22.464963912963867
2004-01-23,22.27372360229492
2004-01-26,22.64495658874512
2004-01-27,22.515586853027344
2004-01-28,22.00374412536621
2004-01-29,21.964365005493164
2004-01-30,21.87437438964844
2004-02-02,21.941875457763672
2004-02-03,22.009366989135746
2004-02-04,21.891254425048828
2004-02-05,21.91374397277832
2004-02-06,22.34685134887696
2004-02-09,22.22310256958008
2004-02-10,22.206233978271484
2004-02-11,22.650577545166016
2004-02-12,22.70119857788086
2004-02-13,22.588706970214844
2004-02-17,22.86994361877441
2004-02-18,22.768707275390625
2004-02-19,22.95995140075684
2004-02-20,22.819318771362305
2004-02-23,22.673078536987305
2004-02-24,22.61122131347656
2004-02-25,22.695575714111328
2004-02-26,22.813695907592773
2004-02-27,23.072439193725582
2004-03-01,23.359283447265625
2004-03-02,23.43802833557129
2004-03-03,23.679893493652344
2004-03-04,23.96112632751465
2004-03-05,24.19173622131348
2004-03-08,24.15236473083496
2004-03-09,23.88801956176757
2004-03-10,23.64052391052246
2004-03-11,23.23554801940918
2004-03-12,23.353668212890625
2004-03-15,23.021812438964844
2004-03-16,23.24679946899414
2004-03-17,23.781145095825195
2004-03-18,23.63490104675293
2004-03-19,23.24679946899414
2004-03-22,22.94869804382324
2004-03-23,23.049928665161133
2004-03-24,22.914945602416992
2004-03-25,23.342418670654297
2004-03-26,23.201801300048828
2004-03-29,23.65738868713379
2004-03-30,23.61240005493164
2004-03-31,23.59554100036621
2004-04-01,23.7698917388916
2004-04-02,23.548748016357425
2004-04-05,23.67350196838379
2004-04-06,23.5317440032959
2004-04-07,23.45802116394043
2004-04-08,23.33327865600586
2004-04-12,23.56576156616211
2004-04-13,22.70387840270996
2004-04-14,22.267263412475582
2004-04-15,21.98374557495117
2004-04-16,22.2615966796875
2004-04-19,22.31829643249512
2004-04-20,21.85333824157715
2004-04-21,21.365692138671875
2004-04-22,21.762598037719727
2004-04-23,21.71725273132324
2004-04-26,21.8590030670166
2004-04-27,21.89868927001953
2004-04-28,21.507444381713867
2004-04-29,21.34867477416992
2004-04-30,21.320322036743164
2004-05-03,21.467744827270508
2004-05-04,21.722915649414062
2004-05-05,21.57549095153809
2004-05-06,21.320322036743164
2004-05-07,20.68525123596192
2004-05-10,20.07852935791016
2004-05-11,19.953781127929688
2004-05-12,20.28265953063965
2004-05-13,20.27132606506348
2004-05-14,20.22027969360352
2004-05-17,20.02182579040528
2004-05-18,20.16926383972168
2004-05-19,20.265649795532227
2004-05-20,20.36203956604004
2004-05-21,20.458438873291016
2004-05-24,20.458438873291016
2004-05-25,20.88938331604004
2004-05-26,20.88372039794922
2004-05-27,20.951753616333008
2004-05-28,20.88938331604004
2004-06-01,20.89505958557129
2004-06-02,21.15021324157715
2004-06-03,20.957420349121094
2004-06-04,21.13887023925781
2004-06-07,21.626510620117188
2004-06-08,21.581165313720703
2004-06-09,21.365692138671875
2004-06-10,21.433727264404297
2004-06-14,21.303321838378903
2004-06-15,21.12186813354492
2004-06-16,21.161550521850582
2004-06-17,21.161550521850582
2004-06-18,21.110530853271484
2004-06-21,20.98010635375977
2004-06-22,20.957420349121094
2004-06-23,21.331666946411133
2004-06-24,21.416717529296875
2004-06-25,21.541467666625977
2004-06-28,21.518775939941406
2004-06-29,21.711576461791992
2004-06-30,21.98374557495117
2004-07-01,21.835004806518555
2004-07-02,21.78353309631348
2004-07-06,21.308746337890625
2004-07-07,21.08564186096192
2004-07-08,21.0227108001709
2004-07-09,21.0684757232666
2004-07-12,21.1085205078125
2004-07-13,21.24580192565918
2004-07-14,20.85109519958496
2004-07-15,20.59368133544922
2004-07-16,20.51930809020996
2004-07-19,20.59368133544922
2004-07-20,20.822498321533203
2004-07-21,21.06276130676269
2004-07-22,21.039871215820312
2004-07-23,20.896860122680664
2004-07-26,20.86253929138184
2004-07-27,21.11423110961914
2004-07-28,21.205760955810547
2004-07-29,21.24580192565918
2004-07-30,21.354496002197266
2004-08-02,21.4002628326416
2004-08-03,21.205760955810547
2004-08-04,21.285860061645508
2004-08-05,20.75384521484375
2004-08-06,20.645164489746094
2004-08-09,20.63372230529785
2004-08-10,21.16000747680664
2004-08-11,21.1085205078125
2004-08-12,21.08564186096192
2004-08-13,21.09135055541992
2004-08-16,21.589040756225582
2004-08-17,21.697729110717773
2004-08-18,21.920822143554688
2004-08-19,21.73776626586914
2004-08-20,22.109601974487305
2004-08-23,22.052398681640625
2004-08-24,22.07527732849121
2004-08-25,22.5615177154541
2004-08-26,22.56723594665528
2004-08-27,22.72168731689453
2004-08-30,22.36701774597168
2004-08-31,22.6416072845459
2004-09-01,22.45854377746582
2004-09-02,22.801773071289062
2004-09-03,22.796066284179688
2004-09-07,22.8074893951416
2004-09-08,22.52147674560547
2004-09-09,22.733135223388672
2004-09-10,22.767457962036133
2004-09-13,22.40134620666504
2004-09-14,22.590126037597656
2004-09-15,22.355581283569336
2004-09-16,22.6416072845459
2004-09-17,22.68165779113769
2004-09-20,22.527193069458008
2004-09-21,22.939064025878903
2004-09-22,22.796066284179688
2004-09-23,22.57295608520508
2004-09-24,22.73885726928711
2004-09-27,22.38418769836425
2004-09-28,22.527193069458008
2004-09-29,22.69881057739257
2004-09-30,22.727413177490234
2004-10-01,23.076358795166016
2004-10-04,22.93790435791016
2004-10-05,22.76481819152832
2004-10-06,22.78213882446289
2004-10-07,22.80520820617676
2004-10-08,22.87445068359375
2004-10-11,22.71867752075196
2004-10-12,22.79366111755371
2004-10-13,22.63790702819824
2004-10-14,22.228296279907227
2004-10-15,22.34945106506348
2004-10-18,22.499452590942383
2004-10-19,21.911008834838867
2004-10-20,21.489866256713867
2004-10-21,21.74947166442871
2004-10-22,21.61678123474121
2004-10-25,21.35717010498047
2004-10-26,21.628314971923828
2004-10-27,21.934080123901367
2004-10-28,22.19945526123047
2004-10-29,22.268686294555664
2004-11-01,22.210996627807617
2004-11-02,22.23984146118164
2004-11-03,22.412914276123047
2004-11-04,22.8686752319336
2004-11-05,22.701372146606445
2004-11-08,22.66098594665528
2004-11-09,22.56290626525879
2004-11-10,22.470605850219727
2004-11-11,22.603290557861328
2004-11-12,22.59752082824707
2004-11-15,22.591766357421875
2004-11-16,22.19370079040528
2004-11-17,22.07830619812012
2004-11-18,21.81868934631348
2004-11-19,21.587928771972656
2004-11-22,21.66292762756348
2004-11-23,21.668704986572266
2004-11-24,21.74947166442871
2004-11-26,21.743696212768555
2004-11-29,21.524477005004883
2004-11-30,21.72061920166016
2004-12-01,22.08407020568848
2004-12-02,22.17637825012207
2004-12-03,21.957164764404297
2004-12-06,21.991771697998047
2004-12-07,21.81292533874512
2004-12-08,21.66292762756348
2004-12-09,21.743696212768555
2004-12-10,21.709083557128903
2004-12-13,22.066774368286133
2004-12-14,22.34945106506348
2004-12-15,22.516752243041992
2004-12-16,22.459062576293945
2004-12-17,22.2225341796875
2004-12-20,22.268686294555664
2004-12-21,22.539833068847656
2004-12-22,22.516752243041992
2004-12-23,22.591766357421875
2004-12-27,22.505210876464844
2004-12-28,22.6205997467041
2004-12-29,22.591766357421875
2004-12-30,22.54560852050781
2004-12-31,22.505210876464844
2005-01-03,22.58598518371582
2005-01-04,22.353200912475582
2005-01-05,22.399763107299805
2005-01-06,22.52779006958008
2005-01-07,22.34738540649414
2005-01-10,22.2717227935791
2005-01-11,22.0564022064209
2005-01-12,22.10877990722656
2005-01-13,21.98074722290039
2005-01-14,22.00402069091797
2005-01-18,22.34738540649414
2005-01-19,22.0214786529541
2005-01-20,21.678129196166992
2005-01-21,21.44534111022949
2005-01-24,21.462797164916992
2005-01-25,21.451156616210938
2005-01-26,21.433698654174805
2005-01-27,21.38714027404785
2005-01-28,21.53263282775879
2005-01-31,21.724681854248047
2005-02-01,21.823610305786133
2005-02-02,21.83525657653809
2005-02-03,21.75960350036621
2005-02-04,21.93418502807617
2005-02-07,22.097137451171875
2005-02-08,21.97492218017578
2005-02-09,21.823610305786133
2005-02-10,21.794509887695312
2005-02-11,21.811973571777344
2005-02-14,21.823610305786133
2005-02-15,21.852706909179688
2005-02-16,21.724681854248047
2005-02-17,21.40459632873535
2005-02-18,21.24747085571289
2005-02-22,20.90992927551269
2005-02-23,21.23001289367676
2005-02-24,21.34640312194824
2005-02-25,21.51516532897949
2005-02-28,21.27074432373047
2005-03-01,21.585020065307617
2005-03-02,21.52680969238281
2005-03-03,21.53844451904297
2005-03-04,21.82942771911621
2005-03-07,21.730499267578125
2005-03-08,21.49771499633789
2005-03-09,21.224197387695312
2005-03-10,21.160175323486328
2005-03-11,21.01469039916992
2005-03-14,21.212553024291992
2005-03-15,21.096166610717773
2005-03-16,21.096166610717773
2005-03-17,21.037960052490234
2005-03-18,20.956493377685547
2005-03-21,20.82845497131348
2005-03-22,20.403627395629883
2005-03-23,20.327974319458008
2005-03-24,20.327974319458008
2005-03-28,20.28140640258789
2005-03-29,20.124292373657227
2005-03-30,20.3396110534668
2005-03-31,20.13591957092285
2005-04-01,19.93222999572754
2005-04-04,19.849931716918945
2005-04-05,20.32606506347656
2005-04-06,20.38484573364257
2005-04-07,20.45537376403809
2005-04-08,20.279037475585938
2005-04-11,20.34956359863281
2005-04-12,20.59644317626953
2005-04-13,20.3201847076416
2005-04-14,20.096811294555664
2005-04-15,19.94399642944336
2005-04-18,20.36131858825684
2005-04-19,20.54354476928711
2005-04-20,20.431865692138672
2005-04-21,20.59644317626953
2005-04-22,20.49651908874512
2005-04-25,20.6728572845459
2005-04-26,20.61995506286621
2005-04-27,20.866832733154297
2005-04-28,20.58468437194824
2005-04-29,20.8609561920166
2005-05-02,20.907974243164062
2005-05-03,20.866832733154297
2005-05-04,21.219518661499023
2005-05-05,21.101957321166992
2005-05-06,20.931486129760746
2005-05-09,21.137226104736328
2005-05-10,20.65522766113281
2005-05-11,20.749271392822266
2005-05-12,20.473011016845703
2005-05-13,20.255517959594727
2005-05-16,20.42010307312012
2005-05-17,20.69637680053711
2005-05-18,21.190128326416016
2005-05-19,21.27241325378418
2005-05-20,21.195995330810547
2005-05-23,21.10783195495605
2005-05-24,21.0960750579834
2005-05-25,21.10783195495605
2005-05-26,21.125457763671875
2005-05-27,21.043169021606445
2005-05-31,21.01378059387207
2005-06-01,21.01966094970703
2005-06-02,21.007905960083008
2005-06-03,20.896224975585938
2005-06-06,20.87270736694336
2005-06-07,20.855079650878903
2005-06-08,20.96675491333008
2005-06-09,20.866832733154297
2005-06-10,20.82568550109864
2005-06-13,20.866832733154297
2005-06-14,20.925613403320312
2005-06-15,20.99027633666992
2005-06-16,21.101957321166992
2005-06-17,21.207763671875
2005-06-20,21.190128326416016
2005-06-21,21.18424224853516
2005-06-22,21.313566207885746
2005-06-23,21.11958312988281
2005-06-24,20.907974243164062
2005-06-27,20.91973114013672
2005-06-28,21.11371421813965
2005-06-29,21.137226104736328
2005-06-30,20.76102828979492
2005-07-01,20.80851173400879
2005-07-05,20.75509452819824
2005-07-06,20.53549194335937
2005-07-07,20.452402114868164
2005-07-08,20.660133361816406
2005-07-11,20.749155044555664
2005-07-12,20.921276092529297
2005-07-13,21.063718795776367
2005-07-14,21.18242073059082
2005-07-15,21.2833194732666
2005-07-18,21.07559394836425
2005-07-19,20.897537231445312
2005-07-20,20.86785697937012
2005-07-21,21.010303497314453
2005-07-22,21.129005432128903
2005-07-25,21.034046173095703
2005-07-26,20.992504119873047
2005-07-27,20.980627059936523
2005-07-28,21.04591178894043
2005-07-29,20.855995178222656
2005-08-01,20.95094871520996
2005-08-02,21.099334716796875
2005-08-03,21.134933471679688
2005-08-04,21.04591178894043
2005-08-05,20.921276092529297
2005-08-08,20.7669677734375
2005-08-09,20.790712356567383
2005-08-10,20.654199600219727
2005-08-11,20.660133361816406
2005-08-12,20.36338233947754
2005-08-15,20.56517601013184
2005-08-16,20.52362823486328
2005-08-17,20.452402114868164
2005-08-18,20.57110595703125
2005-08-19,20.4998836517334
2005-08-22,20.482078552246094
2005-08-23,20.38711929321289
2005-08-24,20.09036445617676
2005-08-25,20.250606536865234
2005-08-26,19.971654891967773
2005-08-29,20.1259708404541
2005-08-30,19.930110931396484
2005-08-31,20.114103317260746
2005-09-01,20.215002059936523
2005-09-02,20.24467658996582
2005-09-06,20.517690658569336
2005-09-07,20.70761680603028
2005-09-08,20.559232711791992
2005-09-09,20.666065216064453
2005-09-12,20.517690658569336
2005-09-13,20.268415451049805
2005-09-14,20.321836471557617
2005-09-15,20.25654983520508
2005-09-16,20.7669677734375
2005-09-19,20.529571533203125
2005-09-20,20.49394798278809
2005-09-21,20.18531990051269
2005-09-22,20.327770233154297
2005-09-23,20.220935821533203
2005-09-26,20.131912231445312
2005-09-27,20.108163833618164
2005-09-28,20.131912231445312
2005-09-29,20.38711929321289
2005-09-30,20.137847900390625
2005-10-03,20.250606536865234
2005-10-04,20.1427001953125
2005-10-05,20.05278205871582
2005-10-06,20.17866897583008
2005-10-07,20.322553634643555
2005-10-10,20.09474372863769
2005-10-11,19.968854904174805
2005-10-12,19.94487190246582
2005-10-13,20.23262405395508
2005-10-14,20.43046188354492
2005-10-17,20.382497787475582
2005-10-18,20.24461555480957
2005-10-19,20.820125579833984
2005-10-20,20.83211708068848
2005-10-21,21.05991744995117
2005-10-24,21.43759155273437
2005-10-25,21.41361618041992
2005-10-26,21.64141845703125
2005-10-27,21.59945678710937
2005-10-28,21.845239639282227
2005-10-31,21.95314598083496
2005-11-01,22.091026306152344
2005-11-02,22.30085563659668
2005-11-03,22.23491477966309
2005-11-04,22.366792678833008
2005-11-07,22.588598251342773
2005-11-08,22.38477897644043
2005-11-09,22.61258888244629
2005-11-10,22.97227668762207
2005-11-11,22.936298370361328
2005-11-14,22.858369827270508
2005-11-15,22.618581771850582
2005-11-16,22.66653633117676
2005-11-17,22.73847770690918
2005-11-18,22.798416137695312
2005-11-21,22.67253303527832
2005-11-22,22.90032958984375
2005-11-23,23.24803352355957
2005-11-25,23.29599380493164
2005-11-28,23.319963455200195
2005-11-29,23.355945587158203
2005-11-30,22.930315017700195
2005-12-01,23.12214088439941
2005-12-02,23.37392807006836
2005-12-05,23.28999328613281
2005-12-06,23.28999328613281
2005-12-07,23.06219482421875
2005-12-08,23.170116424560547
2005-12-09,23.451847076416016
2005-12-12,23.4698486328125
2005-12-13,23.625715255737305
2005-12-14,23.70965576171875
2005-12-15,23.72762107849121
2005-12-16,23.85351181030273
2005-12-19,23.73960494995117
2005-12-20,23.73960494995117
2005-12-21,23.87750625610352
2005-12-22,24.009382247924805
2005-12-23,24.09931373596192
2005-12-27,24.03935813903809
2005-12-28,23.92545509338379
2005-12-29,23.895479202270508
2005-12-30,23.793567657470703
2006-01-03,24.09331703186035
2006-01-04,23.95425033569336
2006-01-05,24.02680206298828
2006-01-06,24.19609832763672
2006-01-09,24.589088439941406
2006-01-10,24.625356674194336
2006-01-11,24.607223510742188
2006-01-12,24.153770446777344
2006-01-13,24.135629653930664
2006-01-17,24.008665084838867
2006-01-18,23.74868392944336
2006-01-19,23.61567115783692
2006-01-20,23.005029678344727
2006-01-23,23.138051986694336
2006-01-24,23.04131126403809
2006-01-25,23.265005111694336
2006-01-26,23.93610954284668
2006-01-27,24.032848358154297
2006-01-30,24.093307495117188
2006-01-31,24.032848358154297
2006-02-01,24.1114559173584
2006-02-02,24.177967071533203
2006-02-03,23.899837493896484
2006-02-06,23.84543800354004
2006-02-07,23.736608505249023
2006-02-08,23.942153930664062
2006-02-09,24.04494285583496
2006-02-10,24.135629653930664
2006-02-13,24.04494285583496
2006-02-14,24.244457244873047
2006-02-15,24.377487182617188
2006-02-16,24.67976760864257
2006-02-17,24.65557861328125
2006-02-21,24.607223510742188
2006-02-22,25.03648567199707
2006-02-23,24.855112075805664
2006-02-24,25.18763542175293
2006-02-27,25.13926887512207
2006-02-28,24.87324523925781
2006-03-01,25.16950798034668
2006-03-02,25.18763542175293
2006-03-03,25.14531135559082
2006-03-06,25.048587799072266
2006-03-07,25.078807830810547
2006-03-08,25.151365280151367
2006-03-09,24.818832397460938
2006-03-10,24.8671932220459
2006-03-13,24.82487678527832
2006-03-14,25.018341064453125
2006-03-15,24.921611785888672
2006-03-16,24.98207092285156
2006-03-17,25.030447006225582
2006-03-20,25.06067657470703
2006-03-21,24.909523010253903
2006-03-22,25.42343139648437
2006-03-23,25.417381286621094
2006-03-24,25.45365333557129
2006-03-27,25.45969581604004
2006-03-28,25.127180099487305
2006-03-29,25.1997299194336
2006-03-30,25.10904693603516
2006-03-31,25.175552368164062
2006-04-03,25.350875854492188
2006-04-04,25.765365600585938
2006-04-05,25.92995262145996
2006-04-06,25.777568817138672
2006-04-07,25.41792297363281
2006-04-10,25.52764320373535
2006-04-11,25.36306571960449
2006-04-12,25.53983497619629
2006-04-13,25.71660614013672
2006-04-17,25.600793838500977
2006-04-18,25.96651077270508
2006-04-19,25.97871208190918
2006-04-20,25.96651077270508
2006-04-21,25.90555000305176
2006-04-24,26.01527214050293
2006-04-25,25.73488998413086
2006-04-26,26.00310134887696
2006-04-27,26.78939819335937
2006-04-28,27.66103744506836
2006-05-01,27.29532051086425
2006-05-02,27.73418617248535
2006-05-03,27.70980262756348
2006-05-04,27.849998474121094
2006-05-05,28.43517303466797
2006-05-08,28.099912643432617
2006-05-09,28.0511474609375
2006-05-10,27.99020004272461
2006-05-11,27.52085494995117
2006-05-12,27.014930725097656
2006-05-15,27.149024963378903
2006-05-16,27.014930725097656
2006-05-17,26.36270904541016
2006-05-18,26.05185317993164
2006-05-19,26.05794143676757
2006-05-22,25.990901947021484
2006-05-23,25.70441627502441
2006-05-24,25.69221305847168
2006-05-25,26.118896484375
2006-05-26,26.350526809692383
2006-05-30,25.86900329589844
2006-05-31,25.990901947021484
2006-06-01,26.563861846923828
2006-06-02,26.70406150817871
2006-06-05,26.19205093383789
2006-06-06,25.832422256469727
2006-06-07,25.75317001342773
2006-06-08,25.81412506103516
2006-06-09,25.66173553466797
2006-06-12,25.356977462768555
2006-06-13,24.70476150512696
2006-06-14,24.36341857910156
2006-06-15,24.747432708740234
2006-06-16,24.479228973388672
2006-06-19,24.35122299194336
2006-06-20,24.68037796020508
2006-06-21,25.119258880615234
2006-06-22,25.033905029296875
2006-06-23,24.912012100219727
2006-06-26,25.2960205078125
2006-06-27,24.89372444152832
2006-06-28,25.155834197998047
2006-06-29,26.01527214050293
2006-06-30,25.600793838500977
2006-07-03,26.3443546295166
2006-07-05,26.06167793273925
2006-07-06,26.08625602722168
2006-07-07,26.06167793273925
2006-07-10,26.16615295410156
2006-07-11,26.3443546295166
2006-07-12,25.963350296020508
2006-07-13,25.434871673583984
2006-07-14,25.12761688232422
2006-07-17,25.029285430908203
2006-07-18,25.01699447631836
2006-07-19,26.45497703552246
2006-07-20,26.411949157714844
2006-07-21,26.516420364379883
2006-07-24,27.161664962768555
2006-07-25,27.42591857910156
2006-07-26,27.438188552856445
2006-07-27,27.46892738342285
2006-07-28,27.94824981689453
2006-07-31,28.03428077697754
2006-08-01,27.9666805267334
2006-08-02,27.954389572143555
2006-08-03,28.05885505676269
2006-08-04,27.72702980041504
2006-08-07,27.819202423095703
2006-08-08,27.647130966186523
2006-08-09,27.25383949279785
2006-08-10,27.06949234008789
2006-08-11,26.995738983154297
2006-08-14,26.971162796020508
2006-08-15,27.6778564453125
2006-08-16,27.942102432250977
2006-08-17,27.93595123291016
2006-08-18,28.08957290649414
2006-08-21,27.93595123291016
2006-08-22,27.868358612060547
2006-08-23,27.97283172607422
2006-08-24,28.07115364074707
2006-08-25,27.97283172607422
2006-08-28,28.28008460998535
2006-08-29,28.249357223510746
2006-08-30,28.101879119873047
2006-08-31,28.05885505676269
2006-09-01,28.101879119873047
2006-09-05,28.144887924194336
2006-09-06,28.19405174255371
2006-09-07,27.77619171142578
2006-09-08,27.81304168701172
2006-09-11,27.892946243286133
2006-09-12,28.27395248413086
2006-09-13,28.51360893249512
2006-09-14,28.57504844665528
2006-09-15,28.8515853881836
2006-09-18,28.624202728271484
2006-09-19,28.75941276550293
2006-09-20,29.01750373840332
2006-09-21,28.76555061340332
2006-09-22,28.771703720092773
2006-09-25,28.82700157165528
2006-09-26,28.82087135314941
2006-09-27,28.78398704528809
2006-09-28,28.974485397338867
2006-09-29,28.857728958129883
2006-10-02,28.802425384521484
2006-10-03,29.343202590942383
2006-10-04,29.392717361450195
2006-10-05,29.34319877624512
2006-10-06,29.00279998779297
2006-10-09,29.15752220153809
2006-10-10,29.417490005493164
2006-10-11,29.485557556152344
2006-10-12,29.86928939819336
2006-10-13,29.8073844909668
2006-10-16,29.541257858276367
2006-10-17,29.702184677124023
2006-10-18,29.21941947937012
2006-10-19,29.00898551940918
2006-10-20,29.163713455200195
2006-10-23,29.330820083618164
2006-10-24,29.17609405517578
2006-10-25,29.25654411315918
2006-10-26,29.566011428833008
2006-10-27,29.26893615722656
2006-10-30,29.36795997619629
2006-10-31,29.36176490783692
2006-11-01,29.046119689941406
2006-11-02,29.02755355834961
2006-11-03,29.0213623046875
2006-11-06,29.491756439208984
2006-11-07,29.392717361450195
2006-11-08,29.485557556152344
2006-11-09,29.23798561096192
2006-11-10,29.466970443725582
2006-11-13,29.497934341430664
2006-11-14,29.55363273620605
2006-11-15,29.36795997619629
2006-11-16,29.61553192138672
2006-11-17,29.497934341430664
2006-11-20,29.646482467651367
2006-11-21,29.55363273620605
2006-11-22,29.454608917236328
2006-11-24,29.25654411315918
2006-11-27,28.86044311523437
2006-11-28,28.594297409057617
2006-11-29,28.88519096374512
2006-11-30,28.64382553100586
2006-12-01,28.476720809936523
2006-12-04,28.990407943725582
2006-12-05,29.213233947753903
2006-12-06,28.98423194885254
2006-12-07,28.86044311523437
2006-12-08,28.94091033935547
2006-12-11,29.42984771728516
2006-12-12,29.479366302490234
2006-12-13,29.460803985595703
2006-12-14,29.67742729187012
2006-12-15,29.894041061401367
2006-12-18,29.850719451904297
2006-12-19,29.875469207763672
2006-12-20,29.844532012939453
2006-12-21,30.110671997070312
2006-12-22,29.640283584594727
2006-12-26,29.90023231506348
2006-12-27,30.296356201171875
2006-12-28,30.27777862548828
2006-12-29,29.894041061401367
2007-01-03,29.962617874145508
2007-01-04,30.037416458129883
2007-01-05,29.7880859375
2007-01-08,29.8878116607666
2007-01-09,29.76313591003418
2007-01-10,29.98130416870117
2007-01-11,30.112211227416992
2007-01-12,29.91275787353516
2007-01-16,30.16205596923828
2007-01-17,30.18700218200684
2007-01-18,30.0124626159668
2007-01-19,30.39268112182617
2007-01-22,30.953672409057617
2007-01-23,31.05965042114257
2007-01-24,31.38999938964844
2007-01-25,31.296497344970703
2007-01-26,30.97860717773437
2007-01-29,30.835254669189453
2007-01-30,31.277793884277344
2007-01-31,31.745269775390625
2007-02-01,31.9198055267334
2007-02-02,31.745269775390625
2007-02-05,31.763978958129883
2007-02-06,31.788917541503903
2007-02-07,31.9198055267334
2007-02-08,31.745269775390625
2007-02-09,31.427391052246094
2007-02-12,31.43985176086425
2007-02-13,31.757741928100582
2007-02-14,32.05069732666016
2007-02-15,31.9198055267334
2007-02-16,31.944747924804688
2007-02-20,32.18160629272461
2007-02-21,32.194068908691406
2007-02-22,32.18783950805664
2007-02-23,31.807605743408203
2007-02-26,31.67047500610352
2007-02-27,30.679412841796875
2007-02-28,30.785377502441406
2007-03-01,30.666955947875977
2007-03-02,30.037416458129883
2007-03-05,29.63226127624512
2007-03-06,30.243099212646484
2007-03-07,30.14336585998535
2007-03-08,30.380220413208008
2007-03-09,30.430105209350582
2007-03-12,30.442562103271484
2007-03-13,29.10867691040039
2007-03-14,29.482654571533203
2007-03-15,29.731977462768555
2007-03-16,29.31437492370605
2007-03-19,29.65718078613281
2007-03-20,29.76313591003418
2007-03-21,30.57345962524414
2007-03-22,30.211929321289062
2007-03-23,30.243099212646484
2007-03-26,30.35529899597168
2007-03-27,30.27427101135254
2007-03-28,29.91275787353516
2007-03-29,30.230632781982425
2007-03-30,30.15582275390625
2007-04-02,30.068567276000977
2007-04-03,30.48287582397461
2007-04-04,30.48287582397461
2007-04-05,30.61470031738281
2007-04-09,30.759077072143555
2007-04-10,30.90973663330078
2007-04-11,30.853246688842773
2007-04-12,30.8846378326416
2007-04-13,30.81558418273925
2007-04-16,31.36796760559082
2007-04-17,31.49980926513672
2007-04-18,32.68623352050781
2007-04-19,32.69879150390625
2007-04-20,32.98126983642578
2007-04-23,32.818058013916016
2007-04-24,32.74273681640625
2007-04-25,33.157039642333984
2007-04-26,33.23236083984375
2007-04-27,32.98754119873047
2007-04-30,32.70506286621094
2007-05-01,32.80550765991211
2007-05-02,32.98754119873047
2007-05-03,33.08171081542969
2007-05-04,33.03776168823242
2007-05-07,33.10053253173828
2007-05-08,32.92477798461914
2007-05-09,33.39557266235352
2007-05-10,32.642295837402344
2007-05-11,32.7364501953125
2007-05-14,32.535587310791016
2007-05-15,32.6611213684082
2007-05-16,33.25745391845703
2007-05-17,32.99381256103516
2007-05-18,32.98126983642578
2007-05-21,32.99381256103516
2007-05-22,32.82432556152344
2007-05-23,32.636009216308594
2007-05-24,32.384910583496094
2007-05-25,32.41630554199219
2007-05-29,32.529300689697266
2007-05-30,32.679954528808594
2007-05-31,32.535587310791016
2007-06-01,32.57951354980469
2007-06-04,32.37236785888672
2007-06-05,32.15266036987305
2007-06-06,31.738353729248047
2007-06-07,31.273826599121094
2007-06-08,31.644189834594727
2007-06-11,31.6567325592041
2007-06-12,30.97879981994629
2007-06-13,31.568851470947266
2007-06-14,31.587684631347656
2007-06-15,31.738353729248047
2007-06-18,31.6567325592041
2007-06-19,31.920381546020508
2007-06-20,31.04784774780273
2007-06-21,31.2863826751709
2007-06-22,30.583311080932617
2007-06-25,30.357322692871094
2007-06-26,30.507980346679688
2007-06-27,30.90973663330078
2007-06-28,30.733970642089844
2007-06-29,30.4138298034668
2007-07-02,30.853246688842773
2007-07-03,31.21383285522461
2007-07-05,30.86590576171875
2007-07-06,30.97975349426269
2007-07-09,30.86590576171875
2007-07-10,30.05613136291504
2007-07-11,30.44837188720703
2007-07-12,31.334030151367188
2007-07-13,31.663005828857425
2007-07-16,31.523832321166992
2007-07-17,31.58077812194824
2007-07-18,30.922834396362305
2007-07-19,30.75835418701172
2007-07-20,30.087778091430664
2007-07-23,29.82837104797364
2007-07-24,28.683338165283203
2007-07-25,28.639047622680664
2007-07-26,27.886219024658203
2007-07-27,27.98111343383789
2007-07-30,28.310077667236328
2007-07-31,27.841930389404297
2007-08-01,28.076005935668945
2007-08-02,28.208852767944336
2007-08-03,27.614187240600582
2007-08-06,28.537826538085938
2007-08-07,28.683338165283203
2007-08-08,29.42349433898925
2007-08-09,27.94314765930176
2007-08-10,27.9937686920166
2007-08-13,27.72805976867676
2007-08-14,27.39276123046875
2007-08-15,27.202980041503903
2007-08-16,28.765575408935547
2007-08-17,29.73981666564941
2007-08-20,29.410858154296875
2007-08-21,29.227394104003903
2007-08-22,29.100868225097656
2007-08-23,28.89210700988769
2007-08-24,29.069238662719727
2007-08-27,28.411300659179688
2007-08-28,27.582555770874023
2007-08-29,27.917858123779297
2007-08-30,27.81662940979004
2007-08-31,28.1645736694336
2007-09-04,28.658018112182617
2007-09-05,27.94314765930176
2007-09-06,27.96845245361328
2007-09-07,27.531946182250977
2007-09-10,27.791318893432617
2007-09-11,28.177221298217773
2007-09-12,28.13294219970703
2007-09-13,28.847808837890625
2007-09-14,28.809850692749023
2007-09-17,28.651689529418945
2007-09-18,30.25224876403809
2007-09-19,30.09407424926757
2007-09-20,29.70818519592285
2007-09-21,29.815731048583984
2007-09-24,29.31595039367676
2007-09-25,29.16412353515625
2007-09-26,29.18310546875
2007-09-27,29.23371124267578
2007-09-28,28.98698616027832
2007-10-01,29.613290786743164
2007-10-02,29.83470726013184
2007-10-03,29.975017547607425
2007-10-04,30.13446044921875
2007-10-05,30.34492492675781
2007-10-08,30.255645751953125
2007-10-09,30.33853530883789
2007-10-10,29.917621612548828
2007-10-11,29.75818252563477
2007-10-12,29.860212326049805
2007-10-15,29.509445190429688
2007-10-16,28.769643783569336
2007-10-17,29.573225021362305
2007-10-18,29.273481369018555
2007-10-19,28.712247848510746
2007-10-22,28.93546867370605
2007-10-23,29.298974990844727
2007-10-24,29.509445190429688
2007-10-25,29.36913299560547
2007-10-26,30.17910957336425
2007-10-29,29.764551162719727
2007-10-30,29.69440269470215
2007-10-31,29.975017547607425
2007-11-01,28.26582336425781
2007-11-02,27.51961898803711
2007-11-05,27.27726554870605
2007-11-06,28.13186454772949
2007-11-07,26.93925666809082
2007-11-08,27.17522430419922
2007-11-09,26.9838981628418
2007-11-12,27.0349178314209
2007-11-13,28.731369018554688
2007-11-14,28.795164108276367
2007-11-15,27.761966705322266
2007-11-16,27.481353759765625
2007-11-19,26.384397506713867
2007-11-20,26.55023002624512
2007-11-21,25.944324493408203
2007-11-23,26.754297256469727
2007-11-26,25.804027557373047
2007-11-27,27.0093994140625
2007-11-28,28.036195755004883
2007-11-29,27.838497161865234
2007-11-30,29.094890594482425
2007-12-03,28.833419799804688
2007-12-04,28.15738105773925
2007-12-05,28.635705947875977
2007-12-06,29.47118377685547
2007-12-07,29.38827896118164
2007-12-10,30.242862701416016
2007-12-11,29.298974990844727
2007-12-12,29.43291282653809
2007-12-13,29.18418502807617
2007-12-14,28.827035903930664
2007-12-17,28.399734497070312
2007-12-18,27.997941970825195
2007-12-19,28.048961639404297
2007-12-20,27.634408950805664
2007-12-21,28.13186454772949
2007-12-24,28.5910701751709
2007-12-26,28.661216735839844
2007-12-27,27.832120895385746
2007-12-28,27.589763641357425
2007-12-31,27.838497161865234
2008-01-02,27.13079261779785
2008-01-03,26.9442138671875
2008-01-04,26.333017349243164
2008-01-07,26.59680557250977
2008-01-08,25.541688919067383
2008-01-09,25.90196990966797
2008-01-10,26.59037208557129
2008-01-11,26.28799629211425
2008-01-14,26.60967445373535
2008-01-15,25.200681686401367
2008-01-16,26.65470695495605
2008-01-17,25.76043128967285
2008-01-18,25.470909118652344
2008-01-22,26.28799629211425
2008-01-23,29.41474723815918
2008-01-24,28.92578125
2008-01-25,28.076536178588867
2008-01-28,29.318256378173828
2008-01-29,30.527767181396484
2008-01-30,30.463438034057617
2008-01-31,30.4956169128418
2008-02-01,31.042463302612305
2008-02-04,29.73644256591797
2008-02-05,28.237394332885746
2008-02-06,28.12802124023437
2008-02-07,29.02229690551757
2008-02-08,28.19235038757324
2008-02-11,27.88996696472168
2008-02-12,27.864238739013672
2008-02-13,28.372501373291016
2008-02-14,27.413867950439453
2008-02-15,27.82563781738281
2008-02-19,27.555435180664062
2008-02-20,27.761293411254883
2008-02-21,27.70982551574707
2008-02-22,28.26312065124512
2008-02-25,28.32746124267578
2008-02-26,28.12802124023437
2008-02-27,28.571935653686523
2008-02-28,27.30451011657715
2008-02-29,26.15287971496582
2008-03-03,25.61888694763184
2008-03-04,25.21355628967285
2008-03-05,24.924053192138672
2008-03-06,24.04262924194336
2008-03-07,24.16487693786621
2008-03-10,23.47003746032715
2008-03-11,24.98838233947754
2008-03-12,24.84040641784668
2008-03-13,24.518728256225582
2008-03-14,23.50864601135254
2008-03-17,25.934139251708984
2008-03-18,27.47821617126465
2008-03-19,27.323808670043945
2008-03-20,29.575590133666992
2008-03-24,29.9487419128418
2008-03-25,29.633508682250977
2008-03-26,28.37892341613769
2008-03-27,27.5747299194336
2008-03-28,27.47821617126465
2008-03-31,27.63262939453125
2008-04-01,30.238258361816406
2008-04-02,29.99180030822754
2008-04-03,30.01772117614746
2008-04-04,29.55723190307617
2008-04-07,29.53774070739746
2008-04-08,29.09671211242676
2008-04-09,28.733482360839844
2008-04-10,28.448091506958008
2008-04-11,27.58543586730957
2008-04-14,26.917381286621094
2008-04-15,27.31950569152832
2008-04-16,29.16155242919922
2008-04-17,29.265344619750977
2008-04-18,29.68046760559082
2008-04-21,29.336694717407227
2008-04-22,29.609111785888672
2008-04-23,29.28481101989746
2008-04-24,30.46526336669922
2008-04-25,30.997133255004883
2008-04-28,30.705257415771484
2008-04-29,30.536624908447266
2008-04-30,30.90634536743164
2008-05-01,31.944110870361328
2008-05-02,31.56143379211425
2008-05-05,31.133338928222656
2008-05-06,31.263072967529297
2008-05-07,30.20582771301269
2008-05-08,29.868547439575195
2008-05-09,30.20582771301269
2008-05-12,30.64040184020996
2008-05-13,29.49884033203125
2008-05-14,29.77774429321289
2008-05-15,30.49771499633789
2008-05-16,30.179887771606445
2008-05-19,29.829627990722656
2008-05-20,28.34430885314941
2008-05-21,27.51410484313965
2008-05-22,27.9227352142334
2008-05-23,27.44923210144043
2008-05-27,27.89676856994629
2008-05-28,27.79949378967285
2008-05-29,28.26000213623047
2008-05-30,27.89029312133789
2008-06-02,27.338966369628903
2008-06-03,27.17033195495605
2008-06-04,27.001707077026367
2008-06-05,27.306543350219727
2008-06-06,26.00282859802246
2008-06-09,24.32940101623535
2008-06-10,24.835325241088867
2008-06-11,24.08294105529785
2008-06-12,24.65371894836425
2008-06-13,25.67204475402832
2008-06-16,25.90554618835449
2008-06-17,25.32178497314453
2008-06-18,25.1272087097168
2008-06-19,25.06883811950684
2008-06-20,24.55642890930176
2008-06-23,23.91429901123047
2008-06-24,24.46562385559082
2008-06-25,24.588865280151367
2008-06-26,23.55756950378418
2008-06-27,22.73383331298828
2008-06-30,22.25386047363281
2008-07-01,22.312883377075195
2008-07-02,22.693294525146484
2008-07-03,23.15896415710449
2008-07-07,22.326004028320312
2008-07-08,23.46066093444824
2008-07-09,22.483407974243164
2008-07-10,22.63426399230957
2008-07-11,21.74883079528809
2008-07-14,20.784698486328125
2008-07-15,20.34525680541992
2008-07-16,23.57216453552246
2008-07-17,26.759729385375977
2008-07-18,26.24814224243164
2008-07-21,25.349590301513672
2008-07-22,26.799081802368164
2008-07-23,27.520526885986328
2008-07-24,25.670961380004883
2008-07-25,25.92020797729492
2008-07-28,24.70026969909668
2008-07-29,26.726930618286133
2008-07-30,27.26473999023437
2008-07-31,26.64822578430176
2008-08-01,26.73348045349121
2008-08-04,26.326854705810547
2008-08-05,27.474618911743164
2008-08-06,27.146690368652344
2008-08-07,26.11040306091309
2008-08-08,26.93680953979492
2008-08-11,27.474618911743164
2008-08-12,24.87080192565918
2008-08-13,24.2083683013916
2008-08-14,24.79865074157715
2008-08-15,24.96917724609375
2008-08-18,24.09685516357422
2008-08-19,23.3360595703125
2008-08-20,24.26738739013672
2008-08-21,23.782054901123047
2008-08-22,24.70682716369629
2008-08-25,23.69678497314453
2008-08-26,24.01161003112793
2008-08-27,24.359214782714844
2008-08-28,25.50043487548828
2008-08-29,25.24464988708496
2008-09-02,25.572587966918945
2008-09-03,26.04480743408203
2008-09-04,24.864246368408203
2008-09-05,25.9726676940918
2008-09-08,27.25162696838379
2008-09-09,25.88740539550781
2008-09-10,25.841487884521484
2008-09-11,27.31721878051757
2008-09-12,27.00238990783692
2008-09-15,24.26738739013672
2008-09-16,26.72037506103516
2008-09-17,23.46066093444824
2008-09-18,26.431781768798828
2008-09-19,30.85894012451172
2008-09-22,26.759729385375977
2008-09-23,26.602310180664062
2008-09-24,26.562963485717773
2008-09-25,28.504344940185547
2008-09-26,31.6394271850586
2008-09-29,26.89090347290039
2008-09-30,30.6294002532959
2008-10-01,32.55110549926758
2008-10-02,32.947662353515625
2008-10-03,30.33696746826172
2008-10-06,29.08119201660156
2008-10-07,25.988008499145508
2008-10-08,25.974782943725582
2008-10-09,24.24313735961914
2008-10-10,27.52138900756836
2008-10-13,27.752710342407227
2008-10-14,26.906713485717773
2008-10-15,25.439428329467773
2008-10-16,26.76129913330078
2008-10-17,25.99461555480957
2008-10-20,26.873668670654297
2008-10-21,26.265600204467773
2008-10-22,24.56698608398437
2008-10-23,25.01642799377441
2008-10-24,23.41695785522461
2008-10-27,22.471824645996094
2008-10-28,24.851192474365234
2008-10-29,23.602031707763672
2008-10-30,24.86441421508789
2008-10-31,27.26360511779785
2008-11-03,26.919925689697266
2008-11-04,27.87166786193848
2008-11-05,25.921913146972656
2008-11-06,25.28740882873535
2008-11-07,24.950336456298828
2008-11-10,24.06468963623047
2008-11-11,24.025022506713867
2008-11-12,22.84856414794922
2008-11-13,24.58020782470703
2008-11-14,22.782459259033203
2008-11-17,21.65887451171875
2008-11-18,21.242488861083984
2008-11-19,18.81684303283692
2008-11-20,15.452682495117188
2008-11-21,15.01646900177002
2008-11-24,18.22861671447754
2008-11-25,19.67606735229492
2008-11-26,20.23786163330078
2008-11-28,20.925233840942383
2008-12-01,17.263654708862305
2008-12-02,18.856502532958984
2008-12-03,19.993309020996094
2008-12-04,20.541894912719727
2008-12-05,22.042211532592773
2008-12-08,24.1175594329834
2008-12-09,22.44538116455078
2008-12-10,22.154579162597656
2008-12-11,19.788419723510746
2008-12-12,20.44936180114746
2008-12-15,18.92259788513184
2008-12-16,21.38128089904785
2008-12-17,21.05742454528809
2008-12-18,19.966875076293945
2008-12-19,20.03957939147949
2008-12-22,19.709117889404297
2008-12-23,19.239850997924805
2008-12-24,19.728946685791016
2008-12-26,19.69589805603028
2008-12-29,19.682676315307617
2008-12-30,20.49563217163086
2008-12-31,20.83931350708008
2009-01-02,20.973114013671875
2009-01-05,19.56821632385254
2009-01-06,19.989681243896484
2009-01-07,18.79218482971192
2009-01-08,18.210145950317383
2009-01-09,17.3739013671875
2009-01-12,16.66476058959961
2009-01-13,17.628122329711914
2009-01-14,17.333763122558594
2009-01-15,16.283435821533203
2009-01-16,15.266552925109863
2009-01-20,12.102192878723145
2009-01-21,15.139445304870604
2009-01-22,15.453866958618164
2009-01-23,16.2432918548584
2009-01-26,16.390472412109375
2009-01-27,16.76511001586914
2009-01-28,18.50450897216797
2009-01-29,17.012638092041016
2009-01-30,17.066158294677734
2009-02-02,16.858776092529297
2009-02-03,16.089420318603516
2009-02-04,16.082731246948242
2009-02-05,16.417234420776367
2009-02-06,18.484434127807617
2009-02-09,18.250289916992188
2009-02-10,16.47075080871582
2009-02-11,17.454179763793945
2009-02-12,17.521076202392578
2009-02-13,16.5175838470459
2009-02-17,14.483821868896484
2009-02-18,14.390166282653809
2009-02-19,13.781380653381348
2009-02-20,13.313075065612791
2009-02-23,13.052165031433104
2009-02-24,14.062353134155272
2009-02-25,14.53734302520752
2009-02-26,15.420421600341797
2009-02-27,15.286622047424316
2009-03-02,14.15601634979248
2009-03-03,14.055667877197266
2009-03-04,12.911675453186035
2009-03-05,11.10538101196289
2009-03-06,10.657151222229004
2009-03-09,10.637079238891602
2009-03-10,13.045476913452148
2009-03-11,13.647581100463867
2009-03-12,15.52077579498291
2009-03-13,15.888716697692873
2009-03-16,15.447186470031738
2009-03-17,16.81863021850586
2009-03-18,18.13655662536621
2009-03-19,16.691524505615234
2009-03-20,15.487324714660645
2009-03-23,19.30729866027832
2009-03-24,17.66157341003418
2009-03-25,19.106597900390625
2009-03-26,19.46786117553711
2009-03-27,18.330570220947266
2009-03-30,16.624622344970703
2009-03-31,17.7819881439209
2009-04-01,18.82562828063965
2009-04-02,18.872541427612305
2009-04-03,19.623157501220703
2009-04-06,18.89934730529785
2009-04-07,18.26266860961914
2009-04-08,18.38330078125
2009-04-09,21.948707580566406
2009-04-13,22.585390090942383
2009-04-14,20.5748233795166
2009-04-15,21.821372985839844
2009-04-16,22.2771110534668
2009-04-17,22.290508270263672
2009-04-20,19.897932052612305
2009-04-21,21.80126571655273
2009-04-22,21.379045486450195
2009-04-23,22.25699806213379
2009-04-24,22.370933532714844
2009-04-27,21.96881484985352
2009-04-28,21.97551727294922
2009-04-29,23.10814094543457
2009-04-30,22.116256713867188
2009-05-01,21.77446746826172
2009-05-04,23.98608589172364
2009-05-05,23.335996627807617
2009-05-06,24.944459915161133
2009-05-07,23.617494583129883
2009-05-08,26.097183227539062
2009-05-11,24.01289749145508
2009-05-12,23.697904586791992
2009-05-13,22.81995010375977
2009-05-14,23.81854248046875
2009-05-15,23.39632225036621
2009-05-18,24.97126579284668
2009-05-19,23.99949073791504
2009-05-20,23.15505599975586
2009-05-21,23.389625549316406
2009-05-22,23.06122589111328
2009-05-26,24.488725662231445
2009-05-27,23.2287712097168
2009-05-28,24.562450408935547
2009-05-29,24.72999382019043
2009-06-01,24.20054817199707
2009-06-02,23.12154769897461
2009-06-03,22.77304077148437
2009-06-04,23.69120216369629
2009-06-05,23.15505599975586
2009-06-08,23.71800804138184
2009-06-09,23.63088607788086
2009-06-10,23.349403381347656
2009-06-11,23.41642951965332
2009-06-12,23.54376792907715
2009-06-15,22.78644752502441
2009-06-16,22.451351165771484
2009-06-17,21.9353084564209
2009-06-18,22.90038299560547
2009-06-19,23.456642150878903
2009-06-22,22.029136657714844
2009-06-23,22.498268127441406
2009-06-24,22.424549102783203
2009-06-25,22.88027572631836
2009-06-26,23.088035583496094
2009-06-29,23.18856239318848
2009-06-30,22.860164642333984
2009-07-01,22.66552925109864
2009-07-02,21.658767700195312
2009-07-06,21.8802490234375
2009-07-07,22.021203994750977
2009-07-08,21.954082489013672
2009-07-09,22.564842224121094
2009-07-10,21.705753326416016
2009-07-13,23.296424865722656
2009-07-14,23.289718627929688
2009-07-15,24.33675765991211
2009-07-16,24.24949836730957
2009-07-17,24.75959014892578
2009-07-20,24.819992065429688
2009-07-21,24.79314994812012
2009-07-22,24.71931838989257
2009-07-23,25.605262756347656
2009-07-24,25.45090103149414
2009-07-27,25.591846466064453
2009-07-28,25.55828094482422
2009-07-29,25.3502197265625
2009-07-30,25.820039749145508
2009-07-31,25.94085693359375
2009-08-03,26.57847023010254
2009-08-04,26.98788833618164
2009-08-05,28.041643142700195
2009-08-06,27.350324630737305
2009-08-07,28.430906295776367
2009-08-10,28.652393341064453
2009-08-11,27.679197311401367
2009-08-12,28.330236434936523
2009-08-13,28.793336868286133
2009-08-14,28.49131202697754
2009-08-17,27.33689308166504
2009-08-18,27.9879207611084
2009-08-19,27.79330062866211
2009-08-20,28.47118759155273
2009-08-21,29.303442001342773
2009-08-24,28.867170333862305
2009-08-25,29.24974632263184
2009-08-26,29.061803817749023
2009-08-27,29.162487030029297
2009-08-28,28.806760787963867
2009-08-31,29.169193267822266
2009-09-01,27.96780014038086
2009-09-02,27.42415809631348
2009-09-03,28.263118743896484
2009-09-04,28.417478561401367
2009-09-08,28.55171775817871
2009-09-09,28.766490936279297
2009-09-10,28.873884201049805
2009-09-11,28.524879455566406
2009-09-14,29.36383438110352
2009-09-15,28.98798179626465
2009-09-16,29.96788787841797
2009-09-17,30.17595672607422
2009-09-18,30.16925811767578
2009-09-21,29.90078926086425
2009-09-22,31.18942070007324
2009-09-23,30.243070602416992
2009-09-24,29.779958724975582
2009-09-25,29.296724319458008
2009-09-28,30.075273513793945
2009-09-29,30.12226104736328
2009-09-30,29.41082191467285
2009-10-01,27.76643943786621
2009-10-02,28.12931632995605
2009-10-05,29.432966232299805
2009-10-06,30.17887306213379
2009-10-07,30.7097396850586
2009-10-08,30.44094657897949
2009-10-09,30.81054306030273
2009-10-12,30.965091705322266
2009-10-13,30.6828727722168
2009-10-14,31.69083976745605
2009-10-15,31.69083976745605
2009-10-16,30.95165634155273
2009-10-19,30.89788818359375
2009-10-20,30.93150520324707
2009-10-21,30.00415802001953
2009-10-22,30.71645736694336
2009-10-23,30.393911361694336
2009-10-26,29.4464168548584
2009-10-27,29.50018119812012
2009-10-28,28.68035316467285
2009-10-29,29.802566528320312
2009-10-30,28.06883811950684
2009-11-02,28.613147735595703
2009-11-03,28.693782806396484
2009-11-04,28.36451530456543
2009-11-05,29.48002243041992
2009-11-06,29.217937469482425
2009-11-09,29.802566528320312
2009-11-10,29.68160057067871
2009-11-11,29.78240394592285
2009-11-12,29.09697914123535
2009-11-13,28.828184127807617
2009-11-16,28.92225456237793
2009-11-17,29.002893447875977
2009-11-18,29.15074157714844
2009-11-19,28.592988967895508
2009-11-20,28.53251838684082
2009-11-23,29.083539962768555
2009-11-24,28.54595184326172
2009-11-25,28.330921173095703
2009-11-27,27.773168563842773
2009-11-30,28.552663803100582
2009-12-01,28.371246337890625
2009-12-02,28.17635536193848
2009-12-03,27.820207595825195
2009-12-04,28.048673629760746
2009-12-07,27.719406127929688
2009-12-08,27.692535400390625
2009-12-09,27.679094314575195
2009-12-10,27.73285675048828
2009-12-11,27.52452850341797
2009-12-14,28.06883811950684
2009-12-15,27.457334518432617
2009-12-16,27.79332733154297
2009-12-17,27.06085968017578
2009-12-18,27.517820358276367
2009-12-21,28.15620231628418
2009-12-22,28.183074951171875
2009-12-23,27.92773056030273
2009-12-24,28.149471282958984
2009-12-28,28.03524208068848
2009-12-29,27.88068580627441
2009-12-30,27.907569885253903
2009-12-31,28.00164794921875
2010-01-04,28.829174041748047
2010-01-05,29.38759422302246
2010-01-06,29.549072265625
2010-01-07,30.1343994140625
2010-01-08,30.06039047241211
2010-01-11,29.95946502685547
2010-01-12,29.25976181030273
2010-01-13,29.771095275878903
2010-01-14,30.067121505737305
2010-01-15,29.38759422302246
2010-01-19,29.118480682373047
2010-01-20,29.19920539855957
2010-01-21,27.27502822875977
2010-01-22,26.34657859802246
2010-01-25,26.38021850585937
2010-01-26,25.86215209960937
2010-01-27,26.460947036743164
2010-01-28,26.56186485290528
2010-01-29,26.19856071472168
2010-02-01,26.662782669067383
2010-02-02,27.281747817993164
2010-02-03,27.10682678222656
2010-02-04,25.801607131958008
2010-02-05,25.767967224121094
2010-02-08,25.364288330078125
2010-02-09,25.828519821166992
2010-02-10,26.15145874023437
2010-02-11,26.25238990783692
2010-02-12,26.205291748046875
2010-02-16,26.95881080627441
2010-02-17,26.938623428344727
2010-02-18,27.18756103515625
2010-02-19,26.931903839111328
2010-02-22,27.48359107971192
2010-02-23,26.83097648620605
2010-02-24,27.48359107971192
2010-02-25,27.34230232238769
2010-02-26,28.237119674682617
2010-03-01,28.14292335510254
2010-03-02,28.001651763916016
2010-03-03,27.94109344482422
2010-03-04,28.203479766845703
2010-03-05,28.802270889282227
2010-03-08,28.654253005981445
2010-03-09,28.53988265991211
2010-03-10,28.882991790771484
2010-03-11,29.051204681396484
2010-03-12,29.03101921081543
2010-03-15,28.97718811035156
2010-03-16,29.09157371520996
2010-03-17,29.46160888671875
2010-03-18,29.36069107055664
2010-03-19,29.23284721374512
2010-03-22,29.427967071533203
2010-03-23,29.99310874938965
2010-03-24,30.23531150817871
2010-03-25,30.23531150817871
2010-03-26,30.28913688659668
2010-03-29,30.18148803710937
2010-03-30,29.99310874938965
2010-03-31,30.10748291015625
2010-04-01,30.4307861328125
2010-04-05,30.538558959960938
2010-04-06,30.875316619873047
2010-04-07,30.52507781982422
2010-04-08,30.821441650390625
2010-04-09,30.96961784362793
2010-04-12,31.07738876342773
2010-04-13,30.89552497863769
2010-04-14,32.148319244384766
2010-04-15,32.20222091674805
2010-04-16,30.67999839782715
2010-04-19,30.572229385375977
2010-04-20,30.902267456054688
2010-04-21,30.545284271240234
2010-04-22,30.13443946838379
2010-04-23,30.269126892089844
2010-04-26,29.561906814575195
2010-04-27,28.5650634765625
2010-04-28,29.27228546142578
2010-04-29,29.636005401611328
2010-04-30,28.6795711517334
2010-05-03,29.31943130493164
2010-05-04,28.605478286743164
2010-05-05,28.7132568359375
2010-05-06,27.48739242553711
2010-05-07,27.45370864868164
2010-05-10,28.255237579345703
2010-05-11,27.985816955566406
2010-05-12,28.08010482788086
2010-05-13,27.48739242553711
2010-05-14,26.867733001708984
2010-05-17,26.83405303955078
2010-05-18,26.281753540039062
2010-05-19,26.52422332763672
2010-05-20,25.48022651672364
2010-05-21,26.97549629211425
2010-05-24,26.01232147216797
2010-05-25,26.22786521911621
2010-05-26,26.120086669921875
2010-05-27,27.22470664978028
2010-05-28,26.65892791748047
2010-06-01,25.95845603942871
2010-06-02,26.638729095458984
2010-06-03,26.33563232421875
2010-06-04,25.33878326416016
2010-06-07,24.732589721679688
2010-06-08,25.44654655456543
2010-06-09,25.002010345458984
2010-06-10,25.79005241394043
2010-06-11,25.655345916748047
2010-06-14,25.14344787597656
2010-06-15,25.763113021850582
2010-06-16,25.944969177246094
2010-06-17,25.89108085632324
2010-06-18,26.38951301574707
2010-06-21,26.18071174621582
2010-06-22,25.816999435424805
2010-06-23,26.19419479370117
2010-06-24,25.61493873596192
2010-06-25,26.56462860107422
2010-06-28,25.95845603942871
2010-06-29,24.96159172058105
2010-06-30,24.658506393432617
2010-07-01,24.33474922180176
2010-07-02,24.16614151000977
2010-07-06,24.503379821777344
2010-07-07,25.730897903442383
2010-07-08,25.73764419555664
2010-07-09,26.20302963256836
2010-07-12,26.432342529296875
2010-07-13,27.302410125732425
2010-07-14,27.2147274017334
2010-07-15,27.28892135620117
2010-07-16,26.3041934967041
2010-07-19,26.3311710357666
2010-07-20,26.72911071777344
2010-07-21,25.913009643554688
2010-07-22,26.540260314941406
2010-07-23,26.864002227783203
2010-07-26,27.20123863220215
2010-07-27,27.44404602050781
2010-07-28,27.19449806213379
2010-07-29,27.12030601501465
2010-07-30,27.167510986328125
2010-08-02,28.08479118347168
2010-08-03,27.70709228515625
2010-08-04,27.848731994628903
2010-08-05,27.83523368835449
2010-08-06,27.275428771972656
2010-08-09,26.85726356506348
2010-08-10,26.418851852416992
2010-08-11,25.4746036529541
2010-08-12,25.501583099365234
2010-08-13,25.29250144958496
2010-08-16,25.420642852783203
2010-08-17,25.27901077270508
2010-08-18,25.5555419921875
2010-08-19,25.00247383117676
2010-08-20,25.0496883392334
2010-08-23,24.87433433532715
2010-08-24,24.42243385314941
2010-08-25,24.435924530029297
2010-08-26,24.031248092651367
2010-08-27,24.685482025146484
2010-08-30,24.17963218688965
2010-08-31,24.52361297607422
2010-09-01,25.454370498657227
2010-09-02,25.73764419555664
2010-09-03,26.418851852416992
2010-09-07,25.818586349487305
2010-09-08,26.38512420654297
2010-09-09,27.046104431152344
2010-09-10,26.816791534423828
2010-09-13,27.73406219482422
2010-09-14,27.46427345275879
2010-09-15,27.63963890075684
2010-09-16,27.64639663696289
2010-09-17,27.01913833618164
2010-09-20,27.78127670288086
2010-09-21,27.37660789489746
2010-09-22,26.93819999694824
2010-09-23,26.37164688110352
2010-09-24,26.81004524230957
2010-09-27,26.35815620422364
2010-09-28,26.270477294921875
2010-09-29,25.90626716613769
2010-09-30,25.67021369934082
2010-10-01,26.1760482788086
2010-10-04,26.304367065429688
2010-10-05,26.770341873168945
2010-10-06,26.94593811035156
2010-10-07,26.689308166503903
2010-10-08,26.547483444213867
2010-10-11,26.83112525939941
2010-10-12,27.283599853515625
2010-10-13,26.905412673950195
2010-10-14,26.14904022216797
2010-10-15,25.088754653930664
2010-10-18,25.797866821289062
2010-10-19,25.45343971252441
2010-10-20,25.73033142089844
2010-10-21,25.460189819335938
2010-10-22,25.460189819335938
2010-10-25,25.034730911254883
2010-10-26,25.12252616882324
2010-10-27,25.35213851928711
2010-10-28,25.331876754760746
2010-10-29,25.412914276123047
2010-11-01,25.27109718322754
2010-11-02,24.96044921875
2010-11-03,25.47370719909668
2010-11-04,26.878395080566406
2010-11-05,27.648283004760746
2010-11-08,27.35788917541504
2010-11-09,26.94593811035156
2010-11-10,27.432178497314453
2010-11-11,27.02696990966797
2010-11-12,26.75008583068848
2010-11-15,27.067502975463867
2010-11-16,26.75008583068848
2010-11-17,26.459693908691406
2010-11-18,26.78384590148925
2010-11-19,26.615015029907227
2010-11-22,26.00721740722656
2010-11-23,25.412914276123047
2010-11-24,25.77084922790528
2010-11-26,25.325130462646484
2010-11-29,25.602020263671875
2010-11-30,25.25760269165039
2010-12-01,25.76409339904785
2010-12-02,26.547483444213867
2010-12-03,26.75008583068848
2010-12-06,26.94593811035156
2010-12-07,26.506975173950195
2010-12-08,27.189054489135746
2010-12-09,27.56049346923828
2010-12-10,27.979198455810547
2010-12-13,28.033218383789062
2010-12-14,27.54697799682617
2010-12-15,27.15529060363769
2010-12-16,27.020219802856445
2010-12-17,26.790603637695312
2010-12-20,26.979692459106445
2010-12-21,27.68880271911621
2010-12-22,28.472192764282227
2010-12-23,28.41817092895508
2010-12-27,28.81660270690918
2010-12-28,28.77608108520508
2010-12-29,28.60725975036621
2010-12-30,28.519466400146484
2010-12-31,28.647781372070312
2011-01-03,29.4311752319336
2011-01-04,29.857128143310547
2011-01-05,30.22222137451172
2011-01-06,30.07348251342773
2011-01-07,29.50555229187012
2011-01-10,29.34327507019043
2011-01-11,29.4785099029541
2011-01-12,30.228975296020508
2011-01-13,30.053199768066406
2011-01-14,30.36420631408692
2011-01-18,30.256032943725582
2011-01-19,29.552881240844727
2011-01-20,30.256032943725582
2011-01-21,30.62113380432129
2011-01-24,30.43858337402344
2011-01-25,30.337158203125
2011-01-26,30.41154289245605
2011-01-27,30.492658615112305
2011-01-28,30.114038467407227
2011-01-31,30.384483337402344
2011-02-01,31.05384635925293
2011-02-02,30.72929573059082
2011-02-03,30.736066818237305
2011-02-04,30.14784812927246
2011-02-07,30.763113021850582
2011-02-08,30.925376892089844
2011-02-09,30.499435424804688
2011-02-10,30.78340530395508
2011-02-11,31.486560821533203
2011-02-14,31.46626663208008
2011-02-15,31.65559768676757
2011-02-16,32.412837982177734
2011-02-17,32.33170700073242
2011-02-18,32.45340347290039
2011-02-22,31.1079330444336
2011-02-23,31.074125289916992
2011-02-24,31.040321350097656
2011-02-25,31.56092071533203
2011-02-28,31.567689895629883
2011-03-01,30.83073616027832
2011-03-02,30.567047119140625
2011-03-03,31.1552734375
2011-03-04,30.77664375305176
2011-03-07,30.55352020263672
2011-03-08,31.37162971496582
2011-03-09,31.47980308532715
2011-03-10,30.78340530395508
2011-03-11,30.925376892089844
2011-03-14,30.62788772583008
2011-03-15,30.161365509033203
2011-03-16,29.62049865722656
2011-03-17,30.12757682800293
2011-03-18,30.925376892089844
2011-03-21,30.85100746154785
2011-03-22,30.74283599853516
2011-03-23,30.83073616027832
2011-03-24,30.91862297058105
2011-03-25,31.00651931762696
2011-03-28,31.074125289916992
2011-03-29,31.11470031738281
2011-03-30,31.405424118041992
2011-03-31,31.168785095214844
2011-04-01,31.33781242370605
2011-04-04,31.50094985961914
2011-04-05,31.664106369018555
2011-04-06,32.38467025756836
2011-04-07,32.221527099609375
2011-04-08,31.840845108032227
2011-04-11,31.85443878173828
2011-04-12,31.704893112182617
2011-04-13,31.43978500366211
2011-04-14,30.56967544555664
2011-04-15,30.515270233154297
2011-04-18,29.88307762145996
2011-04-19,30.35213088989257
2011-04-20,30.290958404541016
2011-04-21,30.372528076171875
2011-04-25,30.32493019104004
2011-04-26,30.671619415283203
2011-04-27,30.929941177368164
2011-04-28,31.167863845825195
2011-04-29,31.018310546875
2011-05-02,30.71241950988769
2011-05-03,31.21544647216797
2011-05-04,30.929941177368164
2011-05-05,30.70560836791992
2011-05-06,30.61725234985352
2011-05-09,30.562854766845703
2011-05-10,30.69881057739257
2011-05-11,30.066627502441406
2011-05-12,29.97144889831543
2011-05-13,29.332469940185547
2011-05-16,29.14892578125
2011-05-17,29.78113174438477
2011-05-18,29.96465492248535
2011-05-19,29.910280227661133
2011-05-20,29.318862915039062
2011-05-23,28.92458724975586
2011-05-24,28.78183937072754
2011-05-25,28.734264373779297
2011-05-26,28.856609344482425
2011-05-27,29.08774757385254
2011-05-31,29.39365005493164
2011-06-01,28.3875675201416
2011-06-02,28.285600662231445
2011-06-03,28.25840950012207
2011-06-06,27.551437377929688
2011-06-07,27.68059158325196
2011-06-08,27.45626449584961
2011-06-09,27.85733985900879
2011-06-10,27.90492248535156
2011-06-13,28.32637596130371
2011-06-14,28.285600662231445
2011-06-15,27.65340232849121
2011-06-16,27.435880661010746
2011-06-17,27.734983444213867
2011-06-20,27.51744842529297
2011-06-21,27.80976104736328
2011-06-22,27.66020393371582
2011-06-23,27.238739013671875
2011-06-24,26.84447288513184
2011-06-27,27.10958671569824
2011-06-28,26.87845802307129
2011-06-29,27.49705696105957
2011-06-30,27.83014678955078
2011-07-01,28.43886375427246
2011-07-05,28.06268310546875
2011-07-06,27.741241455078125
2011-07-07,28.261043548583984
2011-07-08,27.86434555053711
2011-07-11,26.96836853027344
2011-07-12,26.941007614135746
2011-07-13,27.09832000732422
2011-07-14,27.597606658935547
2011-07-15,27.344541549682617
2011-07-18,27.241952896118164
2011-07-19,27.62495803833008
2011-07-20,28.01482009887696
2011-07-21,28.924480438232425
2011-07-22,28.85608291625977
2011-07-25,28.514095306396484
2011-07-26,28.34312057495117
2011-07-27,27.81648063659668
2011-07-28,27.82331085205078
2011-07-29,27.665998458862305
2011-08-01,27.659162521362305
2011-08-02,27.248783111572266
2011-08-03,27.289825439453125
2011-08-04,25.935592651367188
2011-08-05,25.71672439575196
2011-08-08,23.295522689819336
2011-08-09,24.895980834960938
2011-08-10,23.507543563842773
2011-08-11,25.09433555603028
2011-08-12,24.560836791992188
2011-08-15,25.22428703308105
2011-08-16,24.64291954040528
2011-08-17,25.01224899291992
2011-08-18,24.06838798522949
2011-08-19,23.49387550354004
2011-08-22,22.85095596313477
2011-08-23,23.78797721862793
2011-08-24,24.50613212585449
2011-08-25,24.43090057373047
2011-08-26,24.76602554321289
2011-08-29,25.74409294128418
2011-08-30,25.347389221191406
2011-08-31,25.689373016357425
2011-09-01,24.827577590942383
2011-09-02,23.685380935668945
2011-09-06,22.871471405029297
2011-09-07,23.815330505371094
2011-09-08,22.91934585571289
2011-09-09,21.9412899017334
2011-09-12,22.173837661743164
2011-09-13,22.221717834472656
2011-09-14,22.43373680114746
2011-09-15,23.1245346069336
2011-09-16,22.86463165283203
2011-09-19,22.221717834472656
2011-09-20,22.05756568908692
2011-09-21,20.7512149810791
2011-09-22,20.01937294006348
2011-09-23,20.238250732421875
2011-09-26,21.647193908691406
2011-09-27,21.59247398376465
2011-09-28,20.840124130249023
2011-09-29,21.46936416625977
2011-09-30,20.60073471069336
2011-10-03,19.595325469970703
2011-10-04,20.878677368164062
2011-10-05,21.278865814208984
2011-10-06,22.34143447875977
2011-10-07,21.182270050048828
2011-10-10,22.286243438720703
2011-10-11,22.286243438720703
2011-10-12,22.907211303710938
2011-10-13,21.803253173828125
2011-10-14,22.00334930419922
2011-10-17,21.416860580444336
2011-10-18,22.67951774597168
2011-10-19,22.251733779907227
2011-10-20,22.85891914367676
2011-10-21,23.05900764465332
2011-10-24,23.852489471435547
2011-10-25,23.10730743408203
2011-10-26,23.583385467529297
2011-10-27,25.54292106628418
2011-10-28,25.315231323242188
2011-10-31,23.98357582092285
2011-11-01,22.56912612915039
2011-11-02,23.210798263549805
2011-11-03,23.72138786315918
2011-11-04,23.4384994506836
2011-11-07,23.624792098999023
2011-11-08,24.1629638671875
2011-11-09,22.451824188232425
2011-11-10,22.589826583862305
2011-11-11,22.962411880493164
2011-11-14,22.45873069763184
2011-11-15,22.562225341796875
2011-11-16,21.713552474975582
2011-11-17,21.0373764038086
2011-11-18,21.127071380615234
2011-11-21,20.63718605041504
2011-11-22,20.292198181152344
2011-11-23,19.581523895263672
2011-11-25,19.650524139404297
2011-11-28,20.11970329284668
2011-11-29,19.705724716186523
2011-11-30,21.36856460571289
2011-12-01,21.016674041748047
2011-12-02,22.306930541992188
2011-12-05,23.12110137939453
2011-12-06,22.92790412902832
2011-12-07,23.45919418334961
2011-12-08,22.231033325195312
2011-12-09,22.89341354370117
2011-12-12,22.10683822631836
2011-12-13,21.58935165405273
2011-12-14,21.741146087646484
2011-12-15,21.91364479064941
2011-12-16,22.00334930419922
2011-12-19,21.182270050048828
2011-12-20,22.224136352539062
2011-12-21,22.300037384033203
2011-12-22,23.079708099365234
2011-12-23,23.16250801086425
2011-12-27,22.789918899536133
2011-12-28,22.52772331237793
2011-12-29,23.05900764465332
2011-12-30,22.941713333129883
2012-01-03,24.13537979125977
2012-01-04,24.28825759887696
2012-01-05,24.79556655883789
2012-01-06,24.573183059692383
2012-01-09,24.5314884185791
2012-01-10,25.052690505981445
2012-01-11,25.47661781311035
2012-01-12,25.60864448547364
2012-01-13,24.96234703063965
2012-01-17,24.260467529296875
2012-01-18,25.393217086791992
2012-01-19,25.66424560546875
2012-01-20,25.96306610107422
2012-01-23,26.17155647277832
2012-01-24,26.17155647277832
2012-01-25,26.12985610961914
2012-01-26,26.05341529846192
2012-01-27,25.858829498291016
2012-01-30,25.719839096069336
2012-01-31,25.921375274658203
2012-02-01,26.12985610961914
2012-02-02,26.09510803222656
2012-02-03,26.6024227142334
2012-02-06,26.505115509033203
2012-02-07,26.317495346069336
2012-02-08,26.61631774902344
2012-02-09,26.310535430908203
2012-02-10,26.136796951293945
2012-02-13,26.61631774902344
2012-02-14,26.352237701416016
2012-02-15,25.99086570739746
2012-02-16,26.407833099365234
2012-02-17,26.734458923339844
2012-02-21,26.727508544921875
2012-02-22,26.45647621154785
2012-02-23,26.748369216918945
2012-02-24,26.6024227142334
2012-02-27,27.144472122192383
2012-02-28,27.24871063232422
2012-02-29,27.26957321166992
2012-03-01,28.05484962463379
2012-03-02,28.235536575317383
2012-03-05,28.07569122314453
2012-03-06,27.32516098022461
2012-03-07,27.76297187805176
2012-03-08,28.103492736816406
2012-03-09,28.51350784301757
2012-03-12,28.17299461364746
2012-03-13,30.153573989868164
2012-03-14,30.285614013671875
2012-03-15,31.063947677612305
2012-03-16,30.97361183166504
2012-03-19,31.272430419921875
2012-03-20,31.536508560180664
2012-03-21,31.355817794799805
2012-03-22,31.029193878173828
2012-03-23,31.38363075256348
2012-03-26,32.08552551269531
2012-03-27,31.890941619873047
2012-03-28,32.15501022338867
2012-03-29,31.738056182861328
2012-03-30,31.95347785949707
2012-04-02,32.05772399902344
2012-04-03,31.77093315124512
2012-04-04,31.064435958862305
2012-04-05,31.01548767089844
2012-04-09,30.70071601867676
2012-04-10,30.0501766204834
2012-04-11,30.784648895263672
2012-04-12,31.365209579467773
2012-04-13,30.225053787231445
2012-04-16,30.308982849121094
2012-04-17,30.707706451416016
2012-04-18,30.2810173034668
2012-04-19,30.232053756713867
2012-04-20,29.882293701171875
2012-04-23,29.973234176635746
2012-04-24,30.274024963378903
2012-04-25,30.190080642700195
2012-04-26,30.637754440307617
2012-04-27,30.315977096557617
2012-04-30,30.06415748596192
2012-05-01,30.63075828552246
2012-05-02,30.21805763244629
2012-05-03,30.085145950317383
2012-05-04,29.20379447937012
2012-05-07,29.22477149963379
2012-05-08,28.944988250732425
2012-05-09,28.427345275878903
2012-05-10,28.4973087310791
2012-05-11,25.853227615356445
2012-05-14,25.03482246398925
2012-05-15,25.34959602355957
2012-05-16,24.803993225097656
2012-05-17,23.7337703704834
2012-05-18,23.425989151000977
2012-05-21,22.740478515625
2012-05-22,23.78972244262696
2012-05-23,23.96459579467773
2012-05-24,23.761754989624023
2012-05-25,23.4329776763916
2012-05-29,23.52391242980957
2012-05-30,23.05526351928711
2012-05-31,23.18815994262696
2012-06-01,22.334779739379883
2012-06-04,21.68425941467285
2012-06-05,22.37674903869629
2012-06-06,23.132200241088867
2012-06-07,22.95033264160156
2012-06-08,23.55889320373535
2012-06-11,22.95732879638672
2012-06-12,23.62184715270996
2012-06-13,23.992576599121094
2012-06-14,24.23740196228028
2012-06-15,24.503204345703125
2012-06-18,24.21640968322754
2012-06-19,24.748027801513672
2012-06-20,25.496484756469727
2012-06-21,24.838966369628903
2012-06-22,25.17471504211425
2012-06-25,24.70606231689453
2012-06-26,24.978858947753903
2012-06-27,25.72732162475586
2012-06-28,25.097774505615234
2012-06-29,24.99285316467285
2012-07-02,25.377573013305664
2012-07-03,25.30703926086425
2012-07-05,24.249048233032227
2012-07-06,23.910490036010746
2012-07-09,23.95280838012696
2012-07-10,24.15735626220703
2012-07-11,24.397172927856445
2012-07-12,24.00924301147461
2012-07-13,25.44105339050293
2012-07-16,24.749834060668945
2012-07-17,24.67929649353028
2012-07-18,24.65813064575196
2012-07-19,24.30548095703125
2012-07-20,23.910490036010746
2012-07-23,24.291370391845703
2012-07-24,24.49591827392578
2012-07-25,24.80625915527344
2012-07-26,25.25766563415528
2012-07-27,26.019418716430664
2012-07-30,25.490421295166016
2012-07-31,25.39167594909668
2012-08-01,25.39167594909668
2012-08-02,24.80625915527344
2012-08-03,25.45516014099121
2012-08-06,25.6032829284668
2012-08-07,26.104049682617188
2012-08-08,26.2098445892334
2012-08-09,26.04058074951172
2012-08-10,26.07584381103516
2012-08-13,26.089948654174805
2012-08-14,26.16752815246582
2012-08-15,26.146379470825195
2012-08-16,26.16752815246582
2012-08-17,26.082895278930664
2012-08-20,26.35797500610352
2012-08-21,26.83054542541504
2012-08-22,26.68242645263672
2012-08-23,26.25922393798828
2012-08-24,26.21690368652344
2012-08-27,26.25922393798828
2012-08-28,26.188695907592773
2012-08-29,26.30860137939453
2012-08-30,26.02647018432617
2012-08-31,26.19574737548828
2012-09-04,26.104049682617188
2012-09-05,26.17459297180176
2012-09-06,27.28899955749512
2012-09-07,27.71925163269043
2012-09-10,27.338367462158203
2012-09-11,27.93083953857422
2012-09-12,28.156553268432617
2012-09-13,29.200428009033203
2012-09-14,29.32032966613769
2012-09-17,29.05230712890625
2012-09-18,29.1016788482666
2012-09-19,29.15810775756836
2012-09-20,29.09461212158203
2012-09-21,28.833663940429688
2012-09-24,29.08052062988281
2012-09-25,28.60089874267578
2012-09-26,28.382247924804688
2012-09-27,28.69260025024414
2012-09-28,28.5515251159668
2012-10-01,28.897140502929688
2012-10-02,28.86186981201172
2012-10-03,29.032394409179688
2012-10-04,29.714519500732425
2012-10-05,29.63635635375977
2012-10-08,29.60083770751953
2012-10-09,29.40188407897949
2012-10-10,29.67898368835449
2012-10-11,29.9134464263916
2012-10-12,29.57240104675293
2012-10-15,30.11241340637207
2012-10-16,30.43215751647949
2012-10-17,30.78032112121582
2012-10-18,30.56004905700684
2012-10-19,30.06977844238281
2012-10-22,29.90634727478028
2012-10-23,29.36634826660156
2012-10-24,29.63635635375977
2012-10-25,29.60794258117676
2012-10-26,29.24555397033692
2012-10-31,29.615047454833984
2012-11-01,30.439254760742188
2012-11-02,30.14082908630371
2012-11-05,30.03424835205078
2012-11-06,30.467674255371094
2012-11-07,28.762392044067383
2012-11-08,28.70555686950684
2012-11-09,28.86187171936035
2012-11-12,28.83345031738281
2012-11-13,28.44975852966309
2012-11-14,27.916858673095703
2012-11-15,27.98791885375977
2012-11-16,28.087387084960938
2012-11-19,28.840559005737305
2012-11-20,28.918716430664062
2012-11-21,28.940034866333008
2012-11-23,29.19582748413086
2012-11-26,29.046613693237305
2012-11-27,28.954240798950195
2012-11-28,29.011091232299805
2012-11-29,29.288196563720703
2012-11-30,29.18872261047364
2012-12-03,28.996875762939453
2012-12-04,28.826339721679688
2012-12-05,29.273988723754883
2012-12-06,29.465824127197266
2012-12-07,30.240312576293945
2012-12-10,30.062679290771484
2012-12-11,30.29714012145996
2012-12-12,30.389528274536133
2012-12-13,30.396625518798828
2012-12-14,30.417945861816406
2012-12-17,30.894004821777344
2012-12-18,31.171104431152344
2012-12-19,30.92953109741211
2012-12-20,31.64006996154785
2012-12-21,31.26347923278809
2012-12-24,31.20663833618164
2012-12-26,31.23504447937012
2012-12-27,31.000577926635746
2012-12-28,30.72348022460937
2012-12-31,31.24216079711914
2013-01-02,31.9504337310791
2013-01-03,31.88603401184082
2013-01-04,32.45121765136719
2013-01-07,32.48698043823242
2013-01-08,32.55136489868164
2013-01-09,32.5298957824707
2013-01-10,33.01638412475586
2013-01-11,33.00923156738281
2013-01-14,32.8232307434082
2013-01-15,33.159481048583984
2013-01-16,33.49570846557617
2013-01-17,33.223854064941406
2013-01-18,33.23817825317383
2013-01-22,33.29540252685547
2013-01-23,33.0736198425293
2013-01-24,33.17378616333008
2013-01-25,33.73896026611328
2013-01-28,33.36692810058594
2013-01-29,33.71034240722656
2013-01-30,33.71749496459961
2013-01-31,33.66024398803711
2013-02-01,34.23259353637695
2013-02-04,34.11096954345703
2013-02-05,34.90507888793945
2013-02-06,34.77631378173828
2013-02-07,34.50445556640625
2013-02-08,34.790611267089844
2013-02-11,34.812068939208984
2013-02-12,35.155479431152344
2013-02-13,34.826393127441406
2013-02-14,35.21271896362305
2013-02-15,34.96947479248047
2013-02-19,35.37725830078125
2013-02-20,34.77631378173828
2013-02-21,34.51875686645508
2013-02-22,34.99092102050781
2013-02-25,34.12528991699219
2013-02-26,34.05373764038086
2013-02-27,35.25564193725586
2013-02-28,34.998077392578125
2013-03-01,34.99092102050781
2013-03-04,35.12686538696289
2013-03-05,35.4058837890625
2013-03-06,35.79219436645508
2013-03-07,36.221439361572266
2013-03-08,35.9138069152832
2013-03-11,36.1141357421875
2013-03-12,35.97105026245117
2013-03-13,35.88520431518555
2013-03-14,36.48613739013672
2013-03-15,35.785037994384766
2013-03-18,35.420188903808594
2013-03-19,35.19840621948242
2013-03-20,35.14117431640625
2013-03-21,34.59030532836914
2013-03-22,34.897918701171875
2013-03-25,34.7119255065918
2013-03-26,34.79776763916016
2013-03-27,34.175350189208984
2013-03-28,33.953582763671875
2013-04-01,34.21828842163086
2013-04-02,34.540218353271484
2013-04-03,33.726741790771484
2013-04-04,34.187469482421875
2013-04-05,34.48982620239258
2013-04-08,34.9721565246582
2013-04-09,35.044151306152344
2013-04-10,35.45448303222656
2013-04-11,35.49766159057617
2013-04-12,35.28170394897461
2013-04-15,34.50421905517578
2013-04-16,34.907352447509766
2013-04-17,33.68354797363281
2013-04-18,33.5755729675293
2013-04-19,34.00029754638672
2013-04-22,34.08669662475586
2013-04-23,34.67699432373047
2013-04-24,35.072940826416016
2013-04-25,35.27449417114258
2013-04-26,35.18812561035156
2013-04-29,35.21690368652344
2013-04-30,35.28170394897461
2013-05-01,34.56181716918945
2013-05-02,34.61220932006836
2013-05-03,34.245059967041016
2013-05-06,34.68419647216797
2013-05-07,35.37529754638672
2013-05-08,35.82162094116211
2013-05-09,35.303314208984375
2013-05-10,35.2457160949707
2013-05-13,35.75682830810547
2013-05-14,36.15996170043945
2013-05-15,36.77907180786133
2013-05-16,36.69269943237305
2013-05-17,37.65013885498047
2013-05-20,37.64293670654297
2013-05-21,38.16845703125
2013-05-22,38.60760116577149
2013-05-23,38.40601348876953
2013-05-24,38.62918472290039
2013-05-28,39.30588150024414
2013-05-29,39.35627365112305
2013-05-30,40.040164947509766
2013-05-31,39.29868698120117
2013-06-03,39.22669982910156
2013-06-04,38.902740478515625
2013-06-05,38.17565536499024
2013-06-06,38.51400375366211
2013-06-07,39.06831741333008
2013-06-10,39.13311004638672
2013-06-11,38.50680923461914
2013-06-12,38.28364181518555
2013-06-13,38.9963264465332
2013-06-14,38.247650146484375
2013-06-17,38.76595306396485
2013-06-18,38.95313262939453
2013-06-19,38.54998779296875
2013-06-20,37.77971649169922
2013-06-21,37.405364990234375
2013-06-24,36.65669631958008
2013-06-25,37.49176025390625
2013-06-26,37.79411315917969
2013-06-27,38.26204299926758
2013-06-28,38.002891540527344
2013-07-01,37.78691101074219
2013-07-02,38.28726959228516
2013-07-03,38.2655029296875
2013-07-05,39.150169372558594
2013-07-08,39.66503143310547
2013-07-09,39.80281066894531
2013-07-10,39.75929260253906
2013-07-11,39.98408508300781
2013-07-12,39.86081314086914
2013-07-15,39.80281066894531
2013-07-16,39.88981628417969
2013-07-17,40.07835006713867
2013-07-18,40.87600326538086
2013-07-19,40.72372817993164
2013-07-22,41.01378631591797
2013-07-23,41.09355545043945
2013-07-24,41.06454086303711
2013-07-25,40.97026824951172
2013-07-26,40.643951416015625
2013-07-29,40.38290023803711
2013-07-30,40.121864318847656
2013-07-31,40.411903381347656
2013-08-01,40.99926376342773
2013-08-02,40.96302032470703
2013-08-05,40.68021011352539
2013-08-06,40.23788070678711
2013-08-07,40.100093841552734
2013-08-08,39.75929260253906
2013-08-09,39.53449249267578
2013-08-12,39.22267532348633
2013-08-13,39.367713928222656
2013-08-14,39.26620864868164
2013-08-15,38.6425666809082
2013-08-16,38.6425666809082
2013-08-19,37.5838737487793
2013-08-20,37.79418182373047
2013-08-21,37.43885040283203
2013-08-22,37.85942459106445
2013-08-23,37.9391975402832
2013-08-26,37.5621223449707
2013-08-27,36.69195175170898
2013-08-28,36.67745971679688
2013-08-29,36.764461517333984
2013-08-30,36.64120101928711
2013-09-03,37.07627868652344
2013-09-04,37.61288070678711
2013-09-05,37.786903381347656
2013-09-06,38.11322784423828
2013-09-09,38.33076858520508
2013-09-10,38.91812133789063
2013-09-11,38.62081146240234
2013-09-12,37.88117218017578
2013-09-13,38.134986877441406
2013-09-16,38.533809661865234
2013-09-17,38.49755096435547
2013-09-18,38.72958755493164
2013-09-19,38.2509994506836
2013-09-20,38.28726959228516
2013-09-23,37.31558227539063
2013-09-24,36.48891830444336
2013-09-25,37.4896125793457
2013-09-26,37.62738800048828
2013-09-27,37.88117218017578
2013-09-30,37.482364654541016
2013-10-01,37.67813491821289
2013-10-02,38.05068588256836
2013-10-03,37.94111251831055
2013-10-04,38.4743766784668
2013-10-07,37.86076354980469
2013-10-08,37.15950775146485
2013-10-09,37.07183837890625
2013-10-10,38.36479187011719
2013-10-11,38.35749053955078
2013-10-14,38.50357818603516
2013-10-15,38.21138000488281
2013-10-16,39.44590377807617
2013-10-17,39.59929275512695
2013-10-18,39.6650505065918
2013-10-21,39.64313125610352
2013-10-22,39.16832733154297
2013-10-23,38.53280258178711
2013-10-24,38.335575103759766
2013-10-25,38.54740905761719
2013-10-28,38.48167037963867
2013-10-29,38.518192291259766
2013-10-30,38.42323684692383
2013-10-31,37.64892959594727
2013-11-01,38.35749053955078
2013-11-04,38.01416778564453
2013-11-05,37.94841384887695
2013-11-06,38.05797958374024
2013-11-07,37.729278564453125
2013-11-08,39.41667938232422
2013-11-11,39.51895523071289
2013-11-12,39.42398834228516
2013-11-13,39.54817962646485
2013-11-14,39.738094329833984
2013-11-15,40.08142852783203
2013-11-18,40.71693420410156
2013-11-19,41.01644134521485
2013-11-20,40.97990798950195
2013-11-21,41.79804992675781
2013-11-22,41.973365783691406
2013-11-25,42.11216354370117
2013-11-26,41.76152420043945
2013-11-27,41.98796081542969
2013-11-29,41.79804992675781
2013-12-02,41.62272262573242
2013-12-03,41.53508758544922
2013-12-04,41.77613067626953
2013-12-05,40.775367736816406
2013-12-06,40.9506950378418
2013-12-09,41.27939987182617
2013-12-10,41.4182014465332
2013-12-11,40.9579963684082
2013-12-12,41.13330841064453
2013-12-13,41.031044006347656
2013-12-16,41.21366500854492
2013-12-17,40.70232009887695
2013-12-18,41.81266021728516
2013-12-19,41.80535507202149
2013-12-20,42.14867782592773
2013-12-23,42.54313659667969
2013-12-24,42.550437927246094
2013-12-26,42.513916015625
2013-12-27,42.470096588134766
2013-12-30,42.331298828125
2013-12-31,42.718448638916016
2014-01-02,42.79933166503906
2014-01-03,43.13020324707031
2014-01-06,43.38018035888672
2014-01-07,42.880218505859375
2014-01-08,43.28460693359375
2014-01-09,43.203712463378906
2014-01-10,43.00519943237305
2014-01-13,42.42434310913086
2014-01-14,42.45376968383789
2014-01-15,43.7404670715332
2014-01-16,43.372833251953125
2014-01-17,42.7258186340332
2014-01-21,42.76991653442383
2014-01-22,42.34347915649414
2014-01-23,41.519981384277344
2014-01-24,40.505348205566406
2014-01-27,40.505348205566406
2014-01-28,40.98324203491211
2014-01-29,40.8288459777832
2014-01-30,41.17441177368164
2014-01-31,40.7038459777832
2014-02-03,39.931827545166016
2014-02-04,40.40238571166992
2014-02-05,40.59356689453125
2014-02-06,41.527339935302734
2014-02-07,41.63027572631836
2014-02-10,41.71850204467773
2014-02-11,42.225833892822266
2014-02-12,42.29201126098633
2014-02-13,42.66697692871094
2014-02-14,42.75522232055664
2014-02-18,43.00519943237305
2014-02-19,42.100830078125
2014-02-20,42.336124420166016
2014-02-21,42.358177185058594
2014-02-24,42.66697692871094
2014-02-25,41.93172836303711
2014-02-26,41.725860595703125
2014-02-27,41.681739807128906
2014-02-28,41.77732849121094
2014-03-03,41.32881546020508
2014-03-04,42.100830078125
2014-03-05,42.762577056884766
2014-03-06,43.30666732788086
2014-03-07,43.67428970336914
2014-03-10,43.52722930908203
2014-03-11,42.78461837768555
2014-03-12,42.58611679077149
2014-03-13,42.218482971191406
2014-03-14,41.76261901855469
2014-03-17,42.336124420166016
2014-03-18,42.68904495239258
2014-03-19,42.86549377441406
2014-03-20,44.19633102416992
2014-03-21,44.24043273925781
2014-03-24,44.90216445922852
2014-03-25,44.79923248291016
2014-03-26,44.04192733764648
2014-03-27,44.056636810302734
2014-03-28,44.14485168457031
2014-03-31,44.63747024536133
2014-04-01,44.60806274414063
2014-04-02,44.7486457824707
2014-04-03,44.88182830810547
2014-04-04,44.25291061401367
2014-04-07,43.653602600097656
2014-04-08,43.54261779785156
2014-04-09,43.85337448120117
2014-04-10,42.46977615356445
2014-04-11,40.9160041809082
2014-04-14,40.66444778442383
2014-04-15,40.54606246948242
2014-04-16,40.88640975952149
2014-04-17,40.8568115234375
2014-04-21,40.71623229980469
2014-04-22,41.29335403442383
2014-04-23,41.470924377441406
2014-04-24,41.57450866699219
2014-04-25,41.21194839477539
2014-04-28,41.056583404541016
2014-04-29,41.50791931152344
2014-04-30,41.41912460327149
2014-05-01,41.22676467895508
2014-05-02,41.1231803894043
2014-05-05,40.11692428588867
2014-05-06,39.4658088684082
2014-05-07,39.99114227294922
2014-05-08,40.22051239013672
2014-05-09,39.961544036865234
2014-05-12,40.43507766723633
2014-05-13,40.41286849975586
2014-05-14,40.22051239013672
2014-05-15,39.59159851074219
2014-05-16,39.44362258911133
2014-05-19,39.828372955322266
2014-05-20,39.74697113037109
2014-05-21,40.04293823242188
2014-05-22,40.361083984375
2014-05-23,40.346282958984375
2014-05-27,40.79762649536133
2014-05-28,41.026981353759766
2014-05-29,41.22676467895508
2014-05-30,41.11577606201172
2014-06-02,40.95298385620117
2014-06-03,41.137969970703125
2014-06-04,41.19715118408203
2014-06-05,41.90006637573242
2014-06-06,42.1516227722168
2014-06-09,42.48457336425781
2014-06-10,42.83971786499024
2014-06-11,42.37358856201172
2014-06-12,42.20341491699219
2014-06-13,42.20341491699219
2014-06-16,42.0776481628418
2014-06-17,42.48457336425781
2014-06-18,42.75093078613281
2014-06-19,42.395782470703125
2014-06-20,42.58076858520508
2014-06-23,43.054290771484375
2014-06-24,42.48457336425781
2014-06-25,42.56597137451172
2014-06-26,42.46238327026367
2014-06-27,42.56597137451172
2014-06-30,42.63255310058594
2014-07-01,42.89332580566406
2014-07-02,42.44629669189453
2014-07-03,42.5058822631836
2014-07-07,42.22278594970703
2014-07-08,41.54476165771485
2014-07-09,41.73847961425781
2014-07-10,41.3957405090332
2014-07-11,41.57456207275391
2014-07-14,41.939640045166016
2014-07-15,43.41486358642578
2014-07-16,43.74270248413086
2014-07-17,43.1093864440918
2014-07-18,43.38505935668945
2014-07-21,43.39250946044922
2014-07-22,43.7129020690918
2014-07-23,43.958770751953125
2014-07-24,44.08543014526367
2014-07-25,43.96621322631836
2014-07-28,44.10032653808594
2014-07-29,43.69054412841797
2014-07-30,43.891719818115234
2014-07-31,42.96784591674805
2014-08-01,42.08120346069336
2014-08-04,42.20785903930664
2014-08-05,41.76826858520508
2014-08-06,41.89493942260742
2014-08-07,41.65652847290039
2014-08-08,41.97689437866211
2014-08-11,41.96200180053711
2014-08-12,41.984352111816406
2014-08-13,42.26001739501953
2014-08-14,42.453739166259766
2014-08-15,42.28237533569336
2014-08-18,42.64001083374024
2014-08-19,42.88587188720703
2014-08-20,42.94547271728516
2014-08-21,43.58624267578125
2014-08-22,43.57878494262695
2014-08-25,44.21209716796875
2014-08-26,44.51010894775391
2014-08-27,44.39835357666016
2014-08-28,44.07798385620117
2014-08-29,44.29404830932617
2014-09-02,44.45794677734375
2014-09-03,44.48031234741211
2014-09-04,44.48775100708008
2014-09-05,44.63677978515625
2014-09-08,44.62187194824219
2014-09-09,44.00347137451172
2014-09-10,44.122676849365234
2014-09-11,44.525001525878906
2014-09-12,44.72617721557617
2014-09-15,44.65912628173828
2014-09-16,44.69637298583984
2014-09-17,44.93479919433594
2014-09-18,45.68730926513672
2014-09-19,45.530860900878906
2014-09-22,45.38182830810547
2014-09-23,45.40419769287109
2014-09-24,45.91828536987305
2014-09-25,44.81558990478516
2014-09-26,45.1210823059082
2014-09-29,44.94969177246094
2014-09-30,44.88264465332031
2014-10-01,44.53246688842773
2014-10-02,44.13491821289063
2014-10-03,45.23004913330078
2014-10-06,45.14004135131836
2014-10-07,44.45745849609375
2014-10-08,45.3050537109375
2014-10-09,44.3149528503418
2014-10-10,43.894901275634766
2014-10-13,43.62486267089844
2014-10-14,43.497352600097656
2014-10-15,41.652137756347656
2014-10-16,41.31460952758789
2014-10-17,42.15470123291016
2014-10-20,42.47724533081055
2014-10-21,43.45235061645508
2014-10-22,43.0923080444336
2014-10-23,43.54985809326172
2014-10-24,44.05989074707031
2014-10-27,43.98490905761719
2014-10-28,44.72748947143555
2014-10-29,44.47246170043945
2014-10-30,44.547462463378906
2014-10-31,45.36505126953125
2014-11-03,45.66510009765625
2014-11-04,45.19254302978516
2014-11-05,45.86762237548828
2014-11-06,45.927616119384766
2014-11-07,46.10764694213867
2014-11-10,46.45268630981445
2014-11-11,46.03263854980469
2014-11-12,45.425079345703125
2014-11-13,45.17753601074219
2014-11-14,45.21504592895508
2014-11-17,45.29005432128906
2014-11-18,45.402565002441406
2014-11-19,45.455074310302734
2014-11-20,45.09502410888672
2014-11-21,45.34254837036133
2014-11-24,45.725093841552734
2014-11-25,45.23004913330078
2014-11-26,45.26005554199219
2014-11-28,45.125038146972656
2014-12-01,45.00502395629883
2014-12-02,45.81511306762695
2014-12-03,46.1601448059082
2014-12-04,46.040138244628906
2014-12-05,47.03023910522461
2014-12-08,47.00773239135742
2014-12-09,46.84272003173828
2014-12-10,45.515079498291016
2014-12-11,45.8601188659668
2014-12-12,45.0350227355957
2014-12-15,44.37495422363281
2014-12-16,43.827396392822266
2014-12-17,44.83250045776367
2014-12-18,46.11513519287109
2014-12-19,46.45268630981445
2014-12-22,46.46019744873047
2014-12-23,46.8652229309082
2014-12-24,46.8652229309082
2014-12-26,46.91773223876953
2014-12-29,47.22526931762695
2014-12-30,47.36779022216797
2014-12-31,46.94023513793945
2015-01-02,47.17426300048828
2015-01-05,45.70973205566406
2015-01-06,44.52452087402344
2015-01-07,44.59246444702149
2015-01-08,45.58895492553711
2015-01-09,44.79629135131836
2015-01-12,44.41129302978516
2015-01-13,44.41883850097656
2015-01-14,42.88636779785156
2015-01-15,41.51244735717773
2015-01-16,42.22205352783203
2015-01-20,42.05597305297852
2015-01-21,42.19185256958008
2015-01-22,43.47520065307617
2015-01-23,42.78823471069336
2015-01-26,42.85618209838867
2015-01-27,42.425880432128906
2015-01-28,41.33125686645508
2015-01-29,42.02578353881836
2015-01-30,41.05193328857422
2015-02-02,41.87479782104492
2015-02-03,42.81842803955078
2015-02-04,42.56176376342773
2015-02-05,42.85618209838867
2015-02-06,43.7016830444336
2015-02-09,43.64882659912109
2015-02-10,44.13197326660156
2015-02-11,44.06402587890625
2015-02-12,44.96992874145508
2015-02-13,45.04541015625
2015-02-17,45.370025634765625
2015-02-18,44.818946838378906
2015-02-19,44.7132453918457
2015-02-20,45.14356231689453
2015-02-23,44.80384063720703
2015-02-24,45.91355895996094
2015-02-25,46.15514373779297
2015-02-26,46.487300872802734
2015-02-27,46.26081466674805
2015-03-02,46.63072204589844
2015-03-03,46.78171157836914
2015-03-04,46.902488708496094
2015-03-05,46.80435180664063
2015-03-06,45.96640396118164
2015-03-09,46.42690658569336
2015-03-10,45.26433181762695
2015-03-11,45.4757194519043
2015-03-12,46.32876968383789
2015-03-13,46.0494384765625
2015-03-16,46.69112014770508
2015-03-17,46.50993347167969
2015-03-18,46.61563491821289
2015-03-19,46.2004280090332
2015-03-20,46.61563491821289
2015-03-23,46.15514373779297
2015-03-24,45.64178085327149
2015-03-25,45.00011444091797
2015-03-26,44.94728088378906
2015-03-27,44.95481872558594
2015-03-30,46.01924896240234
2015-03-31,45.73237228393555
2015-04-01,45.55759811401367
2015-04-02,45.99075698852539
2015-04-06,45.952754974365234
2015-04-07,46.241512298583984
2015-04-08,46.39351272583008
2015-04-09,46.712684631347656
2015-04-10,46.887474060058594
2015-04-13,47.16864776611328
2015-04-14,47.90576553344727
2015-04-15,48.79488754272461
2015-04-16,48.49091339111328
2015-04-17,47.7537841796875
2015-04-20,48.057762145996094
2015-04-21,47.35102844238281
2015-04-22,47.82978057861328
2015-04-23,47.72338485717773
2015-04-24,47.5713996887207
2015-04-27,47.37383270263672
2015-04-28,47.6929931640625
2015-04-29,48.331321716308594
2015-04-30,48.07295227050781
2015-05-01,48.33893203735352
2015-05-04,49.18244552612305
2015-05-05,48.93927001953125
2015-05-06,48.57451248168945
2015-05-07,49.0152587890625
2015-05-08,49.76759338378906
2015-05-11,49.737186431884766
2015-05-12,49.66880798339844
2015-05-13,49.79038238525391
2015-05-14,50.193153381347656
2015-05-15,50.06397247314453
2015-05-18,50.47431564331055
2015-05-19,50.92267990112305
2015-05-20,50.51991653442383
2015-05-21,50.64910125732422
2015-05-22,50.5123176574707
2015-05-26,49.949974060058594
2015-05-27,50.5123176574707
2015-05-28,50.30712890625
2015-05-29,49.98796463012695
2015-06-01,50.21595001220703
2015-06-02,50.17034149169922
2015-06-03,50.68709564208984
2015-06-04,50.40593338012695
2015-06-05,51.2342414855957
2015-06-08,50.83148956298828
2015-06-09,51.0518684387207
2015-06-10,51.8725814819336
2015-06-11,52.07017135620117
2015-06-12,51.8649787902832
2015-06-15,51.66739273071289
2015-06-16,51.956180572509766
2015-06-17,51.78139877319336
2015-06-18,52.26773834228516
2015-06-19,51.73579406738281
2015-06-22,52.40453338623047
2015-06-23,53.00489044189453
2015-06-24,52.45012283325195
2015-06-25,52.16894912719727
2015-06-26,52.39694213867188
2015-06-29,51.06705474853516
2015-06-30,51.492618560791016
2015-07-01,52.06630325317383
2015-07-02,51.645599365234375
2015-07-06,51.500274658203125
2015-07-07,51.09487915039063
2015-07-08,50.046966552734375
2015-07-09,50.56709289550781
2015-07-10,51.28609848022461
2015-07-13,52.08158874511719
2015-07-14,52.8082389831543
2015-07-15,52.9229850769043
2015-07-16,53.20597839355469
2015-07-17,52.93825912475586
2015-07-20,52.97651672363281
2015-07-21,52.8541374206543
2015-07-22,53.60372924804688
2015-07-23,53.267189025878906
2015-07-24,52.708797454833984
2015-07-27,52.02040100097656
2015-07-28,52.05099105834961
2015-07-29,52.73175430297852
2015-07-30,52.8082389831543
2015-07-31,52.41814804077149
2015-08-03,52.41814804077149
2015-08-04,52.36462020874024
2015-08-05,52.57112503051758
2015-08-06,52.20397567749024
2015-08-07,52.05099105834961
2015-08-10,52.69349670410156
2015-08-11,52.18868637084961
2015-08-12,51.43143081665039
2015-08-13,51.66857147216797
2015-08-14,51.92860412597656
2015-08-17,52.06630325317383
2015-08-18,52.17338562011719
2015-08-19,51.70680236816406
2015-08-20,50.43707656860352
2015-08-21,48.64721298217773
2015-08-24,46.08482360839844
2015-08-25,45.82476043701172
2015-08-26,48.11945343017578
2015-08-27,49.32033157348633
2015-08-28,49.05260848999024
2015-08-31,49.0296630859375
2015-09-01,47.00270462036133
2015-09-02,47.85937881469727
2015-09-03,47.94352722167969
2015-09-04,47.04093933105469
2015-09-08,48.3106689453125
2015-09-09,47.56106185913086
2015-09-10,47.92821502685547
2015-09-11,47.85174560546875
2015-09-14,47.71404266357422
2015-09-15,48.63191604614258
2015-09-16,49.06026077270508
2015-09-17,47.92057800292969
2015-09-18,46.61261367797852
2015-09-21,47.00270462036133
2015-09-22,46.58966064453125
2015-09-23,46.38312911987305
2015-09-24,46.06188201904297
2015-09-25,47.01800155639648
2015-09-28,45.8782958984375
2015-09-29,45.771217346191406
2015-09-30,46.63554382324219
2015-10-01,46.9797477722168
2015-10-02,46.84878540039063
2015-10-05,47.78098678588867
2015-10-06,47.80408477783203
2015-10-07,47.86573028564453
2015-10-08,47.86573028564453
2015-10-09,47.71163940429688
2015-10-12,47.54985809326172
2015-10-13,47.41888427734375
2015-10-14,46.217044830322266
2015-10-15,47.68082427978516
2015-10-16,48.09685516357422
2015-10-19,47.935054779052734
2015-10-20,48.16618728637695
2015-10-21,47.811798095703125
2015-10-22,48.68236923217773
2015-10-23,49.206241607666016
2015-10-26,49.22935104370117
2015-10-27,49.0290412902832
2015-10-28,50.4620246887207
2015-10-29,50.23860168457031
2015-10-30,49.49900817871094
2015-11-02,50.49282836914063
2015-11-03,50.67772674560547
2015-11-04,50.73165130615234
2015-11-05,51.18621444702149
2015-11-06,52.74244689941406
2015-11-09,51.91807556152344
2015-11-10,52.14152526855469
2015-11-11,51.88727569580078
2015-11-12,50.84721374511719
2015-11-13,50.50823974609375
2015-11-16,51.240142822265625
2015-11-17,50.9473762512207
2015-11-18,51.964317321777344
2015-11-19,52.126121520996094
2015-11-20,52.03365707397461
2015-11-23,51.52518844604492
2015-11-24,51.44813919067383
2015-11-25,51.5097885131836
2015-11-27,51.74859619140625
2015-11-30,51.3711051940918
2015-12-01,52.087589263916016
2015-12-02,51.355712890625
2015-12-03,50.693138122558594
2015-12-04,52.30328750610352
2015-12-07,51.61762619018555
2015-12-08,50.81640625
2015-12-09,50.43120193481445
2015-12-10,50.54676055908203
2015-12-11,49.36032485961914
2015-12-14,49.514408111572266
2015-12-15,50.92426300048828
2015-12-16,52.02596282958984
2015-12-17,51.06292724609375
2015-12-18,49.614559173583984
2015-12-21,50.49282836914063
2015-12-22,50.60068893432617
2015-12-23,51.40961837768555
2015-12-24,51.30946350097656
2015-12-28,51.13996505737305
2015-12-29,51.67156219482422
2015-12-30,51.30176544189453
2015-12-31,50.87033462524414
2016-01-04,49.34243392944336
2016-01-05,49.42775344848633
2016-01-06,48.71421432495117
2016-01-07,46.74424743652344
2016-01-08,45.69721221923828
2016-01-11,45.627403259277344
2016-01-12,45.72823333740234
2016-01-13,44.47179412841797
2016-01-14,45.1387825012207
2016-01-15,44.23910903930664
2016-01-19,44.215850830078125
2016-01-20,43.052467346191406
2016-01-21,42.85082626342773
2016-01-22,44.1693115234375
2016-01-25,43.16880798339844
2016-01-26,44.2701416015625
2016-01-27,44.23910903930664
2016-01-28,44.42526245117188
2016-01-29,46.14704895019531
2016-02-01,45.65066909790039
2016-02-02,44.23136138916016
2016-02-03,44.52607727050781
2016-02-04,45.29390335083008
2016-02-05,44.789772033691406
2016-02-08,43.8513298034668
2016-02-09,43.58763885498047
2016-02-10,43.06023406982422
2016-02-11,41.160064697265625
2016-02-12,44.58812713623047
2016-02-16,45.255130767822266
2016-02-17,45.58087921142578
2016-02-18,44.83631896972656
2016-02-19,44.84406661987305
2016-02-22,45.42576599121094
2016-02-23,43.525577545166016
2016-02-24,43.54109954833984
2016-02-25,44.215850830078125
2016-02-26,44.62689971923828
2016-02-29,43.66519927978516
2016-03-01,45.914363861083984
2016-03-02,46.34871292114258
2016-03-03,46.503814697265625
2016-03-04,46.57361602783203
2016-03-07,46.48830032348633
2016-03-08,45.58863067626953
2016-03-09,45.85232925415039
2016-03-10,45.4567756652832
2016-03-11,46.02295684814453
2016-03-14,45.85232925415039
2016-03-15,45.914363861083984
2016-03-16,45.69721221923828
2016-03-17,45.56536102294922
2016-03-18,46.90711212158203
2016-03-21,46.891597747802734
2016-03-22,46.720985412597656
2016-03-23,46.48830032348633
2016-03-24,46.13152694702149
2016-03-28,46.06949615478516
2016-03-29,45.78252410888672
2016-03-30,46.30992126464844
2016-03-31,45.92988586425781
2016-04-01,46.43401336669922
2016-04-04,46.254302978515625
2016-04-05,45.59799575805664
2016-04-06,45.949588775634766
2016-04-07,44.785423278808594
2016-04-08,45.113582611083984
2016-04-11,45.47298049926758
2016-04-12,46.31681442260742
2016-04-13,48.27793502807617
2016-04-14,48.90298843383789
2016-04-15,48.34042739868164
2016-04-18,48.6529655456543
2016-04-19,49.47336959838867
2016-04-20,50.192169189453125
2016-04-21,49.69213104248047
2016-04-22,49.98122024536133
2016-04-25,49.69213104248047
2016-04-26,49.9499626159668
2016-04-27,50.09061050415039
2016-04-28,49.69213104248047
2016-04-29,49.37959671020508
2016-05-02,49.84057235717773
2016-05-03,48.87954330444336
2016-05-04,48.106048583984375
2016-05-05,47.84820556640625
2016-05-06,48.12947845458984
2016-05-09,47.82476806640625
2016-05-10,48.473270416259766
2016-05-11,48.29356002807617
2016-05-12,48.26231384277344
2016-05-13,47.81695556640625
2016-05-16,48.17635345458984
2016-05-17,48.17635345458984
2016-05-18,50.03591537475586
2016-05-19,49.52804565429688
2016-05-20,49.62181091308594
2016-05-23,49.58274459838867
2016-05-24,50.42657852172852
2016-05-25,51.1922607421875
2016-05-26,50.80942916870117
2016-05-27,51.121952056884766
2016-05-31,50.99693298339844
2016-06-01,51.3250846862793
2016-06-02,51.41884613037109
2016-06-03,50.50471115112305
2016-06-06,51.0047492980957
2016-06-07,50.83284759521485
2016-06-08,50.981327056884766
2016-06-09,50.59065246582031
2016-06-10,49.879642486572266
2016-06-13,49.43428802490234
2016-06-14,48.504520416259766
2016-06-15,48.4185791015625
2016-06-16,48.61390686035156
2016-06-17,48.660789489746094
2016-06-20,48.73110961914063
2016-06-21,49.18426513671875
2016-06-22,48.99674987792969
2016-06-23,50.043724060058594
2016-06-24,46.56682968139648
2016-06-27,45.01201629638672
2016-06-28,46.50432205200195
2016-06-29,47.81695556640625
2016-06-30,48.5514030456543
2016-07-01,48.236446380615234
2016-07-05,46.889984130859375
2016-07-06,47.3939094543457
2016-07-07,47.70100402832031
2016-07-08,48.68524932861328
2016-07-11,49.03172302246094
2016-07-12,49.76399230957031
2016-07-13,49.73250579833984
2016-07-14,50.488407135009766
2016-07-15,50.5356559753418
2016-07-18,50.362430572509766
2016-07-19,50.28368377685547
2016-07-20,50.338809967041016
2016-07-21,50.14982223510742
2016-07-22,50.425418853759766
2016-07-25,50.291542053222656
2016-07-26,50.49629211425781
2016-07-27,50.65378189086914
2016-07-28,50.4726676940918
2016-07-29,50.37030792236328
2016-08-01,50.2364501953125
2016-08-02,50.11833572387695
2016-08-03,50.91361618041992
2016-08-04,50.83488464355469
2016-08-05,52.20495223999024
2016-08-08,52.04747009277344
2016-08-09,51.86637496948242
2016-08-10,51.40180587768555
2016-08-11,51.54353332519531
2016-08-12,51.43328857421875
2016-08-15,51.74825668334961
2016-08-16,51.74038696289063
2016-08-17,51.88212203979492
2016-08-18,51.92936706542969
2016-08-19,51.858497619628906
2016-08-22,51.81126403808594
2016-08-23,51.787628173828125
2016-08-24,51.92936706542969
2016-08-25,52.02384185791016
2016-08-26,52.14196014404297
2016-08-29,52.71676254272461
2016-08-30,53.14983367919922
2016-08-31,53.14983367919922
2016-09-01,52.92149353027344
2016-09-02,53.141971588134766
2016-09-06,53.10258865356445
2016-09-07,52.88212585449219
2016-09-08,52.9529914855957
2016-09-09,52.48055267333984
2016-09-12,52.80337905883789
2016-09-13,52.38605117797852
2016-09-14,52.28369522094727
2016-09-15,52.4726791381836
2016-09-16,51.82700729370117
2016-09-19,52.11833572387695
2016-09-20,52.33094024658203
2016-09-21,52.630157470703125
2016-09-22,53.0632209777832
2016-09-23,52.9529914855957
2016-09-26,51.79549789428711
2016-09-27,52.25221252441406
2016-09-28,52.52779769897461
2016-09-29,51.69313430786133
2016-09-30,52.43328857421875
2016-10-03,52.37031555175781
2016-10-04,52.82239532470703
2016-10-05,53.68691253662109
2016-10-06,53.82966613769531
2016-10-07,54.02001190185547
2016-10-10,54.44037628173828
2016-10-11,54.17864990234375
2016-10-12,54.035888671875
2016-10-13,53.726558685302734
2016-10-14,53.55208587646485
2016-10-17,53.27447128295898
2016-10-18,53.6948356628418
2016-10-19,54.21038055419922
2016-10-20,54.13898849487305
2016-10-21,54.3213996887207
2016-10-24,54.62279891967773
2016-10-25,54.56727981567383
2016-10-26,54.82899475097656
2016-10-27,54.908329010009766
2016-10-28,54.81315231323242
2016-10-31,54.93211364746094
2016-11-01,54.70211791992188
2016-11-02,54.472110748291016
2016-11-03,54.23415756225586
2016-11-04,53.742435455322266
2016-11-07,55.42384719848633
2016-11-08,55.542816162109375
2016-11-09,58.09669494628906
2016-11-10,60.79334259033203
2016-11-11,60.82508087158203
2016-11-14,63.06167984008789
2016-11-15,62.94272232055664
2016-11-16,61.38819885253906
2016-11-17,61.879920959472656
2016-11-18,61.63405990600586
2016-11-21,61.903717041015625
2016-11-22,62.2844352722168
2016-11-23,62.546146392822266
2016-11-25,62.52235794067383
2016-11-28,62.117862701416016
2016-11-29,62.593727111816406
2016-11-30,63.58515930175781
2016-12-01,64.87003326416016
2016-12-02,64.71931457519531
2016-12-05,66.03592681884766
2016-12-06,66.37696838378906
2016-12-07,66.6783447265625
2016-12-08,67.51114654541016
2016-12-09,67.8045883178711
2016-12-12,67.20182037353516
2016-12-13,67.22563934326172
2016-12-14,67.20182037353516
2016-12-15,68.2091064453125
2016-12-16,67.36839294433594
2016-12-19,67.75701904296875
2016-12-20,68.62944793701172
2016-12-21,68.80393981933594
2016-12-22,68.91498565673828
2016-12-23,69.04187774658203
2016-12-27,69.10533905029297
2016-12-28,68.60565185546875
2016-12-29,68.12185668945312
2016-12-30,68.43909454345703
2017-01-03,69.1846694946289
2017-01-04,69.312255859375
2017-01-05,68.67422485351562
2017-01-06,68.6822280883789
2017-01-09,68.73006439208984
2017-01-10,68.92943572998047
2017-01-11,69.44783782958984
2017-01-12,68.77789306640625
2017-01-13,69.144775390625
2017-01-17,66.63258361816406
2017-01-18,66.94364929199219
2017-01-19,66.4332275390625
2017-01-20,66.7282943725586
2017-01-23,66.76022338867188
2017-01-24,67.56568908691406
2017-01-25,68.61042785644531
2017-01-26,69.18463897705078
2017-01-27,69.32817840576172
2017-01-30,68.61042785644531
2017-01-31,67.49390411376953
2017-02-01,67.74911499023438
2017-02-02,67.46198272705078
2017-02-03,69.5275650024414
2017-02-06,69.2005844116211
2017-02-07,69.16072845458984
2017-02-08,68.55460357666016
2017-02-09,69.54353332519531
2017-02-10,69.38401794433594
2017-02-13,70.3011474609375
2017-02-14,71.42567443847656
2017-02-15,72.24708557128906
2017-02-16,72.19927978515625
2017-02-17,71.96001434326172
2017-02-21,72.58207702636719
2017-02-22,72.6219482421875
2017-02-23,72.67778778076172
2017-02-24,72.03975677490234
2017-02-27,72.1195068359375
2017-02-28,72.27104949951172
2017-03-01,74.64762878417969
2017-03-02,73.48324584960938
2017-03-03,74.0096206665039
2017-03-06,73.30779266357422
2017-03-07,72.90108489990234
2017-03-08,72.74156951904297
2017-03-09,73.02867126464844
2017-03-10,72.79740905761719
2017-03-13,72.86121368408203
2017-03-14,72.9808349609375
2017-03-15,73.15628051757812
2017-03-16,73.08451080322266
2017-03-17,72.31889343261719
2017-03-20,71.8005142211914
2017-03-21,69.69505310058594
2017-03-22,69.80670928955078
2017-03-23,69.69505310058594
2017-03-24,69.61531066894531
2017-03-27,69.57540893554688
2017-03-28,70.6600570678711
2017-03-29,70.39686584472656
2017-03-30,71.00298309326172
2017-03-31,70.05391693115234
2017-04-03,69.7987289428711
2017-04-04,70.0313491821289
2017-04-05,69.13300323486328
2017-04-06,69.36560821533203
2017-04-07,69.12498474121094
2017-04-10,68.88434600830078
2017-04-11,68.76403045654297
2017-04-12,68.49934387207031
2017-04-13,67.6972427368164
2017-04-17,68.86827850341797
2017-04-18,68.30683898925781
2017-04-19,67.74535369873047
2017-04-20,68.61965942382812
2017-04-21,67.79348754882812
2017-04-24,70.18375396728516
2017-04-25,70.79335021972656
2017-04-26,70.92967987060547
2017-04-27,70.27198028564453
2017-04-28,69.78268432617188
2017-05-01,69.830810546875
2017-05-02,69.38164520263672
2017-05-03,69.78268432617188
2017-05-04,69.8628921508789
2017-05-05,69.78268432617188
2017-05-08,69.8628921508789
2017-05-09,69.58218383789062
2017-05-10,70.1275863647461
2017-05-11,69.91102600097656
2017-05-12,69.71853637695312
2017-05-15,70.05540466308594
2017-05-16,70.27198028564453
2017-05-17,67.59296417236328
2017-05-18,67.34429931640625
2017-05-19,68.00202178955078
2017-05-22,67.93785095214844
2017-05-23,68.78810119628906
2017-05-24,68.74798583984375
2017-05-25,68.45923614501953
2017-05-26,68.46724700927734
2017-05-30,67.29618072509766
2017-05-31,65.89250183105469
2017-06-01,66.62245178222656
2017-06-02,66.2855453491211
2017-06-05,66.40585327148438
2017-06-06,66.54219055175781
2017-06-07,67.30419158935547
2017-06-08,68.13838958740234
2017-06-09,69.75059509277344
2017-06-12,69.76663208007812
2017-06-13,69.9992446899414
2017-06-14,69.85490417480469
2017-06-15,69.4377670288086
2017-06-16,69.12498474121094
2017-06-19,70.64095306396484
2017-06-20,70.19978332519531
2017-06-21,69.87895202636719
2017-06-22,69.7987289428711
2017-06-23,69.67039489746094
2017-06-26,69.97518920898438
2017-06-27,70.6248779296875
2017-06-28,72.04460144042969
2017-06-29,73.11140441894531
2017-06-30,73.31192016601562
2017-07-03,74.80398559570312
2017-07-05,75.5540542602539
2017-07-06,75.31208038330078
2017-07-07,75.69112396240234
2017-07-10,75.15884399414062
2017-07-11,74.86852264404297
2017-07-12,74.61042785644531
2017-07-13,75.08626556396484
2017-07-14,74.40071868896484
2017-07-17,73.7071304321289
2017-07-18,73.44904327392578
2017-07-19,73.55388641357422
2017-07-20,73.55388641357422
2017-07-21,73.30389404296875
2017-07-24,73.61841583251953
2017-07-25,74.84429931640625
2017-07-26,74.14263916015625
2017-07-27,73.83617401123047
2017-07-28,73.61841583251953
2017-07-31,74.03779602050781
2017-08-01,75.02981567382812
2017-08-02,75.09430694580078
2017-08-03,74.60234832763672
2017-08-04,75.53791046142578
2017-08-07,75.8282470703125
2017-08-08,75.5540542602539
2017-08-09,75.43303680419922
2017-08-10,74.35233306884766
2017-08-11,73.73130798339844
2017-08-14,74.59428405761719
2017-08-15,74.78785705566406
2017-08-16,74.27167510986328
2017-08-17,73.11030578613281
2017-08-18,73.18289184570312
2017-08-21,73.09416198730469
2017-08-22,73.84423828125
2017-08-23,73.9329605102539
2017-08-24,73.81198120117188
2017-08-25,74.1103744506836
2017-08-28,73.87649536132812
2017-08-29,73.47323608398438
2017-08-30,73.64260864257812
2017-08-31,73.30389404296875
2017-09-01,73.9571304321289
2017-09-05,72.19088745117188
2017-09-06,72.67479705810547
2017-09-07,71.40049743652344
2017-09-08,71.31179809570312
2017-09-11,72.41670227050781
2017-09-12,73.30389404296875
2017-09-13,73.5135498046875
2017-09-14,73.36837005615234
2017-09-15,73.89262390136719
2017-09-18,74.94107818603516
2017-09-19,75.76375579833984
2017-09-20,76.29602813720703
2017-09-21,76.64281463623047
2017-09-22,76.48150634765625
2017-09-25,75.90892028808594
2017-09-26,75.57015991210938
2017-09-27,76.76380920410156
2017-09-28,76.92510986328125
2017-09-29,77.02996826171875
2017-10-02,78.10262298583984
2017-10-03,78.51393127441406
2017-10-04,77.71548461914062
2017-10-05,78.76197052001953
2017-10-06,78.62405395507812
2017-10-09,78.21035766601562
2017-10-10,78.79441833496094
2017-10-11,78.55914306640625
2017-10-12,77.86962890625
2017-10-13,77.76415252685547
2017-10-16,79.37039947509766
2017-10-17,79.1919174194336
2017-10-18,79.4920883178711
2017-10-19,79.58940887451172
2017-10-20,80.72513580322266
2017-10-23,80.58722686767578
2017-10-24,81.86894226074219
2017-10-25,81.95008850097656
2017-10-26,82.5341796875
2017-10-27,82.55851745605469
2017-10-30,82.2664794921875
2017-10-31,81.61751556396484
2017-11-01,81.86894226074219
2017-11-02,82.4124755859375
2017-11-03,82.2664794921875
2017-11-06,81.75537872314453
2017-11-07,80.10858917236328
2017-11-08,79.20814514160156
2017-11-09,79.20003509521484
2017-11-10,79.10270690917969
2017-11-13,79.3866195678711
2017-11-14,78.9079818725586
2017-11-15,79.65430450439453
2017-11-16,79.8814468383789
2017-11-17,79.61375427246094
2017-11-20,80.31950378417969
2017-11-21,80.25460052490234
2017-11-22,80.01937866210938
2017-11-24,79.75977325439453
2017-11-27,79.44342041015625
2017-11-28,82.22590637207031
2017-11-29,84.14852142333984
2017-11-30,84.78937530517578
2017-12-01,85.00841522216797
2017-12-04,86.76066589355469
2017-12-05,85.76283264160156
2017-12-06,85.12198638916016
2017-12-07,84.8705062866211
2017-12-08,85.93321990966797
2017-12-11,85.68171691894531
2017-12-12,86.6795425415039
2017-12-13,85.5925064086914
2017-12-14,84.90296936035156
2017-12-15,86.10355377197266
2017-12-18,86.76876831054688
2017-12-19,86.40371704101562
2017-12-20,86.10355377197266
2017-12-21,87.47453308105469
2017-12-22,87.16627502441406
2017-12-26,86.81743621826172
2017-12-27,86.9797134399414
2017-12-28,87.44208526611328
2017-12-29,86.75254821777344
2018-01-02,87.57188415527344
2018-01-03,87.66111755371094
2018-01-04,88.91690826416016
2018-01-05,88.34609985351562
2018-01-08,88.4765625
2018-01-09,88.92509460449219
2018-01-10,89.90364074707031
2018-01-11,90.38472747802734
2018-01-12,91.87701416015624
2018-01-16,91.55083465576172
2018-01-17,92.13795471191406
2018-01-18,92.3581314086914
2018-01-19,92.1542739868164
2018-01-22,93.23065948486328
2018-01-23,93.13279724121094
2018-01-24,94.3233871459961
2018-01-25,94.34781646728516
2018-01-26,94.85340118408205
2018-01-29,94.75554656982422
2018-01-30,93.86671447753906
2018-01-31,94.3233871459961
2018-02-01,95.30193328857422
2018-02-02,93.1898956298828
2018-02-05,88.72122192382812
2018-02-06,91.42034912109376
2018-02-07,92.04010009765624
2018-02-08,87.9709701538086
2018-02-09,89.73236846923828
2018-02-12,91.1186294555664
2018-02-13,91.68128967285156
2018-02-14,93.80146026611328
2018-02-15,94.19290161132812
2018-02-16,93.51608276367188
2018-02-20,93.54051971435548
2018-02-21,93.93196868896484
2018-02-22,93.7606964111328
2018-02-23,95.66072082519533
2018-02-26,96.85128021240234
2018-02-27,95.70148468017578
2018-02-28,94.18474578857422
2018-03-01,92.49674224853516
2018-03-02,92.40705108642578
2018-03-05,93.825927734375
2018-03-06,93.90750122070312
2018-03-07,93.5568389892578
2018-03-08,93.56500244140624
2018-03-09,96.25597381591795
2018-03-12,95.94612884521484
2018-03-13,94.79631805419922
2018-03-14,93.7362289428711
2018-03-15,93.97271728515624
2018-03-16,94.13581085205078
2018-03-19,93.39374542236328
2018-03-20,93.4834442138672
2018-03-21,93.56500244140624
2018-03-22,89.65898132324219
2018-03-23,87.26153564453125
2018-03-26,89.95254516601562
2018-03-27,88.20748138427734
2018-03-28,88.06884765625
2018-03-29,89.67528533935547
2018-04-02,87.94651794433594
2018-04-03,89.15340423583984
2018-04-04,90.50704193115234
2018-04-05,91.69544982910156
2018-04-06,89.40878295898438
2018-04-09,90.4824447631836
2018-04-10,92.2117919921875
2018-04-11,90.66276550292967
2018-04-12,92.91663360595705
2018-04-13,90.40050506591795
2018-04-16,90.32672882080078
2018-04-17,90.32672882080078
2018-04-18,89.5973129272461
2018-04-19,91.56431579589844
2018-04-20,91.35942840576172
2018-04-23,90.91683959960938
2018-04-24,90.4906768798828
2018-04-25,90.14642333984376
2018-04-26,90.236572265625
2018-04-27,89.6628646850586
2018-04-30,89.15472412109375
2018-05-01,89.15472412109375
2018-05-02,88.44989013671875
2018-05-03,87.892578125
2018-05-04,88.8678970336914
2018-05-07,89.63826751708984
2018-05-08,90.96601104736328
2018-05-09,92.94940948486328
2018-05-10,93.670654296875
2018-05-11,93.31822967529295
2018-05-14,93.35101318359376
2018-05-15,92.63797760009766
2018-05-16,92.89205169677734
2018-05-17,92.5805892944336
2018-05-18,91.08077239990234
2018-05-21,91.91673278808594
2018-05-22,92.62158203125
2018-05-23,92.19537353515624
2018-05-24,91.16270446777344
2018-05-25,90.695556640625
2018-05-29,86.81888580322266
2018-05-30,88.80231475830078
2018-05-31,87.70405578613281
2018-06-01,88.84330749511719
2018-06-04,88.88426971435547
2018-06-05,88.38431549072266
2018-06-06,90.44969177246094
2018-06-07,90.8102798461914
2018-06-08,91.06436157226562
2018-06-11,90.83486938476562
2018-06-12,90.31035614013672
2018-06-13,90.13004302978516
2018-06-14,88.54003143310547
2018-06-15,88.4334945678711
2018-06-18,88.66295623779297
2018-06-19,88.14665985107422
2018-06-20,88.13843536376953
2018-06-21,88.11383819580078
2018-06-22,86.67135620117188
2018-06-25,85.88456726074219
2018-06-26,85.94194793701172
2018-06-27,84.61420440673828
2018-06-28,85.99931335449219
2018-06-29,85.40100860595703
2018-07-02,86.12226104736328
2018-07-03,84.91744995117188
2018-07-05,85.46955871582031
2018-07-06,85.74972534179688
2018-07-09,88.40314483642578
2018-07-10,87.85928344726562
2018-07-11,87.6697769165039
2018-07-12,88.04881286621094
2018-07-13,87.64503479003906
2018-07-16,91.12249755859376
2018-07-17,91.05654907226562
2018-07-18,91.90532684326172
2018-07-19,90.55390167236328
2018-07-20,91.69931030273438
2018-07-23,93.40509033203124
2018-07-24,94.06430053710938
2018-07-25,94.91307830810548
2018-07-26,94.6411590576172
2018-07-27,95.61351013183594
2018-07-30,96.19033813476562
2018-07-31,94.72354888916016
2018-08-01,95.30860900878906
2018-08-02,95.71240997314452
2018-08-03,96.48698425292967
2018-08-06,96.51174926757812
2018-08-07,96.8660888671875
2018-08-08,97.06382751464844
2018-08-09,96.3139419555664
2018-08-10,95.36629486083984
2018-08-13,93.85004425048828
2018-08-14,94.47633361816406
2018-08-15,93.69349670410156
2018-08-16,94.57523345947266
2018-08-17,94.57523345947266
2018-08-20,94.45162200927734
2018-08-21,95.0284423828125
2018-08-22,94.74002838134766
2018-08-23,94.5422592163086
2018-08-24,94.50106811523438
2018-08-27,96.1738510131836
2018-08-28,95.7041473388672
2018-08-29,95.39102935791016
2018-08-30,94.9213409423828
2018-08-31,94.4186553955078
2018-09-04,94.88835144042967
2018-09-05,94.42688751220705
2018-09-06,94.02311706542967
2018-09-07,94.20440673828124
2018-09-10,93.70174407958984
2018-09-11,94.29505157470705
2018-09-12,93.1826171875
2018-09-13,93.545166015625
2018-09-14,93.52869415283205
2018-09-17,93.80885314941406
2018-09-18,94.18793487548828
2018-09-19,96.9237289428711
2018-09-20,97.75602722167967
2018-09-21,97.11326599121094
2018-09-24,96.1821060180664
2018-09-25,95.91018676757812
2018-09-26,94.78123474121094
2018-09-27,94.36919403076172
2018-09-28,92.98480987548828
2018-10-01,93.52869415283205
2018-10-02,93.91598510742188
2018-10-03,94.79772186279295
2018-10-04,95.65242004394533
2018-10-05,95.113037109375
2018-10-08,95.69390869140624
2018-10-09,95.0300521850586
2018-10-10,92.49911499023438
2018-10-11,89.7275390625
2018-10-12,88.74837493896484
2018-10-15,88.24219512939453
2018-10-16,90.13416290283205
2018-10-17,91.13824462890624
2018-10-18,89.69437408447266
2018-10-19,89.54499816894531
2018-10-22,88.25879669189453
2018-10-23,87.33769226074219
2018-10-24,85.71125793457031
2018-10-25,87.01406860351562
2018-10-26,85.81913757324219
2018-10-29,87.00577545166016
2018-10-30,88.54092407226562
2018-10-31,90.46609497070312
2018-11-01,90.43292236328124
2018-11-02,89.93502044677734
2018-11-05,90.524169921875
2018-11-06,90.94738006591795
2018-11-07,92.50743865966795
2018-11-08,93.25424194335938
2018-11-09,92.34977722167967
2018-11-12,90.40802001953124
2018-11-13,90.93907928466795
2018-11-14,89.06372833251953
2018-11-15,91.33740234375
2018-11-16,91.27100372314452
2018-11-19,91.96807098388672
2018-11-20,89.99310302734375
2018-11-21,89.32095336914062
2018-11-23,88.49943542480469
2018-11-26,90.6652374267578
2018-11-27,91.04698944091795
2018-11-28,92.0593490600586
2018-11-29,91.3291015625
2018-11-30,92.26679229736328
2018-12-03,93.1380844116211
2018-12-04,88.9807357788086
2018-12-06,87.28793334960938
2018-12-07,85.71125793457031
2018-12-10,84.10972595214844
2018-12-11,83.2882308959961
2018-12-12,83.82759857177734
2018-12-13,83.91058349609375
2018-12-14,83.22181701660156
2018-12-17,82.15970611572266
2018-12-18,81.76966857910156
2018-12-19,80.73239135742188
2018-12-20,80.03534698486328
2018-12-21,78.14337921142578
2018-12-24,76.45885467529297
2018-12-26,79.6287612915039
2018-12-27,80.52493286132812
2018-12-28,80.35069274902344
2018-12-31,81.00623321533203
2019-01-02,82.40860748291016
2019-01-03,81.23745727539062
2019-01-04,84.2322998046875
2019-01-07,84.29085540771484
2019-01-08,84.13190460205078
2019-01-09,83.98970031738281
2019-01-10,83.9813461303711
2019-01-11,83.57978820800781
2019-01-14,84.44143676757812
2019-01-15,85.06047821044922
2019-01-16,85.74646759033203
2019-01-17,86.09779357910156
2019-01-18,87.49484252929688
2019-01-22,86.11453247070312
2019-01-23,85.89703369140625
2019-01-24,85.94721984863281
2019-01-25,86.49099731445312
2019-01-28,86.9009017944336
2019-01-29,87.14349365234375
2019-01-30,87.34426879882812
2019-01-31,86.5830078125
2019-02-01,86.9009017944336
2019-02-04,87.21041870117188
2019-02-05,86.82561492919922
2019-02-06,86.78378295898438
2019-02-07,85.64608001708984
2019-02-08,84.79279327392578
2019-02-11,84.39122009277344
2019-02-12,85.83011627197266
2019-02-13,86.24002075195312
2019-02-14,85.67951965332031
2019-02-15,88.29792022705078
2019-02-19,87.98843383789062
2019-02-20,88.41505432128906
2019-02-21,88.23100280761719
2019-02-22,87.83782958984375
2019-02-25,88.75804138183594
2019-02-26,88.08043670654297
2019-02-27,87.97168731689453
2019-02-28,87.30242919921875
2019-03-01,87.36100006103516
2019-03-04,87.16023254394531
2019-03-05,87.09329223632812
2019-03-06,86.76705169677734
2019-03-07,86.13963317871094
2019-03-08,86.17311096191406
2019-03-11,87.2940673828125
2019-03-12,87.03475189208984
2019-03-13,87.32755279541016
2019-03-14,88.12225341796875
2019-03-15,89.13448333740234
2019-03-18,89.6698989868164
2019-03-19,89.34363555908203
2019-03-20,87.43627166748047
2019-03-21,86.05598449707031
2019-03-22,83.45431518554688
2019-03-25,82.75997161865234
2019-03-26,83.58815002441406
2019-03-27,83.3037338256836
2019-03-28,84.24903106689453
2019-03-29,84.68405151367188
2019-04-01,87.53667449951172
2019-04-02,87.9549331665039
2019-04-03,88.1306381225586
2019-04-04,88.9820327758789
2019-04-05,88.77127838134766
2019-04-08,89.05787658691406
2019-04-09,88.40037536621094
2019-04-10,88.79654693603516
2019-04-11,89.54679870605469
2019-04-12,93.7446746826172
2019-04-15,92.67414093017578
2019-04-16,93.65196228027344
2019-04-17,96.3494110107422
2019-04-18,95.64132690429688
2019-04-22,95.75934600830078
2019-04-23,95.87734985351562
2019-04-24,95.7171859741211
2019-04-25,95.76778411865234
2019-04-26,96.4926986694336
2019-04-29,97.88358306884766
2019-04-30,97.8245849609375
2019-05-01,97.07432556152344
2019-05-02,97.28507232666016
2019-05-03,97.88358306884766
2019-05-06,97.0153350830078
2019-05-07,95.43058013916016
2019-05-08,94.92481994628906
2019-05-09,94.84895324707033
2019-05-10,94.8405303955078
2019-05-13,92.26107788085938
2019-05-14,92.99445343017578
2019-05-15,92.64041900634766
2019-05-16,93.8289794921875
2019-05-17,93.373779296875
2019-05-20,93.8626937866211
2019-05-21,94.18302917480467
2019-05-22,93.41596221923828
2019-05-23,91.57830810546876
2019-05-24,92.4802474975586
2019-05-28,91.47714233398438
2019-05-29,91.22425079345705
2019-05-30,90.2464370727539
2019-05-31,89.31919860839844
2019-06-03,89.74066925048828
2019-06-04,92.50554656982422
2019-06-05,92.83430480957033
2019-06-06,93.03662109375
2019-06-07,92.01661682128906
2019-06-10,93.01132202148438
2019-06-11,93.29792785644533
2019-06-12,92.10936737060548
2019-06-13,92.3369598388672
2019-06-14,92.5729751586914
2019-06-17,92.06723022460938
2019-06-18,93.32320404052734
2019-06-19,92.64884185791016
2019-06-20,92.88485717773438
2019-06-21,92.25265502929688
2019-06-24,91.59516143798828
2019-06-25,90.83650970458984
2019-06-26,91.44344329833984
2019-06-27,91.74688720703124
2019-06-28,94.24203491210938
2019-07-01,95.8267822265625
2019-07-02,95.9279327392578
2019-07-03,95.7751235961914
2019-07-05,96.34391021728516
2019-07-08,95.81756591796876
2019-07-09,96.22506713867188
2019-07-10,95.94490051269533
2019-07-11,96.86173248291016
2019-07-12,97.8804702758789
2019-07-15,96.6919403076172
2019-07-16,97.72764587402344
2019-07-17,96.7683563232422
2019-07-18,97.3456039428711
2019-07-19,96.3863525390625
2019-07-22,97.0060577392578
2019-07-23,98.7803192138672
2019-07-24,99.1792984008789
2019-07-25,98.22850799560548
2019-07-26,98.66144561767578
2019-07-29,98.3473663330078
2019-07-30,98.12662506103516
2019-07-31,98.4747085571289
2019-08-01,95.8769989013672
2019-08-02,95.86851501464844
2019-08-05,93.0161590576172
2019-08-06,93.7462158203125
2019-08-07,91.70880126953124
2019-08-08,93.2623291015625
2019-08-09,93.16045379638672
2019-08-12,91.41168975830078
2019-08-13,92.82088470458984
2019-08-14,88.96678924560547
2019-08-15,89.30635070800781
2019-08-16,91.44564056396484
2019-08-19,92.2690887451172
2019-08-20,91.09757995605467
2019-08-21,91.35227966308594
2019-08-22,92.29454803466795
2019-08-23,90.00247192382812
2019-08-26,90.72404479980467
2019-08-27,89.76477813720703
2019-08-28,90.66464233398438
2019-08-29,92.71903228759766
2019-08-30,93.2623291015625
2019-09-03,92.15872192382812
2019-09-04,93.27081298828124
2019-09-05,95.3931121826172
2019-09-06,95.59686279296876
2019-09-09,97.96533966064452
2019-09-10,99.21324920654295
2019-09-11,99.48492431640624
2019-09-12,100.09613037109376
2019-09-13,102.06563568115234
2019-09-16,101.15729522705078
2019-09-17,100.65642547607422
2019-09-18,101.66664123535156
2019-09-19,101.34403228759766
2019-09-20,100.9365692138672
2019-09-23,100.9195785522461
2019-09-24,99.60374450683594
2019-09-25,100.17253875732422
2019-09-26,99.34909057617188
2019-09-27,99.93484497070312
2019-09-30,99.9093780517578
2019-10-01,98.09268951416016
2019-10-02,96.1401596069336
2019-10-03,96.00325012207033
2019-10-04,98.0826644897461
2019-10-07,97.86871337890624
2019-10-08,95.68663024902344
2019-10-09,96.37976837158205
2019-10-10,97.73179626464844
2019-10-11,99.38336181640624
2019-10-14,99.64861297607422
2019-10-15,102.6521987915039
2019-10-16,102.41259002685548
2019-10-17,102.98591613769533
2019-10-18,103.1656265258789
2019-10-21,105.72422790527344
2019-10-22,106.78532409667967
2019-10-23,107.06769561767578
2019-10-24,106.99069213867188
2019-10-25,107.84642028808594
2019-10-28,108.25716400146484
2019-10-29,108.18870544433594
2019-10-30,107.58971405029295
2019-10-31,106.89656829833984
2019-11-01,109.36105346679688
2019-11-04,110.23389434814452
2019-11-05,110.4734878540039
2019-11-06,110.64462280273438
2019-11-07,111.24361419677734
2019-11-08,111.5688018798828
2019-11-11,111.17515563964844
2019-11-12,110.52483367919922
2019-11-13,109.9429168701172
2019-11-14,110.0456314086914
2019-11-15,110.84146118164062
2019-11-18,111.774169921875
2019-11-19,111.73995971679688
2019-11-20,110.92700958251952
2019-11-21,111.1837387084961
2019-11-22,111.91964721679688
2019-11-25,112.5186538696289
2019-11-26,112.67268371582033
2019-11-27,113.00640869140624
2019-11-29,112.74968719482422
2019-12-02,112.50153350830078
2019-12-03,111.05535888671876
2019-12-04,113.24600219726562
2019-12-05,113.86212921142578
2019-12-06,115.55643463134766
2019-12-09,115.01734161376952
2019-12-10,115.0943832397461
2019-12-11,114.82052612304688
2019-12-12,118.10649871826172
2019-12-13,117.0710906982422
2019-12-16,117.52459716796876
2019-12-17,118.24339294433594
2019-12-18,118.12360382080078
2019-12-19,117.533203125
2019-12-20,117.43902587890624
2019-12-23,117.40481567382812
2019-12-24,117.73001098632812
2019-12-26,118.97933959960938
2019-12-27,119.0649185180664
2019-12-30,118.6285171508789
2019-12-31,119.2873764038086
2020-01-02,120.73355865478516
2020-01-03,119.14031982421876
2020-01-06,119.0455551147461
2020-01-07,117.021728515625
2020-01-08,117.93462371826172
2020-01-09,118.36519622802734
2020-01-10,117.18537902832033
2020-01-13,118.15853118896484
2020-01-14,119.53649139404295
2020-01-15,117.74515533447266
2020-01-16,118.20160675048828
2020-01-17,119.01974487304688
2020-01-21,117.8484878540039
2020-01-22,117.710693359375
2020-01-23,117.59011840820312
2020-01-24,114.67060089111328
2020-01-27,113.70604705810548
2020-01-28,115.77294158935548
2020-01-29,115.6007308959961
2020-01-30,117.03034210205078
2020-01-31,113.99026489257812
2020-02-03,114.86009979248048
2020-02-04,116.51361083984376
2020-02-05,118.49440002441406
2020-02-06,118.51162719726562
2020-02-07,118.1327133178711
2020-02-10,118.62358856201172
2020-02-11,118.84750366210938
2020-02-12,118.84750366210938
2020-02-13,118.74417114257812
2020-02-14,118.3824691772461
2020-02-18,116.81503295898438
2020-02-19,118.40828704833984
2020-02-20,118.40828704833984
2020-02-21,116.9614486694336
2020-02-24,113.81803894042967
2020-02-25,108.7368392944336
2020-02-26,109.0641098022461
2020-02-27,104.52552795410156
2020-02-28,99.99552154541016
2020-03-02,104.65469360351562
2020-03-03,100.72757720947266
2020-03-04,103.21646118164062
2020-03-05,98.15253448486328
2020-03-06,93.07998657226562
2020-03-09,80.47180938720703
2020-03-10,86.72423553466797
2020-03-11,82.6420669555664
2020-03-12,75.82987976074219
2020-03-13,89.48875427246094
2020-03-16,76.09684753417969
2020-03-17,80.7474136352539
2020-03-18,72.24722290039062
2020-03-19,73.46151733398438
2020-03-20,71.91136169433594
2020-03-23,68.06172943115234
2020-03-24,76.15714263916016
2020-03-25,78.99915313720703
2020-03-26,84.50228881835938
2020-03-27,78.48240661621094
2020-03-30,80.52349090576172
2020-03-31,77.53507995605469
2020-04-01,72.65199279785156
2020-04-02,75.36479187011719
2020-04-03,73.13719177246094
2020-04-06,77.84477996826172
2020-04-07,78.87156677246094
2020-04-08,82.05638122558594
2020-04-09,89.41796112060547
2020-04-13,85.44132232666016
2020-04-14,83.10057067871094
2020-04-15,79.00211334228516
2020-04-16,75.9913558959961
2020-04-17,82.82210540771484
2020-04-20,79.80265808105469
2020-04-21,77.4880142211914
2020-04-22,77.74036407470703
2020-04-23,77.78386688232422
2020-04-24,78.93247985839844
2020-04-27,82.3348159790039
2020-04-28,82.91783905029297
2020-04-29,85.15415954589844
2020-04-30,83.32679748535156
2020-05-01,81.14269256591797
2020-05-04,80.17681121826172
2020-05-05,80.05498504638672
2020-05-06,78.54960632324219
2020-05-07,79.36756896972656
2020-05-08,80.66412353515625
2020-05-11,78.28856658935547
2020-05-12,75.73029327392578
2020-05-13,73.11978912353516
2020-05-14,76.15666198730469
2020-05-15,74.74700927734375
2020-05-18,78.70623779296875
2020-05-19,77.1573715209961
2020-05-20,79.47198486328125
2020-05-21,78.46259307861328
2020-05-22,77.85348510742188
2020-05-26,83.37902069091797
2020-05-27,88.20842742919922
2020-05-28,86.89447784423828
2020-05-29,84.67557525634766
2020-06-01,85.79808044433594
2020-06-02,86.08523559570312
2020-06-03,90.73190307617188
2020-06-04,92.62015533447266
2020-06-05,96.78824615478516
2020-06-08,98.7199935913086
2020-06-09,96.18783569335938
2020-06-10,92.28948974609376
2020-06-11,84.58856201171875
2020-06-12,86.9031753540039
2020-06-15,88.10401916503906
2020-06-16,88.80885314941406
2020-06-17,86.56381225585938
2020-06-18,86.09391784667969
2020-06-19,85.11063385009766
2020-06-22,84.18827056884766
2020-06-23,85.21504974365234
2020-06-24,82.36962127685547
2020-06-25,85.24116516113281
2020-06-26,80.5683822631836
2020-06-29,80.92517852783203
2020-06-30,81.84754180908203
2020-07-01,81.15141296386719
2020-07-02,81.41500091552734
2020-07-06,83.47102355957031
2020-07-07,81.11626434326172
2020-07-08,81.97732543945312
2020-07-09,80.20247650146484
2020-07-10,84.5868911743164
2020-07-13,85.79942321777344
2020-07-14,86.29148864746094
2020-07-15,87.62699127197266
2020-07-16,87.87301635742188
2020-07-17,86.24751281738281
2020-07-20,85.49190521240234
2020-07-21,87.34584045410156
2020-07-22,86.71321105957031
2020-07-23,86.968017578125
2020-07-24,86.35296630859375
2020-07-27,85.14043426513672
2020-07-28,85.50945281982422
2020-07-29,87.58307647705078
2020-07-30,85.2458724975586
2020-07-31,84.9120101928711
2020-08-03,84.4375228881836
2020-08-04,83.95429229736328
2020-08-05,85.41283416748047
2020-08-06,85.43917083740234
2020-08-07,87.31947326660156
2020-08-10,88.42654418945312
2020-08-11,91.22064971923828
2020-08-12,90.44743347167967
2020-08-13,89.94660949707031
2020-08-14,89.98175048828125
2020-08-17,87.60942077636719
2020-08-18,86.38813018798828
2020-08-19,86.59020233154297
2020-08-20,85.55341339111328
2020-08-21,85.50945281982422
2020-08-24,87.91696166992188
2020-08-25,88.30355072021484
2020-08-26,87.06465148925781
2020-08-27,89.92904663085938
2020-08-28,90.29808044433594
2020-08-31,88.03117370605469
2020-09-01,87.98722839355469
2020-09-02,89.31399536132812
2020-09-03,89.03282928466797
2020-09-04,90.9570541381836
2020-09-08,87.7939453125
2020-09-09,88.628662109375
2020-09-10,87.7148666381836
2020-09-11,88.80438232421875
2020-09-14,90.03446960449219
2020-09-15,87.23160552978516
2020-09-16,87.60065460205078
2020-09-17,86.5989761352539
2020-09-18,86.41446685791016
2020-09-21,83.74339294433594
2020-09-22,82.8296127319336
2020-09-23,81.48529815673828
2020-09-24,81.41500091552734
2020-09-25,82.12671661376953
2020-09-28,84.490234375
2020-09-29,83.778564453125
2020-09-30,84.5868911743164
2020-10-01,85.20195770263672
2020-10-02,86.01029968261719
2020-10-05,87.8282241821289
2020-10-06,86.92369842529297
2020-10-07,88.44013977050781
2020-10-08,90.2580337524414
2020-10-09,89.74370574951172
2020-10-12,90.84334564208984
2020-10-13,89.37126159667969
2020-10-14,88.87464904785156
2020-10-15,90.204833984375
2020-10-16,90.01860809326172
2020-10-19,88.50220489501953
2020-10-20,89.00765991210938
2020-10-21,88.1208724975586
2020-10-22,91.2335205078125
2020-10-23,92.05823516845705
2020-10-26,89.77919006347656
2020-10-27,88.08539581298828
2020-10-28,85.61123657226562
2020-10-29,86.16992950439453
2020-10-30,86.94144439697266
2020-11-02,88.90123748779297
2020-11-03,91.70353698730467
2020-11-04,88.90123748779297
2020-11-05,92.53711700439452
2020-11-06,91.3044662475586
2020-11-09,103.66639709472656
2020-11-10,103.32940673828124
2020-11-11,101.7863998413086
2020-11-12,100.53602600097656
2020-11-13,101.16564178466795
2020-11-16,104.02111053466795
2020-11-17,102.96582794189452
2020-11-18,102.20315551757812
2020-11-19,102.47809600830078
2020-11-20,101.60015869140624
2020-11-23,104.52659606933594
2020-11-24,109.359619140625
2020-11-25,108.21566009521484
2020-11-27,107.4973602294922
2020-11-30,104.53546142578124
2020-12-01,106.18489837646484
2020-12-02,108.22453308105467
2020-12-03,107.5150909423828
2020-12-04,108.49056243896484
2020-12-07,108.0826416015625
2020-12-08,108.18905639648438
2020-12-09,107.34660339355467
2020-12-10,106.65489196777344
2020-12-11,106.0252685546875
2020-12-14,104.90790557861328
2020-12-15,106.69923400878906
2020-12-16,107.0096206665039
2020-12-17,106.1228256225586
2020-12-18,105.5996322631836
2020-12-21,109.56359100341795
2020-12-22,107.89640045166016
2020-12-23,110.91151428222656
2020-12-24,110.4237823486328
2020-12-28,111.15093994140624
2020-12-29,110.85830688476562
2020-12-30,111.16869354248048
2020-12-31,112.6851043701172
2021-01-04,111.62095642089844
2021-01-05,112.22832489013672
2021-01-06,117.4980926513672
2021-01-07,121.35663604736328
2021-01-08,121.49061584472656
2021-01-11,123.30378723144533
2021-01-12,125.2419891357422
2021-01-13,125.35810089111328
2021-01-14,126.09052276611328
2021-01-15,123.8307647705078
2021-01-19,123.29483795166016
2021-01-20,121.44596099853516
2021-01-21,120.42772674560548
2021-01-22,119.49879455566406
2021-01-25,118.00721740722656
2021-01-26,117.52490234375
2021-01-27,114.2022476196289
2021-01-28,116.21192169189452
2021-01-29,114.92572021484376
2021-02-01,115.77425384521484
2021-02-02,119.33806610107422
2021-02-03,120.70464324951172
2021-02-04,123.48242950439452
2021-02-05,123.2412338256836
2021-02-08,125.1705322265625
2021-02-09,124.67034149169922
2021-02-10,124.74180603027344
2021-02-11,124.3934555053711
2021-02-12,126.16195678710938
2021-02-16,129.1987762451172
2021-02-17,129.60072326660156
2021-02-18,130.0383758544922
2021-02-19,132.2088165283203
2021-02-22,133.45033264160156
2021-02-23,134.52212524414062
2021-02-24,136.8890838623047
2021-02-25,135.0312957763672
2021-02-26,131.44960021972656
2021-03-01,134.42388916015625
2021-03-02,133.9862518310547
2021-03-03,136.57644653320312
2021-03-04,134.4774932861328
2021-03-05,134.79010009765625
2021-03-08,136.57644653320312
2021-03-09,135.61180114746094
2021-03-10,138.55929565429688
2021-03-11,137.8358612060547
2021-03-12,139.47035217285156
2021-03-15,138.77369689941406
2021-03-16,137.1123504638672
2021-03-17,138.5236053466797
2021-03-18,140.8101043701172
2021-03-19,138.56829833984375
2021-03-22,134.84371948242188
2021-03-23,133.4949951171875
2021-03-24,134.53106689453125
2021-03-25,136.2549285888672
2021-03-26,138.5236053466797
2021-03-29,136.3710174560547
2021-03-30,137.97874450683594
2021-03-31,135.96908569335938
2021-04-01,137.29103088378906
2021-04-05,138.0187225341797
2021-04-06,137.04843139648438
2021-04-07,139.19569396972656
2021-04-08,139.3664093017578
2021-04-09,140.40863037109375
2021-04-12,140.11209106445312
2021-04-13,138.44102478027344
2021-04-14,135.85353088378906
2021-04-15,136.7160186767578
2021-04-16,137.7312469482422
2021-04-19,137.14723205566406
2021-04-20,134.11050415039062
2021-04-21,135.2515411376953
2021-04-22,132.4034881591797
2021-04-23,134.93707275390625
2021-04-26,135.26953125
2021-04-27,135.889404296875
2021-04-28,136.7698974609375
2021-04-29,139.42929077148438
2021-04-30,138.18946838378906
2021-05-03,137.78515625
2021-05-04,139.6898651123047
2021-05-05,141.52267456054688
2021-05-06,144.37071228027344
2021-05-07,144.8648681640625
2021-05-10,144.846923828125
2021-05-11,142.43907165527344
2021-05-12,141.4597930908203
2021-05-13,145.09844970703125
2021-05-14,147.35357666015625
2021-05-17,147.94654846191406
2021-05-18,145.86216735839844
2021-05-19,144.7480926513672
2021-05-20,144.49652099609375
2021-05-21,146.1406707763672
2021-05-24,146.93130493164062
2021-05-25,145.41294860839844
2021-05-26,145.3949432373047
2021-05-27,147.65904235839844
2021-05-28,147.56021118164062
2021-06-01,149.18638610839844
2021-06-02,149.1953582763672
2021-06-03,149.29420471191406
2021-06-04,149.5367889404297
2021-06-07,148.83599853515625
2021-06-08,148.2430419921875
2021-06-09,146.3922576904297
2021-06-10,144.1101531982422
2021-06-11,144.0113525390625
2021-06-14,141.567626953125
2021-06-15,139.4203338623047
2021-06-16,140.39962768554688
2021-06-17,136.34764099121094
2021-06-18,132.89761352539062
2021-06-21,135.1527099609375
2021-06-22,134.95509338378906
2021-06-23,135.77261352539062
2021-06-24,137.02146911621094
2021-06-25,138.4050750732422
2021-06-28,138.65663146972656
2021-06-29,138.48594665527344
2021-06-30,139.74374389648438
2021-07-01,141.1273651123047
2021-07-02,140.9918212890625
2021-07-06,138.62435913085938
2021-07-07,138.78697204589844
2021-07-08,136.3923797607422
2021-07-09,140.75689697265625
2021-07-12,142.77194213867188
2021-07-13,140.64842224121094
2021-07-14,140.16954040527344
2021-07-15,140.4767303466797
2021-07-16,137.26889038085938
2021-07-19,132.80503845214844
2021-07-20,135.28094482421875
2021-07-21,138.1273193359375
2021-07-22,136.3833465576172
2021-07-23,136.12130737304688
2021-07-26,137.03396606445312
2021-07-27,136.85324096679688
2021-07-28,137.07916259765625
2021-07-29,138.25381469726562
2021-07-30,137.15142822265625
2021-08-02,136.60020446777344
2021-08-03,138.15443420410156
2021-08-04,136.66348266601562
2021-08-05,138.38938903808594
2021-08-06,142.32012939453125
2021-08-09,142.16650390625
2021-08-10,143.91050720214844
2021-08-11,145.6273956298828
2021-08-12,146.1966552734375
2021-08-13,144.56112670898438
2021-08-16,143.61227416992188
2021-08-17,141.87738037109375
2021-08-18,140.585205078125
2021-08-19,139.41049194335938
2021-08-20,139.80809020996094
2021-08-23,141.59722900390625
2021-08-24,142.47377014160156
2021-08-25,145.41053771972656
2021-08-26,146.16053771972656
2021-08-27,147.33523559570312
2021-08-30,144.97677612304688
2021-08-31,144.5340118408203
2021-09-01,144.326171875
2021-09-02,144.99484252929688
2021-09-03,144.1183319091797
2021-09-07,143.86534118652344
2021-09-08,143.22373962402344
2021-09-09,143.8472442626953
2021-09-10,142.19361877441406
2021-09-13,144.4526824951172
2021-09-14,141.9315948486328
2021-09-15,142.9165496826172
2021-09-16,142.85325622558594
2021-09-17,142.48280334472656
2021-09-20,138.2176971435547
2021-09-21,138.2357940673828
2021-09-22,140.88339233398438
2021-09-23,145.64544677734375
2021-09-24,147.32618713378906
2021-09-27,150.88644409179688
2021-09-28,150.0731964111328
2021-09-29,149.95571899414062
2021-09-30,147.91355895996094
2021-10-01,151.02200317382812
2021-10-04,150.8593292236328
2021-10-05,153.3229217529297
2021-10-06,153.6501922607422
2021-10-07,154.6228790283203
2021-10-08,154.74105834960938
2021-10-11,151.48660278320312
2021-10-12,150.32298278808594
2021-10-13,146.35946655273438
2021-10-14,148.60484313964844
2021-10-15,151.4593505859375
2021-10-18,151.40475463867188
2021-10-19,153.24110412597656
2021-10-20,155.30465698242188
2021-10-21,154.08653259277344
2021-10-22,156.15919494628906
2021-10-25,155.39556884765625
2021-10-26,155.81373596191406
2021-10-27,152.56837463378906
2021-10-28,154.86831665039062
2021-10-29,154.44105529785156
2021-11-01,154.35926818847656
2021-11-02,154.96835327148438
2021-11-03,155.02285766601562
2021-11-04,152.986572265625
2021-11-05,152.7683868408203
2021-11-08,153.6865234375
2021-11-09,152.52293395996094
2021-11-10,152.37745666503906
2021-11-11,152.36839294433594
2021-11-12,151.6865997314453
2021-11-15,151.4138641357422
2021-11-16,150.32298278808594
2021-11-17,149.51393127441406
2021-11-18,148.22305297851562
2021-11-19,146.28675842285156
2021-11-22,149.4048309326172
2021-11-23,152.9774627685547
2021-11-24,151.7775115966797
2021-11-26,147.20486450195312
2021-11-29,146.56854248046875
2021-11-30,144.38677978515625
2021-12-01,143.5322723388672
2021-12-02,146.55039978027344
2021-12-03,143.89590454101562
2021-12-06,145.5958251953125
2021-12-07,147.78671264648438
2021-12-08,146.09585571289062
2021-12-09,145.86854553222656
2021-12-10,145.28675842285156
2021-12-13,143.55955505371094
2021-12-14,144.65953063964844
2021-12-15,143.57772827148438
2021-12-16,145.82315063476562
2021-12-17,142.50503540039062
2021-12-20,139.9414825439453
2021-12-21,141.89593505859375
2021-12-22,142.4504852294922
2021-12-23,142.95956420898438
2021-12-27,143.77772521972656
2021-12-28,144.21408081054688
2021-12-29,144.141357421875
2021-12-30,144.06861877441406
2021-12-31,143.95046997070312
2022-01-03,146.99581909179688
2022-01-04,152.56837463378906
2022-01-05,149.7791290283203
2022-01-06,151.37039184570312
2022-01-07,152.8701629638672
2022-01-10,153.01651000976562
2022-01-11,153.1719970703125
2022-01-12,154.040771484375
2022-01-13,153.8487091064453
2022-01-14,144.3926239013672
2022-01-18,138.33856201171875
2022-01-19,136.1985626220703
2022-01-20,135.03712463378906
2022-01-21,132.67771911621094
2022-01-24,132.55885314941406
2022-01-25,134.00376892089844
2022-01-26,135.27491760253906
2022-01-27,132.88804626464844
2022-01-28,134.07691955566406
2022-01-31,135.8968048095703
2022-02-01,138.22879028320312
2022-02-02,137.12225341796875
2022-02-03,135.98825073242188
2022-02-04,139.5182647705078
2022-02-07,139.98471069335938
2022-02-08,142.61843872070312
2022-02-09,143.21290588378906
2022-02-10,142.61843872070312
2022-02-11,140.76199340820312
2022-02-14,139.4542694091797
2022-02-15,141.49363708496094
2022-02-16,141.7496795654297
2022-02-17,138.48487854003906
2022-02-18,139.13417053222656
2022-02-22,138.8872528076172
2022-02-23,135.97911071777344
2022-02-24,132.19300842285156
2022-02-25,135.3206329345703
2022-02-28,129.67813110351562
2022-03-01,124.78546142578124
2022-03-02,127.37351989746094
2022-03-03,126.4681396484375
2022-03-04,122.91067504882812
2022-03-07,118.16436767578124
2022-03-08,117.33216857910156
2022-03-09,122.03275299072266
2022-03-10,120.5878448486328
2022-03-11,117.87171936035156
2022-03-14,119.04229736328124
2022-03-15,121.15481567382812
2022-03-16,126.56874084472656
2022-03-17,128.1691436767578
2022-03-18,128.12342834472656
2022-03-21,127.71187591552734
2022-03-22,130.42800903320312
2022-03-23,127.8307647705078
2022-03-24,128.66297912597656
2022-03-25,129.787841796875
2022-03-28,128.8275909423828
2022-03-29,129.11109924316406
2022-03-30,128.5258026123047
2022-03-31,124.66656494140624
2022-04-01,123.74290466308594
2022-04-04,124.2916259765625
2022-04-05,122.84518432617188
2022-04-06,121.14078521728516
2022-04-07,120.77228546142578
2022-04-08,122.9833984375
2022-04-11,122.53195190429688
2022-04-12,121.18685913085938
2022-04-13,117.28058624267578
2022-04-14,116.19345092773438
2022-04-18,118.34928131103516
2022-04-19,120.79991149902344
2022-04-20,121.22371673583984
2022-04-21,120.28398895263672
2022-04-22,116.8291473388672
2022-04-25,116.79228973388672
2022-04-26,113.33744049072266
2022-04-27,111.86338806152344
2022-04-28,113.63224792480467
2022-04-29,109.96550750732422
2022-05-02,110.96971893310548
2022-05-03,113.34664916992188
2022-05-04,117.0963134765625
2022-05-05,114.1666030883789
2022-05-06,113.98234558105467
2022-05-09,112.2687530517578
2022-05-10,109.53248596191406
2022-05-11,108.84152221679688
2022-05-12,108.74940490722656
2022-05-13,109.71675872802734
2022-05-16,108.95208740234376
2022-05-17,112.56356048583984
2022-05-18,110.63804626464844
2022-05-19,108.99815368652344
2022-05-20,108.1044921875
2022-05-23,114.79307556152344
2022-05-24,116.41455841064452
2022-05-25,117.2252960205078
2022-05-26,119.25214385986328
2022-05-27,120.93812561035156
2022-05-31,121.82254791259766
2022-06-01,119.68516540527344
2022-06-02,121.6106414794922
2022-06-03,119.91546630859376
2022-06-06,119.51931762695312
2022-06-07,119.83255767822266
2022-06-08,117.92546844482422
2022-06-09,115.44721221923828
2022-06-10,110.14054870605467
2022-06-13,106.86074829101562
2022-06-14,105.08265686035156
2022-06-15,106.326416015625
2022-06-16,104.50225067138672
2022-06-17,104.13372039794922
2022-06-21,106.7133560180664
2022-06-22,106.11450958251952
2022-06-23,104.95368957519533
2022-06-24,108.08607482910156
2022-06-27,107.2200698852539
2022-06-28,106.70413970947266
2022-06-29,106.22505950927734
2022-06-30,103.74679565429688
2022-07-01,105.07344818115234
2022-07-05,104.6737823486328
2022-07-06,103.99529266357422
2022-07-07,106.62562561035156
2022-07-08,106.291015625
2022-07-11,104.89685821533205
2022-07-12,104.99908447265624
2022-07-13,104.01388549804688
2022-07-14,100.37976837158205
2022-07-15,104.98050689697266
2022-07-18,103.90235137939452
2022-07-19,106.4769058227539
2022-07-20,106.45830535888672
2022-07-21,107.18327331542967
2022-07-22,106.6627960205078
2022-07-25,107.09033966064452
2022-07-26,105.4173355102539
2022-07-27,107.10892486572266
2022-07-28,106.7092742919922
2022-07-29,107.220458984375
2022-08-01,106.15160369873048
2022-08-02,104.49718475341795
2022-08-03,105.59392547607422
2022-08-04,104.43214416503906
2022-08-05,107.5922393798828
2022-08-08,106.28170776367188
2022-08-09,107.2390594482422
2022-08-10,110.03665924072266
2022-08-11,111.6631851196289
2022-08-12,113.51278686523438
2022-08-15,113.81950378417967
2022-08-16,114.9069366455078
2022-08-17,113.9403305053711
2022-08-18,113.05735778808594
2022-08-19,110.2597427368164
2022-08-22,108.43802642822266
2022-08-23,107.3691635131836
2022-08-24,107.62940979003906
2022-08-25,110.18536376953124
2022-08-26,106.57913208007812
2022-08-29,106.3188934326172
2022-08-30,106.33749389648438
2022-08-31,105.70547485351562
2022-09-01,106.43042755126952
2022-09-02,105.68687438964844
2022-09-06,105.71475219726562
2022-09-07,107.72235107421876
2022-09-08,110.23184967041016
2022-09-09,110.76163482666016
2022-09-12,112.07215118408205
2022-09-13,108.1777801513672
2022-09-14,107.92684173583984
2022-09-15,109.5533676147461
2022-09-16,108.81909942626952
2022-09-19,109.82289123535156
2022-09-20,107.65731048583984
2022-09-21,104.5529556274414
2022-09-22,103.36328125
2022-09-23,101.43932342529295
2022-09-26,99.25514221191406
2022-09-27,98.38146209716795
2022-09-28,100.3704605102539
2022-09-29,98.66958618164062
2022-09-30,97.126708984375
2022-10-03,100.12881469726562
2022-10-04,104.81319427490234
2022-10-05,103.51910400390624
2022-10-06,101.40914154052734
2022-10-07,99.38359832763672
2022-10-10,98.45521545410156
2022-10-11,95.61380004882812
2022-10-12,97.16109466552734
2022-10-13,102.56258392333984
2022-10-14,104.26930236816406
2022-10-17,108.64862823486328
2022-10-18,111.44315338134766
2022-10-19,109.2581787109375
2022-10-20,108.90182495117188
2022-10-21,114.62215423583984
2022-10-24,114.7628173828125
2022-10-25,115.06288146972656
2022-10-26,116.3851318359375
2022-10-27,116.8446273803711
2022-10-28,118.23253631591795
2022-10-31,118.04497528076172
2022-11-01,120.17367553710938
2022-11-02,119.06712341308594
2022-11-03,119.28280639648438
2022-11-04,122.54619598388672
2022-11-07,123.19325256347656
2022-11-08,123.26827239990234
2022-11-09,121.66473388671876
2022-11-10,126.67233276367188
2022-11-11,126.87865447998048
2022-11-14,125.5751495361328
2022-11-15,124.66555786132812
2022-11-16,124.83433532714844
2022-11-17,124.2904281616211
2022-11-18,125.509521484375
2022-11-21,124.76868438720705
2022-11-22,126.63481903076172
2022-11-23,127.98519134521484
2022-11-25,128.22903442382812
2022-11-28,125.9877700805664
2022-11-29,128.06021118164062
2022-11-30,129.5793914794922
2022-12-01,127.7601318359375
2022-12-02,126.74736785888672
2022-12-05,123.19325256347656
2022-12-06,123.3995590209961
2022-12-07,123.3151626586914
2022-12-08,124.60926818847656
2022-12-09,123.93411254882812
2022-12-12,125.8564910888672
2022-12-13,125.73458862304688
2022-12-14,125.10629272460938
2022-12-15,122.00231170654295
2022-12-16,121.2427215576172
2022-12-19,121.96479034423828
2022-12-20,122.55558776855467
2022-12-21,123.93411254882812
2022-12-22,122.5274658203125
2022-12-23,123.10887145996094
2022-12-27,123.54024505615234
2022-12-28,124.21541595458984
2022-12-29,124.9281234741211
2022-12-30,125.75334167480467
2023-01-03,126.70984649658205
2023-01-04,127.89142608642578
2023-01-05,127.86310577392578
2023-01-06,130.309814453125
2023-01-09,129.7713623046875
2023-01-10,130.93333435058594
2023-01-11,131.9063262939453
2023-01-12,131.77407836914062
2023-01-13,135.09938049316406
2023-01-17,133.01162719726562
2023-01-18,129.01560974121094
2023-01-19,127.2962875366211
2023-01-20,127.60802459716795
2023-01-23,129.6768798828125
2023-01-24,130.7916259765625
2023-01-25,131.42454528808594
2023-01-26,132.23696899414062
2023-01-27,132.5581817626953
2023-01-30,131.4340057373047
2023-01-31,132.2180938720703
2023-02-01,131.86854553222656
2023-02-02,131.2545166015625
2023-02-03,133.2855682373047
2023-02-06,134.06967163085938
2023-02-07,135.70394897460938
2023-02-08,134.7498321533203
2023-02-09,132.65261840820312
2023-02-10,133.23834228515625
2023-02-13,134.68370056152344
2023-02-14,135.27883911132812
2023-02-15,135.8456573486328
2023-02-16,133.97520446777344
2023-02-17,134.3719482421875
2023-02-21,131.9063262939453
2023-02-22,130.8955078125
2023-02-23,131.94412231445312
2023-02-24,133.13441467285156
2023-02-27,134.29638671875
2023-02-28,135.42056274414062
2023-03-01,134.66481018066406
2023-03-02,133.26669311523438
2023-03-03,135.71340942382812
2023-03-06,134.9198760986328
2023-03-07,130.9521942138672
2023-03-08,130.17755126953125
2023-03-09,123.13019561767578
2023-03-10,126.25711059570312
2023-03-13,123.98987579345705
2023-03-14,127.1734619140625
2023-03-15,121.16526794433594
2023-03-16,123.5175323486328
2023-03-17,118.8507843017578
2023-03-20,120.10721588134766
2023-03-21,123.32859802246094
2023-03-22,120.14500427246094
2023-03-23,119.82382202148438
2023-03-24,118.00057983398438
2023-03-27,121.38255310058594
2023-03-28,121.75098419189452
2023-03-29,121.99659729003906
2023-03-30,121.62816619873048
2023-03-31,123.10188293457033
2023-04-03,122.9601821899414
2023-04-04,121.31641387939452
2023-04-05,121.49730682373048
2023-04-06,121.36402893066406
2023-04-10,121.76390838623048
2023-04-11,122.36373138427734
2023-04-12,122.3446807861328
2023-04-13,122.81122589111328
2023-04-14,132.08465576171875
2023-04-17,133.1319580078125
2023-04-18,134.62673950195312
2023-04-19,134.4553985595703
2023-04-20,134.0650177001953
2023-04-21,133.80795288085938
2023-04-24,133.98886108398438
2023-04-25,131.07542419433594
2023-04-26,128.75230407714844
2023-04-27,130.485107421875
2023-04-28,131.6181182861328
2023-05-01,134.43634033203125
2023-05-02,132.2655487060547
2023-05-03,129.4663848876953
2023-05-04,127.69548797607422
2023-05-05,130.18997192382812
2023-05-08,130.50418090820312
2023-05-09,129.87579345703125
2023-05-10,129.9424285888672
2023-05-11,129.5330352783203
2023-05-12,127.67642974853516
2023-05-15,128.75230407714844
2023-05-16,127.88590240478516
2023-05-17,131.8180694580078
2023-05-18,132.81776428222656
2023-05-19,132.51309204101562
2023-05-22,131.41819763183594
2023-05-23,130.04713439941406
2023-05-24,128.85702514648438
2023-05-25,129.17124938964844
2023-05-26,130.38038635253906
2023-05-30,130.87551879882812
2023-05-31,129.20932006835938
2023-06-01,130.98973083496094
2023-06-02,133.74130249023438
2023-06-05,132.4274139404297
2023-06-06,132.6654510498047
2023-06-07,133.9507598876953
2023-06-08,133.98886108398438
2023-06-09,134.25543212890625
2023-06-12,134.2459259033203
2023-06-13,135.21705627441406
2023-06-14,134.7124481201172
2023-06-15,136.2357940673828
2023-06-16,136.39764404296875
2023-06-20,135.70265197753906
2023-06-21,135.50270080566406
2023-06-22,132.89395141601562
2023-06-23,132.19891357421875
2023-06-26,132.52261352539062
2023-06-27,132.53213500976562
2023-06-28,131.95135498046875
2023-06-29,136.55950927734375
2023-06-30,138.4732208251953
2023-07-03,139.5872039794922
2023-07-05,138.65728759765625
2023-07-06,137.28646850585938
2023-07-07,138.36972045898438
2023-07-10,139.1461944580078
2023-07-11,141.3223114013672
2023-07-12,142.02210998535156
2023-07-13,142.7123565673828
2023-07-14,143.57510375976562
2023-07-17,147.0358123779297
2023-07-18,147.3042449951172
2023-07-19,147.8698272705078
2023-07-20,149.69122314453125
2023-07-21,148.54086303710938
2023-07-24,151.46469116210938
2023-07-25,150.33351135253906
2023-07-26,151.234619140625
2023-07-27,149.56661987304688
2023-07-28,150.41978454589844
2023-07-31,151.42637634277344
2023-08-01,150.6786346435547
2023-08-02,148.9722442626953
2023-08-03,149.88294982910156
2023-08-04,149.56661987304688
2023-08-07,150.27598571777344
2023-08-08,149.43240356445312
2023-08-09,147.4288330078125
2023-08-10,147.20835876464844
2023-08-11,148.06153869628906
2023-08-14,148.36830139160156
2023-08-15,144.59127807617188
2023-08-16,143.97776794433594
2023-08-17,142.48228454589844
2023-08-18,142.80819702148438
2023-08-21,143.29710388183594
2023-08-22,140.32534790039062
2023-08-23,141.27438354492188
2023-08-24,141.14015197753906
2023-08-25,140.96763610839844
2023-08-28,141.45654296875
2023-08-29,142.6068878173828
2023-08-30,142.03172302246094
2023-08-31,140.27740478515625
2023-09-01,140.74713134765625
2023-09-05,139.19415283203125
2023-09-06,138.9640655517578
2023-09-07,137.77536010742188
2023-09-08,137.88082885742188
2023-09-11,138.48475646972656
2023-09-12,140.2869873046875
2023-09-13,140.35409545898438
2023-09-14,143.07662963867188
2023-09-15,142.65481567382812
2023-09-18,142.95199584960938
2023-09-19,142.76986694335938
2023-09-20,142.1659393310547
2023-09-21,141.05392456054688
2023-09-22,139.7022247314453
2023-09-25,140.39244079589844
2023-09-26,138.935302734375
2023-09-27,139.75015258789062
2023-09-28,141.4853057861328
2023-09-29,139.02157592773438
2023-10-02,137.82330322265625
2023-10-03,136.80714416503906
2023-10-04,137.420654296875
2023-10-05,138.0000762939453
2023-10-06,140.1246795654297
2023-10-09,139.80596923828125
2023-10-10,140.65579223632812
2023-10-11,141.13865661621094
2023-10-12,140.810302734375
2023-10-13,142.9252166748047
2023-10-16,142.78038024902344
2023-10-17,142.47132873535156
2023-10-18,140.90689086914062
2023-10-19,140.30813598632812
2023-10-20,138.0483856201172
2023-10-23,136.1652374267578
2023-10-24,136.3294219970703
2023-10-25,135.5858154296875
2023-10-26,135.93345642089844
2023-10-27,131.03732299804688
2023-10-30,132.70802307128906
2023-10-31,134.29176330566406
2023-11-01,134.17588806152344
2023-11-02,136.57083129882812
2023-11-03,138.09666442871094
2023-11-06,139.1396484375
2023-11-07,139.072021484375
2023-11-08,139.75770568847656
2023-11-09,139.34242248535156
2023-11-10,141.40904235839844
2023-11-13,140.78134155273438
2023-11-14,143.35012817382812
2023-11-15,144.6055450439453
2023-11-16,146.25694274902344
2023-11-17,147.5799560546875
2023-11-20,148.0338134765625
2023-11-21,147.72482299804688
2023-11-22,148.0724639892578
2023-11-24,148.27525329589844
2023-11-27,147.937255859375
2023-11-28,148.27525329589844
2023-11-29,149.02854919433594
2023-11-30,150.72816467285156
2023-12-01,151.46209716796875
2023-12-04,152.5726776123047
2023-12-05,152.55335998535156
2023-12-06,150.9502716064453
2023-12-07,151.413818359375
2023-12-08,153.08448791503906
2023-12-11,153.64462280273438
2023-12-12,155.01593017578125
2023-12-13,155.5373992919922
2023-12-14,158.366943359375
2023-12-15,159.56442260742188
2023-12-18,160.53013610839844
2023-12-19,162.6739959716797
2023-12-20,160.83917236328125
2023-12-21,161.756591796875
2023-12-22,161.66001892089844
2023-12-26,162.61605834960938
2023-12-27,163.5914306640625
2023-12-28,164.46055603027344
2023-12-29,164.26744079589844
2024-01-02,166.17955017089844
2024-01-03,165.45526123046875
2024-01-04,166.55325317382812
2024-01-05,167.38888549804688
2024-01-08,167.14598083496094
2024-01-09,165.8245086669922
2024-01-10,166.17431640625
2024-01-11,165.47470092773438
2024-01-12,164.26011657714844
2024-01-16,163.2301483154297
2024-01-17,162.3556365966797
2024-01-18,162.67630004882812
2024-01-19,165.4844207763672
2024-01-22,165.29010009765625
2024-01-23,164.20181274414062
2024-01-24,165.6690216064453
2024-01-25,168.03990173339844
2024-01-26,167.39859008789062
2024-01-29,167.8358612060547
2024-01-30,171.27552795410156
2024-01-31,169.41964721679688
2024-02-01,168.80751037597656
2024-02-02,169.7791748046875
2024-02-05,169.55567932128906
2024-02-06,170.13870239257812
2024-02-07,170.45933532714844
2024-02-08,169.84719848632812
2024-02-09,170.0512237548828
2024-02-12,170.80914306640625
2024-02-13,169.32249450683594
2024-02-14,171.04234313964844
2024-02-15,174.77352905273438
2024-02-16,173.95733642578125
2024-02-20,174.6374969482422
2024-02-21,175.77435302734375
2024-02-22,177.8828887939453
2024-02-23,178.77679443359375
2024-02-26,178.16464233398438
2024-02-27,178.25210571289062
2024-02-28,179.15576171875
2024-02-29,180.7881622314453
2024-03-01,180.03997802734375
2024-03-04,181.3905792236328
2024-03-05,183.2076110839844
2024-03-06,184.1598358154297
2024-03-07,182.546875
2024-03-08,182.886962890625
2024-03-11,182.9549560546875
2024-03-12,184.4610595703125
2024-03-13,185.95741271972656
2024-03-14,182.64404296875
2024-03-15,184.90802001953125
2024-03-18,187.20114135742188
2024-03-19,188.2991180419922
2024-03-20,190.76715087890625
2024-03-21,193.41981506347656
2024-03-22,191.0489196777344
2024-03-25,189.29995727539065
2024-03-26,190.18414306640625
2024-03-27,193.8667755126953
2024-03-28,194.6246795654297
2024-04-01,193.3032073974609
2024-04-02,193.22547912597656
2024-04-03,192.68136596679688
2024-04-04,191.21533203125
2024-04-05,192.9745483398437
2024-04-08,193.981201171875
2024-04-09,192.6813507080078
2024-04-10,191.0394287109375
2024-04-11,191.0003204345703
2024-04-12,178.64683532714844
2024-04-15,178.74456787109375
2024-04-16,176.70193481445312
2024-04-17,175.99826049804688
2024-04-18,177.14173889160156
2024-04-19,181.588607788086
2024-04-22,185.1167907714844
2024-04-23,187.784896850586
2024-04-24,188.7035980224609
2024-04-25,188.98703002929688
2024-04-26,189.10430908203125
2024-04-29,188.8990631103516
2024-04-30,187.3939819335937
2024-05-01,187.51124572753903
2024-05-02,187.31578063964844
2024-05-03,186.1918487548828
2024-05-06,187.6480712890625
2024-05-07,187.4037475585937
2024-05-08,191.21533203125
2024-05-09,193.02340698242188
2024-05-10,194.26461791992188
2024-05-13,194.2255401611328
2024-05-14,196.9425048828125
2024-05-15,197.52891540527344
2024-05-16,197.88075256347656
2024-05-17,200.14816284179688
2024-05-20,191.1469268798828
2024-05-21,194.9976348876953
2024-05-22,193.81504821777344
2024-05-23,192.45654296875
2024-05-24,196.16067504882807
2024-05-28,194.9780731201172
2024-05-29,193.6195831298828
2024-05-30,194.8119201660156
2024-05-31,198.03713989257807
2024-06-03,197.24549865722656
2024-06-04,194.64578247070312
2024-06-05,192.78884887695312
2024-06-06,192.44677734375
2024-06-07,195.4178924560547
2024-06-10,195.08560180664065
2024-06-11,189.9545745849609
2024-06-12,187.188720703125
2024-06-13,189.2704467773437
2024-06-14,189.38772583007807
2024-06-17,190.5605316162109
2024-06-18,192.53472900390625
2024-06-20,194.1669006347656
2024-06-21,191.85061645507807
2024-06-24,194.3721466064453
2024-06-25,193.5804901123047
2024-06-26,192.9549865722656
2024-06-27,194.65554809570312
2024-06-28,197.675521850586
2024-07-01,200.7932281494141
2024-07-02,204.0965881347656
2024-07-03,203.95977783203125
2024-07-05,201.2572021484375
2024-07-08,201.6306610107422
2024-07-09,204.0482177734375
2024-07-10,204.21530151367188
2024-07-11,203.871322631836
2024-07-12,201.40463256835932
2024-07-15,206.42648315429688
2024-07-16,209.93487548828125
2024-07-17,213.1288146972656
2024-07-18,206.3576812744141
2024-07-19,206.1611328125
2024-07-22,206.6525115966797
2024-07-23,206.70166015625
2024-07-24,204.9916534423828
2024-07-25,205.0702667236328
2024-07-26,208.5787048339844
2024-07-29,207.21267700195312
2024-07-30,211.47781372070312
2024-07-31,209.1290435791016
2024-08-01,204.3725433349609
2024-08-02,195.7046813964844
2024-08-05,191.537826538086
2024-08-06,196.88397216796875
2024-08-07,196.94293212890625
2024-08-08,200.539794921875
2024-08-09,202.2498016357422
2024-08-12,202.633056640625
2024-08-13,204.35289001464844
2024-08-14,206.6132049560547
2024-08-15,207.900619506836
2024-08-16,210.27886962890625
2024-08-19,211.7333221435547
2024-08-20,210.81936645507807
2024-08-21,210.8979949951172
2024-08-22,212.89295959472656
2024-08-23,214.54397583007807
2024-08-26,215.3891448974609
2024-08-27,216.3817138671875
2024-08-28,217.4725799560547
2024-08-29,218.3767242431641
2024-08-30,220.92202758789065
2024-09-03,216.4996490478516
2024-09-04,215.54638671875
2024-09-05,213.875732421875
2024-09-06,208.7949066162109
2024-09-09,213.06985473632807
2024-09-10,202.0139312744141
2024-09-11,203.6551055908203
2024-09-12,203.03599548339844
2024-09-13,200.7953338623047
2024-09-16,204.27427673339844
2024-09-17,205.6402740478516
2024-09-18,203.949935913086
2024-09-19,206.8490600585937
2024-09-20,207.44851684570312
2024-09-23,207.79249572753903
2024-09-24,207.93991088867188
2024-09-25,206.56407165527344
2024-09-26,206.1611328125
2024-09-27,206.86871337890625
2024-09-30,207.2224884033203
2024-10-01,203.4683990478516
2024-10-02,203.71408081054688
2024-10-03,201.6896209716797
2024-10-04,208.84832763671875
2024-10-07,208.5615692138672
2024-10-08,208.38360595703125
2024-10-09,211.02362060546875
2024-10-10,210.4501342773437
2024-10-11,219.7940216064453
2024-10-14,218.9931182861328
2024-10-15,219.89291381835932
2024-10-16,221.12887573242188
2024-10-17,221.9001007080078
2024-10-18,222.8394317626953
2024-10-21,220.4960479736328
2024-10-22,221.6034698486328
2024-10-23,220.9014587402344
2024-10-24,222.4538116455078
2024-10-25,219.8137969970703
2024-10-28,222.9679718017578
2024-10-29,220.3971710205078
2024-10-30,221.8902130126953
2024-10-31,219.4281768798828
2024-11-01,220.4367218017578
2024-11-04,217.31219482421875
2024-11-05,219.0030212402344
2024-11-06,244.285888671875
2024-11-07,233.725830078125
2024-11-08,234.319076538086
2024-11-11,236.60313415527344
2024-11-12,236.8701171875
2024-11-13,238.4521484375
2024-11-14,239.1541748046875
2024-11-15,242.55555725097656
2024-11-18,242.2786865234375
2024-11-19,240.3604736328125
2024-11-20,238.076416015625
2024-11-21,242.01171875
2024-11-22,245.75917053222656
2024-11-25,247.4796295166016
2024-11-26,247.1632232666016
2024-11-27,246.9852294921875
2024-11-29,246.91603088378903
2024-12-02,243.4849853515625
2024-12-03,242.0710601806641
2024-12-04,240.6669921875
2024-12-05,242.7236328125
2024-12-06,244.58251953125
2024-12-09,241.0723876953125
2024-12-10,240.133056640625
2024-12-11,240.7955322265625
2024-12-12,238.81797790527344
2024-12-13,237.245849609375
2024-12-16,236.889892578125
2024-12-17,235.68359375
2024-12-18,227.7832946777344
2024-12-19,230.3442230224609
2024-12-20,234.93212890625
2024-12-23,235.7132568359375
2024-12-24,239.5892333984375
2024-12-26,240.409912109375
2024-12-27,238.4620361328125
2024-12-30,236.6328125
2024-12-31,237.0184326171875
2025-01-02,237.30517578125
2025-01-03,240.54833984375
2025-01-06,239.3755645751953
2025-01-07,241.6813507080078
2025-01-08,241.6416015625
2025-01-10,238.40155029296875
2025-01-13,242.71499633789065
2025-01-14,245.9550323486328
2025-01-15,250.8051605224609
2025-01-16,252.71340942382807
2025-01-17,257.573486328125
2025-01-21,261.4197692871094
2025-01-22,261.2309265136719
2025-01-23,264.3219299316406
2025-01-24,263.2186889648437
2025-01-27,264.2225341796875
2025-01-28,265.504638671875
2025-01-29,264.9480285644531
2025-01-30,266.58795166015625
2025-01-31,265.66363525390625
2025-02-03,265.1766357421875
2025-02-04,266.2997131347656
2025-02-05,268.77447509765625
2025-02-06,275.2048645019531
2025-02-07,274.1116027832031
2025-02-10,269.3807373046875
2025-02-11,273.3065490722656
2025-02-12,273.7637634277344
2025-02-13,274.62841796875
2025-02-14,274.8967590332031
2025-02-18,278.2362060546875
2025-02-19,277.5404968261719
2025-02-20,265.16668701171875
2025-02-21,262.62237548828125
2025-02-24,259.7401123046875
2025-02-25,255.82423400878903
2025-02-26,257.20574951171875
2025-02-27,257.4641418457031
2025-02-28,263.02984619140625
2025-03-03,259.0245361328125
2025-03-04,248.718017578125
2025-03-05,249.9901733398437
2025-03-06,245.0307159423828
2025-03-07,240.7967987060547
2025-03-10,230.79840087890625
2025-03-11,227.7372436523437
2025-03-12,226.5048370361328
2025-03-13,223.8114318847656
2025-03-14,231.0170440673828
2025-03-17,232.49790954589844
2025-03-18,233.53155517578125
2025-03-19,237.64620971679688
2025-03-20,237.5468139648437
2025-03-21,240.1507873535156
2025-03-24,246.5414276123047
2025-03-25,249.59263610839844
2025-03-26,249.4932403564453
2025-03-27,246.60104370117188
2025-03-28,241.3633270263672
2025-03-31,243.7983245849609
2025-04-01,242.1683654785156
2025-04-02,244.3151397705078
2025-04-03,227.29000854492188
2025-04-04,210.27999877929688
2025-04-07,214.44000244140625
2025-04-08,216.8699951171875
2025-04-09,234.33999633789065
2025-04-10,227.1100006103516
2025-04-11,236.1999969482422
2025-04-14,234.72000122070312
2025-04-15,233.1300048828125
2025-04-16,229.6100006103516
2025-04-17,231.9600067138672
2025-04-21,228.9900054931641
2025-04-22,235.58999633789065
2025-04-23,240.8800048828125
2025-04-24,244.63999938964844
2025-04-25,243.5500030517578
2025-04-28,243.22000122070312
2025-04-29,244.6199951171875
2025-04-30,244.6199951171875
2025-05-01,246.88999938964844
2025-05-02,252.509994506836
2025-05-05,252.5599975585937
2025-05-06,249.25
2025-05-07,249.38999938964844
2025-05-08,253.47000122070312
2025-05-09,253.0800018310547
2025-05-12,260.04998779296875
2025-05-13,263.010009765625
2025-05-14,265.6400146484375
2025-05-15,267.489990234375
2025-05-16,267.5599975585937
2025-05-19,264.8800048828125
2025-05-20,265.67999267578125
2025-05-21,261.0400085449219
2025-05-22,260.6700134277344
2025-05-23,260.7099914550781
2025-05-27,265.2900085449219
2025-05-28,263.489990234375
2025-05-29,264.3699951171875
2025-05-30,264.0
2025-06-02,264.6600036621094
2025-06-03,266.2699890136719
2025-06-04,264.2200012207031
2025-06-05,261.95001220703125
2025-06-06,265.7300109863281
2025-06-09,266.739990234375
2025-06-10,268.6000061035156
2025-06-11,268.1499938964844
2025-06-12,268.239990234375
2025-06-13,264.95001220703125
2025-06-16,270.3599853515625
2025-06-17,269.5199890136719
2025-06-18,273.9599914550781
2025-06-20,275.0
2025-06-23,278.2699890136719
2025-06-24,281.260009765625
2025-06-25,284.0599975585937
2025-06-26,288.75
2025-06-27,287.1099853515625
