Date,Close
2000-01-03,35.72671127319336
2000-01-04,34.51984786987305
2000-01-05,34.88383102416992
2000-01-06,33.71528625488281
2000-01-07,34.15590286254883
2000-01-10,34.40494155883789
2000-01-11,33.52372741699219
2000-01-12,32.43180847167969
2000-01-13,33.04481506347656
2000-01-14,34.40494155883789
2000-01-18,35.343589782714844
2000-01-19,32.79578399658203
2000-01-20,32.48929214477539
2000-01-21,31.79966163635254
2000-01-24,31.03339385986328
2000-01-25,31.51230812072754
2000-01-26,30.45871925354004
2000-01-27,30.26713752746582
2000-01-28,30.1138858795166
2000-01-31,29.998952865600586
2000-02-01,31.550617218017578
2000-02-02,30.899290084838867
2000-02-03,31.761337280273438
2000-02-04,32.66169738769531
2000-02-07,32.680850982666016
2000-02-08,33.69614028930664
2000-02-09,31.876279830932617
2000-02-10,32.48929214477539
2000-02-11,30.6311092376709
2000-02-14,30.535335540771484
2000-02-15,30.209684371948242
2000-02-16,29.92231559753418
2000-02-17,30.535335540771484
2000-02-18,29.13692283630371
2000-02-22,28.753780364990234
2000-02-23,28.887880325317383
2000-02-24,29.041118621826172
2000-02-25,27.987533569335938
2000-02-28,28.064151763916016
2000-02-29,27.39366912841797
2000-03-01,27.834285736083984
2000-03-02,28.61967658996582
2000-03-03,29.462560653686523
2000-03-06,27.776803970336914
2000-03-07,28.466428756713867
2000-03-08,29.290172576904297
2000-03-09,30.6502628326416
2000-03-10,30.956762313842773
2000-03-13,30.03727149963379
2000-03-14,29.156076431274414
2000-03-15,29.232681274414062
2000-03-16,29.232681274414062
2000-03-17,30.45871925354004
2000-03-20,29.845701217651367
2000-03-21,31.49315643310547
2000-03-22,31.64640235900879
2000-03-23,34.28999710083008
2000-03-24,34.232513427734375
2000-03-27,31.89545249938965
2000-03-28,31.972055435180664
2000-03-29,32.85325241088867
2000-03-30,31.68471908569336
2000-03-31,32.56591033935547
2000-04-03,27.853431701660156
2000-04-04,27.144641876220703
2000-04-05,26.47417640686035
2000-04-06,26.359233856201172
2000-04-07,27.297897338867188
2000-04-10,26.378387451171875
2000-04-11,25.707904815673828
2000-04-12,24.32865333557129
2000-04-13,24.29034423828125
2000-04-14,22.71951675415039
2000-04-17,23.255887985229492
2000-04-18,24.692630767822266
2000-04-19,24.117929458618164
2000-04-20,24.194557189941406
2000-04-24,20.420734405517578
2000-04-25,21.263622283935547
2000-04-26,20.842187881469727
2000-04-27,21.397727966308594
2000-04-28,21.378559112548828
2000-05-01,22.5087833404541
2000-05-02,21.4168758392334
2000-05-03,21.627601623535156
2000-05-04,21.589277267456055
2000-05-05,21.800003051757812
2000-05-08,21.397727966308594
2000-05-09,20.784717559814453
2000-05-10,20.286649703979492
2000-05-11,20.803871154785156
2000-05-12,21.09121322631836
2000-05-15,21.263622283935547
2000-05-16,21.301937103271484
2000-05-17,20.746397018432617
2000-05-18,20.286649703979492
2000-05-19,19.94183349609375
2000-05-22,19.673643112182617
2000-05-23,19.367136001586914
2000-05-24,20.095081329345703
2000-05-25,18.849910736083984
2000-05-26,18.83075714111328
2000-05-30,19.424610137939453
2000-05-31,19.175575256347656
2000-06-01,19.78858184814453
2000-06-02,20.3249568939209
2000-06-05,20.497371673583984
2000-06-06,21.34025001525879
2000-06-07,21.608449935913086
2000-06-08,21.09121322631836
2000-06-09,21.09121322631836
2000-06-12,20.497371673583984
2000-06-13,20.803871154785156
2000-06-14,21.608449935913086
2000-06-15,22.183135986328125
2000-06-16,22.2406063079834
2000-06-19,22.585418701171875
2000-06-20,22.968551635742188
2000-06-21,24.730937957763672
2000-06-22,24.481897354125977
2000-06-23,23.811429977416992
2000-06-26,24.36695671081543
2000-06-27,24.1562442779541
2000-06-28,24.194557189941406
2000-06-29,23.658185958862305
2000-06-30,24.520217895507812
2000-07-03,24.520217895507812
2000-07-05,24.06046485900879
2000-07-06,24.807558059692383
2000-07-07,25.133228302001953
2000-07-10,24.347814559936523
2000-07-11,24.25202751159668
2000-07-12,24.615995407104492
2000-07-13,24.501054763793945
2000-07-14,24.194557189941406
2000-07-17,23.964685440063477
2000-07-18,24.06046485900879
2000-07-19,22.413005828857422
2000-07-20,22.93023681640625
2000-07-21,22.16397476196289
2000-07-24,21.627601623535156
2000-07-25,21.148681640625
2000-07-26,20.784717559814453
2000-07-27,21.263622283935547
2000-07-28,21.359407424926758
2000-07-31,21.397727966308594
2000-08-01,21.052907943725586
2000-08-02,21.263622283935547
2000-08-03,21.531814575195312
2000-08-04,21.187000274658203
2000-08-07,21.45517921447754
2000-08-08,22.71951675415039
2000-08-09,22.757827758789062
2000-08-10,22.25975227355957
2000-08-11,22.202289581298828
2000-08-14,22.125661849975586
2000-08-15,21.9532527923584
2000-08-16,21.761690139770508
2000-08-17,21.934097290039062
2000-08-18,21.761690139770508
2000-08-21,21.646757125854492
2000-08-22,21.83832550048828
2000-08-23,21.685075759887695
2000-08-24,21.800003051757812
2000-08-25,21.646757125854492
2000-08-28,21.85747718811035
2000-08-29,21.742542266845703
2000-08-30,21.45517921447754
2000-08-31,21.397727966308594
2000-09-01,21.512659072875977
2000-09-05,21.49349594116211
2000-09-06,21.28277015686035
2000-09-07,21.47434425354004
2000-09-08,21.244464874267578
2000-09-11,21.09121322631836
2000-09-12,20.88050079345703
2000-09-13,20.91880989074707
2000-09-14,20.171703338623047
2000-09-15,19.673643112182617
2000-09-18,19.30967140197754
2000-09-19,19.92268180847168
2000-09-20,19.692800521850586
2000-09-21,19.673643112182617
2000-09-22,19.386295318603516
2000-09-25,18.77329444885254
2000-09-26,19.21388053894043
2000-09-27,18.58172607421875
2000-09-28,18.792442321777344
2000-09-29,18.485942840576172
2000-10-02,18.121967315673828
2000-10-03,17.336563110351562
2000-10-04,16.991741180419922
2000-10-05,16.972591400146484
2000-10-06,17.030048370361328
2000-10-09,16.608612060546875
2000-10-10,16.723552703857422
2000-10-11,17.087522506713867
2000-10-12,16.66608428955078
2000-10-13,16.47452163696289
2000-10-16,15.440069198608398
2000-10-17,15.459230422973633
2000-10-18,15.861515998840332
2000-10-19,18.96485710144043
2000-10-20,19.980138778686523
2000-10-23,19.041484832763672
2000-10-24,18.849910736083984
2000-10-25,18.77329444885254
2000-10-26,19.750263214111328
2000-10-27,20.746397018432617
2000-10-30,21.1678409576416
2000-10-31,21.110368728637695
2000-11-01,21.34025001525879
2000-11-02,21.550962448120117
2000-11-03,20.91880989074707
2000-11-06,21.301937103271484
2000-11-07,21.608449935913086
2000-11-08,21.28277015686035
2000-11-09,21.723379135131836
2000-11-10,20.650619506835938
2000-11-13,20.36328125
2000-11-14,21.09121322631836
2000-11-15,21.47434425354004
2000-11-16,21.12952423095703
2000-11-17,21.1678409576416
2000-11-20,20.5931453704834
2000-11-21,20.765560150146484
2000-11-22,20.91880989074707
2000-11-24,21.436025619506836
2000-11-27,21.66590690612793
2000-11-28,20.535680770874023
2000-11-29,19.94183349609375
2000-11-30,17.585586547851562
2000-12-01,17.3557186126709
2000-12-04,17.298242568969727
2000-12-05,18.351852416992188
2000-12-06,17.3748722076416
2000-12-07,16.282955169677734
2000-12-08,16.68524169921875
2000-12-11,17.796308517456055
2000-12-12,17.8920955657959
2000-12-13,17.54727554321289
2000-12-14,17.01089859008789
2000-12-15,15.076104164123535
2000-12-18,14.654661178588867
2000-12-19,13.735150337219238
2000-12-20,12.71985912322998
2000-12-21,13.313712120056152
2000-12-22,14.233214378356934
2000-12-26,14.367315292358398
2000-12-27,14.233214378356934
2000-12-28,13.658520698547363
2000-12-29,13.29455852508545
2001-01-02,13.29455852508545
2001-01-03,14.692968368530273
2001-01-04,14.846220970153809
2001-01-05,15.0569429397583
2001-01-08,14.999476432800293
2001-01-09,15.880668640136719
2001-01-10,16.206327438354492
2001-01-11,16.857643127441406
2001-01-12,16.397891998291016
2001-01-16,16.110553741455078
2001-01-17,16.225479125976562
2001-01-18,17.01089859008789
2001-01-19,18.69666290283203
2001-01-22,18.42848014831543
2001-01-23,18.562570571899414
2001-01-24,19.29051399230957
2001-01-25,18.945701599121094
2001-01-26,19.61617088317871
2001-01-29,19.769424438476562
2001-01-30,19.424610137939453
2001-01-31,18.7158260345459
2001-02-01,19.11811065673828
2001-02-02,18.639192581176758
2001-02-05,18.9840145111084
2001-02-06,19.175575256347656
2001-02-07,19.826887130737305
2001-02-08,19.07979393005371
2001-02-09,18.121967315673828
2001-02-12,18.007028579711914
2001-02-13,17.83462142944336
2001-02-14,17.8920955657959
2001-02-15,18.02618980407715
2001-02-16,17.56643295288086
2001-02-20,17.12584686279297
2001-02-21,17.240772247314453
2001-02-22,16.915119171142578
2001-02-23,17.394025802612305
2001-02-26,18.25606346130371
2001-02-27,18.198596954345703
2001-02-28,18.083656311035156
2001-03-01,18.193803787231445
2001-03-02,17.3748722076416
2001-03-05,17.604745864868164
2001-03-06,18.217758178710938
2001-03-07,18.60088539123535
2001-03-08,18.16029167175293
2001-03-09,17.3748722076416
2001-03-12,15.918987274169922
2001-03-13,16.608612060546875
2001-03-14,16.5511417388916
2001-03-15,16.455366134643555
2001-03-16,16.723552703857422
2001-03-19,16.646923065185547
2001-03-20,16.14885711669922
2001-03-21,15.344293594360352
2001-03-22,16.5511417388916
2001-03-23,17.336563110351562
2001-03-26,17.183303833007812
2001-03-27,17.853782653808594
2001-03-28,17.030048370361328
2001-03-29,16.972591400146484
2001-03-30,16.761863708496094
2001-04-02,17.106679916381836
2001-04-03,16.35958480834961
2001-04-04,15.918987274169922
2001-04-05,17.394025802612305
2001-04-06,17.22161865234375
2001-04-09,17.51662254333496
2001-04-10,18.292081832885742
2001-04-11,18.402420043945312
2001-04-12,19.05833625793457
2001-04-16,18.632299423217773
2001-04-17,18.843788146972656
2001-04-18,20.054462432861328
2001-04-19,20.85444450378418
2001-04-20,21.148681640625
2001-04-23,20.91880989074707
2001-04-24,20.704252243041992
2001-04-25,21.360177993774414
2001-04-26,21.188526153564453
2001-04-27,20.572465896606445
2001-04-30,20.765560150146484
2001-05-01,21.507293701171875
2001-05-02,21.381629943847656
2001-05-03,21.004634857177734
2001-05-04,21.685075759887695
2001-05-07,21.878162384033203
2001-05-08,22.086578369140625
2001-05-09,21.577781677246094
2001-05-10,21.45517921447754
2001-05-11,21.271289825439453
2001-05-14,21.0628604888916
2001-05-15,20.92494010925293
2001-05-16,21.197715759277344
2001-05-17,20.894289016723633
2001-05-18,20.86976432800293
2001-05-21,21.084325790405273
2001-05-22,21.550203323364258
2001-05-23,21.363239288330078
2001-05-24,21.98237419128418
2001-05-25,21.73410415649414
2001-05-29,21.559410095214844
2001-05-30,21.206920623779297
2001-05-31,21.203855514526367
2001-06-01,21.559410095214844
2001-06-04,21.694255828857422
2001-06-05,22.252099990844727
2001-06-06,22.17853355407715
2001-06-07,22.58311653137207
2001-06-08,22.432937622070312
2001-06-11,22.104970932006836
2001-06-12,22.09271240234375
2001-06-13,21.66667366027832
2001-06-14,21.118032455444336
2001-06-15,20.848312377929688
2001-06-18,20.4989013671875
2001-06-19,20.63375473022461
2001-06-20,21.274349212646484
2001-06-21,21.406139373779297
2001-06-22,21.09658432006836
2001-06-25,21.10271644592285
2001-06-26,21.49810028076172
2001-06-27,21.804595947265625
2001-06-28,22.295001983642578
2001-06-29,22.374691009521484
2001-07-02,21.63909149169922
2001-07-03,21.599252700805664
2001-07-05,20.998510360717773
2001-07-06,20.247560501098633
2001-07-09,20.134164810180664
2001-07-10,19.76329803466797
2001-07-11,20.382429122924805
2001-07-12,21.94559097290039
2001-07-13,21.865907669067383
2001-07-16,21.81685447692871
2001-07-17,22.013023376464844
2001-07-18,21.629901885986328
2001-07-19,22.24289894104004
2001-07-20,21.203855514526367
2001-07-23,20.563261032104492
2001-07-24,20.32725715637207
2001-07-25,20.682804107666016
2001-07-26,20.410017013549805
2001-07-27,20.066730499267578
2001-07-30,20.16788101196289
2001-07-31,20.287410736083984
2001-08-01,20.37323570251465
2001-08-02,20.67361068725586
2001-08-03,20.501962661743164
2001-08-06,20.269020080566406
2001-08-07,20.33646011352539
2001-08-08,19.879770278930664
2001-08-09,19.925739288330078
2001-08-10,20.082056045532227
2001-08-13,20.177072525024414
2001-08-14,19.827659606933594
2001-08-15,19.370975494384766
2001-08-16,19.806198120117188
2001-08-17,18.966386795043945
2001-08-20,19.21772575378418
2001-08-21,18.629236221313477
2001-08-22,18.592451095581055
2001-08-23,18.120439529418945
2001-08-24,19.01848793029785
2001-08-27,19.09818458557129
2001-08-28,18.61697006225586
2001-08-29,18.466787338256836
2001-08-30,17.452259063720703
2001-08-31,17.485971450805664
2001-09-04,17.194799423217773
2001-09-05,17.69746208190918
2001-09-06,17.17027473449707
2001-09-07,16.980249404907227
2001-09-10,17.64842987060547
2001-09-17,16.21705436706543
2001-09-18,16.649229049682617
2001-09-19,16.511301040649414
2001-09-20,15.558072090148926
2001-09-21,15.236246109008789
2001-09-24,15.941204071044922
2001-09-25,15.723587989807129
2001-09-26,15.407882690429688
2001-09-27,15.312871932983398
2001-09-28,15.68373966217041
2001-10-01,15.873771667480469
2001-10-02,16.259967803955078
2001-10-03,17.234647750854492
2001-10-04,17.299007415771484
2001-10-05,17.691335678100586
2001-10-08,17.78941535949707
2001-10-09,16.722787857055664
2001-10-10,17.013965606689453
2001-10-11,17.26223373413086
2001-10-12,17.280620574951172
2001-10-15,17.795555114746094
2001-10-16,17.91507339477539
2001-10-17,17.173349380493164
2001-10-18,17.394025802612305
2001-10-19,17.74650001525879
2001-10-22,18.439205169677734
2001-10-23,18.521957397460938
2001-10-24,18.79474449157715
2001-10-25,19.1748046875
2001-10-26,19.064464569091797
2001-10-29,18.279815673828125
2001-10-30,18.046876907348633
2001-10-31,17.8231258392334
2001-11-01,18.95412826538086
2001-11-02,18.819263458251953
2001-11-05,19.392425537109375
2001-11-06,19.855241775512695
2001-11-07,19.692800521850586
2001-11-08,19.744903564453125
2001-11-09,19.987045288085938
2001-11-12,20.16480827331543
2001-11-13,20.8115291595459
2001-11-14,20.213850021362305
2001-11-15,20.265953063964844
2001-11-16,20.152549743652344
2001-11-19,20.394685745239258
2001-11-20,20.045272827148438
2001-11-21,19.63149642944336
2001-11-23,19.833784103393555
2001-11-26,19.965587615966797
2001-11-27,19.536476135253906
2001-11-28,19.248361587524414
2001-11-29,19.873634338378906
2001-11-30,19.680540084838867
2001-12-03,19.852176666259766
2001-12-04,20.22918128967285
2001-12-05,20.87282943725586
2001-12-06,21.041410446166992
2001-12-07,20.79007339477539
2001-12-10,20.55406951904297
2001-12-11,20.63375473022461
2001-12-12,20.826866149902344
2001-12-13,20.31192398071289
2001-12-14,20.670543670654297
2001-12-17,21.142560958862305
2001-12-18,21.231441497802734
2001-12-19,21.29886817932129
2001-12-20,20.462120056152344
2001-12-21,20.70119285583496
2001-12-24,20.618436813354492
2001-12-26,20.744102478027344
2001-12-27,20.79620361328125
2001-12-28,20.802331924438477
2001-12-31,20.305801391601562
2002-01-02,20.547941207885742
2002-01-03,21.219179153442383
2002-01-04,21.118032455444336
2002-01-07,21.013826370239258
2002-01-08,21.265151977539062
2002-01-09,21.05980110168457
2002-01-10,21.234493255615234
2002-01-11,21.029146194458008
2002-01-14,20.986238479614258
2002-01-15,21.31725311279297
2002-01-16,20.802331924438477
2002-01-17,21.412282943725586
2002-01-18,20.25983238220215
2002-01-22,19.75716209411621
2002-01-23,19.536476135253906
2002-01-24,19.80007553100586
2002-01-25,19.55487060546875
2002-01-28,19.560997009277344
2002-01-29,19.101245880126953
2002-01-30,19.263694763183594
2002-01-31,19.52729034423828
2002-02-01,19.205459594726562
2002-02-04,18.733442306518555
2002-02-05,18.74264144897461
2002-02-06,18.51276206970215
2002-02-07,18.328861236572266
2002-02-08,18.589387893676758
2002-02-11,18.736507415771484
2002-02-12,18.43307113647461
2002-02-13,18.947994232177734
2002-02-14,18.90509033203125
2002-02-15,18.460662841796875
2002-02-19,18.062206268310547
2002-02-20,18.359516143798828
2002-02-21,17.79248046875
2002-02-22,17.77410125732422
2002-02-25,18.108179092407227
2002-02-26,17.945728302001953
2002-02-27,17.89669418334961
2002-02-28,17.881362915039062
2002-03-01,18.81007194519043
2002-03-04,19.401622772216797
2002-03-05,19.334182739257812
2002-03-06,19.50275993347168
2002-03-07,19.223852157592773
2002-03-08,19.600845336914062
2002-03-11,19.720382690429688
2002-03-12,19.16868019104004
2002-03-13,19.0338077545166
2002-03-14,18.76409149169922
2002-03-15,19.153356552124023
2002-03-18,19.04607391357422
2002-03-19,19.073657989501953
2002-03-20,18.42081642150879
2002-03-21,18.80699920654297
2002-03-22,18.52808380126953
2002-03-25,18.15415382385254
2002-03-26,18.108179092407227
2002-03-27,18.21851921081543
2002-03-28,18.485177993774414
2002-04-01,18.506629943847656
2002-04-02,17.55647850036621
2002-04-03,17.265296936035156
2002-04-04,17.302074432373047
2002-04-05,17.124298095703125
2002-04-08,17.5380859375
2002-04-09,16.81780242919922
2002-04-10,17.25611114501953
2002-04-11,16.79327964782715
2002-04-12,17.14269256591797
2002-04-15,17.06912612915039
2002-04-16,17.71891975402832
2002-04-17,17.357254028320312
2002-04-18,17.277557373046875
2002-04-19,17.531963348388672
2002-04-22,17.03848648071289
2002-04-23,16.548078536987305
2002-04-24,16.25078010559082
2002-04-25,16.468387603759766
2002-04-26,15.784893035888672
2002-04-29,16.011703491210938
2002-04-30,16.017831802368164
2002-05-01,16.168012619018555
2002-05-02,15.696002960205078
2002-05-03,15.190275192260742
2002-05-06,14.9021635055542
2002-05-07,15.16268539428711
2002-05-08,16.848451614379883
2002-05-09,15.974912643432617
2002-05-10,15.340460777282715
2002-05-13,16.149629592895508
2002-05-14,16.82086944580078
2002-05-15,16.781017303466797
2002-05-16,17.084457397460938
2002-05-17,17.173349380493164
2002-05-20,16.554203033447266
2002-05-21,15.99637508392334
2002-05-22,16.456134796142578
2002-05-23,16.802474975585938
2002-05-24,16.324329376220703
2002-05-28,16.03622055053711
2002-05-29,15.95346450805664
2002-05-30,16.134307861328125
2002-05-31,15.604058265686035
2002-06-03,15.14736557006836
2002-06-04,15.31900405883789
2002-06-05,15.833924293518066
2002-06-06,15.907487869262695
2002-06-07,15.93200969696045
2002-06-10,16.18947410583496
2002-06-11,16.112844467163086
2002-06-12,17.023151397705078
2002-06-13,16.618587493896484
2002-06-14,16.93427085876465
2002-06-17,17.06606674194336
2002-06-18,17.16108512878418
2002-06-19,16.661481857299805
2002-06-20,16.581785202026367
2002-06-21,16.023963928222656
2002-06-24,16.600189208984375
2002-06-25,16.229318618774414
2002-06-26,16.59099006652832
2002-06-27,16.8331241607666
2002-06-28,16.765695571899414
2002-07-01,16.14043426513672
2002-07-02,15.766499519348145
2002-07-03,15.889103889465332
2002-07-05,16.81167221069336
2002-07-08,16.220115661621094
2002-07-09,16.309009552001953
2002-07-10,16.011703491210938
2002-07-11,16.21705436706543
2002-07-12,15.895232200622559
2002-07-15,15.876840591430664
2002-07-16,15.708263397216797
2002-07-17,15.938139915466309
2002-07-18,15.665353775024414
2002-07-19,15.190275192260742
2002-07-22,14.56193733215332
2002-07-23,13.182682991027832
2002-07-24,14.169625282287598
2002-07-25,13.127509117126465
2002-07-26,13.899901390075684
2002-07-29,14.788751602172852
2002-07-30,14.742779731750488
2002-07-31,14.70600700378418
2002-08-01,14.022496223449707
2002-08-02,13.611784934997559
2002-08-05,13.483051300048828
2002-08-06,13.997973442077637
2002-08-07,14.433210372924805
2002-08-08,14.99105453491211
2002-08-09,14.748915672302246
2002-08-12,14.856184959411621
2002-08-13,14.424016952514648
2002-08-14,15.236246109008789
2002-08-15,15.254638671875
2002-08-16,15.3251314163208
2002-08-19,15.938139915466309
2002-08-20,15.643901824951172
2002-08-21,16.023963928222656
2002-08-22,16.315143585205078
2002-08-23,16.005565643310547
2002-08-26,15.96878433227539
2002-08-27,15.582600593566895
2002-08-28,15.135106086730957
2002-08-29,15.502904891967773
2002-08-30,15.043153762817383
2002-09-03,14.41175365447998
2002-09-04,14.77649211883545
2002-09-05,14.071545600891113
2002-09-06,14.656956672668457
2002-09-09,14.92668628692627
2002-09-10,15.26076602935791
2002-09-11,14.889904975891113
2002-09-12,14.451597213745117
2002-09-13,14.684547424316406
2002-09-16,14.64470100402832
2002-09-17,14.494513511657715
2002-09-18,14.635507583618164
2002-09-19,14.466931343078613
2002-09-20,14.54661750793457
2002-09-23,13.863118171691895
2002-09-24,13.988785743713379
2002-09-25,14.25544261932373
2002-09-26,14.160422325134277
2002-09-27,13.869243621826172
2002-09-30,13.406423568725586
2002-10-01,14.169625282287598
2002-10-02,13.979582786560059
2002-10-03,13.731322288513184
2002-10-04,13.415624618530273
2002-10-07,13.501441955566406
2002-10-08,13.789556503295898
2002-10-09,13.483051300048828
2002-10-10,14.215594291687012
2002-10-11,14.978788375854492
2002-10-14,15.10752010345459
2002-10-15,16.02701759338379
2002-10-16,15.450803756713867
2002-10-17,15.561139106750488
2002-10-18,16.290624618530273
2002-10-21,16.094449996948242
2002-10-22,15.836996078491211
2002-10-23,16.305938720703125
2002-10-24,15.702128410339355
2002-10-25,16.146562576293945
2002-10-28,15.922811508178711
2002-10-29,15.959600448608398
2002-10-30,16.27836036682129
2002-10-31,16.38869857788086
2002-11-01,16.244646072387695
2002-11-04,17.194799423217773
2002-11-05,17.372570037841797
2002-11-06,17.47984504699707
2002-11-07,17.167219161987305
2002-11-08,16.888301849365234
2002-11-11,16.508235931396484
2002-11-12,16.70746612548828
2002-11-13,16.967992782592773
2002-11-14,17.467586517333984
2002-11-15,17.37564468383789
2002-11-18,17.118175506591797
2002-11-19,16.814735412597656
2002-11-20,17.35418701171875
2002-11-21,17.728111267089844
2002-11-22,17.844587326049805
2002-11-25,17.847654342651367
2002-11-26,17.44000816345215
2002-11-27,17.801685333251953
2002-11-29,17.6790828704834
2002-12-02,17.682138442993164
2002-12-03,17.381763458251953
2002-12-04,17.329660415649414
2002-12-05,16.961856842041016
2002-12-06,17.0017032623291
2002-12-09,16.407087326049805
2002-12-10,16.554203033447266
2002-12-11,16.753437042236328
2002-12-12,16.60325050354004
2002-12-13,16.09139060974121
2002-12-16,16.698261260986328
2002-12-17,16.661481857299805
2002-12-18,16.407087326049805
2002-12-19,16.27836036682129
2002-12-20,16.256900787353516
2002-12-23,16.5511417388916
2002-12-24,16.49597930908203
2002-12-26,16.364181518554688
2002-12-27,16.235443115234375
2002-12-30,16.168012619018555
2002-12-31,15.846190452575684
2003-01-02,16.465330123901367
2003-01-03,16.48677635192871
2003-01-06,16.78714942932129
2003-01-07,17.10284996032715
2003-01-08,16.624710083007812
2003-01-09,17.10591697692871
2003-01-10,17.139631271362305
2003-01-13,17.283687591552734
2003-01-14,17.46146011352539
2003-01-15,17.246904373168945
2003-01-16,16.964921951293945
2003-01-17,15.77263069152832
2003-01-21,15.732778549194336
2003-01-22,15.631635665893555
2003-01-23,16.023963928222656
2003-01-24,15.279160499572754
2003-01-27,15.07072925567627
2003-01-28,14.963460922241211
2003-01-29,15.297553062438965
2003-01-30,14.785694122314453
2003-01-31,14.54661750793457
2003-02-03,14.883769989013672
2003-02-04,14.503705978393555
2003-02-05,14.393364906311035
2003-02-06,14.534361839294434
2003-02-07,14.276891708374023
2003-02-10,14.5220947265625
2003-02-11,14.233981132507324
2003-02-12,14.233981132507324
2003-02-13,14.402560234069824
2003-02-14,14.804078102111816
2003-02-18,15.300610542297363
2003-02-19,15.085368156433105
2003-02-20,14.845529556274414
2003-02-21,15.14686393737793
2003-02-24,14.802481651306152
2003-02-25,14.876280784606934
2003-02-26,14.519597053527832
2003-02-27,14.501144409179688
2003-02-28,14.574939727783203
2003-03-03,14.47654914855957
2003-03-04,14.187504768371582
2003-03-05,14.415051460266113
2003-03-06,14.310501098632812
2003-03-07,14.488842964172363
2003-03-10,14.113710403442383
2003-03-11,14.021464347839355
2003-03-12,14.38429069519043
2003-03-13,15.17147159576416
2003-03-14,15.28831958770752
2003-03-17,15.94633960723877
2003-03-18,16.013988494873047
2003-03-19,16.18617820739746
2003-03-20,16.143129348754883
2003-03-21,16.33992576599121
2003-03-24,15.55276107788086
2003-03-25,15.675750732421875
2003-03-26,15.528156280517578
2003-03-27,15.399012565612793
2003-03-28,15.17147159576416
2003-03-31,14.888585090637207
2003-04-01,14.974666595458984
2003-04-02,15.817194938659668
2003-04-03,15.823342323303223
2003-04-04,15.429757118225098
2003-04-07,15.478960037231445
2003-04-08,15.731097221374512
2003-04-09,15.109972953796387
2003-04-10,15.122275352478027
2003-04-11,14.882426261901855
2003-04-14,15.226820945739746
2003-04-15,15.128421783447266
2003-04-16,15.32520866394043
2003-04-17,15.681905746459961
2003-04-21,15.503552436828613
2003-04-22,15.84179401397705
2003-04-23,15.817194938659668
2003-04-24,15.675750732421875
2003-04-25,15.509706497192383
2003-04-28,15.829492568969727
2003-04-29,15.866394996643066
2003-04-30,15.724952697753906
2003-05-01,15.817194938659668
2003-05-02,16.050886154174805
2003-05-05,15.903292655944824
2003-05-06,16.216928482055664
2003-05-07,15.983230590820312
2003-05-08,15.829492568969727
2003-05-09,16.21078109741211
2003-05-12,16.112382888793945
2003-05-13,15.983230590820312
2003-05-14,15.755693435668945
2003-05-15,15.860243797302246
2003-05-16,15.724952697753906
2003-05-19,15.226820945739746
2003-05-20,15.14686393737793
2003-05-21,14.777886390686035
2003-05-22,14.857834815979004
2003-05-23,14.894740104675293
2003-05-27,15.245269775390625
2003-05-28,15.011575698852539
2003-05-29,15.0054292678833
2003-05-30,15.13457202911377
2003-06-02,15.153024673461914
2003-06-03,15.300610542297363
2003-06-04,15.29446029663086
2003-06-05,14.81478500366211
2003-06-06,14.556495666503906
2003-06-09,14.605693817138672
2003-06-10,15.177621841430664
2003-06-11,15.300610542297363
2003-06-12,15.36825942993164
2003-06-13,15.15917682647705
2003-06-16,15.614253997802734
2003-06-17,15.964787483215332
2003-06-18,16.03243637084961
2003-06-19,16.03243637084961
2003-06-20,16.19232940673828
2003-06-23,15.854090690612793
2003-06-24,15.804891586303711
2003-06-25,15.534310340881348
2003-06-26,15.835639953613281
2003-06-27,15.761844635009766
2003-06-30,15.767993927001953
2003-07-01,16.081636428833008
2003-07-02,16.530567169189453
2003-07-03,16.296875
2003-07-07,16.862661361694336
2003-07-08,17.034841537475586
2003-07-09,16.893400192260742
2003-07-10,16.54901123046875
2003-07-11,16.795011520385742
2003-07-14,16.85034942626953
2003-07-15,16.770410537719727
2003-07-16,16.92415428161621
2003-07-17,16.413713455200195
2003-07-18,16.536712646484375
2003-07-21,16.013988494873047
2003-07-22,16.223081588745117
2003-07-23,16.26612663269043
2003-07-24,15.989386558532715
2003-07-25,16.536712646484375
2003-07-28,16.364524841308594
2003-07-29,16.27842903137207
2003-07-30,16.130826950073242
2003-07-31,16.241531372070312
2003-08-01,16.093936920166016
2003-08-04,16.100088119506836
2003-08-05,15.780294418334961
2003-08-06,15.774139404296875
2003-08-07,15.81104564666748
2003-08-08,15.731097221374512
2003-08-11,15.749551773071289
2003-08-12,15.823342323303223
2003-08-13,15.743407249450684
2003-08-14,15.761844635009766
2003-08-15,15.706504821777344
2003-08-18,15.804891586303711
2003-08-19,16.370676040649414
2003-08-20,16.26612663269043
2003-08-21,16.136987686157227
2003-08-22,16.124683380126953
2003-08-25,16.296875
2003-08-26,16.33992576599121
2003-08-27,16.24768829345703
2003-08-28,16.303022384643555
2003-08-29,16.309165954589844
2003-09-02,16.764259338378906
2003-09-03,17.40382957458496
2003-09-04,17.48378562927246
2003-09-05,17.45302963256836
2003-09-08,17.73592185974121
2003-09-09,17.446887969970703
2003-09-10,16.942594528198242
2003-09-11,17.120946884155273
2003-09-12,17.42843246459961
2003-09-15,17.44072914123535
2003-09-16,17.772823333740234
2003-09-17,17.526826858520508
2003-09-18,18.141803741455078
2003-09-19,18.424697875976562
2003-09-22,17.877355575561523
2003-09-23,18.203306198120117
2003-09-24,17.502229690551758
2003-09-25,17.36693572998047
2003-09-26,17.336185455322266
2003-09-29,17.729764938354492
2003-09-30,17.096345901489258
2003-10-01,17.53913688659668
2003-10-02,17.526826858520508
2003-10-03,17.883514404296875
2003-10-06,17.951169967651367
2003-10-07,17.920413970947266
2003-10-08,17.723617553710938
2003-10-09,17.797420501708984
2003-10-10,17.77896499633789
2003-10-13,17.699020385742188
2003-10-14,17.63751983642578
2003-10-15,17.977663040161133
2003-10-16,18.076602935791016
2003-10-17,17.89107894897461
2003-10-20,18.15082359313965
2003-10-21,18.15082359313965
2003-10-22,17.866342544555664
2003-10-23,17.87870979309082
2003-10-24,16.456336975097656
2003-10-27,16.6418514251709
2003-10-28,16.82120132446289
2003-10-29,16.536725997924805
2003-10-30,16.153303146362305
2003-10-31,16.165678024291992
2003-11-03,16.499624252319336
2003-11-04,16.12238121032715
2003-11-05,16.140932083129883
2003-11-06,16.2213191986084
2003-11-07,16.140932083129883
2003-11-10,16.07908821105957
2003-11-11,15.95541000366211
2003-11-12,16.06671905517578
2003-11-13,15.887381553649902
2003-11-14,15.769878387451172
2003-11-17,15.553422927856445
2003-11-18,15.553422927856445
2003-11-19,15.677111625671387
2003-11-20,15.522503852844238
2003-11-21,15.5286865234375
2003-11-24,15.91211223602295
2003-11-25,15.708033561706543
2003-11-26,15.73895263671875
2003-11-28,15.89974594116211
2003-12-01,15.980134010314941
2003-12-02,15.868824005126953
2003-12-03,15.875015258789062
2003-12-04,16.202777862548828
2003-12-05,16.06671905517578
2003-12-08,16.227514266967773
2003-12-09,16.31409454345703
2003-12-10,16.4439640045166
2003-12-11,16.456336975097656
2003-12-12,16.481067657470703
2003-12-15,16.536725997924805
2003-12-16,16.734621047973633
2003-12-17,16.72225570678711
2003-12-18,16.94489097595215
2003-12-19,16.920156478881836
2003-12-22,16.808828353881836
2003-12-23,16.790273666381836
2003-12-24,16.72225570678711
2003-12-26,16.827390670776367
2003-12-29,16.981992721557617
2003-12-30,17.01910400390625
2003-12-31,16.92633628845215
2004-01-02,16.97581672668457
2004-01-05,17.402524948120117
2004-01-06,17.464366912841797
2004-01-07,17.445816040039062
2004-01-08,17.414897918701172
2004-01-09,17.105674743652344
2004-01-12,17.050020217895508
2004-01-13,16.96343421936035
2004-01-14,17.130420684814453
2004-01-15,17.031471252441406
2004-01-16,17.198434829711914
2004-01-20,17.377784729003906
2004-01-21,17.50147247314453
2004-01-22,17.322124481201172
2004-01-23,17.612791061401367
2004-01-26,17.81068229675293
2004-01-27,17.47055435180664
2004-01-28,17.1365966796875
2004-01-29,17.260286331176758
2004-01-30,17.099491119384766
2004-02-02,16.94489097595215
2004-02-03,16.87685775756836
2004-02-04,16.703699111938477
2004-02-05,16.672779083251953
2004-02-06,16.74698829650879
2004-02-09,16.635671615600586
2004-02-10,16.70988655090332
2004-02-11,16.790273666381836
2004-02-12,16.666589736938477
2004-02-13,16.4439640045166
2004-02-17,16.691329956054688
2004-02-18,16.55527687072754
2004-02-19,16.363569259643555
2004-02-20,16.431594848632812
2004-02-23,16.456336975097656
2004-02-24,16.623310089111328
2004-02-25,16.511985778808594
2004-02-26,16.3883113861084
2004-02-27,16.406856536865234
2004-03-01,16.511985778808594
2004-03-02,16.320270538330078
2004-03-03,16.307905197143555
2004-03-04,16.307905197143555
2004-03-05,16.2955379486084
2004-03-08,15.973958969116211
2004-03-09,15.905927658081055
2004-03-10,15.689478874206543
2004-03-11,15.516324996948242
2004-03-12,15.695663452148438
2004-03-15,15.559613227844238
2004-03-16,15.571979522705078
2004-03-17,15.541059494018555
2004-03-18,15.392634391784668
2004-03-19,15.231842994689941
2004-03-22,15.151453971862793
2004-03-23,14.934992790222168
2004-03-24,15.095789909362793
2004-03-25,15.578156471252441
2004-03-26,15.479219436645508
2004-03-29,15.652381896972656
2004-03-30,15.584348678588867
2004-03-31,15.417373657226562
2004-04-01,15.510135650634766
2004-04-02,15.986335754394531
2004-04-05,16.048168182373047
2004-04-06,15.95541000366211
2004-04-07,15.82553482055664
2004-04-08,15.7575101852417
2004-04-12,15.837903022766113
2004-04-13,15.73895263671875
2004-04-14,15.776063919067383
2004-04-15,15.59671401977539
2004-04-16,15.559613227844238
2004-04-19,15.78842544555664
2004-04-20,15.664738655090332
2004-04-21,15.73895263671875
2004-04-22,16.048168182373047
2004-04-23,17.031471252441406
2004-04-26,16.845937728881836
2004-04-27,16.83356285095215
2004-04-28,16.42540740966797
2004-04-29,16.375938415527344
2004-04-30,16.159482955932617
2004-05-03,16.2955379486084
2004-05-04,16.28316879272461
2004-05-05,16.26461410522461
2004-05-06,16.153303146362305
2004-05-07,15.943035125732422
2004-05-10,16.035799026489258
2004-05-11,16.041980743408203
2004-05-12,16.041980743408203
2004-05-13,16.140932083129883
2004-05-14,15.992510795593262
2004-05-17,15.7946138381958
2004-05-18,15.973958969116211
2004-05-19,15.84408950805664
2004-05-20,15.91211223602295
2004-05-21,16.01106071472168
2004-05-24,15.930671691894531
2004-05-25,16.140932083129883
2004-05-26,16.165678024291992
2004-05-27,16.196596145629883
2004-05-28,16.2213191986084
2004-06-01,16.147117614746094
2004-06-02,16.159482955932617
2004-06-03,16.01106071472168
2004-06-04,16.048168182373047
2004-06-07,16.345008850097656
2004-06-08,16.450145721435547
2004-06-09,16.369754791259766
2004-06-10,16.55527687072754
2004-06-14,16.635671615600586
2004-06-15,16.951065063476562
2004-06-16,16.89541244506836
2004-06-17,17.173702239990234
2004-06-18,17.532398223876953
2004-06-21,17.532398223876953
2004-06-22,17.495290756225586
2004-06-23,17.50147247314453
2004-06-24,17.55712890625
2004-06-25,17.668447494506836
2004-06-28,17.489099502563477
2004-06-29,17.625154495239258
2004-06-30,17.66226577758789
2004-07-01,17.705556869506836
2004-07-02,17.668447494506836
2004-07-06,17.32830810546875
2004-07-07,17.377784729003906
2004-07-08,17.093307495117188
2004-07-09,17.229360580444336
2004-07-12,17.2479190826416
2004-07-13,17.06856918334961
2004-07-14,17.396337509155273
2004-07-15,17.23555564880371
2004-07-16,16.994365692138672
2004-07-19,17.28502082824707
2004-07-20,17.51384162902832
2004-07-21,17.84779167175293
2004-07-22,17.934368133544922
2004-07-23,17.334495544433594
2004-07-26,17.724102020263672
2004-07-27,17.588050842285156
2004-07-28,17.67462921142578
2004-07-29,17.612791061401367
2004-07-30,17.61897850036621
2004-08-02,17.63751983642578
2004-08-03,17.359235763549805
2004-08-04,17.35304832458496
2004-08-05,17.02528190612793
2004-08-06,16.784090042114258
2004-08-09,16.808828353881836
2004-08-10,17.142786026000977
2004-08-11,16.951065063476562
2004-08-12,16.623310089111328
2004-08-13,16.70988655090332
2004-08-16,16.753177642822266
2004-08-17,16.72843360900879
2004-08-18,16.981992721557617
2004-08-19,16.771726608276367
2004-08-20,16.82120132446289
2004-08-23,16.895631790161133
2004-08-24,16.895631790161133
2004-08-25,17.087907791137695
2004-08-26,17.019681930541992
2004-08-27,17.032093048095703
2004-08-30,16.932842254638672
2004-08-31,16.932842254638672
2004-09-01,16.988672256469727
2004-09-02,17.13132667541504
2004-09-03,16.814998626708984
2004-09-07,16.970062255859375
2004-09-08,16.908039093017578
2004-09-09,16.92044448852539
2004-09-10,17.050691604614258
2004-09-13,16.901830673217773
2004-09-14,17.019681930541992
2004-09-15,16.8646183013916
2004-09-16,16.908039093017578
2004-09-17,17.06309700012207
2004-09-20,17.06309700012207
2004-09-21,16.908039093017578
2004-09-22,16.821199417114258
2004-09-23,16.96385955810547
2004-09-24,16.926647186279297
2004-09-27,16.8646183013916
2004-09-28,16.91423988342285
2004-09-29,17.106521606445312
2004-09-30,17.149932861328125
2004-10-01,17.5220890045166
2004-10-04,17.441448211669922
2004-10-05,17.60272216796875
2004-10-06,17.695755004882812
2004-10-07,17.472454071044922
2004-10-08,17.360824584960938
2004-10-11,17.40424346923828
2004-10-12,17.385622024536133
2004-10-13,17.385622024536133
2004-10-14,17.24297332763672
2004-10-15,17.360824584960938
2004-10-18,17.621328353881836
2004-10-19,17.478666305541992
2004-10-20,17.801193237304688
2004-10-21,17.71436882019043
2004-10-22,17.205753326416016
2004-10-25,17.13753318786621
2004-10-26,17.30499839782715
2004-10-27,17.460063934326172
2004-10-28,17.373220443725586
2004-10-29,17.348421096801758
2004-11-01,17.416645050048828
2004-11-02,17.515884399414062
2004-11-03,17.658540725708008
2004-11-04,17.98727035522461
2004-11-05,18.179546356201172
2004-11-08,18.16094398498535
2004-11-09,18.464872360229492
2004-11-10,18.4400577545166
2004-11-11,18.595121383666992
2004-11-12,18.588912963867188
2004-11-15,18.93455696105957
2004-11-16,18.747915267944336
2004-11-17,18.782480239868164
2004-11-18,18.713348388671875
2004-11-19,18.56817626953125
2004-11-22,18.42300033569336
2004-11-23,18.34005355834961
2004-11-24,18.416095733642578
2004-11-26,18.388446807861328
2004-11-29,18.505958557128906
2004-11-30,18.53361701965332
2004-12-01,18.837785720825195
2004-12-02,18.727176666259766
2004-12-03,18.823965072631836
2004-12-06,18.893083572387695
2004-12-07,18.713348388671875
2004-12-08,18.91382598876953
2004-12-09,18.823965072631836
2004-12-10,18.720264434814453
2004-12-13,18.837785720825195
2004-12-14,18.823965072631836
2004-12-15,18.740997314453125
2004-12-16,18.77556610107422
2004-12-17,18.637310028076172
2004-12-20,18.63039207458496
2004-12-21,18.713348388671875
2004-12-22,18.64421844482422
2004-12-23,18.671865463256836
2004-12-27,18.561267852783203
2004-12-28,18.63039207458496
2004-12-29,18.595836639404297
2004-12-30,18.499048233032227
2004-12-31,18.471391677856445
2005-01-03,18.485227584838867
2005-01-04,18.55434799194336
2005-01-05,18.512868881225586
2005-01-06,18.49213409423828
2005-01-07,18.43682861328125
2005-01-10,18.52669334411621
2005-01-11,18.478309631347656
2005-01-12,18.512868881225586
2005-01-13,18.160316467285156
2005-01-14,18.05661964416504
2005-01-18,18.194883346557617
2005-01-19,17.959840774536133
2005-01-20,17.876888275146484
2005-01-21,17.731714248657227
2005-01-24,17.745532989501953
2005-01-25,17.98749351501465
2005-01-26,17.98056983947754
2005-01-27,18.049707412719727
2005-01-28,18.09809684753418
2005-01-31,18.16722297668457
2005-02-01,18.243270874023438
2005-02-02,18.291658401489258
2005-02-03,18.09809684753418
2005-02-04,18.194883346557617
2005-02-07,18.084266662597656
2005-02-08,18.139577865600586
2005-02-09,18.022058486938477
2005-02-10,18.0151424407959
2005-02-11,17.95292091369629
2005-02-14,17.98056983947754
2005-02-15,17.980575561523438
2005-02-16,17.883501052856445
2005-02-17,17.786418914794922
2005-02-18,17.66853904724121
2005-02-22,17.495180130004883
2005-02-23,17.474376678466797
2005-02-24,17.592254638671875
2005-02-25,17.509048461914062
2005-02-28,17.446638107299805
2005-03-01,17.52985191345215
2005-03-02,17.515987396240234
2005-03-03,17.453571319580078
2005-03-04,17.453571319580078
2005-03-07,17.661596298217773
2005-03-08,17.613048553466797
2005-03-09,17.550655364990234
2005-03-10,17.63385772705078
2005-03-11,17.39809799194336
2005-03-14,17.411968231201172
2005-03-15,17.27328109741211
2005-03-16,17.079124450683594
2005-03-17,17.016714096069336
2005-03-18,16.857227325439453
2005-03-21,16.780948638916016
2005-03-22,16.63532829284668
2005-03-23,16.767080307006836
2005-03-24,16.836429595947266
2005-03-28,16.780948638916016
2005-03-29,16.58677864074707
2005-03-30,16.753206253051758
2005-03-31,16.76014518737793
2005-04-01,16.725467681884766
2005-04-04,16.80175018310547
2005-04-05,16.968172073364258
2005-04-06,17.106853485107422
2005-04-07,17.4050350189209
2005-04-08,17.29408836364746
2005-04-11,17.314884185791016
2005-04-12,17.557586669921875
2005-04-13,17.363428115844727
2005-04-14,17.22473907470703
2005-04-15,16.961240768432617
2005-04-18,17.092985153198242
2005-04-19,17.079124450683594
2005-04-20,16.86415672302246
2005-04-21,17.52985191345215
2005-04-22,17.321826934814453
2005-04-25,17.328746795654297
2005-04-26,17.16926383972168
2005-04-27,17.328746795654297
2005-04-28,16.95430564880371
2005-04-29,17.543720245361328
2005-05-02,17.495180130004883
2005-05-03,17.5853214263916
2005-05-04,17.481313705444336
2005-05-05,17.495180130004883
2005-05-06,17.488248825073242
2005-05-09,17.411968231201172
2005-05-10,17.266347885131836
2005-05-11,17.27328109741211
2005-05-12,17.335683822631836
2005-05-13,17.543720245361328
2005-05-16,17.731536865234375
2005-05-17,17.710670471191406
2005-05-18,17.877614974975586
2005-05-19,18.030651092529297
2005-05-20,17.90544319152832
2005-05-23,17.981964111328125
2005-05-24,17.912403106689453
2005-05-25,17.884572982788086
2005-05-26,18.016740798950195
2005-05-27,18.135007858276367
2005-05-31,17.94718360900879
2005-06-01,17.95413589477539
2005-06-02,17.94023323059082
2005-06-03,17.68979263305664
2005-06-06,17.6480655670166
2005-06-07,17.745445251464844
2005-06-08,17.668916702270508
2005-06-09,17.745445251464844
2005-06-10,17.68979263305664
2005-06-13,17.6063289642334
2005-06-14,17.6411075592041
2005-06-15,17.571544647216797
2005-06-16,17.418502807617188
2005-06-17,17.418502807617188
2005-06-20,17.467193603515625
2005-06-21,17.49502182006836
2005-06-22,17.43937110900879
2005-06-23,17.6063289642334
2005-06-24,17.418502807617188
2005-06-27,17.425453186035156
2005-06-28,17.43937110900879
2005-06-29,17.453290939331055
2005-06-30,17.279380798339844
2005-07-01,17.18895149230957
2005-07-05,17.37677001953125
2005-07-06,17.181989669799805
2005-07-07,17.1472110748291
2005-07-08,17.453290939331055
2005-07-11,17.5924072265625
2005-07-12,17.81500816345215
2005-07-13,17.849790573120117
2005-07-14,18.0654296875
2005-07-15,17.94023323059082
2005-07-18,17.773265838623047
2005-07-19,18.197603225708008
2005-07-20,18.21847915649414
2005-07-21,18.392383575439453
2005-07-22,17.86370086669922
2005-07-25,17.870656967163086
2005-07-26,17.76631736755371
2005-07-27,17.891529083251953
2005-07-28,17.912403106689453
2005-07-29,17.81500816345215
2005-08-01,18.030651092529297
2005-08-02,18.649763107299805
2005-08-03,18.955842971801758
2005-08-04,19.00452995300293
2005-08-05,19.31061363220215
2005-08-08,18.872356414794922
2005-08-09,19.025400161743164
2005-08-10,18.747146606445312
2005-08-11,18.96974754333496
2005-08-12,18.81671142578125
2005-08-15,18.928340911865234
2005-08-16,18.6562442779541
2005-08-17,18.802751541137695
2005-08-18,18.71205711364746
2005-08-19,18.642292022705078
2005-08-22,18.77485466003418
2005-08-23,18.746946334838867
2005-08-24,18.705081939697266
2005-08-25,18.858583450317383
2005-08-26,18.81671142578125
2005-08-29,18.942285537719727
2005-08-30,18.963228225708008
2005-08-31,19.102760314941406
2005-09-01,18.977188110351562
2005-09-02,18.85160255432129
2005-09-06,18.837642669677734
2005-09-07,18.73299217224121
2005-09-08,18.5655574798584
2005-09-09,18.54461669921875
2005-09-12,18.5655574798584
2005-09-13,18.474843978881836
2005-09-14,18.35624122619629
2005-09-15,18.328327178955078
2005-09-16,18.188793182373047
2005-09-19,18.139949798583984
2005-09-20,18.02831268310547
2005-09-21,17.784130096435547
2005-09-22,17.679475784301758
2005-09-23,17.630638122558594
2005-09-26,17.630638122558594
2005-09-27,17.679475784301758
2005-09-28,17.909709930419922
2005-09-29,18.098093032836914
2005-09-30,17.95157814025879
2005-10-03,17.79110336303711
2005-10-04,17.428316116333008
2005-10-05,17.212024688720703
2005-10-06,17.253887176513672
2005-10-07,17.156211853027344
2005-10-10,17.065509796142578
2005-10-11,17.03061866760254
2005-10-12,16.95388412475586
2005-10-13,17.156211853027344
2005-10-14,17.212024688720703
2005-10-17,17.114351272583008
2005-10-18,17.142255783081055
2005-10-19,17.505064010620117
2005-10-20,17.295757293701172
2005-10-21,17.28877067565918
2005-10-24,17.51203727722168
2005-10-25,17.46319580078125
2005-10-26,17.519010543823242
2005-10-27,17.337608337402344
2005-10-28,17.812036514282227
2005-10-31,17.930644989013672
2005-11-01,18.112041473388672
2005-11-02,18.46088981628418
2005-11-03,18.44693946838379
2005-11-04,18.600431442260742
2005-11-07,18.844621658325195
2005-11-08,18.87253189086914
2005-11-09,18.80974006652832
2005-11-10,18.900432586669922
2005-11-11,19.033004760742188
2005-11-14,19.095796585083008
2005-11-15,19.242734909057617
2005-11-16,19.410669326782227
2005-11-17,19.571609497070312
2005-11-18,19.641584396362305
2005-11-21,19.704559326171875
2005-11-22,19.529630661010742
2005-11-23,19.53662872314453
2005-11-25,19.424667358398438
2005-11-28,19.417673110961914
2005-11-29,19.368690490722656
2005-11-30,19.368690490722656
2005-12-01,19.51563262939453
2005-12-02,19.599599838256836
2005-12-05,19.487638473510742
2005-12-06,19.375682830810547
2005-12-07,19.417673110961914
2005-12-08,19.375682830810547
2005-12-09,19.389677047729492
2005-12-12,19.207738876342773
2005-12-13,18.983827590942383
2005-12-14,18.95584487915039
2005-12-15,18.83688735961914
2005-12-16,18.822895050048828
2005-12-19,18.77391242980957
2005-12-20,18.79490089416504
2005-12-21,18.703941345214844
2005-12-22,18.60597038269043
2005-12-23,18.64096450805664
2005-12-27,18.5150146484375
2005-12-28,18.466022491455078
2005-12-29,18.382057189941406
2005-12-30,18.298097610473633
2006-01-03,18.78090476989746
2006-01-04,18.871875762939453
2006-01-05,18.885873794555664
2006-01-06,18.82989501953125
2006-01-09,18.79490089416504
2006-01-10,18.892871856689453
2006-01-11,19.095796585083008
2006-01-12,18.990827560424805
2006-01-13,19.02581787109375
2006-01-17,18.885873794555664
2006-01-18,18.77391242980957
2006-01-19,18.906862258911133
2006-01-20,18.48002815246582
2006-01-23,18.438037872314453
2006-01-24,18.389060974121094
2006-01-25,18.4730281829834
2006-01-26,18.542997360229492
2006-01-27,19.445655822753906
2006-01-30,19.592607498168945
2006-01-31,19.697566986083984
2006-02-01,19.62058448791504
2006-02-02,19.368690490722656
2006-02-03,19.270719528198242
2006-02-06,19.011823654174805
2006-02-07,18.85088539123535
2006-02-08,18.82989501953125
2006-02-09,18.654953002929688
2006-02-10,18.675947189331055
2006-02-13,18.466022491455078
2006-02-14,18.64795684814453
2006-02-15,18.872629165649414
2006-02-16,18.823484420776367
2006-02-17,18.746259689331055
2006-02-21,18.633914947509766
2006-02-22,18.76029396057129
2006-02-23,18.718168258666992
2006-02-24,18.697114944458008
2006-02-27,18.991992950439453
2006-02-28,18.865615844726562
2006-03-01,19.055179595947266
2006-03-02,18.935823440551758
2006-03-03,18.907745361328125
2006-03-06,18.893701553344727
2006-03-07,18.999011993408203
2006-03-08,19.132413864135742
2006-03-09,18.95688819885254
2006-03-10,19.07624626159668
2006-03-13,19.034114837646484
2006-03-14,19.118371963500977
2006-03-15,19.209646224975586
2006-03-16,19.14645004272461
2006-03-17,19.307939529418945
2006-03-20,19.58176612854004
2006-03-21,19.4764404296875
2006-03-22,19.062196731567383
2006-03-23,18.851572036743164
2006-03-24,18.963905334472656
2006-03-27,18.963905334472656
2006-03-28,18.88667869567871
2006-03-29,18.970930099487305
2006-03-30,19.118371963500977
2006-03-31,19.104326248168945
2006-04-03,19.350069046020508
2006-04-04,19.40623664855957
2006-04-05,19.4764404296875
2006-04-06,19.350069046020508
2006-04-07,19.132413864135742
2006-04-10,19.16050910949707
2006-04-11,19.048152923583984
2006-04-12,19.09731674194336
2006-04-13,19.006032943725586
2006-04-17,18.844547271728516
2006-04-18,19.111352920532227
2006-04-19,18.977951049804688
2006-04-20,18.977951049804688
2006-04-21,19.062196731567383
2006-04-24,19.034114837646484
2006-04-25,19.034114837646484
2006-04-26,19.027097702026367
2006-04-27,19.132413864135742
2006-04-28,16.95587921142578
2006-05-01,17.054176330566406
2006-05-02,16.857580184936523
2006-05-03,16.267820358276367
2006-05-04,16.457387924194336
2006-05-05,16.710147857666016
2006-05-08,16.66099739074707
2006-05-09,16.583765029907227
2006-05-10,16.689085006713867
2006-05-11,16.302921295166016
2006-05-12,16.267820358276367
2006-05-15,16.317161560058594
2006-05-16,16.218475341796875
2006-05-17,16.021121978759766
2006-05-18,16.091604232788086
2006-05-19,15.90129566192627
2006-05-22,16.126850128173828
2006-05-23,16.06340980529785
2006-05-24,16.56386375427246
2006-05-25,16.733015060424805
2006-05-26,16.718921661376953
2006-05-30,16.317161560058594
2006-05-31,15.96473217010498
2006-06-01,16.08456039428711
2006-06-02,16.042264938354492
2006-06-05,15.859006881713867
2006-06-06,15.598214149475098
2006-06-07,15.534774780273438
2006-06-08,15.584112167358398
2006-06-09,15.450188636779785
2006-06-12,15.302173614501953
2006-06-13,15.161214828491211
2006-06-14,15.42200756072998
2006-06-15,15.55592155456543
2006-06-16,15.577075004577637
2006-06-19,15.894245147705078
2006-06-20,15.90129566192627
2006-06-21,16.267822265625
2006-06-22,16.126850128173828
2006-06-23,15.859006881713867
2006-06-26,16.08456039428711
2006-06-27,16.11275291442871
2006-06-28,16.324203491210938
2006-06-29,16.542705535888672
2006-06-30,16.42288589477539
2006-07-03,16.70482063293457
2006-07-05,16.458127975463867
2006-07-06,16.549755096435547
2006-07-07,16.42288589477539
2006-07-10,16.56386375427246
2006-07-11,16.281917572021484
2006-07-12,15.95767879486084
2006-07-13,15.689831733703613
2006-07-14,15.710992813110352
2006-07-17,15.844916343688965
2006-07-18,16.028167724609375
2006-07-19,16.49336051940918
2006-07-20,16.1057071685791
2006-07-21,16.824647903442383
2006-07-24,16.91627311706543
2006-07-25,17.071346282958984
2006-07-26,17.17705726623535
2006-07-27,16.824647903442383
2006-07-28,17.092491149902344
2006-07-31,16.958560943603516
2006-08-01,16.909229278564453
2006-08-02,17.127727508544922
2006-08-03,17.064294815063477
2006-08-04,17.12067985534668
2006-08-07,17.071346282958984
2006-08-08,17.155920028686523
2006-08-09,17.22640037536621
2006-08-10,17.240503311157227
2006-08-11,17.2193603515625
2006-08-14,17.28984260559082
2006-08-15,17.417179107666016
2006-08-16,17.47377586364746
2006-08-17,17.47377586364746
2006-08-18,18.244884490966797
2006-08-21,18.47834014892578
2006-08-22,18.124614715576172
2006-08-23,18.159992218017578
2006-08-24,18.209501266479492
2006-08-25,18.287336349487305
2006-08-28,18.358076095581055
2006-08-29,18.280256271362305
2006-08-30,18.251964569091797
2006-08-31,18.181222915649414
2006-09-01,18.280256271362305
2006-09-05,18.11754608154297
2006-09-06,18.11754608154297
2006-09-07,17.990211486816406
2006-09-08,18.110475540161133
2006-09-11,18.329782485961914
2006-09-12,18.34392738342285
2006-09-13,18.37929344177246
2006-09-14,18.62690544128418
2006-09-15,18.994770050048828
2006-09-18,18.95232582092285
2006-09-19,19.001846313476562
2006-09-20,19.228219985961914
2006-09-21,19.030147552490234
2006-09-22,18.86036491394043
2006-09-25,19.065515518188477
2006-09-26,19.24237632751465
2006-09-27,19.412160873413086
2006-09-28,19.383865356445312
2006-09-29,19.348493576049805
2006-10-02,19.355566024780273
2006-10-03,19.36264419555664
2006-10-04,19.76589012145996
2006-10-05,19.751733779907227
2006-10-06,19.716371536254883
2006-10-09,19.610244750976562
2006-10-10,19.589021682739258
2006-10-11,19.482908248901367
2006-10-12,19.96396255493164
2006-10-13,20.070087432861328
2006-10-16,20.126684188842773
2006-10-17,20.119604110717773
2006-10-18,20.17620277404785
2006-10-19,20.013490676879883
2006-10-20,20.112529754638672
2006-10-23,20.126684188842773
2006-10-24,20.006420135498047
2006-10-25,20.02762794494629
2006-10-26,20.055932998657227
2006-10-27,20.048864364624023
2006-10-30,20.183269500732422
2006-10-31,20.310611724853516
2006-11-01,20.381359100341797
2006-11-02,20.353059768676758
2006-11-03,20.32476234436035
2006-11-06,20.402585983276367
2006-11-07,20.480396270751953
2006-11-08,20.50162124633789
2006-11-09,20.699710845947266
2006-11-10,20.685562133789062
2006-11-13,20.76337242126465
2006-11-14,20.749176025390625
2006-11-15,20.671098709106445
2006-11-16,20.919546127319336
2006-11-17,20.86985206604004
2006-11-20,21.217687606811523
2006-11-21,21.23898696899414
2006-11-22,21.23898696899414
2006-11-24,21.125398635864258
2006-11-27,20.9266414642334
2006-11-28,20.862754821777344
2006-11-29,20.990535736083984
2006-11-30,20.841459274291992
2006-12-01,20.671098709106445
2006-12-04,20.820165634155273
2006-12-05,20.678190231323242
2006-12-06,20.578811645507812
2006-12-07,20.47943687438965
2006-12-08,20.86985206604004
2006-12-11,20.969228744506836
2006-12-12,20.891143798828125
2006-12-13,20.976333618164062
2006-12-14,21.3454532623291
2006-12-15,21.430639266967773
2006-12-18,21.217687606811523
2006-12-19,21.28866195678711
2006-12-20,21.359657287597656
2006-12-21,21.281570434570312
2006-12-22,21.04022216796875
2006-12-26,21.28866195678711
2006-12-27,21.30996322631836
2006-12-28,21.281570434570312
2006-12-29,21.196395874023438
2007-01-03,21.196395874023438
2007-01-04,21.160903930664062
2007-01-05,21.04022216796875
2007-01-08,21.246076583862305
2007-01-09,21.267366409301758
2007-01-10,21.05440902709961
2007-01-11,21.792675018310547
2007-01-12,22.154693603515625
2007-01-16,22.119205474853516
2007-01-17,22.076614379882812
2007-01-18,22.00562858581543
2007-01-19,22.08371925354004
2007-01-22,21.806867599487305
2007-01-23,21.82106590270996
2007-01-24,22.06951332092285
2007-01-25,21.61520767211914
2007-01-26,21.7216854095459
2007-01-29,21.6719913482666
2007-01-30,21.63650131225586
2007-01-31,21.9062442779541
2007-02-01,21.693283081054688
2007-02-02,21.430639266967773
2007-02-05,21.018924713134766
2007-02-06,20.947938919067383
2007-02-07,20.84855842590332
2007-02-08,20.770465850830078
2007-02-09,20.571704864501953
2007-02-12,20.543319702148438
2007-02-13,20.664411544799805
2007-02-14,20.94222640991211
2007-02-15,20.98495864868164
2007-02-16,20.472089767456055
2007-02-20,20.53619956970215
2007-02-21,20.906597137451172
2007-02-22,20.935096740722656
2007-02-23,20.58605194091797
2007-02-26,20.70714569091797
2007-02-27,19.852367401123047
2007-02-28,20.066059112548828
2007-03-01,20.009075164794922
2007-03-02,19.774009704589844
2007-03-05,19.62442970275879
2007-03-06,19.823869705200195
2007-03-07,19.667160034179688
2007-03-08,19.460594177246094
2007-03-09,19.439220428466797
2007-03-12,19.546070098876953
2007-03-13,19.03319549560547
2007-03-14,19.5175838470459
2007-03-15,19.43210792541504
2007-03-16,19.467714309692383
2007-03-19,19.823869705200195
2007-03-20,19.83100128173828
2007-03-21,20.31537628173828
2007-03-22,20.137298583984375
2007-03-23,19.959209442138672
2007-03-26,20.101675033569336
2007-03-27,19.74551773071289
2007-03-28,19.688535690307617
2007-03-29,19.766883850097656
2007-03-30,19.852367401123047
2007-04-02,19.759761810302734
2007-04-03,19.852367401123047
2007-04-04,20.301130294799805
2007-04-05,20.33674430847168
2007-04-09,20.350990295410156
2007-04-10,20.229902267456055
2007-04-11,20.023326873779297
2007-04-12,20.329618453979492
2007-04-13,20.379480361938477
2007-04-16,20.464962005615234
2007-04-17,20.550439834594727
2007-04-18,20.372371673583984
2007-04-19,20.436471939086914
2007-04-20,20.671537399291992
2007-04-23,20.500574111938477
2007-04-24,20.507701873779297
2007-04-25,20.65016746520996
2007-04-26,20.728517532348633
2007-04-27,21.455093383789062
2007-04-30,21.326873779296875
2007-05-01,21.65453338623047
2007-05-02,21.80413055419922
2007-05-03,22.060556411743164
2007-05-04,21.76850700378418
2007-05-07,21.87535285949707
2007-05-08,21.903844833374023
2007-05-09,21.925222396850586
2007-05-10,21.782758712768555
2007-05-11,22.003578186035156
2007-05-14,22.060556411743164
2007-05-15,22.08199119567871
2007-05-16,22.203479766845703
2007-05-17,22.139169692993164
2007-05-18,22.03197479248047
2007-05-21,22.189193725585938
2007-05-22,21.93192481994629
2007-05-23,21.853321075439453
2007-05-24,21.560319900512695
2007-05-25,21.781858444213867
2007-05-29,22.00339126586914
2007-05-30,22.232074737548828
2007-05-31,21.93192481994629
2007-06-01,21.86046600341797
2007-06-04,21.953367233276367
2007-06-05,21.853321075439453
2007-06-06,21.646080017089844
2007-06-07,21.167274475097656
2007-06-08,21.474565505981445
2007-06-11,21.453121185302734
2007-06-12,21.331642150878906
2007-06-13,21.717531204223633
2007-06-14,21.81043815612793
2007-06-15,21.789005279541016
2007-06-18,21.80329132080078
2007-06-19,21.767566680908203
2007-06-20,21.44597816467285
2007-06-21,21.59605598449707
2007-06-22,21.074373245239258
2007-06-25,21.074373245239258
2007-06-26,21.095813751220703
2007-06-27,21.345935821533203
2007-06-28,21.317350387573242
2007-06-29,21.060081481933594
2007-07-02,21.253028869628906
2007-07-03,21.453121185302734
2007-07-05,21.431684494018555
2007-07-06,21.417388916015625
2007-07-09,21.345935821533203
2007-07-10,20.960031509399414
2007-07-11,21.074373245239258
2007-07-12,21.488855361938477
2007-07-13,21.31020164489746
2007-07-16,21.46027374267578
2007-07-17,21.99625015258789
2007-07-18,22.096290588378906
2007-07-19,22.517925262451172
2007-07-20,22.26780128479004
2007-07-23,22.289243698120117
2007-07-24,22.010528564453125
2007-07-25,21.94622039794922
2007-07-26,21.424549102783203
2007-07-27,21.002910614013672
2007-07-30,21.010061264038086
2007-07-31,20.717063903808594
2007-08-01,20.9385929107666
2007-08-02,21.095813751220703
2007-08-03,20.695619583129883
2007-08-06,21.1101016998291
2007-08-07,21.117250442504883
2007-08-08,21.438831329345703
2007-08-09,20.9385929107666
2007-08-10,20.5169620513916
2007-08-13,20.459796905517578
2007-08-14,20.273334503173828
2007-08-15,20.15142250061035
2007-08-16,19.94345474243164
2007-08-17,20.258996963500977
2007-08-20,20.26616859436035
2007-08-21,20.129911422729492
2007-08-22,20.23748016357422
2007-08-23,20.29485321044922
2007-08-24,20.660585403442383
2007-08-27,20.431108474731445
2007-08-28,20.029510498046875
2007-08-29,20.502817153930664
2007-08-30,20.402429580688477
2007-08-31,20.60321807861328
2007-09-04,20.660585403442383
2007-09-05,20.42394256591797
2007-09-06,20.732295989990234
2007-09-07,20.3952579498291
2007-09-10,20.42394256591797
2007-09-11,20.746644973754883
2007-09-12,20.746644973754883
2007-09-13,20.91158103942871
2007-09-14,20.82554054260254
2007-09-17,20.60321807861328
2007-09-18,20.746644973754883
2007-09-19,20.56019401550293
2007-09-20,20.380905151367188
2007-09-21,20.545852661132812
2007-09-24,20.854217529296875
2007-09-25,21.19843864440918
2007-09-26,21.155406951904297
2007-09-27,21.148237228393555
2007-09-28,21.126720428466797
2007-10-01,21.349044799804688
2007-10-02,21.298843383789062
2007-10-03,21.119558334350586
2007-10-04,21.30600929260254
2007-10-05,21.39923667907715
2007-10-08,21.39923667907715
2007-10-09,21.585691452026367
2007-10-10,21.67892074584961
2007-10-11,21.449434280395508
2007-10-12,21.63589096069336
2007-10-15,21.542675018310547
2007-10-16,21.743453979492188
2007-10-17,22.288476943969727
2007-10-18,22.345855712890625
2007-10-19,21.63589096069336
2007-10-22,21.87971305847168
2007-10-23,22.159399032592773
2007-10-24,22.410400390625
2007-10-25,22.941076278686523
2007-10-26,25.121150970458984
2007-10-29,24.791282653808594
2007-10-30,25.508398056030273
2007-10-31,26.39765167236328
2007-11-01,26.576934814453125
2007-11-02,26.576934814453125
2007-11-05,26.34027862548828
2007-11-06,26.110801696777344
2007-11-07,25.472557067871094
2007-11-08,24.913183212280273
2007-11-09,24.188888549804688
2007-11-12,23.93788719177246
2007-11-13,24.794092178344727
2007-11-14,24.412765502929688
2007-11-15,24.290435791015625
2007-11-16,24.527875900268555
2007-11-19,24.434341430664062
2007-11-20,24.880430221557617
2007-11-21,24.62861442565918
2007-11-23,24.54227066040039
2007-11-26,23.722042083740234
2007-11-27,23.786787033081055
2007-11-28,24.247276306152344
2007-11-29,24.168128967285156
2007-11-30,24.175321578979492
2007-12-03,23.686063766479492
2007-12-04,23.578140258789062
2007-12-05,24.571044921875
2007-12-06,24.858858108520508
2007-12-07,24.844463348388672
2007-12-10,25.009946823120117
2007-12-11,24.53507423400879
2007-12-12,24.801294326782227
2007-12-13,25.340923309326172
2007-12-14,25.405668258666992
2007-12-17,24.743730545043945
2007-12-18,24.995553970336914
2007-12-19,25.031532287597656
2007-12-20,25.556779861450195
2007-12-21,25.94529151916504
2007-12-24,26.319442749023438
2007-12-26,26.34101676940918
2007-12-27,25.880544662475586
2007-12-28,25.98846435546875
2007-12-31,25.61433219909668
2008-01-02,25.340923309326172
2008-01-03,25.448843002319336
2008-01-04,24.736534118652344
2008-01-07,24.902019500732422
2008-01-08,24.067394256591797
2008-01-09,24.77971076965332
2008-01-10,24.7005615234375
2008-01-11,24.39836311340332
2008-01-14,24.743730545043945
2008-01-15,24.463125228881836
2008-01-16,23.909099578857422
2008-01-17,23.82276725769043
2008-01-18,23.750818252563477
2008-01-22,22.995336532592773
2008-01-23,22.9737491607666
2008-01-24,23.923498153686523
2008-01-25,23.70045280456543
2008-01-28,23.542160034179688
2008-01-29,23.455814361572266
2008-01-30,23.168020248413086
2008-01-31,23.455814361572266
2008-02-01,21.90888214111328
2008-02-04,21.721813201904297
2008-02-05,20.915971755981445
2008-02-06,20.52024269104004
2008-02-07,20.232446670532227
2008-02-08,20.549034118652344
2008-02-11,20.297191619873047
2008-02-12,20.390731811523438
2008-02-13,20.836822509765625
2008-02-14,20.50585174560547
2008-02-15,20.44829559326172
2008-02-19,20.347169876098633
2008-02-20,20.383283615112305
2008-02-21,20.296607971191406
2008-02-22,19.993244171142578
2008-02-25,20.108810424804688
2008-02-26,20.49885368347168
2008-02-27,20.412181854248047
2008-02-28,20.173824310302734
2008-02-29,19.646543502807617
2008-03-03,19.494857788085938
2008-03-04,19.928241729736328
2008-03-05,20.31106185913086
2008-03-06,19.913789749145508
2008-03-07,20.130483627319336
2008-03-10,20.2604923248291
2008-03-11,21.148929595947266
2008-03-12,20.67943000793457
2008-03-13,20.672204971313477
2008-03-14,20.195484161376953
2008-03-17,20.441068649291992
2008-03-18,21.250049591064453
2008-03-19,20.672204971313477
2008-03-20,21.076688766479492
2008-03-24,21.069469451904297
2008-03-25,21.04779815673828
2008-03-26,20.628873825073242
2008-03-27,20.2604923248291
2008-03-28,20.159372329711914
2008-03-31,20.49885368347168
2008-04-01,21.30782699584961
2008-04-02,21.062244415283203
2008-04-03,20.946687698364258
2008-04-04,21.062244415283203
2008-04-07,21.062244415283203
2008-04-08,20.766101837158203
2008-04-09,20.867225646972656
2008-04-10,21.0261287689209
2008-04-11,20.4266300201416
2008-04-14,20.267723083496094
2008-04-15,20.40496063232422
2008-04-16,20.910560607910156
2008-04-17,21.1055850982666
2008-04-18,21.668977737426758
2008-04-21,21.972341537475586
2008-04-22,21.849552154541016
2008-04-23,22.71631622314453
2008-04-24,22.969114303588867
2008-04-25,21.546184539794922
2008-04-28,20.939455032348633
2008-04-29,20.686647415161133
2008-04-30,20.599971771240234
2008-05-01,21.235597610473633
2008-05-02,21.12002944946289
2008-05-05,21.004459381103516
2008-05-06,21.452287673950195
2008-05-07,21.09836196899414
2008-05-08,21.141695022583008
2008-05-09,21.228374481201172
2008-05-12,21.6617488861084
2008-05-13,21.58926010131836
2008-05-14,21.697998046875
2008-05-15,22.074981689453125
2008-05-16,21.741497039794922
2008-05-19,21.357269287109375
2008-05-20,20.849803924560547
2008-05-21,20.480073928833008
2008-05-22,20.639556884765625
2008-05-23,20.3350830078125
2008-05-27,20.617807388305664
2008-05-28,20.42932891845703
2008-05-29,20.52357292175293
2008-05-30,20.53081703186035
2008-06-02,20.15383529663086
2008-06-03,19.798612594604492
2008-06-04,19.965356826782227
2008-06-05,20.516319274902344
2008-06-06,19.929109573364258
2008-06-09,20.088594436645508
2008-06-10,20.21909523010254
2008-06-11,19.660865783691406
2008-06-12,20.472829818725586
2008-06-13,21.07453155517578
2008-06-16,20.97303581237793
2008-06-17,20.878799438476562
2008-06-18,20.63231086730957
2008-06-19,20.97303581237793
2008-06-20,20.465572357177734
2008-06-23,20.277088165283203
2008-06-24,20.10310173034668
2008-06-25,20.552568435668945
2008-06-26,20.117597579956055
2008-06-27,20.030597686767578
2008-06-30,19.9436092376709
2008-07-01,19.479633331298828
2008-07-02,18.761919021606445
2008-07-03,18.834415435791016
2008-07-07,18.870662689208984
2008-07-08,18.740175247192383
2008-07-09,18.290695190429688
2008-07-10,18.450185775756836
2008-07-11,18.305200576782227
2008-07-14,18.232698440551758
2008-07-15,18.95766258239746
2008-07-16,19.762371063232422
2008-07-17,19.950849533081055
2008-07-18,18.74742317199707
2008-07-21,18.587932586669922
2008-07-22,18.70392417907715
2008-07-23,19.16064453125
2008-07-24,18.44293975830078
2008-07-25,18.964908599853516
2008-07-28,18.48643684387207
2008-07-29,18.928665161132812
2008-07-30,19.015657424926758
2008-07-31,18.64592933654785
2008-08-01,18.44293975830078
2008-08-04,18.32694435119629
2008-08-05,19.001157760620117
2008-08-06,19.5883731842041
2008-08-07,19.856603622436523
2008-08-08,20.39307403564453
2008-08-11,20.226346969604492
2008-08-12,20.385826110839844
2008-08-13,20.23359489440918
2008-08-14,20.23359489440918
2008-08-15,20.16109275817871
2008-08-18,20.07408905029297
2008-08-19,19.884851455688477
2008-08-20,19.863018035888672
2008-08-21,19.7829532623291
2008-08-22,20.263334274291992
2008-08-25,20.132320404052734
2008-08-26,19.848459243774414
2008-08-27,20.059534072875977
2008-08-28,20.33612632751465
2008-08-29,19.863018035888672
2008-09-02,19.72472381591797
2008-09-03,19.579158782958984
2008-09-04,19.1788387298584
2008-09-05,18.669347763061523
2008-09-08,19.011436462402344
2008-09-09,18.99687957763672
2008-09-10,19.244348526000977
2008-09-11,19.8994083404541
2008-09-12,20.103212356567383
2008-09-15,19.52092933654785
2008-09-16,18.91681480407715
2008-09-17,17.88326644897461
2008-09-18,18.385486602783203
2008-09-19,18.31269645690918
2008-09-22,18.487380981445312
2008-09-23,18.516494750976562
2008-09-24,18.720294952392578
2008-09-25,19.368085861206055
2008-09-26,19.943090438842773
2008-09-29,18.203519821166992
2008-09-30,19.42631721496582
2008-10-01,19.273462295532227
2008-10-02,19.10605812072754
2008-10-03,19.157011032104492
2008-10-06,18.1307373046875
2008-10-07,16.907943725585938
2008-10-08,16.74782371520996
2008-10-09,16.231050491333008
2008-10-10,15.64876651763916
2008-10-13,18.560161590576172
2008-10-14,17.54117202758789
2008-10-15,16.493066787719727
2008-10-16,17.606687545776367
2008-10-17,17.417444229125977
2008-10-20,17.992443084716797
2008-10-21,17.002565383911133
2008-10-22,15.670607566833496
2008-10-23,16.245609283447266
2008-10-24,15.983580589294434
2008-10-27,15.415857315063477
2008-10-28,16.813329696655273
2008-10-29,16.740541458129883
2008-10-30,16.471233367919922
2008-10-31,16.25288963317871
2008-11-03,16.463958740234375
2008-11-04,17.12630844116211
2008-11-05,16.070919036865234
2008-11-06,15.197497367858887
2008-11-07,15.64876651763916
2008-11-10,15.503198623657227
2008-11-11,15.43041706085205
2008-11-12,14.775350570678711
2008-11-13,15.466804504394531
2008-11-14,14.600666046142578
2008-11-17,14.062055587768555
2008-11-18,14.377153396606445
2008-11-19,13.40255355834961
2008-11-20,12.845643997192383
2008-11-21,14.42111873626709
2008-11-24,15.161226272583008
2008-11-25,14.64828109741211
2008-11-26,15.014669418334961
2008-11-28,14.816821098327637
2008-12-01,13.637040138244629
2008-12-02,14.032745361328125
2008-12-03,14.560346603393555
2008-12-04,14.003432273864746
2008-12-05,14.560346603393555
2008-12-08,15.395716667175293
2008-12-09,15.095280647277832
2008-12-10,15.10260009765625
2008-12-11,14.252579689025879
2008-12-12,14.186628341674805
2008-12-15,13.952134132385254
2008-12-16,14.736217498779297
2008-12-17,14.406468391418457
2008-12-18,14.142664909362793
2008-12-19,14.010766983032227
2008-12-22,14.054733276367188
2008-12-23,14.128008842468262
2008-12-24,14.047403335571289
2008-12-26,14.018085479736328
2008-12-29,13.893521308898926
2008-12-30,14.171971321105957
2008-12-31,14.245254516601562
2009-01-02,14.89742660522461
2009-01-05,15.03665542602539
2009-01-06,15.212518692016602
2009-01-07,14.296552658081055
2009-01-08,14.743550300598145
2009-01-09,14.303874015808105
2009-01-12,14.26723575592041
2009-01-13,14.523710250854492
2009-01-14,13.98878002166748
2009-01-15,14.09869384765625
2009-01-16,14.443102836608887
2009-01-20,13.541780471801758
2009-01-21,14.20128059387207
2009-01-22,12.537869453430176
2009-01-23,12.603825569152832
2009-01-26,12.91891860961914
2009-01-27,12.940897941589355
2009-01-28,13.219359397888184
2009-01-29,12.889609336853027
2009-01-30,12.530545234680176
2009-02-02,13.065478324890137
2009-02-03,13.556435585021973
2009-02-04,13.651697158813477
2009-02-05,13.952134132385254
2009-02-06,14.406468391418457
2009-02-09,14.245254516601562
2009-02-10,13.776275634765625
2009-02-11,14.076711654663086
2009-02-12,14.113349914550781
2009-02-13,13.98878002166748
2009-02-17,13.346891403198242
2009-02-18,13.369028091430664
2009-02-19,13.214083671569824
2009-02-20,13.280481338500977
2009-02-23,12.69761848449707
2009-02-24,12.668106079101562
2009-02-25,12.513169288635254
2009-02-26,12.11475944519043
2009-02-27,11.915545463562012
2009-03-02,11.649937629699707
2009-03-03,11.716341018676758
2009-03-04,11.893411636352539
2009-03-05,11.266281127929688
2009-03-06,11.273653984069824
2009-03-09,11.177741050720215
2009-03-10,12.159026145935059
2009-03-11,12.6238374710083
2009-03-12,12.55005931854248
2009-03-13,12.28445053100586
2009-03-16,11.989326477050781
2009-03-17,12.468896865844727
2009-03-18,12.513169288635254
2009-03-19,12.645974159240723
2009-03-20,12.58694839477539
2009-03-23,13.52396297454834
2009-03-24,13.228842735290527
2009-03-25,13.1919527053833
2009-03-26,13.892863273620605
2009-03-27,13.376399993896484
2009-03-30,12.896822929382324
2009-03-31,13.553476333618164
2009-04-01,14.24700927734375
2009-04-02,14.232257843017578
2009-04-03,13.833834648132324
2009-04-06,13.84122085571289
2009-04-07,13.84122085571289
2009-04-08,14.158469200134277
2009-04-09,14.51262378692627
2009-04-13,14.453597068786621
2009-04-14,14.276524543762207
2009-04-15,13.892863273620605
2009-04-16,14.579019546508789
2009-04-17,14.165855407714844
2009-04-20,13.730542182922363
2009-04-21,13.996152877807617
2009-04-22,13.855972290039062
2009-04-23,13.959266662597656
2009-04-24,15.42750072479248
2009-04-27,15.051212310791016
2009-04-28,14.704447746276855
2009-04-29,14.940544128417969
2009-04-30,14.94792366027832
2009-05-01,14.93316650390625
2009-05-04,14.896276473999023
2009-05-05,14.601156234741211
2009-05-06,14.601156234741211
2009-05-07,14.254388809204102
2009-05-08,14.328170776367188
2009-05-11,14.254388809204102
2009-05-12,14.674931526184082
2009-05-13,14.571648597717285
2009-05-14,14.800360679626465
2009-05-15,14.918413162231445
2009-05-18,15.198783874511719
2009-05-19,15.079977035522461
2009-05-20,15.131953239440918
2009-05-21,14.716155052185059
2009-05-22,14.664186477661133
2009-05-26,15.10225772857666
2009-05-27,14.946331024169922
2009-05-28,15.183935165405273
2009-05-29,15.510626792907715
2009-06-01,15.889297485351562
2009-06-02,15.889297485351562
2009-06-03,16.134309768676758
2009-06-04,16.208566665649414
2009-06-05,16.438730239868164
2009-06-08,16.37191390991211
2009-06-09,16.394189834594727
2009-06-10,16.74315643310547
2009-06-11,16.95105743408203
2009-06-12,17.322296142578125
2009-06-15,17.389122009277344
2009-06-16,17.41140365600586
2009-06-17,17.582172393798828
2009-06-18,17.448528289794922
2009-06-19,17.871740341186523
2009-06-22,17.285175323486328
2009-06-23,17.329727172851562
2009-06-24,17.42624855041504
2009-06-25,17.66384506225586
2009-06-26,17.33715057373047
2009-06-29,17.715824127197266
2009-06-30,17.649002075195312
2009-07-01,17.849472045898438
2009-07-02,17.352001190185547
2009-07-06,17.225780487060547
2009-07-07,16.728309631347656
2009-07-08,16.750585556030273
2009-07-09,16.66148567199707
2009-07-10,16.624359130859375
2009-07-13,17.248044967651367
2009-07-14,17.158946990966797
2009-07-15,17.908872604370117
2009-07-16,18.146467208862305
2009-07-17,18.035091400146484
2009-07-20,18.213289260864258
2009-07-21,18.43603515625
2009-07-22,18.413759231567383
2009-07-23,18.978057861328125
2009-07-24,17.41140365600586
2009-07-27,17.158946990966797
2009-07-28,17.42624855041504
2009-07-29,17.67127799987793
2009-07-30,17.67869758605957
2009-07-31,17.463376998901367
2009-08-03,17.693546295166016
2009-08-04,17.649002075195312
2009-08-05,17.67869758605957
2009-08-06,17.41883087158203
2009-08-07,17.493074417114258
2009-08-10,17.389122009277344
2009-08-11,17.173799514770508
2009-08-12,17.470802307128906
2009-08-13,17.53762435913086
2009-08-14,17.589595794677734
2009-08-17,17.262895584106445
2009-08-18,17.606367111206055
2009-08-19,17.65863609313965
2009-08-20,17.673561096191406
2009-08-21,18.226102828979492
2009-08-24,18.39783477783203
2009-08-25,18.39783477783203
2009-08-26,18.330625534057617
2009-08-27,18.435161590576172
2009-08-28,18.427705764770508
2009-08-31,18.405302047729492
2009-09-01,17.91996192932129
2009-09-02,17.8154354095459
2009-09-03,18.002099990844727
2009-09-04,18.382896423339844
2009-09-08,18.532230377197266
2009-09-09,18.502368927001953
2009-09-10,18.6666316986084
2009-09-11,18.56209373474121
2009-09-14,18.6666316986084
2009-09-15,18.815967559814453
2009-09-16,18.815967559814453
2009-09-17,18.890628814697266
2009-09-18,18.86077117919922
2009-09-21,18.890628814697266
2009-09-22,19.24156379699707
2009-09-23,19.196765899658203
2009-09-24,19.36849594116211
2009-09-25,19.077289581298828
2009-09-28,19.286361694335938
2009-09-29,19.22662925720215
2009-09-30,19.204233169555664
2009-10-01,18.5770320892334
2009-10-02,18.636764526367188
2009-10-05,18.39783477783203
2009-10-06,18.74876594543457
2009-10-07,18.74129867553711
2009-10-08,19.166898727416992
2009-10-09,19.077289581298828
2009-10-12,19.204233169555664
2009-10-13,19.27143096923828
2009-10-14,19.383440017700195
2009-10-15,19.943429946899414
2009-10-16,19.78662872314453
2009-10-19,19.682098388671875
2009-10-20,19.68956756591797
2009-10-21,19.846364974975586
2009-10-22,19.853830337524414
2009-10-23,20.92155647277832
2009-10-26,21.41436004638672
2009-10-27,21.347158432006836
2009-10-28,20.92155647277832
2009-10-29,21.070899963378906
2009-10-30,20.705028533935547
2009-11-02,20.817020416259766
2009-11-03,20.55569839477539
2009-11-04,20.95142936706543
2009-11-05,21.257564544677734
2009-11-06,21.294898986816406
2009-11-09,21.645832061767578
2009-11-10,21.660755157470703
2009-11-11,21.742889404296875
2009-11-12,21.92209243774414
2009-11-13,22.123685836791992
2009-11-16,22.056493759155273
2009-11-17,22.49896812438965
2009-11-18,22.581464767456055
2009-11-19,22.3339786529541
2009-11-20,22.213985443115234
2009-11-23,22.453975677490234
2009-11-24,22.431472778320312
2009-11-25,22.34148406982422
2009-11-27,21.91399383544922
2009-11-30,22.056493759155273
2009-12-01,22.5064697265625
2009-12-02,22.3339786529541
2009-12-03,22.371479034423828
2009-12-04,22.483972549438477
2009-12-07,22.34148406982422
2009-12-08,22.176488876342773
2009-12-09,22.28148078918457
2009-12-10,22.40148162841797
2009-12-11,22.3864803314209
2009-12-14,22.581464767456055
2009-12-15,22.513975143432617
2009-12-16,22.573965072631836
2009-12-17,22.198986053466797
2009-12-18,22.768962860107422
2009-12-21,22.888948440551758
2009-12-22,23.11394500732422
2009-12-23,23.188947677612305
2009-12-24,23.248937606811523
2009-12-28,23.376432418823242
2009-12-29,23.541427612304688
2009-12-30,23.21893882751465
2009-12-31,22.858963012695312
2010-01-04,23.211437225341797
2010-01-05,23.21893882751465
2010-01-06,23.07643699645996
2010-01-07,22.836456298828125
2010-01-08,22.993947982788086
2010-01-11,22.701454162597656
2010-01-12,22.55146598815918
2010-01-13,22.761457443237305
2010-01-14,23.21893882751465
2010-01-15,23.143945693969727
2010-01-19,23.32394027709961
2010-01-20,22.941450119018555
2010-01-21,22.5064697265625
2010-01-22,21.719011306762695
2010-01-25,21.988994598388672
2010-01-26,22.12398910522461
2010-01-27,22.25147819519043
2010-01-28,21.868999481201172
2010-01-29,21.13404083251953
2010-02-01,21.30653190612793
2010-02-02,21.344018936157227
2010-02-03,21.471519470214844
2010-02-04,20.87904930114746
2010-02-05,21.014036178588867
2010-02-08,20.789043426513672
2010-02-09,21.00653839111328
2010-02-10,20.991539001464844
2010-02-11,21.08904457092285
2010-02-12,20.946544647216797
2010-02-16,21.36095428466797
2010-02-17,21.541784286499023
2010-02-18,21.82810401916504
2010-02-19,21.67740821838379
2010-02-22,21.647266387939453
2010-02-23,21.345884323120117
2010-02-24,21.57192611694336
2010-02-25,21.54932403564453
2010-02-26,21.602067947387695
2010-03-01,21.86578369140625
2010-03-02,21.443836212158203
2010-03-03,21.443836212158203
2010-03-04,21.57192611694336
2010-03-05,21.541784286499023
2010-03-08,21.57192611694336
2010-03-09,21.700021743774414
2010-03-10,21.82810401916504
2010-03-11,21.986337661743164
2010-03-12,22.05414581298828
2010-03-15,22.0692195892334
2010-03-16,22.12948989868164
2010-03-17,22.32539939880371
2010-03-18,22.310333251953125
2010-03-19,22.29525375366211
2010-03-22,22.30279541015625
2010-03-23,22.513769149780273
2010-03-24,22.340471267700195
2010-03-25,22.61171531677246
2010-03-26,22.347991943359375
2010-03-29,22.29525375366211
2010-03-30,22.430885314941406
2010-03-31,22.0692195892334
2010-04-01,21.971261978149414
2010-04-05,22.05414581298828
2010-04-06,22.091815948486328
2010-04-07,22.114425659179688
2010-04-08,22.543903350830078
2010-04-09,22.860370635986328
2010-04-12,22.84529685974121
2010-04-13,22.9432430267334
2010-04-14,23.222034454345703
2010-04-15,23.259708404541016
2010-04-16,23.109010696411133
2010-04-19,23.387794494628906
2010-04-20,23.62890625
2010-04-21,23.606300354003906
2010-04-22,23.65151596069336
2010-04-23,23.327518463134766
2010-04-26,23.440534591674805
2010-04-27,23.244632720947266
2010-04-28,23.289838790893555
2010-04-29,23.35765838623047
2010-04-30,23.011066436767578
2010-05-03,23.252174377441406
2010-05-04,22.702136993408203
2010-05-05,22.491165161132812
2010-05-06,21.835634231567383
2010-05-07,21.255468368530273
2010-05-10,21.805500030517578
2010-05-11,21.760297775268555
2010-05-12,22.182233810424805
2010-05-13,22.031538009643555
2010-05-14,21.79796028137207
2010-05-17,21.805500030517578
2010-05-18,21.64656639099121
2010-05-19,21.374082565307617
2010-05-20,20.51881980895996
2010-05-21,20.314455032348633
2010-05-24,19.883045196533203
2010-05-25,19.73166847229004
2010-05-26,18.92938804626465
2010-05-27,19.678686141967773
2010-05-28,19.52731704711914
2010-06-01,19.595434188842773
2010-06-02,20.0268497467041
2010-06-03,20.3295955657959
2010-06-04,19.519746780395508
2010-06-07,19.14130973815918
2010-06-08,19.005075454711914
2010-06-09,18.762876510620117
2010-06-10,18.92181396484375
2010-06-11,19.421350479125977
2010-06-14,19.300247192382812
2010-06-15,20.11767578125
2010-06-16,19.92088508605957
2010-06-17,19.9587345123291
2010-06-18,20.011709213256836
2010-06-21,19.640840530395508
2010-06-22,19.50460433959961
2010-06-23,19.156450271606445
2010-06-24,18.92181396484375
2010-06-25,18.566085815429688
2010-06-28,18.399574279785156
2010-06-29,17.6427059173584
2010-06-30,17.415639877319336
2010-07-01,17.529170989990234
2010-07-02,17.6124267578125
2010-07-06,18.02870750427246
2010-07-07,18.392005920410156
2010-07-08,18.475263595581055
2010-07-09,18.369298934936523
2010-07-12,18.793153762817383
2010-07-13,19.020212173461914
2010-07-14,19.254838943481445
2010-07-15,19.307819366455078
2010-07-16,18.838563919067383
2010-07-19,19.09589958190918
2010-07-20,19.285110473632812
2010-07-21,19.012643814086914
2010-07-22,19.557586669921875
2010-07-23,19.534879684448242
2010-07-26,19.754371643066406
2010-07-27,19.79979705810547
2010-07-28,19.640840530395508
2010-07-29,19.701391220092773
2010-07-30,19.534879684448242
2010-08-02,19.92845344543457
2010-08-03,19.79979705810547
2010-08-04,19.474328994750977
2010-08-05,19.201858520507812
2010-08-06,19.33808708190918
2010-08-09,19.38351058959961
2010-08-10,18.97479248046875
2010-08-11,18.815860748291016
2010-08-12,18.535812377929688
2010-08-13,18.467695236206055
2010-08-16,18.543380737304688
2010-08-17,18.802087783813477
2010-08-18,18.885786056518555
2010-08-19,18.59663963317871
2010-08-20,18.43685531616211
2010-08-23,18.47490119934082
2010-08-24,18.29227638244629
2010-08-25,18.33793830871582
2010-08-26,18.1248779296875
2010-08-27,18.208581924438477
2010-08-30,17.987916946411133
2010-08-31,17.85856056213379
2010-09-01,18.185758590698242
2010-09-02,18.216190338134766
2010-09-03,18.48250389099121
2010-09-07,18.231407165527344
2010-09-08,18.208581924438477
2010-09-09,18.26944923400879
2010-09-10,18.14771270751953
2010-09-13,19.106454849243164
2010-09-14,19.04557228088379
2010-09-15,19.114063262939453
2010-09-16,19.273853302001953
2010-09-17,19.19015121459961
2010-09-20,19.349950790405273
2010-09-21,19.136884689331055
2010-09-22,18.72599983215332
2010-09-23,18.589038848876953
2010-09-24,18.8553524017334
2010-09-27,18.817310333251953
2010-09-28,18.779264450073242
2010-09-29,18.642297744750977
2010-09-30,18.63469123840332
2010-10-01,18.550994873046875
2010-10-04,18.1933650970459
2010-10-05,18.52815818786621
2010-10-06,18.589038848876953
2010-10-07,18.66512107849121
2010-10-08,18.695558547973633
2010-10-11,18.710786819458008
2010-10-12,18.893402099609375
2010-10-13,19.281463623046875
2010-10-14,19.19776725769043
2010-10-15,19.433645248413086
2010-10-18,19.646696090698242
2010-10-19,19.09885025024414
2010-10-20,19.258634567260742
2010-10-21,19.342330932617188
2010-10-22,19.311901092529297
2010-10-25,19.167325973510742
2010-10-26,19.707578659057617
2010-10-27,19.821712493896484
2010-10-28,19.996713638305664
2010-10-29,20.293479919433594
2010-11-01,20.50653076171875
2010-11-02,20.841325759887695
2010-11-03,20.567413330078125
2010-11-04,20.651094436645508
2010-11-05,20.430437088012695
2010-11-08,20.40000343322754
2010-11-09,20.50653076171875
2010-11-10,20.49892234802246
2010-11-11,20.30107879638672
2010-11-12,19.989105224609375
2010-11-15,19.935850143432617
2010-11-16,19.7597599029541
2010-11-17,19.576019287109375
2010-11-18,19.782730102539062
2010-11-19,19.667890548706055
2010-11-22,19.69851303100586
2010-11-23,19.23151206970215
2010-11-24,19.422908782958984
2010-11-26,19.331037521362305
2010-11-29,19.376962661743164
2010-11-30,19.33868980407715
2010-12-01,19.935853958129883
2010-12-02,20.58658790588379
2010-12-03,20.686120986938477
2010-12-06,20.548309326171875
2010-12-07,20.571279525756836
2010-12-08,20.846899032592773
2010-12-09,20.73204803466797
2010-12-10,20.931110382080078
2010-12-13,20.862205505371094
2010-12-14,21.145469665527344
2010-12-15,21.32155418395996
2010-12-16,21.428733825683594
2010-12-17,21.359838485717773
2010-12-20,21.29092788696289
2010-12-21,21.489980697631836
2010-12-22,21.581851959228516
2010-12-23,21.666067123413086
2010-12-27,21.489980697631836
2010-12-28,21.444047927856445
2010-12-29,21.41342544555664
2010-12-30,21.32155418395996
2010-12-31,21.367488861083984
2011-01-03,21.421079635620117
2011-01-04,21.50529670715332
2011-01-05,21.4363956451416
2011-01-06,22.064172744750977
2011-01-07,21.895748138427734
2011-01-10,21.604820251464844
2011-01-11,21.52060890197754
2011-01-12,21.85746192932129
2011-01-13,21.581851959228516
2011-01-14,21.666067123413086
2011-01-18,21.941680908203125
2011-01-19,21.79622459411621
2011-01-20,21.7043514251709
2011-01-21,21.451704025268555
2011-01-24,21.727319717407227
2011-01-25,21.780908584594727
2011-01-26,22.033544540405273
2011-01-27,22.102458953857422
2011-01-28,21.2450008392334
2011-01-31,21.229686737060547
2011-02-01,21.428733825683594
2011-02-02,21.390457153320312
2011-02-03,21.168434143066406
2011-02-04,21.260311126708984
2011-02-07,21.589506149291992
2011-02-08,21.6507568359375
2011-02-09,21.41342544555664
2011-02-10,21.0535945892334
2011-02-11,20.862205505371094
2011-02-14,20.846899032592773
2011-02-15,20.762187957763672
2011-02-16,20.808387756347656
2011-02-17,20.954700469970703
2011-02-18,20.839191436767578
2011-02-22,20.477231979370117
2011-02-23,20.477231979370117
2011-02-24,20.615863800048828
2011-02-25,20.44643211364746
2011-02-28,20.469539642333984
2011-03-01,20.14609718322754
2011-03-02,20.08448600769043
2011-03-03,20.176889419555664
2011-03-04,19.9843692779541
2011-03-07,19.807247161865234
2011-03-08,19.953563690185547
2011-03-09,19.938159942626953
2011-03-10,19.56850814819336
2011-03-11,19.776437759399414
2011-03-14,19.78413963317871
2011-03-15,19.55310821533203
2011-03-16,19.091039657592773
2011-03-17,19.083337783813477
2011-03-18,19.098739624023438
2011-03-21,19.506900787353516
2011-03-22,19.483797073364258
2011-03-23,19.668628692626953
2011-03-24,19.876548767089844
2011-03-25,19.73023223876953
2011-03-28,19.56850814819336
2011-03-29,19.63011360168457
2011-03-30,19.7225284576416
2011-03-31,19.55310821533203
2011-04-01,19.622421264648438
2011-04-04,19.67632293701172
2011-04-05,19.853450775146484
2011-04-06,20.138395309448242
2011-04-07,20.176889419555664
2011-04-08,20.076778411865234
2011-04-11,20.007465362548828
2011-04-12,19.745635986328125
2011-04-13,19.73793601989746
2011-04-14,19.57621192932129
2011-04-15,19.537702560424805
2011-04-18,19.314369201660156
2011-04-19,19.3682804107666
2011-04-20,19.838050842285156
2011-04-21,19.65322494506836
2011-04-25,19.7225284576416
2011-04-26,20.16920280456543
2011-04-27,20.315521240234375
2011-04-28,20.569652557373047
2011-04-29,19.961259841918945
2011-05-02,19.76103401184082
2011-05-03,19.876548767089844
2011-05-04,20.06907844543457
2011-05-05,19.86115264892578
2011-05-06,19.92275619506836
2011-05-09,19.89196014404297
2011-05-10,19.768735885620117
2011-05-11,19.530004501342773
2011-05-12,19.499202728271484
2011-05-13,19.275869369506836
2011-05-16,18.921611785888672
2011-05-17,19.00689125061035
2011-05-18,19.138660430908203
2011-05-19,19.161914825439453
2011-05-20,18.983623504638672
2011-05-23,18.735584259033203
2011-05-24,18.72007179260254
2011-05-25,18.75107765197754
2011-05-26,19.123157501220703
2011-05-27,19.19291877746582
2011-05-31,19.386709213256836
2011-06-01,18.937114715576172
2011-06-02,18.77433967590332
2011-06-03,18.534034729003906
2011-06-06,18.611553192138672
2011-06-07,18.650314331054688
2011-06-08,18.557292938232422
2011-06-09,18.572795867919922
2011-06-10,18.378997802734375
2011-06-13,18.634811401367188
2011-06-14,18.77433967590332
2011-06-15,18.402257919311523
2011-06-16,18.603803634643555
2011-06-17,18.805341720581055
2011-06-20,18.968130111694336
2011-06-21,19.19291877746582
2011-06-22,19.10765838623047
2011-06-23,19.092147827148438
2011-06-24,18.83635139465332
2011-06-27,19.533992767333984
2011-06-28,19.99909210205078
2011-06-29,19.859560012817383
2011-06-30,20.15411376953125
2011-07-01,20.16962242126465
2011-07-05,20.177377700805664
2011-07-06,20.40991973876953
2011-07-07,20.750995635986328
2011-07-08,20.867267608642578
2011-07-11,20.6424617767334
2011-07-12,20.57269859313965
2011-07-13,20.6424617767334
2011-07-14,20.518444061279297
2011-07-15,20.75874137878418
2011-07-18,20.61145782470703
2011-07-19,21.347862243652344
2011-07-20,20.975786209106445
2011-07-21,21.006790161132812
2011-07-22,21.340110778808594
2011-07-25,21.634668350219727
2011-07-26,21.766448974609375
2011-07-27,21.185075759887695
2011-07-28,21.487384796142578
2011-07-29,21.239336013793945
2011-08-01,21.138572692871094
2011-08-02,20.774248123168945
2011-08-03,20.867267608642578
2011-08-04,20.10760498046875
2011-08-05,19.906064987182617
2011-08-08,18.975875854492188
2011-08-09,19.828548431396484
2011-08-10,18.758832931518555
2011-08-11,19.5262451171875
2011-08-12,19.45647621154785
2011-08-15,19.774288177490234
2011-08-16,19.774290084838867
2011-08-17,19.696287155151367
2011-08-18,19.24385643005371
2011-08-19,18.760221481323242
2011-08-22,18.705617904663086
2011-08-23,19.282859802246094
2011-08-24,19.423269271850586
2011-08-25,19.165847778320312
2011-08-26,19.696287155151367
2011-08-29,20.156517028808594
2011-08-30,20.460735321044922
2011-08-31,20.749359130859375
2011-09-01,20.445133209228516
2011-09-02,20.12531280517578
2011-09-06,19.899093627929688
2011-09-07,20.281320571899414
2011-09-08,20.45293617248535
2011-09-09,20.078500747680664
2011-09-12,20.195518493652344
2011-09-13,20.312522888183594
2011-09-14,20.671354293823242
2011-09-15,21.05357551574707
2011-09-16,21.154979705810547
2011-09-19,21.225183486938477
2011-09-20,21.04576873779297
2011-09-21,20.273521423339844
2011-09-22,19.54807472229004
2011-09-23,19.54807472229004
2011-09-26,19.844491958618164
2011-09-27,20.023908615112305
2011-09-28,19.95370101928711
2011-09-29,19.85230255126953
2011-09-30,19.415464401245117
2011-10-03,19.13465118408203
2011-10-04,19.766490936279297
2011-10-05,20.195518493652344
2011-10-06,20.54654884338379
2011-10-07,20.476343154907227
2011-10-10,21.014575958251953
2011-10-11,21.061376571655273
2011-10-12,21.030170440673828
2011-10-13,21.2017822265625
2011-10-14,21.271987915039062
2011-10-17,21.04576873779297
2011-10-18,21.303190231323242
2011-10-19,21.162776947021484
2011-10-20,21.092580795288086
2011-10-21,21.18617820739746
2011-10-24,21.20958709716797
2011-10-25,20.913166046142578
2011-10-26,20.741554260253906
2011-10-27,21.256380081176758
2011-10-28,21.04576873779297
2011-10-31,20.77275848388672
2011-11-01,20.273521423339844
2011-11-02,20.28912925720215
2011-11-03,20.69474983215332
2011-11-04,20.476343154907227
2011-11-07,20.90536117553711
2011-11-08,21.18617820739746
2011-11-09,20.437339782714844
2011-11-10,20.499736785888672
2011-11-11,20.991167068481445
2011-11-14,20.87415885925293
2011-11-15,21.01563262939453
2011-11-16,20.489057540893555
2011-11-17,20.072525024414062
2011-11-18,19.883895874023438
2011-11-21,19.648117065429688
2011-11-22,19.483076095581055
2011-11-23,19.231578826904297
2011-11-25,19.09796905517578
2011-11-28,19.54595375061035
2011-11-29,19.52237892150879
2011-11-30,20.103954315185547
2011-12-01,19.868179321289062
2011-12-02,19.82101821899414
2011-12-05,20.19826316833496
2011-12-06,20.16683578491211
2011-12-07,20.119678497314453
2011-12-08,19.962486267089844
2011-12-09,20.19826316833496
2011-12-12,20.04894256591797
2011-12-13,20.24542808532715
2011-12-14,20.11180305480957
2011-12-15,20.088241577148438
2011-12-16,20.434038162231445
2011-12-19,20.06465721130371
2011-12-20,20.457622528076172
2011-12-21,20.24542808532715
2011-12-22,20.284713745117188
2011-12-23,20.457622528076172
2011-12-27,20.46548080444336
2011-12-28,20.292577743530273
2011-12-29,20.44976234436035
2011-12-30,20.402610778808594
2012-01-03,21.03920555114746
2012-01-04,21.53433609008789
2012-01-05,21.75440216064453
2012-01-06,22.092342376708984
2012-01-09,21.801549911499023
2012-01-10,21.880146026611328
2012-01-11,21.78583526611328
2012-01-12,22.005897521972656
2012-01-13,22.20237159729004
2012-01-17,22.210233688354492
2012-01-18,22.186656951904297
2012-01-19,22.100215911865234
2012-01-20,23.34981918334961
2012-01-23,23.36554718017578
2012-01-24,23.059030532836914
2012-01-25,23.231937408447266
2012-01-26,23.184776306152344
2012-01-27,22.972585678100586
2012-01-30,23.271236419677734
2012-01-31,23.208364486694336
2012-02-01,23.49129295349121
2012-02-02,23.538454055786133
2012-02-03,23.766361236572266
2012-02-06,23.734926223754883
2012-02-07,23.85281753540039
2012-02-08,24.096452713012695
2012-02-09,24.18290901184082
2012-02-10,23.970703125
2012-02-13,24.03358268737793
2012-02-14,23.930734634399414
2012-02-15,23.77251625061035
2012-02-16,24.753475189208984
2012-02-17,24.721843719482422
2012-02-21,24.872142791748047
2012-02-22,24.73766326904297
2012-02-23,24.816762924194336
2012-02-24,24.903789520263672
2012-02-27,24.800945281982422
2012-02-28,25.212322235107422
2012-02-29,25.109472274780273
2012-03-01,25.544580459594727
2012-03-02,25.378448486328125
2012-03-05,25.15694236755371
2012-03-06,24.967073440551758
2012-03-07,25.188583374023438
2012-03-08,25.323074340820312
2012-03-09,25.3072452545166
2012-03-12,25.3468017578125
2012-03-13,25.845199584960938
2012-03-14,25.92430877685547
2012-03-15,25.987592697143555
2012-03-16,25.789819717407227
2012-03-19,25.47338104248047
2012-03-20,25.3072452545166
2012-03-21,25.24396324157715
2012-03-22,25.31516456604004
2012-03-23,25.323074340820312
2012-03-26,25.781906127929688
2012-03-27,25.726530075073242
2012-03-28,25.465473175048828
2012-03-29,25.410097122192383
2012-03-30,25.52084732055664
2012-04-02,25.544580459594727
2012-04-03,25.267698287963867
2012-04-04,24.690189361572266
2012-04-05,24.935434341430664
2012-04-09,24.603174209594727
2012-04-10,24.104780197143555
2012-04-11,24.009851455688477
2012-04-12,24.50823974609375
2012-04-13,24.37374496459961
2012-04-16,24.587350845336914
2012-04-17,24.872142791748047
2012-04-18,24.634822845458984
2012-04-19,24.53197479248047
2012-04-20,25.647424697875977
2012-04-23,25.410097122192383
2012-04-24,25.251874923706055
2012-04-25,25.47338104248047
2012-04-26,25.402175903320312
2012-04-27,25.29933738708496
2012-04-30,25.33098030090332
2012-05-01,25.323074340820312
2012-05-02,25.15694236755371
2012-05-03,25.125295639038086
2012-05-04,24.50823974609375
2012-05-07,24.24717903137207
2012-05-08,24.12850570678711
2012-05-09,24.334199905395508
2012-05-10,24.318374633789062
2012-05-11,24.650634765625
2012-05-14,24.270912170410156
2012-05-15,24.055912017822266
2012-05-16,23.809066772460938
2012-05-17,23.665727615356445
2012-05-18,23.307397842407227
2012-05-21,23.689619064331055
2012-05-22,23.697580337524414
2012-05-23,23.179994583129883
2012-05-24,23.148136138916016
2012-05-25,23.140172958374023
2012-05-29,23.538330078125
2012-05-30,23.363136291503906
2012-05-31,23.24370002746582
2012-06-01,22.654438018798828
2012-06-04,22.734073638916016
2012-06-05,22.70221519470215
2012-06-06,23.3710994720459
2012-06-07,23.27554702758789
2012-06-08,23.609989166259766
2012-06-11,23.01276969909668
2012-06-12,23.32332420349121
2012-06-13,23.195919036865234
2012-06-14,23.363136291503906
2012-06-15,23.904611587524414
2012-06-18,23.76128578186035
2012-06-19,24.446096420288086
2012-06-20,24.629247665405273
2012-06-21,24.000173568725586
2012-06-22,24.446096420288086
2012-06-25,23.785175323486328
2012-06-26,23.904611587524414
2012-06-27,24.024065017700195
2012-06-28,23.817018508911133
2012-06-29,24.35850715637207
2012-07-02,24.334604263305664
2012-07-03,24.493871688842773
2012-07-05,24.446096420288086
2012-07-06,24.03999137878418
2012-07-09,23.888687133789062
2012-07-10,23.681652069091797
2012-07-11,23.331287384033203
2012-07-12,22.797773361206055
2012-07-13,23.4029541015625
2012-07-16,23.44277572631836
2012-07-17,23.617948532104492
2012-07-18,24.24701690673828
2012-07-19,24.42220115661621
2012-07-20,23.984243392944336
2012-07-23,23.315366744995117
2012-07-24,23.21183967590332
2012-07-25,22.957035064697266
2012-07-26,23.219802856445312
2012-07-27,23.697580337524414
2012-07-30,23.602025985717773
2012-07-31,23.46665382385254
2012-08-01,23.418880462646484
2012-08-02,23.24370002746582
2012-08-03,23.689619064331055
2012-08-06,23.848873138427734
2012-08-07,24.09572982788086
2012-08-08,24.151466369628906
2012-08-09,24.28683090209961
2012-08-10,24.22313117980957
2012-08-13,24.199243545532227
2012-08-14,24.151145935058594
2012-08-15,24.207265853881836
2012-08-16,24.672170639038086
2012-08-17,24.768354415893555
2012-08-20,24.640104293823242
2012-08-21,24.688203811645508
2012-08-22,24.47978973388672
2012-08-23,24.255353927612305
2012-08-24,24.495820999145508
2012-08-27,24.60003089904785
2012-08-28,24.551931381225586
2012-08-29,24.567968368530273
2012-08-30,24.30345344543457
2012-08-31,24.704227447509766
2012-09-04,24.359554290771484
2012-09-05,24.359554290771484
2012-09-06,25.12905502319336
2012-09-07,24.808433532714844
2012-09-10,24.624073028564453
2012-09-11,24.680179595947266
2012-09-12,24.672170639038086
2012-09-13,24.800416946411133
2012-09-14,25.0168399810791
2012-09-17,25.0168399810791
2012-09-18,24.992795944213867
2012-09-19,24.88858985900879
2012-09-20,25.20921516418457
2012-09-21,25.000812530517578
2012-09-24,24.672170639038086
2012-09-25,24.359554290771484
2012-09-26,24.183218002319336
2012-09-27,24.175189971923828
2012-09-28,23.85457420349121
2012-10-01,23.638151168823242
2012-10-02,23.774412155151367
2012-10-03,23.934724807739258
2012-10-04,24.070987701416016
2012-10-05,23.926712036132812
2012-10-08,23.870603561401367
2012-10-09,23.46982192993164
2012-10-10,23.229354858398438
2012-10-11,23.205305099487305
2012-10-12,23.405698776245117
2012-10-15,23.6541805267334
2012-10-16,23.638151168823242
2012-10-17,23.718303680419922
2012-10-18,23.646160125732422
2012-10-19,22.956811904907227
2012-10-22,22.443815231323242
2012-10-23,22.48389434814453
2012-10-24,22.363662719726562
2012-10-25,22.34763526916504
2012-10-26,22.612144470214844
2012-10-31,22.876663208007812
2012-11-01,23.66219139099121
2012-11-02,23.646160125732422
2012-11-05,23.750370025634766
2012-11-06,23.934724807739258
2012-11-07,23.309505462646484
2012-11-08,23.093080520629883
2012-11-09,23.109115600585938
2012-11-12,22.62015724182129
2012-11-13,21.892822265625
2012-11-14,21.690780639648438
2012-11-15,21.545318603515625
2012-11-16,21.43217658996582
2012-11-19,21.601892471313477
2012-11-20,21.585718154907227
2012-11-21,21.77968406677246
2012-11-23,22.385793685913086
2012-11-26,22.135271072387695
2012-11-27,21.884740829467773
2012-11-28,22.11103057861328
2012-11-29,21.77968406677246
2012-11-30,21.51299285888672
2012-12-03,21.35944366455078
2012-12-04,21.31096076965332
2012-12-05,21.553401947021484
2012-12-06,21.601892471313477
2012-12-07,21.383682250976562
2012-12-10,21.7716007232666
2012-12-11,22.078702926635742
2012-12-12,22.014047622680664
2012-12-13,21.90898895263672
2012-12-14,21.66653823852539
2012-12-17,21.900909423828125
2012-12-18,22.272655487060547
2012-12-19,22.070613861083984
2012-12-20,22.3696346282959
2012-12-21,22.183757781982422
2012-12-24,21.868572235107422
2012-12-26,21.706941604614258
2012-12-27,21.787761688232422
2012-12-28,21.456418991088867
2012-12-31,21.585718154907227
2013-01-02,22.321142196655273
2013-01-03,22.022123336791992
2013-01-04,21.60996437072754
2013-01-07,21.569562911987305
2013-01-08,21.456418991088867
2013-01-09,21.577646255493164
2013-01-10,21.383682250976562
2013-01-11,21.682708740234375
2013-01-14,21.731191635131836
2013-01-15,21.989795684814453
2013-01-16,21.852415084838867
2013-01-17,22.022123336791992
2013-01-18,22.022123336791992
2013-01-22,21.941308975219727
2013-01-23,22.313058853149414
2013-01-24,22.329219818115234
2013-01-25,22.53127098083496
2013-01-28,22.55550765991211
2013-01-29,22.636322021484375
2013-01-30,22.507020950317383
2013-01-31,22.183757781982422
2013-02-01,22.571678161621094
2013-02-04,22.175678253173828
2013-02-05,22.224164962768555
2013-02-06,22.094863891601562
2013-02-07,22.046369552612305
2013-02-08,22.26457405090332
2013-02-11,22.51509666442871
2013-02-12,22.53127098083496
2013-02-13,22.652488708496094
2013-02-14,22.660564422607422
2013-02-15,22.636322021484375
2013-02-19,22.856332778930664
2013-02-20,22.70966339111328
2013-02-21,22.400022506713867
2013-02-22,22.620027542114258
2013-02-25,22.302236557006836
2013-02-26,22.302236557006836
2013-02-27,22.660768508911133
2013-02-28,22.65262222290039
2013-03-01,22.774852752685547
2013-03-04,22.93781280517578
2013-03-05,23.100784301757812
2013-03-06,22.888919830322266
2013-03-07,22.929668426513672
2013-03-08,22.815589904785156
2013-03-11,22.70966339111328
2013-03-12,22.742250442504883
2013-03-13,22.75040054321289
2013-03-14,22.929668426513672
2013-03-15,22.848176956176758
2013-03-18,22.897075653076172
2013-03-19,22.96226692199707
2013-03-20,23.076335906982422
2013-03-21,22.905214309692383
2013-03-22,23.019306182861328
2013-03-25,22.94596290588379
2013-03-26,22.94596290588379
2013-03-27,23.117088317871094
2013-03-28,23.312641143798828
2013-04-01,23.312641143798828
2013-04-02,23.46746826171875
2013-04-03,23.271892547607422
2013-04-04,23.304494857788086
2013-04-05,23.385976791381836
2013-04-08,23.296350479125977
2013-04-09,24.127487182617188
2013-04-10,24.673429489135742
2013-04-11,23.581539154052734
2013-04-12,23.459321975708008
2013-04-15,23.377830505371094
2013-04-16,23.605981826782227
2013-04-17,23.491910934448242
2013-04-18,23.459321975708008
2013-04-19,24.257862091064453
2013-04-22,25.121593475341797
2013-04-23,24.934181213378906
2013-04-24,25.879398345947266
2013-04-25,26.026071548461914
2013-04-26,25.90384292602539
2013-04-29,26.57200813293457
2013-04-30,26.971284866333008
2013-05-01,26.661643981933594
2013-05-02,27.020179748535156
2013-05-03,27.28907585144043
2013-05-06,27.500926971435547
2013-05-07,27.142398834228516
2013-05-08,26.881656646728516
2013-05-09,26.612756729125977
2013-05-10,26.637197494506836
2013-05-13,26.914243698120117
2013-05-14,27.51325035095215
2013-05-15,27.775827407836914
2013-05-16,27.964553833007812
2013-05-17,28.612802505493164
2013-05-20,28.785120010375977
2013-05-21,28.596378326416016
2013-05-22,28.399450302124023
2013-05-23,28.022003173828125
2013-05-24,28.12047004699707
2013-05-28,28.735885620117188
2013-05-29,28.620996475219727
2013-05-30,28.74408531188965
2013-05-31,28.637422561645508
2013-06-03,29.2036075592041
2013-06-04,28.711257934570312
2013-06-05,28.5389461517334
2013-06-06,28.686655044555664
2013-06-07,29.269243240356445
2013-06-10,29.105138778686523
2013-06-11,28.588176727294922
2013-06-12,28.719463348388672
2013-06-13,28.489707946777344
2013-06-14,28.22713851928711
2013-06-17,28.719463348388672
2013-06-18,28.703065872192383
2013-06-19,28.38304328918457
2013-06-20,27.480430603027344
2013-06-21,27.299901962280273
2013-06-24,27.66915512084961
2013-06-25,27.628135681152344
2013-06-26,28.186105728149414
2013-06-27,28.407651901245117
2013-06-28,28.342002868652344
2013-07-01,28.194326400756836
2013-07-02,27.849685668945312
2013-07-03,27.907121658325195
2013-07-05,28.07122802734375
2013-07-08,28.169708251953125
2013-07-09,28.186105728149414
2013-07-10,28.473308563232422
2013-07-11,29.285642623901367
2013-07-12,29.269243240356445
2013-07-15,29.67951774597168
2013-07-16,29.761579513549805
2013-07-17,29.326688766479492
2013-07-18,29.08051872253418
2013-07-19,25.76546287536621
2013-07-22,26.2659969329834
2013-07-23,26.1101016998291
2013-07-24,26.224971771240234
2013-07-25,25.75725746154785
2013-07-26,25.945993423461914
2013-07-29,25.880348205566406
2013-07-30,26.13471794128418
2013-07-31,26.12651824951172
2013-08-01,25.987014770507812
2013-08-02,26.16754150390625
2013-08-05,26.01163673400879
2013-08-06,25.913166046142578
2013-08-07,26.30704116821289
2013-08-08,26.98809051513672
2013-08-09,26.832191467285156
2013-08-12,26.97169303894043
2013-08-13,26.632890701293945
2013-08-14,26.73204803466797
2013-08-15,26.269296646118164
2013-08-16,26.277565002441406
2013-08-19,25.938756942749023
2013-08-20,26.128822326660156
2013-08-21,26.12055206298828
2013-08-22,26.76509666442871
2013-08-23,28.715255737304688
2013-08-26,28.21946144104004
2013-08-27,27.48402214050293
2013-08-28,27.285694122314453
2013-08-29,27.723657608032227
2013-08-30,27.599699020385742
2013-09-03,26.343660354614258
2013-09-04,25.781757354736328
2013-09-05,25.80654525756836
2013-09-06,25.74044418334961
2013-09-09,26.16187286376953
2013-09-10,26.76509666442871
2013-09-11,27.054332733154297
2013-09-12,27.01300048828125
2013-09-13,27.293960571289062
2013-09-16,27.103900909423828
2013-09-17,27.211328506469727
2013-09-18,27.533594131469727
2013-09-19,27.79802131652832
2013-09-20,27.09564208984375
2013-09-23,27.054332733154297
2013-09-24,26.81467628479004
2013-09-25,26.8642635345459
2013-09-26,27.07910919189453
2013-09-27,27.492277145385742
2013-09-30,27.50054168701172
2013-10-01,27.748455047607422
2013-10-02,28.029394149780273
2013-10-03,27.97982406616211
2013-10-04,27.996349334716797
2013-10-07,27.517072677612305
2013-10-08,27.27743148803711
2013-10-09,27.327014923095703
2013-10-10,27.897180557250977
2013-10-11,28.20293426513672
2013-10-14,28.46735954284668
2013-10-15,28.500417709350586
2013-10-16,28.624357223510742
2013-10-17,28.85572624206543
2013-10-18,28.888797760009766
2013-10-21,28.913576126098633
2013-10-22,28.57478141784668
2013-10-23,27.897180557250977
2013-10-24,27.8641300201416
2013-10-25,29.525068283081055
2013-10-28,29.39286231994629
2013-10-29,29.351543426513672
2013-10-30,29.368064880371094
2013-10-31,29.260643005371094
2013-11-01,29.35979652404785
2013-11-04,29.6986026763916
2013-11-05,30.277040481567383
2013-11-06,31.549604415893555
2013-11-07,30.987695693969727
2013-11-08,31.219064712524414
2013-11-11,31.06205940246582
2013-11-12,30.871999740600586
2013-11-13,31.5330753326416
2013-11-14,31.417390823364258
2013-11-15,31.26862907409668
2013-11-18,30.739791870117188
2013-11-19,30.589923858642578
2013-11-20,30.87299919128418
2013-11-21,31.139434814453125
2013-11-22,31.28097915649414
2013-11-25,31.339269638061523
2013-11-26,31.097810745239258
2013-11-27,31.305946350097656
2013-11-29,31.74725341796875
2013-12-02,32.013668060302734
2013-12-03,31.897117614746094
2013-12-04,32.42164611816406
2013-12-05,31.638996124267578
2013-12-06,31.93875503540039
2013-12-09,32.23015594482422
2013-12-10,31.7305850982666
2013-12-11,31.31429100036621
2013-12-12,30.989572525024414
2013-12-13,30.548280715942383
2013-12-16,30.714813232421875
2013-12-17,30.406749725341797
2013-12-18,30.456707000732422
2013-12-19,30.181947708129883
2013-12-20,30.639875411987305
2013-12-23,30.490009307861328
2013-12-24,30.87299919128418
2013-12-26,31.1727352142334
2013-12-27,31.04784393310547
2013-12-30,31.04784393310547
2013-12-31,31.147762298583984
2014-01-02,30.939611434936523
2014-01-03,30.731464385986328
2014-01-06,30.082029342651367
2014-01-07,30.31515121459961
2014-01-08,29.773956298828125
2014-01-09,29.582460403442383
2014-01-10,30.007095336914062
2014-01-13,29.124542236328125
2014-01-14,29.79062271118164
2014-01-15,30.60658073425293
2014-01-16,30.714813232421875
2014-01-17,30.29018783569336
2014-01-21,30.115331649780273
2014-01-22,29.915504455566406
2014-01-23,30.02375030517578
2014-01-24,30.648204803466797
2014-01-27,29.998779296875
2014-01-28,30.198598861694336
2014-01-29,30.523313522338867
2014-01-30,30.6898250579834
2014-01-31,31.505769729614258
2014-02-03,30.373441696166992
2014-02-04,30.265199661254883
2014-02-05,29.823923110961914
2014-02-06,30.123668670654297
2014-02-07,30.440053939819336
2014-02-10,30.639875411987305
2014-02-11,30.94793701171875
2014-02-12,31.197711944580078
2014-02-13,31.31429100036621
2014-02-14,31.322607040405273
2014-02-18,31.38971519470215
2014-02-19,31.465219497680664
2014-02-20,31.666540145874023
2014-02-21,31.859485626220703
2014-02-24,31.616214752197266
2014-02-25,31.490373611450195
2014-02-26,31.431655883789062
2014-02-27,31.758811950683594
2014-02-28,32.136295318603516
2014-03-03,31.69171714782715
2014-03-04,32.22019958496094
2014-03-05,31.968517303466797
2014-03-06,32.002079010009766
2014-03-07,31.792383193969727
2014-03-10,31.725269317626953
2014-03-11,31.893024444580078
2014-03-12,32.10274124145508
2014-03-13,31.783979415893555
2014-03-14,31.624595642089844
2014-03-17,31.918201446533203
2014-03-18,33.17646026611328
2014-03-19,32.94158935546875
2014-03-20,33.830772399902344
2014-03-21,33.688167572021484
2014-03-24,33.97337341308594
2014-03-25,33.83915710449219
2014-03-26,33.37779998779297
2014-03-27,33.017093658447266
2014-03-28,33.80560302734375
2014-03-31,34.38440704345703
2014-04-01,34.745121002197266
2014-04-02,34.6864013671875
2014-04-03,34.40119552612305
2014-04-04,33.44490051269531
2014-04-07,33.38616943359375
2014-04-08,33.402950286865234
2014-04-09,33.94822311401367
2014-04-10,33.017093658447266
2014-04-11,32.89126205444336
2014-04-14,32.866092681884766
2014-04-15,33.344234466552734
2014-04-16,33.88950729370117
2014-04-17,33.56234359741211
2014-04-21,33.503623962402344
2014-04-22,33.54555130004883
2014-04-23,33.29389953613281
2014-04-24,33.4365234375
2014-04-25,33.478450775146484
2014-04-28,34.28373718261719
2014-04-29,33.98176193237305
2014-04-30,33.88950729370117
2014-05-01,33.5539436340332
2014-05-02,33.29389953613281
2014-05-05,33.07581329345703
2014-05-06,32.76543426513672
2014-05-07,33.067420959472656
2014-05-08,33.25196075439453
2014-05-09,33.16807556152344
2014-05-12,33.52879333496094
2014-05-13,34.14547348022461
2014-05-14,33.993408203125
2014-05-15,33.452762603759766
2014-05-16,33.64706802368164
2014-05-19,33.57946014404297
2014-05-20,33.520347595214844
2014-05-21,34.086341857910156
2014-05-22,33.87514114379883
2014-05-23,33.89204788208008
2014-05-27,33.9511604309082
2014-05-28,33.79911422729492
2014-05-29,34.0778923034668
2014-05-30,34.5847282409668
2014-06-02,34.458030700683594
2014-06-03,34.0356559753418
2014-06-04,34.06100082397461
2014-06-05,34.812835693359375
2014-06-06,35.04091262817383
2014-06-09,34.86351776123047
2014-06-10,34.72835922241211
2014-06-11,34.51715850830078
2014-06-12,34.28062438964844
2014-06-13,34.82973098754883
2014-06-16,35.05781173706055
2014-06-17,35.209869384765625
2014-06-18,35.18452835083008
2014-06-19,35.06625747680664
2014-06-20,35.209869384765625
2014-06-23,35.47175216674805
2014-06-24,35.26900100708008
2014-06-25,35.50554656982422
2014-06-26,35.243656158447266
2014-06-27,35.6913948059082
2014-06-30,35.226768493652344
2014-07-01,35.37038040161133
2014-07-02,35.395713806152344
2014-07-03,35.311248779296875
2014-07-07,35.47175216674805
2014-07-08,35.29435729980469
2014-07-09,35.20142364501953
2014-07-10,35.21833038330078
2014-07-11,35.55622482299805
2014-07-14,35.59847640991211
2014-07-15,35.8603401184082
2014-07-16,37.23731231689453
2014-07-17,37.61745071411133
2014-07-18,37.75261688232422
2014-07-21,37.87932205200195
2014-07-22,37.870887756347656
2014-07-23,37.9046745300293
2014-07-24,37.50763702392578
2014-07-25,37.59211349487305
2014-07-28,37.14439392089844
2014-07-29,37.076812744140625
2014-07-30,36.814910888671875
2014-07-31,36.46013641357422
2014-08-01,36.20669174194336
2014-08-04,36.63751983642578
2014-08-05,36.392547607421875
2014-08-06,36.10532760620117
2014-08-07,36.519256591796875
2014-08-08,36.49391174316406
2014-08-11,36.49391174316406
2014-08-12,36.764244079589844
2014-08-13,37.23731231689453
2014-08-14,37.39781951904297
2014-08-15,37.83710479736328
2014-08-18,38.10742950439453
2014-08-19,38.53244400024414
2014-08-20,38.20942687988281
2014-08-21,38.43893051147461
2014-08-22,38.37943649291992
2014-08-25,38.39643096923828
2014-08-26,38.26042556762695
2014-08-27,38.14141845703125
2014-08-28,38.1499137878418
2014-08-29,38.61745071411133
2014-09-02,38.32843780517578
2014-09-03,38.21792984008789
2014-09-04,38.47293472290039
2014-09-05,39.02546310424805
2014-09-08,39.501487731933594
2014-09-09,39.74800491333008
2014-09-10,39.81599807739258
2014-09-11,39.95200729370117
2014-09-12,39.696998596191406
2014-09-15,39.30598068237305
2014-09-16,39.74800491333008
2014-09-17,39.54399490356445
2014-09-18,39.68000030517578
2014-09-19,40.39403533935547
2014-09-22,40.00301742553711
2014-09-23,39.57801055908203
2014-09-24,40.02001190185547
2014-09-25,39.1359748840332
2014-09-26,39.45049285888672
2014-09-29,39.475982666015625
2014-09-30,39.40799331665039
2014-10-01,39.01696014404297
2014-10-02,38.89795684814453
2014-10-03,39.178470611572266
2014-10-06,39.178470611572266
2014-10-07,38.702449798583984
2014-10-08,39.76499938964844
2014-10-09,38.9744758605957
2014-10-10,37.42738342285156
2014-10-13,37.104366302490234
2014-10-14,37.17238235473633
2014-10-15,36.738861083984375
2014-10-16,36.330814361572266
2014-10-17,37.08737564086914
2014-10-20,37.46990966796875
2014-10-21,38.1499137878418
2014-10-22,37.72489547729492
2014-10-23,38.2689208984375
2014-10-24,39.21248245239258
2014-10-27,39.02546310424805
2014-10-28,39.51848602294922
2014-10-29,39.629005432128906
2014-10-30,39.144466400146484
2014-10-31,39.90952682495117
2014-11-03,40.326026916503906
2014-11-04,40.43653869628906
2014-11-05,40.68306350708008
2014-11-06,41.39707946777344
2014-11-07,41.38008499145508
2014-11-10,41.558597564697266
2014-11-11,41.541595458984375
2014-11-12,41.465091705322266
2014-11-13,42.17061996459961
2014-11-14,42.14512252807617
2014-11-17,42.04313278198242
2014-11-18,41.692405700683594
2014-11-19,41.24760437011719
2014-11-20,41.65818405151367
2014-11-21,41.04229736328125
2014-11-24,40.70869064331055
2014-11-25,40.60603332519531
2014-11-26,40.84556198120117
2014-11-28,40.896881103515625
2014-12-01,41.589752197265625
2014-12-02,41.45289611816406
2014-12-03,41.127838134765625
2014-12-04,41.7779426574707
2014-12-05,41.41866683959961
2014-12-08,40.80278015136719
2014-12-09,40.70869064331055
2014-12-10,40.11845016479492
2014-12-11,40.34941864013672
2014-12-12,40.161231994628906
2014-12-15,39.92169952392578
2014-12-16,38.63005447387695
2014-12-17,39.12619400024414
2014-12-18,40.64881134033203
2014-12-19,40.768558502197266
2014-12-22,41.04229736328125
2014-12-23,41.444339752197266
2014-12-24,41.17915725708008
2014-12-26,40.95676040649414
2014-12-29,40.588932037353516
2014-12-30,40.22111511230469
2014-12-31,39.733524322509766
2015-01-02,39.99870300292969
2015-01-05,39.63087844848633
2015-01-06,39.04920959472656
2015-01-07,39.54533004760742
2015-01-08,40.70869064331055
2015-01-09,40.366519927978516
2015-01-12,39.86183166503906
2015-01-13,39.65654373168945
2015-01-14,39.31439208984375
2015-01-15,38.903785705566406
2015-01-16,39.55390167236328
2015-01-20,39.68220520019531
2015-01-21,39.2801628112793
2015-01-22,40.31521224975586
2015-01-23,40.357975006103516
2015-01-26,40.21254348754883
2015-01-27,36.491546630859375
2015-01-28,35.23410415649414
2015-01-29,35.93552780151367
2015-01-30,34.55833053588867
2015-02-02,35.31108093261719
2015-02-03,35.584815979003906
2015-02-04,35.79011535644531
2015-02-05,36.311912536621094
2015-02-06,36.27768325805664
2015-02-09,36.23492431640625
2015-02-10,36.440223693847656
2015-02-11,36.25203323364258
2015-02-12,36.85936737060547
2015-02-13,37.52657699584961
2015-02-17,37.54380798339844
2015-02-18,37.500736236572266
2015-02-19,37.474884033203125
2015-02-20,37.785030364990234
2015-02-23,38.03485107421875
2015-02-24,37.98317337036133
2015-02-25,37.89702224731445
2015-02-26,37.957332611083984
2015-02-27,37.77641296386719
2015-03-02,37.80226135253906
2015-03-03,37.28534698486328
2015-03-04,37.09584426879883
2015-03-05,37.138919830322266
2015-03-06,36.49279022216797
2015-03-09,36.914913177490234
2015-03-10,36.208499908447266
2015-03-11,36.16542434692383
2015-03-12,35.3383903503418
2015-03-13,35.648529052734375
2015-03-16,35.803592681884766
2015-03-17,35.92420196533203
2015-03-18,36.613399505615234
2015-03-19,36.432491302490234
2015-03-20,36.940773010253906
2015-03-23,36.92354965209961
2015-03-24,36.9580078125
2015-03-25,35.71744918823242
2015-03-26,35.502071380615234
2015-03-27,35.295310974121094
2015-03-30,35.28669738769531
2015-03-31,35.02825927734375
2015-04-01,35.0799446105957
2015-04-02,34.709495544433594
2015-04-06,35.79499435424805
2015-04-07,35.77775192260742
2015-04-08,35.68299865722656
2015-04-09,35.73468017578125
2015-04-10,35.94143295288086
2015-04-13,35.97589874267578
2015-04-14,35.88113021850586
2015-04-15,36.40663528442383
2015-04-16,36.32050323486328
2015-04-17,35.85529327392578
2015-04-20,36.966609954833984
2015-04-21,36.73401641845703
2015-04-22,37.03553009033203
2015-04-23,37.33704376220703
2015-04-24,41.2396240234375
2015-04-27,41.37744903564453
2015-04-28,42.35094451904297
2015-04-29,42.26477813720703
2015-04-30,41.90296173095703
2015-05-01,41.92018508911133
2015-05-04,41.55835723876953
2015-05-05,41.006996154785156
2015-05-06,39.869834899902344
2015-05-07,40.231666564941406
2015-05-08,41.1362419128418
2015-05-11,40.808860778808594
2015-05-12,40.791629791259766
2015-05-13,41.03285598754883
2015-05-14,41.97188949584961
2015-05-15,41.61006164550781
2015-05-18,41.360225677490234
2015-05-19,41.25617599487305
2015-05-20,41.25617599487305
2015-05-21,41.117431640625
2015-05-22,40.666542053222656
2015-05-26,40.39775466918945
2015-05-27,41.28218078613281
2015-05-28,41.1434440612793
2015-05-29,40.63185501098633
2015-06-01,40.95269012451172
2015-06-02,40.68389129638672
2015-06-03,40.62318801879883
2015-06-04,40.198326110839844
2015-06-05,40.00755310058594
2015-06-08,39.652042388916016
2015-06-09,39.58269119262695
2015-06-10,40.41508865356445
2015-06-11,40.26768112182617
2015-06-12,39.86016082763672
2015-06-15,39.43527603149414
2015-06-16,39.73876190185547
2015-06-17,39.86016082763672
2015-06-18,40.510475158691406
2015-06-19,39.97287368774414
2015-06-22,40.08560562133789
2015-06-23,39.808128356933594
2015-06-24,39.57401657104492
2015-06-25,39.58269119262695
2015-06-26,39.24451446533203
2015-06-29,38.47281265258789
2015-06-30,38.28204345703125
2015-07-01,38.54217529296875
2015-07-02,38.49881362915039
2015-07-06,38.490150451660156
2015-07-07,38.412109375
2015-07-08,38.360084533691406
2015-07-09,38.60287094116211
2015-07-10,38.68091583251953
2015-07-13,39.4873046875
2015-07-14,39.55666732788086
2015-07-15,39.678062438964844
2015-07-16,40.45844268798828
2015-07-17,40.42375564575195
2015-07-20,40.68389129638672
2015-07-21,40.99604797363281
2015-07-22,39.4873046875
2015-07-23,39.98154830932617
2015-07-24,39.83414077758789
2015-07-27,39.32255172729492
2015-07-28,39.31388854980469
2015-07-29,40.13761520385742
2015-07-30,40.649208068847656
2015-07-31,40.493133544921875
2015-08-03,40.58851623535156
2015-08-04,41.22148895263672
2015-08-05,41.25617599487305
2015-08-06,40.42375564575195
2015-08-07,40.52782440185547
2015-08-10,41.039405822753906
2015-08-11,40.24167251586914
2015-08-12,40.52782440185547
2015-08-13,40.519134521484375
2015-08-14,40.75325393676758
2015-08-17,41.03073501586914
2015-08-18,41.25766372680664
2015-08-19,40.681610107421875
2015-08-20,39.85245132446289
2015-08-21,37.591861724853516
2015-08-24,36.37865447998047
2015-08-25,35.32256317138672
2015-08-26,37.277652740478516
2015-08-27,38.31629943847656
2015-08-28,38.34247589111328
2015-08-31,37.9846305847168
2015-09-01,36.50084686279297
2015-09-02,37.84497833251953
2015-09-03,37.967159271240234
2015-09-04,37.19036865234375
2015-09-08,38.30756378173828
2015-09-09,37.591861724853516
2015-09-10,37.78387451171875
2015-09-11,37.9497184753418
2015-09-14,37.565677642822266
2015-09-15,38.38610076904297
2015-09-16,38.665409088134766
2015-09-17,38.62175750732422
2015-09-18,37.9497184753418
2015-09-21,38.49958419799805
2015-09-22,38.31629943847656
2015-09-23,38.29011535644531
2015-09-24,38.32501983642578
2015-09-25,38.351192474365234
2015-09-28,37.78387451171875
2015-09-29,37.91480255126953
2015-09-30,38.630496978759766
2015-10-01,38.93599319458008
2015-10-02,39.77387237548828
2015-10-05,40.69905471801758
2015-10-06,40.80378723144531
2015-10-07,40.847434997558594
2015-10-08,41.414764404296875
2015-10-09,41.118011474609375
2015-10-12,41.02199935913086
2015-10-13,40.92599105834961
2015-10-14,40.74269485473633
2015-10-15,41.03071975708008
2015-10-16,41.467124938964844
2015-10-19,41.56314468383789
2015-10-20,41.694053649902344
2015-10-21,41.19656753540039
2015-10-22,41.92099380493164
2015-10-23,46.145389556884766
2015-10-26,47.34986114501953
2015-10-27,46.861080169677734
2015-10-28,47.11419677734375
2015-10-29,46.57307052612305
2015-10-30,45.94464111328125
2015-11-02,46.468326568603516
2015-11-03,47.2625732421875
2015-11-04,47.48078536987305
2015-11-05,47.46333312988281
2015-11-06,47.93464660644531
2015-11-09,47.27130126953125
2015-11-10,46.703975677490234
2015-11-11,46.826168060302734
2015-11-12,46.53815460205078
2015-11-13,46.11919403076172
2015-11-16,46.930904388427734
2015-11-17,46.54429626464844
2015-11-18,47.317535400390625
2015-11-19,47.3966178894043
2015-11-20,47.61629104614258
2015-11-23,47.61629104614258
2015-11-24,47.669010162353516
2015-11-25,47.176944732666016
2015-11-27,47.38783645629883
2015-11-30,47.756893157958984
2015-12-01,48.52133560180664
2015-12-02,48.5125617980957
2015-12-03,47.625083923339844
2015-12-04,49.12764358520508
2015-12-07,49.03977584838867
2015-12-08,49.02219772338867
2015-12-09,48.31045913696289
2015-12-10,48.565277099609375
2015-12-11,47.5020637512207
2015-12-14,48.4510498046875
2015-12-15,48.503761291503906
2015-12-16,49.32094192504883
2015-12-17,48.94312286376953
2015-12-18,47.563575744628906
2015-12-21,48.178653717041016
2015-12-22,48.63557434082031
2015-12-23,49.04856491088867
2015-12-24,48.91675567626953
2015-12-28,49.16278839111328
2015-12-29,49.69000244140625
2015-12-30,49.47911071777344
2015-12-31,48.74980545043945
2016-01-04,48.15229797363281
2016-01-05,48.37196731567383
2016-01-06,47.4932861328125
2016-01-07,45.84134292602539
2016-01-08,45.98192596435547
2016-01-11,45.955562591552734
2016-01-12,46.37733459472656
2016-01-13,45.37563705444336
2016-01-14,46.66730880737305
2016-01-15,44.804473876953125
2016-01-19,44.42664337158203
2016-01-20,44.62873840332031
2016-01-21,44.356346130371094
2016-01-22,45.94678497314453
2016-01-25,45.5074348449707
2016-01-26,45.84134292602539
2016-01-27,45.006595611572266
2016-01-28,45.74468994140625
2016-01-29,48.4071044921875
2016-02-01,48.07320785522461
2016-02-02,46.57065200805664
2016-02-03,45.83256149291992
2016-02-04,45.69196701049805
2016-02-05,44.0751838684082
2016-02-08,43.41614532470703
2016-02-09,43.30191421508789
2016-02-10,43.679744720458984
2016-02-11,43.66218566894531
2016-02-12,44.37392807006836
2016-02-16,45.21467971801758
2016-02-17,46.3917236328125
2016-02-18,46.188175201416016
2016-02-19,45.860713958740234
2016-02-22,46.595272064208984
2016-02-23,45.294315338134766
2016-02-24,45.45361328125
2016-02-25,46.1085205078125
2016-02-26,45.4005241394043
2016-02-29,45.02882766723633
2016-03-01,46.5333137512207
2016-03-02,46.860782623291016
2016-03-03,46.329769134521484
2016-03-04,46.04656982421875
2016-03-07,45.16157531738281
2016-03-08,45.71025848388672
2016-03-09,46.7634162902832
2016-03-10,46.06427001953125
2016-03-11,46.96697235107422
2016-03-14,47.05546951293945
2016-03-15,47.42716979980469
2016-03-16,48.09977340698242
2016-03-17,48.37411880493164
2016-03-18,47.33867263793945
2016-03-21,47.66613006591797
2016-03-22,47.85196304321289
2016-03-23,47.763465881347656
2016-03-24,47.97587966918945
2016-03-28,47.38291931152344
2016-03-29,48.41837692260742
2016-03-30,48.71927261352539
2016-03-31,48.878570556640625
2016-04-01,49.17947769165039
2016-04-04,49.055572509765625
2016-04-05,48.285621643066406
2016-04-06,48.78121566772461
2016-04-07,48.19712829589844
2016-04-08,48.161712646484375
2016-04-11,48.06437301635742
2016-04-12,48.365264892578125
2016-04-13,48.984771728515625
2016-04-14,48.99363327026367
2016-04-15,49.25027084350586
2016-04-18,49.96712875366211
2016-04-19,49.90518569946289
2016-04-20,49.19717025756836
2016-04-21,49.36532211303711
2016-04-22,45.8253059387207
2016-04-25,46.11738586425781
2016-04-26,45.5244140625
2016-04-27,45.08192443847656
2016-04-28,44.16152572631836
2016-04-29,44.13496017456055
2016-05-02,44.78987503051758
2016-05-03,44.05531692504883
2016-05-04,44.13496017456055
2016-05-05,44.19691848754883
2016-05-06,44.59517288208008
2016-05-09,44.31196594238281
2016-05-10,45.152713775634766
2016-05-11,45.17927932739258
2016-05-12,45.58637237548828
2016-05-13,45.205814361572266
2016-05-16,45.86956787109375
2016-05-17,45.01402282714844
2016-05-18,45.28139114379883
2016-05-19,44.844703674316406
2016-05-20,45.11207580566406
2016-05-23,44.58625030517578
2016-05-24,45.976524353027344
2016-05-25,46.44884490966797
2016-05-26,46.243865966796875
2016-05-27,46.627079010009766
2016-05-31,47.23310852050781
2016-06-01,47.09941482543945
2016-06-02,46.7696647644043
2016-06-03,46.15475845336914
2016-06-06,46.457763671875
2016-06-07,46.43101501464844
2016-06-08,46.37754821777344
2016-06-09,46.00325393676758
2016-06-10,45.878475189208984
2016-06-13,44.684288024902344
2016-06-14,44.40803146362305
2016-06-15,44.28324890136719
2016-06-16,44.90708541870117
2016-06-17,44.67537307739258
2016-06-20,44.62189865112305
2016-06-21,45.62003707885742
2016-06-22,45.44180679321289
2016-06-23,46.261695861816406
2016-06-24,44.40803146362305
2016-06-27,43.16034698486328
2016-06-28,44.06045150756836
2016-06-29,45.040775299072266
2016-06-30,45.60220718383789
2016-07-01,45.59330749511719
2016-07-05,45.60220718383789
2016-07-06,45.789363861083984
2016-07-07,45.789363861083984
2016-07-08,46.609256744384766
2016-07-11,46.867706298828125
2016-07-12,47.42023849487305
2016-07-13,47.68759536743164
2016-07-14,47.892578125
2016-07-15,47.85693359375
2016-07-18,48.08864212036133
2016-07-19,47.31330490112305
2016-07-20,49.82646560668945
2016-07-21,49.72842788696289
2016-07-22,50.414634704589844
2016-07-25,50.557228088378906
2016-07-26,50.58396911621094
2016-07-27,50.07600021362305
2016-07-28,50.09381866455078
2016-07-29,50.51267623901367
2016-08-01,50.423561096191406
2016-08-02,50.423561096191406
2016-08-03,50.7711181640625
2016-08-04,51.145416259765625
2016-08-05,51.65339660644531
2016-08-08,51.74252700805664
2016-08-09,51.86729049682617
2016-08-10,51.706878662109375
2016-08-11,51.95640563964844
2016-08-12,51.635562896728516
2016-08-15,51.79599380493164
2016-08-16,51.50902557373047
2016-08-17,51.616641998291016
2016-08-18,51.65251159667969
2016-08-19,51.67043685913086
2016-08-22,51.71527099609375
2016-08-23,51.91256332397461
2016-08-24,51.96636962890625
2016-08-25,52.16365051269531
2016-08-26,52.0380973815918
2016-08-29,52.10087585449219
2016-08-30,51.91256332397461
2016-08-31,51.52696990966797
2016-09-01,51.64354705810547
2016-09-02,51.71527099609375
2016-09-06,51.66147232055664
2016-09-07,51.7063102722168
2016-09-08,51.50006866455078
2016-09-09,50.40603256225586
2016-09-12,51.1592903137207
2016-09-13,50.692996978759766
2016-09-14,50.45086669921875
2016-09-15,51.28485107421875
2016-09-16,51.338645935058594
2016-09-19,51.05168533325195
2016-09-20,50.9440803527832
2016-09-21,51.795997619628906
2016-09-22,51.84978485107422
2016-09-23,51.50006866455078
2016-09-26,51.02478790283203
2016-09-27,51.96636962890625
2016-09-28,52.0380973815918
2016-09-29,51.473148345947266
2016-09-30,51.65251159667969
2016-10-03,51.4911003112793
2016-10-04,51.32968521118164
2016-10-05,51.68838119506836
2016-10-06,51.77805709838867
2016-10-07,51.83185958862305
2016-10-10,52.04707336425781
2016-10-11,51.28485107421875
2016-10-12,51.21310806274414
2016-10-13,51.04271697998047
2016-10-14,51.4911003112793
2016-10-17,51.311737060546875
2016-10-18,51.7063102722168
2016-10-19,51.58973693847656
2016-10-20,51.338645935058594
2016-10-21,53.49980926513672
2016-10-24,54.701454162597656
2016-10-25,54.69247055053711
2016-10-26,54.369651794433594
2016-10-27,53.89436721801758
2016-10-28,53.688114166259766
2016-10-31,53.73295974731445
2016-11-01,53.62533950805664
2016-11-02,53.29354476928711
2016-11-03,53.09627151489258
2016-11-04,52.64789581298828
2016-11-07,54.18133544921875
2016-11-08,54.226165771484375
2016-11-09,53.9571418762207
2016-11-10,52.63893127441406
2016-11-11,52.925872802734375
2016-11-14,52.118812561035156
2016-11-15,53.14800262451172
2016-11-16,53.85220718383789
2016-11-17,54.74596405029297
2016-11-18,54.48415756225586
2016-11-21,54.94458770751953
2016-11-22,55.17931365966797
2016-11-23,54.529296875
2016-11-25,54.646663665771484
2016-11-28,54.7188835144043
2016-11-29,55.15222930908203
2016-11-30,54.40290451049805
2016-12-01,53.4459342956543
2016-12-02,53.49107360839844
2016-12-05,54.36679458618164
2016-12-06,54.123046875
2016-12-07,55.4050178527832
2016-12-08,55.08000183105469
2016-12-09,55.946693420410156
2016-12-12,56.127262115478516
2016-12-13,56.858516693115234
2016-12-14,56.58769607543945
2016-12-15,56.497406005859375
2016-12-16,56.24462127685547
2016-12-19,57.436317443847656
2016-12-20,57.36408996582031
2016-12-21,57.36408996582031
2016-12-22,57.373130798339844
2016-12-23,57.09326171875
2016-12-27,57.129364013671875
2016-12-28,56.86756896972656
2016-12-29,56.78631591796875
2016-12-30,56.10017395019531
2017-01-03,56.497406005859375
2017-01-04,56.24462127685547
2017-01-05,56.24462127685547
2017-01-06,56.73213195800781
2017-01-09,56.55158233642578
2017-01-10,56.53351593017578
2017-01-11,57.04812240600586
2017-01-12,56.52449417114258
2017-01-13,56.605751037597656
2017-01-17,56.452274322509766
2017-01-18,56.42518997192383
2017-01-19,56.24462127685547
2017-01-20,56.64186096191406
2017-01-23,56.84047317504883
2017-01-24,57.346038818359375
2017-01-25,57.49048614501953
2017-01-26,58.023155212402344
2017-01-27,59.38637924194336
2017-01-30,58.79956817626953
2017-01-31,58.3662109375
2017-02-01,57.40022659301758
2017-02-02,57.03006362915039
2017-02-03,57.49048614501953
2017-02-06,57.45438003540039
2017-02-07,57.26478958129883
2017-02-08,57.18353271484375
2017-02-09,57.83355712890625
2017-02-10,57.779388427734375
2017-02-13,58.429405212402344
2017-02-14,58.64738845825195
2017-02-15,58.61105728149414
2017-02-16,58.60197067260742
2017-02-17,58.69279479980469
2017-02-21,58.574729919433594
2017-02-22,58.45664978027344
2017-02-23,58.69279479980469
2017-02-24,58.69279479980469
2017-02-27,58.33858108520508
2017-02-28,58.11150360107422
2017-03-01,58.98345947265625
2017-03-02,58.13876724243164
2017-03-03,58.356746673583984
2017-03-06,58.374908447265625
2017-03-07,58.49298858642578
2017-03-08,59.02886962890625
2017-03-09,58.792720794677734
2017-03-10,58.97438049316406
2017-03-13,58.7745475769043
2017-03-14,58.5020751953125
2017-03-15,58.81089401245117
2017-03-16,58.71097946166992
2017-03-17,58.91987991333008
2017-03-20,58.97438049316406
2017-03-21,58.320411682128906
2017-03-22,59.065216064453125
2017-03-23,58.91987991333008
2017-03-24,59.01979064941406
2017-03-27,59.1287727355957
2017-03-28,59.30135726928711
2017-03-29,59.4648551940918
2017-03-30,59.68284225463867
2017-03-31,59.819061279296875
2017-04-03,59.537506103515625
2017-04-04,59.70100021362305
2017-04-05,59.54658889770508
2017-04-06,59.70100021362305
2017-04-07,59.65559005737305
2017-04-10,59.51933670043945
2017-04-11,59.47393035888672
2017-04-12,59.24686813354492
2017-04-13,58.99254608154297
2017-04-17,59.47393035888672
2017-04-18,59.39219665527344
2017-04-19,59.07429122924805
2017-04-20,59.492088317871094
2017-04-21,60.309539794921875
2017-04-24,61.335906982421875
2017-04-25,61.69011306762695
2017-04-26,61.60837173461914
2017-04-27,62.00801467895508
2017-04-28,62.180599212646484
2017-05-01,63.04345703125
2017-05-02,62.94353485107422
2017-05-03,62.74373245239258
2017-05-04,62.49848556518555
2017-05-05,62.671058654785156
2017-05-08,62.616546630859375
2017-05-09,62.7073860168457
2017-05-10,62.952613830566406
2017-05-11,62.180599212646484
2017-05-12,62.1079216003418
2017-05-15,62.153343200683594
2017-05-16,63.40481185913086
2017-05-17,61.641780853271484
2017-05-18,61.851898193359375
2017-05-19,61.833614349365234
2017-05-22,62.5278434753418
2017-05-23,62.73798751831055
2017-05-24,62.820186614990234
2017-05-25,63.596656799316406
2017-05-26,63.90724182128906
2017-05-30,64.31828308105469
2017-05-31,63.7976188659668
2017-06-01,64.03511810302734
2017-06-02,65.5514907836914
2017-06-05,66.0265121459961
2017-06-06,66.24574279785156
2017-06-07,66.12699890136719
2017-06-08,65.72506713867188
2017-06-09,64.23606872558594
2017-06-12,63.742820739746094
2017-06-13,64.53752899169922
2017-06-14,64.19039916992188
2017-06-15,63.85243606567383
2017-06-16,63.94376754760742
2017-06-19,64.7385025024414
2017-06-20,63.861549377441406
2017-06-21,64.19039916992188
2017-06-22,64.18126678466797
2017-06-23,65.049072265625
2017-06-26,64.42793273925781
2017-06-27,63.222103118896484
2017-06-28,63.761077880859375
2017-06-29,62.56439971923828
2017-06-30,62.966339111328125
2017-07-03,62.27210235595703
2017-07-05,63.103363037109375
2017-07-06,62.637489318847656
2017-07-07,63.45048522949219
2017-07-10,63.92548370361328
2017-07-11,63.93463897705078
2017-07-12,64.99425506591797
2017-07-13,65.56062316894531
2017-07-14,66.48324584960938
2017-07-17,67.0039291381836
2017-07-18,66.95824432373047
2017-07-19,67.46981811523438
2017-07-20,67.79866027832031
2017-07-21,67.40586853027344
2017-07-24,67.23228454589844
2017-07-25,67.7712631225586
2017-07-26,67.64337921142578
2017-07-27,66.83037567138672
2017-07-28,66.72074127197266
2017-07-31,66.4101791381836
2017-08-01,66.3005599975586
2017-08-02,66.00823974609375
2017-08-03,65.90776062011719
2017-08-04,66.39190673828125
2017-08-07,66.13615417480469
2017-08-08,66.49237060546875
2017-08-09,66.20008087158203
2017-08-10,65.2317886352539
2017-08-11,66.22747802734375
2017-08-14,67.22315216064453
2017-08-15,67.24152374267578
2017-08-16,67.63644409179688
2017-08-17,66.48851013183594
2017-08-18,66.5711441040039
2017-08-21,66.25890350341797
2017-08-22,67.1864242553711
2017-08-23,66.7823486328125
2017-08-24,66.75480651855469
2017-08-25,66.87418365478516
2017-08-28,66.88335418701172
2017-08-29,67.0854263305664
2017-08-30,67.96702575683594
2017-08-31,68.66497039794922
2017-09-01,67.90275573730469
2017-09-05,67.59968566894531
2017-09-06,67.4068374633789
2017-09-07,68.27006530761719
2017-09-08,67.9394760131836
2017-09-11,68.65579223632812
2017-09-12,68.58231353759766
2017-09-13,69.06904602050781
2017-09-14,68.66497039794922
2017-09-15,69.16088104248047
2017-09-18,69.02310943603516
2017-09-19,69.2802734375
2017-09-20,68.82110595703125
2017-09-21,68.15069580078125
2017-09-22,68.33435821533203
2017-09-25,67.27826690673828
2017-09-26,67.27826690673828
2017-09-27,67.82009887695312
2017-09-28,67.8384780883789
2017-09-29,68.40785217285156
2017-10-02,68.51802825927734
2017-10-03,68.19662475585938
2017-10-04,68.59149932861328
2017-10-05,69.76697540283203
2017-10-06,69.7945327758789
2017-10-09,70.06085968017578
2017-10-10,70.06085968017578
2017-10-11,70.18025207519531
2017-10-12,70.82311248779297
2017-10-13,71.16288757324219
2017-10-16,71.30982971191406
2017-10-17,71.25470733642578
2017-10-18,71.2730712890625
2017-10-19,71.54859924316406
2017-10-20,72.37511444091797
2017-10-23,72.39347076416016
2017-10-24,72.42102813720703
2017-10-25,72.20980834960938
2017-10-26,72.3292007446289
2017-10-27,76.96687316894531
2017-10-30,77.04032135009766
2017-10-31,76.38829040527344
2017-11-01,76.38829040527344
2017-11-02,77.18726348876953
2017-11-03,77.2698974609375
2017-11-06,77.57298278808594
2017-11-07,77.38929748535156
2017-11-08,77.65562438964844
2017-11-09,77.2239761352539
2017-11-10,77.02198028564453
2017-11-13,77.0770492553711
2017-11-14,77.18726348876953
2017-11-15,76.58733367919922
2017-11-16,76.79037475585938
2017-11-17,76.05200958251953
2017-11-20,76.1719970703125
2017-11-21,77.27032470703125
2017-11-22,76.70732879638672
2017-11-24,76.84577941894531
2017-11-27,77.4087905883789
2017-11-28,78.34095001220703
2017-11-29,76.91960906982422
2017-11-30,77.68565368652344
2017-12-01,77.76873016357422
2017-12-04,74.83370971679688
2017-12-05,75.30441284179688
2017-12-06,76.40272521972656
2017-12-07,76.13508605957031
2017-12-08,77.67645263671875
2017-12-11,78.66400909423828
2017-12-12,78.98703002929688
2017-12-13,78.77473449707031
2017-12-14,78.16560363769531
2017-12-15,80.15921020507812
2017-12-18,79.72538757324219
2017-12-19,79.2177734375
2017-12-20,78.9316635131836
2017-12-21,78.91319274902344
2017-12-22,78.92243194580078
2017-12-26,78.82089233398438
2017-12-27,79.1070327758789
2017-12-28,79.11624908447266
2017-12-29,78.95011138916016
2018-01-02,79.32852935791016
2018-01-03,79.69770050048828
2018-01-04,80.39916229248047
2018-01-05,81.39596557617188
2018-01-08,81.47901916503906
2018-01-09,81.42362976074219
2018-01-10,81.05448150634766
2018-01-11,81.29444885253906
2018-01-12,82.69735717773438
2018-01-16,81.54362487792969
2018-01-17,83.19573211669922
2018-01-18,83.15880584716797
2018-01-19,83.0665054321289
2018-01-22,84.55248260498047
2018-01-23,84.82015228271484
2018-01-24,84.7463150024414
2018-01-25,85.21701049804688
2018-01-26,86.81373596191406
2018-01-29,86.68452453613281
2018-01-30,85.59542083740234
2018-01-31,87.69055938720703
2018-02-01,86.99832916259766
2018-02-02,84.70939636230469
2018-02-05,81.2206039428711
2018-02-06,84.29405212402344
2018-02-07,82.7065658569336
2018-02-08,78.46095275878906
2018-02-09,81.3867416381836
2018-02-12,82.26355743408203
2018-02-13,82.90962219238281
2018-02-14,84.20783233642578
2018-02-15,85.92333984375
2018-02-16,85.31130981445312
2018-02-20,85.97895812988281
2018-02-21,84.83838653564453
2018-02-22,85.06096649169922
2018-02-23,87.22154998779297
2018-02-26,88.482666015625
2018-02-27,87.35136413574219
2018-02-28,86.95262145996094
2018-03-01,86.0995101928711
2018-03-02,86.28498840332031
2018-03-05,86.83207702636719
2018-03-06,86.53536224365234
2018-03-07,87.03607940673828
2018-03-08,87.56464385986328
2018-03-09,89.521240234375
2018-03-12,89.7345199584961
2018-03-13,87.54609680175781
2018-03-14,87.02680969238281
2018-03-15,87.33280944824219
2018-03-16,87.7222900390625
2018-03-19,86.13660430908203
2018-03-20,86.35914611816406
2018-03-21,85.75642395019531
2018-03-22,83.26197814941406
2018-03-23,80.84174346923828
2018-03-26,86.9619140625
2018-03-27,82.96525573730469
2018-03-28,82.89107513427734
2018-03-29,84.63439178466797
2018-04-02,82.08429718017578
2018-04-03,83.18780517578125
2018-04-04,85.61732482910156
2018-04-05,85.6636962890625
2018-04-06,83.67000579833984
2018-04-09,84.17076873779297
2018-04-10,86.1273422241211
2018-04-11,85.18148803710938
2018-04-12,86.77645874023438
2018-04-13,86.31280517578125
2018-04-16,87.32355499267578
2018-04-17,89.08541107177734
2018-04-18,89.42852020263672
2018-04-19,89.12250518798828
2018-04-20,88.09320068359375
2018-04-23,88.41777038574219
2018-04-24,86.34990692138672
2018-04-25,85.59877014160156
2018-04-26,87.4070053100586
2018-04-27,88.85359191894531
2018-04-30,86.7208251953125
2018-05-01,88.09320068359375
2018-05-02,86.71153259277344
2018-05-03,87.23081970214844
2018-05-04,88.2415771484375
2018-05-07,89.22452545166016
2018-05-08,88.84430694580078
2018-05-09,89.89216613769531
2018-05-10,90.7916488647461
2018-05-11,90.59691619873047
2018-05-14,90.90291595458984
2018-05-15,90.2445297241211
2018-05-16,90.47735595703125
2018-05-17,89.57398986816406
2018-05-18,89.74161529541016
2018-05-21,90.89644622802734
2018-05-22,90.8033447265625
2018-05-23,91.8836441040039
2018-05-24,91.55770111083984
2018-05-25,91.6042709350586
2018-05-29,91.27828216552734
2018-05-30,92.15374755859375
2018-05-31,92.05130004882812
2018-06-01,93.86737060546875
2018-06-04,94.68692016601562
2018-06-05,95.17121887207031
2018-06-06,95.4505844116211
2018-06-07,93.95117950439453
2018-06-08,94.649658203125
2018-06-11,94.10950469970703
2018-06-12,94.35163116455078
2018-06-13,93.92323303222656
2018-06-14,94.45408630371094
2018-06-15,93.252685546875
2018-06-18,93.93252563476562
2018-06-19,93.93252563476562
2018-06-20,94.87318420410156
2018-06-21,94.19332885742188
2018-06-22,93.51344299316406
2018-06-25,91.63220977783203
2018-06-26,92.27481842041016
2018-06-27,90.84060668945312
2018-06-28,91.85570526123047
2018-06-29,91.83708190917969
2018-07-02,93.14092254638672
2018-07-03,92.24685668945312
2018-07-05,92.90809631347656
2018-07-06,94.21192932128906
2018-07-09,94.85454559326172
2018-07-10,95.10601043701172
2018-07-11,94.97562408447266
2018-07-12,97.03384399414062
2018-07-13,98.18865966796875
2018-07-16,97.70439910888672
2018-07-17,98.6729507446289
2018-07-18,97.89996337890625
2018-07-19,97.22940063476562
2018-07-20,98.97098541259766
2018-07-23,100.55419921875
2018-07-24,100.26551055908203
2018-07-25,103.2177734375
2018-07-26,102.09088897705078
2018-07-27,100.28412628173828
2018-07-30,98.1327896118164
2018-07-31,98.79402160644531
2018-08-01,98.98028564453125
2018-08-02,100.18167114257812
2018-08-03,100.61940002441406
2018-08-06,100.70321655273438
2018-08-07,101.4017105102539
2018-08-08,101.96978759765625
2018-08-09,102.13745880126953
2018-08-10,101.51346588134766
2018-08-13,100.7777099609375
2018-08-14,102.03500366210938
2018-08-15,100.65135955810547
2018-08-16,100.63265228271484
2018-08-17,100.57657623291016
2018-08-20,99.91278839111328
2018-08-21,99.08072662353516
2018-08-22,100.09040069580078
2018-08-23,100.55784606933594
2018-08-24,101.34319305419922
2018-08-27,102.4650650024414
2018-08-28,103.08207702636719
2018-08-29,104.72749328613281
2018-08-30,104.66207122802734
2018-08-31,105.017333984375
2018-09-04,104.43769836425781
2018-09-05,101.42730712890625
2018-09-06,101.66104125976562
2018-09-07,101.16553497314453
2018-09-10,102.25936126708984
2018-09-11,103.99827575683594
2018-09-12,104.43769836425781
2018-09-13,105.55958557128906
2018-09-14,105.98963928222656
2018-09-17,104.83970642089844
2018-09-18,105.8400650024414
2018-09-19,104.42833709716797
2018-09-20,106.1766128540039
2018-09-21,106.82168579101562
2018-09-24,107.20498657226562
2018-09-25,106.99931335449219
2018-09-26,106.5599136352539
2018-09-27,106.96192932128906
2018-09-28,106.92454528808594
2018-10-01,108.08381652832031
2018-10-02,107.65377044677734
2018-10-03,107.6724624633789
2018-10-04,105.44738006591797
2018-10-05,104.830322265625
2018-10-08,103.63365936279297
2018-10-09,104.95188903808594
2018-10-10,99.24901580810547
2018-10-11,99.0152816772461
2018-10-12,102.4369888305664
2018-10-15,100.59524536132812
2018-10-16,103.77391052246094
2018-10-17,103.50279998779297
2018-10-18,101.4366455078125
2018-10-19,101.58625030517578
2018-10-22,102.49309539794922
2018-10-23,101.06271362304688
2018-10-24,95.65900421142578
2018-10-25,101.24966430664062
2018-10-26,99.99693298339844
2018-10-29,97.08937072753906
2018-10-30,96.9771957397461
2018-10-31,99.85668182373047
2018-11-01,99.02462005615234
2018-11-02,99.24901580810547
2018-11-05,100.51112365722656
2018-11-06,100.70746612548828
2018-11-07,104.67142486572266
2018-11-08,104.47509002685547
2018-11-09,102.4369888305664
2018-11-12,99.91278839111328
2018-11-13,99.97821807861328
2018-11-14,98.5604248046875
2018-11-15,100.72936248779297
2018-11-16,101.67768096923828
2018-11-19,98.2318115234375
2018-11-20,95.49948120117188
2018-11-21,96.81401062011719
2018-11-23,96.77643585205078
2018-11-26,99.9688491821289
2018-11-27,100.59791564941406
2018-11-28,104.33490753173828
2018-11-29,103.46167755126953
2018-11-30,104.11892700195312
2018-12-03,105.24566650390625
2018-12-04,101.89366149902344
2018-12-06,102.52274322509766
2018-12-07,98.41956329345703
2018-12-10,101.02043151855469
2018-12-11,101.95938110351562
2018-12-12,102.41948699951172
2018-12-13,102.7668685913086
2018-12-14,99.55570983886719
2018-12-17,96.6074447631836
2018-12-18,97.62146759033203
2018-12-19,97.35858154296875
2018-12-20,95.31171417236328
2018-12-21,92.23197937011719
2018-12-24,88.38232421875
2018-12-26,94.4197006225586
2018-12-27,95.00183868408203
2018-12-28,94.26007080078125
2018-12-31,95.36802673339844
2019-01-02,94.94552612304688
2019-01-03,91.45267486572266
2019-01-04,95.7060546875
2019-01-07,95.82810974121094
2019-01-08,96.5229263305664
2019-01-09,97.90316772460938
2019-01-10,97.27407836914062
2019-01-11,96.5229263305664
2019-01-14,95.8187255859375
2019-01-15,98.59799194335938
2019-01-16,98.94537353515625
2019-01-17,99.64019775390625
2019-01-18,101.13312530517578
2019-01-22,99.22706604003906
2019-01-23,100.19418334960938
2019-01-24,99.71533203125
2019-01-25,100.6260986328125
2019-01-28,98.66370391845703
2019-01-29,96.65438842773438
2019-01-30,99.88433074951172
2019-01-31,98.05339813232422
2019-02-01,96.50413513183594
2019-02-04,99.28340911865234
2019-02-05,100.67303466796875
2019-02-06,99.55570983886719
2019-02-07,98.84210205078125
2019-02-08,99.21768951416016
2019-02-11,98.82332611083984
2019-02-12,100.36319732666016
2019-02-13,100.28805541992188
2019-02-14,100.3725814819336
2019-02-15,101.61198425292969
2019-02-19,101.56502532958984
2019-02-20,101.03697204589844
2019-02-21,103.16804504394531
2019-02-22,104.63904571533203
2019-02-25,105.22367858886719
2019-02-26,105.94974517822266
2019-02-27,105.77058410644531
2019-02-28,105.6385498046875
2019-03-01,106.11006927490234
2019-03-04,105.85543060302734
2019-03-05,105.32738494873047
2019-03-06,105.37455749511719
2019-03-07,104.09213256835938
2019-03-08,104.20529174804688
2019-03-11,106.39292907714844
2019-03-12,107.13785552978516
2019-03-13,107.96763610839844
2019-03-14,108.0525131225586
2019-03-15,109.29721069335938
2019-03-18,110.86250305175781
2019-03-19,110.93792724609375
2019-03-20,110.81534576416016
2019-03-21,113.36131286621094
2019-03-22,110.37218475341797
2019-03-25,110.9473648071289
2019-03-26,111.1831283569336
2019-03-27,110.108154296875
2019-03-28,110.25901794433594
2019-03-29,111.21141052246094
2019-04-01,112.22977447509766
2019-04-02,112.39007568359375
2019-04-03,113.12559509277344
2019-04-04,112.55037689208984
2019-04-05,113.05013275146484
2019-04-08,113.08786010742188
2019-04-09,112.47492980957031
2019-04-10,113.33303833007812
2019-04-11,113.46504211425781
2019-04-12,114.04966735839844
2019-04-15,114.14397430419922
2019-04-16,113.87993621826172
2019-04-17,114.82288360595703
2019-04-18,116.33158874511719
2019-04-22,116.69934844970703
2019-04-23,118.28350830078125
2019-04-24,117.8780517578125
2019-04-25,121.78182983398438
2019-04-26,122.47962188720703
2019-04-29,122.36647033691406
2019-04-30,123.14913177490234
2019-05-01,120.58432006835938
2019-05-02,119.00958251953125
2019-05-03,121.54610443115234
2019-05-06,120.8388900756836
2019-05-07,118.35894012451172
2019-05-08,118.34951782226562
2019-05-09,118.34009552001953
2019-05-10,119.87709045410156
2019-05-13,116.31275177001953
2019-05-14,117.61402130126953
2019-05-15,119.27027130126953
2019-05-16,122.02442169189453
2019-05-17,121.21051025390625
2019-05-20,119.45958709716797
2019-05-21,120.1031494140625
2019-05-22,120.8319091796875
2019-05-23,119.4217300415039
2019-05-24,119.47850036621094
2019-05-28,119.40280151367188
2019-05-29,118.24816131591797
2019-05-30,118.99584197998047
2019-05-31,117.05562591552734
2019-06-03,113.42130279541016
2019-06-04,116.56346893310547
2019-06-05,119.0904541015625
2019-06-06,120.97386169433594
2019-06-07,124.36212921142578
2019-06-10,125.49783325195312
2019-06-11,125.02464294433594
2019-06-12,124.44733428955078
2019-06-13,125.23287963867188
2019-06-14,125.35589599609375
2019-06-17,125.7344970703125
2019-06-18,127.92073822021484
2019-06-19,128.42237854003906
2019-06-20,129.61483764648438
2019-06-21,129.6337890625
2019-06-24,130.40042114257812
2019-06-25,126.28339385986328
2019-06-26,126.756591796875
2019-06-27,126.9648208618164
2019-06-28,126.78504943847656
2019-07-01,128.4128875732422
2019-07-02,129.26466369628906
2019-07-03,130.09754943847656
2019-07-05,129.71896362304688
2019-07-08,129.62432861328125
2019-07-09,129.151123046875
2019-07-10,130.46664428710938
2019-07-11,130.9871826171875
2019-07-12,131.46044921875
2019-07-15,131.46044921875
2019-07-16,129.7379150390625
2019-07-17,128.97129821777344
2019-07-18,129.11326599121094
2019-07-19,129.3025360107422
2019-07-22,131.01560974121094
2019-07-23,131.8295440673828
2019-07-24,133.1829376220703
2019-07-25,132.68133544921875
2019-07-26,133.76976013183594
2019-07-29,133.47633361816406
2019-07-30,132.83277893066406
2019-07-31,128.97129821777344
2019-08-01,130.66542053222656
2019-08-02,129.56756591796875
2019-08-05,125.12873840332031
2019-08-06,127.47593688964844
2019-08-07,128.0343475341797
2019-08-08,131.4510040283203
2019-08-09,130.33416748046875
2019-08-12,128.5170135498047
2019-08-13,131.17648315429688
2019-08-14,127.22618865966797
2019-08-15,126.94134521484375
2019-08-16,129.26785278320312
2019-08-19,131.4329376220703
2019-08-20,130.34083557128906
2019-08-21,131.79371643066406
2019-08-22,130.83460998535156
2019-08-23,126.66593170166016
2019-08-26,128.6221466064453
2019-08-27,128.8974609375
2019-08-28,128.72654724121094
2019-08-29,131.15750122070312
2019-08-30,130.9105987548828
2019-09-03,129.18234252929688
2019-09-04,130.69219970703125
2019-09-05,132.99020385742188
2019-09-06,132.08810424804688
2019-09-09,130.5877685546875
2019-09-10,129.22035217285156
2019-09-11,129.25831604003906
2019-09-12,130.5877685546875
2019-09-13,130.3978271484375
2019-09-16,129.45773315429688
2019-09-17,130.4642791748047
2019-09-18,131.53733825683594
2019-09-19,133.95880126953125
2019-09-20,132.41094970703125
2019-09-23,132.12606811523438
2019-09-24,130.45481872558594
2019-09-25,132.33497619628906
2019-09-26,132.50588989257812
2019-09-27,130.78713989257812
2019-09-30,132.02162170410156
2019-10-01,130.16046142578125
2019-10-02,127.86243438720703
2019-10-03,129.41026306152344
2019-10-04,131.15750122070312
2019-10-07,130.2079315185547
2019-10-08,128.83102416992188
2019-10-09,131.27145385742188
2019-10-10,132.08810424804688
2019-10-11,132.63885498046875
2019-10-14,132.51544189453125
2019-10-15,134.43362426757812
2019-10-16,133.33206176757812
2019-10-17,132.64837646484375
2019-10-18,130.4833221435547
2019-10-21,131.45188903808594
2019-10-22,129.4957275390625
2019-10-23,130.3218536376953
2019-10-24,132.88575744628906
2019-10-25,133.63592529296875
2019-10-28,136.92152404785156
2019-10-29,135.63006591796875
2019-10-30,137.32034301757812
2019-10-31,136.14285278320312
2019-11-01,136.47520446777344
2019-11-04,137.26333618164062
2019-11-05,137.1779022216797
2019-11-06,136.79806518554688
2019-11-07,136.98800659179688
2019-11-08,138.60231018066406
2019-11-11,138.74473571777344
2019-11-12,139.65634155273438
2019-11-13,139.8842315673828
2019-11-14,140.59646606445312
2019-11-15,142.4102020263672
2019-11-18,142.7615203857422
2019-11-19,142.8089599609375
2019-11-20,142.56124877929688
2019-11-21,142.42784118652344
2019-11-22,142.5326690673828
2019-11-25,144.09527587890625
2019-11-26,144.8575439453125
2019-11-27,145.13388061523438
2019-11-29,144.23825073242188
2019-12-02,142.4945526123047
2019-12-03,142.26588439941406
2019-12-04,142.78042602539062
2019-12-05,142.85659790039062
2019-12-06,144.5907745361328
2019-12-09,144.21913146972656
2019-12-10,144.00001525878906
2019-12-11,144.54315185546875
2019-12-12,146.01048278808594
2019-12-13,147.2395782470703
2019-12-16,148.1924285888672
2019-12-17,147.39205932617188
2019-12-18,147.08712768554688
2019-12-19,148.3639678955078
2019-12-20,149.98370361328125
2019-12-23,149.98370361328125
2019-12-24,149.9551544189453
2019-12-26,151.18426513671875
2019-12-27,151.46063232421875
2019-12-30,150.15524291992188
2019-12-31,150.2600555419922
2020-01-02,153.0423126220703
2020-01-03,151.13665771484375
2020-01-06,151.52728271484375
2020-01-07,150.14573669433594
2020-01-08,152.53732299804688
2020-01-09,154.4429473876953
2020-01-10,153.72836303710938
2020-01-13,155.57681274414062
2020-01-14,154.48104858398438
2020-01-15,155.48150634765625
2020-01-16,158.33047485351562
2020-01-17,159.2165985107422
2020-01-21,158.6448516845703
2020-01-22,157.88262939453125
2020-01-23,158.85452270507812
2020-01-24,157.25375366210938
2020-01-27,154.62399291992188
2020-01-28,157.65394592285156
2020-01-29,160.11224365234375
2020-01-30,164.6286163330078
2020-01-31,162.19891357421875
2020-02-03,166.15316772460938
2020-02-04,171.62234497070312
2020-02-05,171.4126739501953
2020-02-06,174.9667510986328
2020-02-07,175.21444702148438
2020-02-10,179.7975311279297
2020-02-11,175.738525390625
2020-02-12,175.9957733154297
2020-02-13,175.04295349121094
2020-02-14,176.60557556152344
2020-02-18,178.3968963623047
2020-02-19,178.93194580078125
2020-02-20,176.19944763183594
2020-02-21,170.62930297851562
2020-02-24,163.27249145507812
2020-02-25,160.57821655273438
2020-02-26,162.5846405029297
2020-02-27,151.1291046142578
2020-02-28,154.78836059570312
2020-03-02,165.08782958984375
2020-03-03,157.17689514160156
2020-03-04,162.9476776123047
2020-03-05,158.85845947265625
2020-03-06,154.3679962158203
2020-03-09,143.90606689453125
2020-03-10,153.7469482421875
2020-03-11,146.78187561035156
2020-03-12,132.86138916015625
2020-03-13,151.7500762939453
2020-03-16,129.38360595703125
2020-03-17,140.03662109375
2020-03-18,134.1416015625
2020-03-19,136.34866333007812
2020-03-20,131.22760009765625
2020-03-23,129.91867065429688
2020-03-24,141.72772216796875
2020-03-25,140.37100219726562
2020-03-26,149.15135192871094
2020-03-27,143.0270538330078
2020-03-30,153.0877227783203
2020-03-31,150.68003845214844
2020-04-01,145.32968139648438
2020-04-02,148.33924865722656
2020-04-03,146.97296142578125
2020-04-06,157.90304565429688
2020-04-07,156.20242309570312
2020-04-08,157.769287109375
2020-04-09,157.77883911132812
2020-04-13,158.13232421875
2020-04-14,165.95729064941406
2020-04-15,164.21839904785156
2020-04-16,169.14837646484375
2020-04-17,170.63885498046875
2020-04-20,167.2566680908203
2020-04-21,160.33938598632812
2020-04-22,165.78533935546875
2020-04-23,163.77891540527344
2020-04-24,166.7694091796875
2020-04-27,166.2916717529297
2020-04-28,162.24066162109375
2020-04-29,169.52102661132812
2020-04-30,171.22164916992188
2020-05-01,166.78846740722656
2020-05-04,170.86817932128906
2020-05-05,172.7025604248047
2020-05-06,174.4032440185547
2020-05-07,175.4159698486328
2020-05-08,176.4478302001953
2020-05-11,178.41600036621094
2020-05-12,174.37454223632812
2020-05-13,171.73756408691406
2020-05-14,172.48284912109375
2020-05-15,174.9955596923828
2020-05-18,176.6676025390625
2020-05-19,175.4446563720703
2020-05-20,177.87820434570312
2020-05-21,175.7416534423828
2020-05-22,175.8183135986328
2020-05-26,173.95962524414062
2020-05-27,174.18955993652344
2020-05-28,173.79672241210938
2020-05-29,175.56919860839844
2020-06-01,175.16677856445312
2020-06-02,177.15957641601562
2020-06-03,177.5907745361328
2020-06-04,175.25303649902344
2020-06-05,179.35362243652344
2020-06-08,180.46502685546875
2020-06-09,181.84463500976562
2020-06-10,188.5895538330078
2020-06-11,178.4626007080078
2020-06-12,179.87098693847656
2020-06-15,181.0207061767578
2020-06-16,185.45664978027344
2020-06-17,186.0985565185547
2020-06-18,188.09136962890625
2020-06-19,186.9704132080078
2020-06-22,192.16323852539062
2020-06-23,193.44705200195312
2020-06-24,189.5476531982422
2020-06-25,191.94287109375
2020-06-26,188.1009521484375
2020-06-29,190.12249755859375
2020-06-30,194.97998046875
2020-07-01,196.12013244628906
2020-07-02,197.61473083496094
2020-07-06,201.86862182617188
2020-07-07,199.52134704589844
2020-07-08,203.9093475341797
2020-07-09,205.3369140625
2020-07-10,204.7141876220703
2020-07-13,198.39077758789062
2020-07-14,199.61717224121094
2020-07-15,199.3201446533203
2020-07-16,195.37281799316406
2020-07-17,194.3764190673828
2020-07-20,202.73095703125
2020-07-21,200.00035095214844
2020-07-22,202.87461853027344
2020-07-23,194.0506591796875
2020-07-24,192.86265563964844
2020-07-27,195.3057861328125
2020-07-28,193.55242919921875
2020-07-29,195.50694274902344
2020-07-30,195.35366821289062
2020-07-31,196.4171142578125
2020-08-03,207.4638671875
2020-08-04,204.35012817382812
2020-08-05,204.01475524902344
2020-08-06,207.28184509277344
2020-08-07,203.57406616210938
2020-08-10,199.52134704589844
2020-08-11,194.8554229736328
2020-08-12,200.4219207763672
2020-08-13,199.95245361328125
2020-08-14,200.14404296875
2020-08-17,201.46621704101562
2020-08-18,202.62554931640625
2020-08-19,201.39625549316406
2020-08-20,206.08299255371094
2020-08-21,204.58477783203125
2020-08-24,205.22825622558594
2020-08-25,207.8981475830078
2020-08-26,212.39279174804688
2020-08-27,217.60781860351562
2020-08-28,219.84556579589844
2020-08-31,216.59938049316406
2020-09-01,218.2704620361328
2020-09-02,222.4770050048828
2020-09-03,208.6952362060547
2020-09-04,205.7660369873047
2020-09-08,194.63499450683594
2020-09-09,202.92324829101562
2020-09-10,197.23764038085938
2020-09-11,195.95074462890625
2020-09-14,197.27610778808594
2020-09-15,200.51266479492188
2020-09-16,196.93035888671875
2020-09-17,194.87509155273438
2020-09-18,192.45486450195312
2020-09-21,194.51976013183594
2020-09-22,199.20651245117188
2020-09-23,192.64695739746094
2020-09-24,195.14402770996094
2020-09-25,199.5906982421875
2020-09-28,201.14654541015625
2020-09-29,199.05284118652344
2020-09-30,202.0012969970703
2020-10-01,204.04689025878906
2020-10-02,198.02520751953125
2020-10-05,202.0492706298828
2020-10-06,197.75633239746094
2020-10-07,201.52110290527344
2020-10-08,202.2413787841797
2020-10-09,207.26426696777344
2020-10-12,212.6328887939453
2020-10-13,214.03512573242188
2020-10-14,212.11427307128906
2020-10-15,210.96182250976562
2020-10-16,210.96182250976562
2020-10-19,205.7372283935547
2020-10-20,206.15020751953125
2020-10-21,206.29428100585938
2020-10-22,206.3807373046875
2020-10-23,207.66763305664062
2020-10-26,201.7611541748047
2020-10-27,204.8056640625
2020-10-28,194.65419006347656
2020-10-29,196.6134033203125
2020-10-30,194.45249938964844
2020-11-02,194.31808471679688
2020-11-03,198.25572204589844
2020-11-04,207.82131958007812
2020-11-05,214.44805908203125
2020-11-06,214.86106872558594
2020-11-09,209.74212646484375
2020-11-10,202.6543731689453
2020-11-11,207.9749755859375
2020-11-12,206.90892028808594
2020-11-13,207.93653869628906
2020-11-16,208.62803649902344
2020-11-17,205.96771240234375
2020-11-18,203.25233459472656
2020-11-19,204.54263305664062
2020-11-20,202.58792114257812
2020-11-23,202.31829833984375
2020-11-24,205.92919921875
2020-11-25,205.9388427734375
2020-11-27,207.24842834472656
2020-11-30,206.13143920898438
2020-12-01,208.1920928955078
2020-12-02,207.3831787109375
2020-12-03,206.2951202392578
2020-12-04,206.41065979003906
2020-12-07,206.34329223632812
2020-12-08,207.9994659423828
2020-12-09,203.94561767578125
2020-12-10,202.71310424804688
2020-12-11,205.35145568847656
2020-12-14,206.256591796875
2020-12-15,206.189208984375
2020-12-16,211.1482391357422
2020-12-17,211.2830352783203
2020-12-18,210.4838104248047
2020-12-21,214.33546447753906
2020-12-22,215.63543701171875
2020-12-23,212.82369995117188
2020-12-24,214.4895477294922
2020-12-28,216.6176300048828
2020-12-29,215.837646484375
2020-12-30,213.45921325683594
2020-12-31,214.17176818847656
2021-01-04,209.61720275878906
2021-01-05,209.8193817138672
2021-01-06,204.37890625
2021-01-07,210.19493103027344
2021-01-08,211.47561645507812
2021-01-11,209.4246063232422
2021-01-12,206.9595489501953
2021-01-13,208.31724548339844
2021-01-14,205.12039184570312
2021-01-15,204.76406860351562
2021-01-19,208.41355895996094
2021-01-20,216.0205841064453
2021-01-21,216.62722778320312
2021-01-22,217.5708465576172
2021-01-25,221.01809692382812
2021-01-26,223.71424865722656
2021-01-27,224.2631072998047
2021-01-28,230.06951904296875
2021-01-29,223.3579864501953
2021-02-01,230.76280212402344
2021-02-02,230.62802124023438
2021-02-03,233.98861694335938
2021-02-04,233.0353240966797
2021-02-05,233.21826171875
2021-02-08,233.4782257080078
2021-02-09,234.73004150390625
2021-02-10,233.81527709960938
2021-02-11,235.42333984375
2021-02-12,235.90478515625
2021-02-16,234.66259765625
2021-02-17,235.68565368652344
2021-02-18,235.2899627685547
2021-02-19,232.5683135986328
2021-02-22,226.33351135253906
2021-02-23,225.13674926757812
2021-02-24,226.3721160888672
2021-02-25,221.00599670410156
2021-02-26,224.2777862548828
2021-03-01,228.67877197265625
2021-03-02,225.71585083007812
2021-03-03,219.62583923339844
2021-03-04,218.82476806640625
2021-03-05,223.52496337890625
2021-03-08,219.46177673339844
2021-03-09,225.6289825439453
2021-03-10,224.31637573242188
2021-03-11,228.8621826171875
2021-03-12,227.5302734375
2021-03-15,226.623046875
2021-03-16,229.42193603515625
2021-03-17,228.7753143310547
2021-03-18,222.6756591796875
2021-03-19,222.31858825683594
2021-03-22,227.76190185546875
2021-03-23,229.2965087890625
2021-03-24,227.2504119873047
2021-03-25,224.23919677734375
2021-03-26,228.23483276367188
2021-03-29,227.0380859375
2021-03-30,223.76626586914062
2021-03-31,227.54959106445312
2021-04-01,233.90016174316406
2021-04-05,240.38587951660156
2021-04-06,239.2180633544922
2021-04-07,241.18690490722656
2021-04-08,244.42013549804688
2021-04-09,246.92947387695312
2021-04-12,246.9873809814453
2021-04-13,249.47744750976562
2021-04-14,246.6785430908203
2021-04-15,250.45217895507812
2021-04-16,251.64895629882812
2021-04-19,249.71871948242188
2021-04-20,249.25546264648438
2021-04-21,251.4945068359375
2021-04-22,248.20346069335938
2021-04-23,252.044677734375
2021-04-26,252.43069458007812
2021-04-27,252.83604431152344
2021-04-28,245.6844024658203
2021-04-29,243.70591735839844
2021-04-30,243.38739013671875
2021-05-03,243.07859802246094
2021-05-04,239.15049743652344
2021-05-05,237.87652587890625
2021-05-06,241.0228729248047
2021-05-07,243.65769958496094
2021-05-10,238.56175231933594
2021-05-11,237.64486694335938
2021-05-12,230.6669464111328
2021-05-13,234.55645751953125
2021-05-14,239.4979705810547
2021-05-17,236.63150024414062
2021-05-18,234.604736328125
2021-05-19,235.1851348876953
2021-05-20,238.43545532226562
2021-05-21,237.16822814941406
2021-05-24,242.59515380859375
2021-05-25,243.50445556640625
2021-05-26,243.28196716308594
2021-05-27,241.17308044433594
2021-05-28,241.53103637695312
2021-06-01,239.325439453125
2021-06-02,239.22874450683594
2021-06-03,237.6905975341797
2021-06-04,242.6047821044922
2021-06-07,245.5262451171875
2021-06-08,244.3267059326172
2021-06-09,245.31341552734375
2021-06-10,248.84426879882812
2021-06-11,249.47312927246094
2021-06-14,251.40780639648438
2021-06-15,249.92770385742188
2021-06-16,248.97972106933594
2021-06-17,252.3848419189453
2021-06-18,250.9628143310547
2021-06-21,254.0583953857422
2021-06-22,256.8443603515625
2021-06-23,256.6122131347656
2021-06-24,257.9859313964844
2021-06-25,256.37030029296875
2021-06-28,259.9496154785156
2021-06-29,262.5421142578125
2021-06-30,262.0584411621094
2021-07-01,262.7356262207031
2021-07-02,268.588134765625
2021-07-06,268.59783935546875
2021-07-07,270.79376220703125
2021-07-08,268.36566162109375
2021-07-09,268.86865234375
2021-07-12,268.2689208984375
2021-07-13,271.8094482421875
2021-07-14,273.2895202636719
2021-07-15,271.85784912109375
2021-07-16,271.58697509765625
2021-07-19,267.9691162109375
2021-07-20,270.2037048339844
2021-07-21,272.2157897949219
2021-07-22,276.8011169433594
2021-07-23,280.2158203125
2021-07-26,279.61602783203125
2021-07-27,277.1880187988281
2021-07-28,276.8784484863281
2021-07-29,277.1493225097656
2021-07-30,275.6112365722656
2021-08-02,275.5241394042969
2021-08-03,277.7490539550781
2021-08-04,277.15899658203125
2021-08-05,280.0707702636719
2021-08-06,280.01275634765625
2021-08-09,278.9196472167969
2021-08-10,277.09124755859375
2021-08-11,277.58465576171875
2021-08-12,280.3512878417969
2021-08-13,283.2920227050781
2021-08-16,284.9849548339844
2021-08-17,283.5145263671875
2021-08-18,281.7796936035156
2021-08-19,287.6336975097656
2021-08-20,294.9900817871094
2021-08-23,295.27117919921875
2021-08-24,293.3036193847656
2021-08-25,292.7124328613281
2021-08-26,289.8822937011719
2021-08-27,290.492919921875
2021-08-30,294.2438049316406
2021-08-31,292.58636474609375
2021-09-01,292.5379333496094
2021-09-02,291.87884521484375
2021-09-03,291.8692321777344
2021-09-07,290.93878173828125
2021-09-08,290.9678039550781
2021-09-09,288.0989074707031
2021-09-10,286.60638427734375
2021-09-13,287.8469543457031
2021-09-14,290.560791015625
2021-09-15,295.4359130859375
2021-09-16,295.8236389160156
2021-09-17,290.6383056640625
2021-09-20,285.2397766113281
2021-09-21,285.724365234375
2021-09-22,289.3879699707031
2021-09-23,290.3377990722656
2021-09-24,290.1343078613281
2021-09-27,285.11376953125
2021-09-28,274.7915954589844
2021-09-29,275.25689697265625
2021-09-30,273.24090576171875
2021-10-01,280.19989013671875
2021-10-04,274.3942565917969
2021-10-05,279.8702697753906
2021-10-06,284.0863037109375
2021-10-07,285.7727966308594
2021-10-08,285.7727966308594
2021-10-11,285.17193603515625
2021-10-12,283.8634948730469
2021-10-13,287.1878662109375
2021-10-14,293.4295959472656
2021-10-15,294.8447265625
2021-10-18,297.8298645019531
2021-10-19,298.7409362792969
2021-10-20,297.9461975097656
2021-10-21,301.1930236816406
2021-10-22,299.6423034667969
2021-10-25,298.64404296875
2021-10-26,300.5630187988281
2021-10-27,313.22100830078125
2021-10-28,314.3646545410156
2021-10-29,321.4107971191406
2021-11-01,319.2301330566406
2021-11-02,322.8743591308594
2021-11-03,323.71759033203125
2021-11-04,326.08245849609375
2021-11-05,325.7142028808594
2021-11-08,326.6155700683594
2021-11-09,325.6075744628906
2021-11-10,320.6160583496094
2021-11-11,322.19586181640625
2021-11-12,326.3538513183594
2021-11-15,325.72381591796875
2021-11-16,329.0579833984375
2021-11-17,329.28131103515625
2021-11-18,331.368896484375
2021-11-19,333.15545654296875
2021-11-22,329.9706726074219
2021-11-23,327.8830261230469
2021-11-24,328.1064147949219
2021-11-26,320.1151123046875
2021-11-29,326.8634948730469
2021-11-30,320.99871826171875
2021-12-01,320.5035705566406
2021-12-02,319.93060302734375
2021-12-03,313.6387023925781
2021-12-06,316.7264404296875
2021-12-07,325.20306396484375
2021-12-08,325.2516784667969
2021-12-09,323.43597412109375
2021-12-10,332.6020202636719
2021-12-13,329.5531005859375
2021-12-14,318.81402587890625
2021-12-15,324.9409484863281
2021-12-16,315.47381591796875
2021-12-17,314.4057312011719
2021-12-20,310.62860107421875
2021-12-21,317.79449462890625
2021-12-22,323.53302001953125
2021-12-23,324.97979736328125
2021-12-27,332.51470947265625
2021-12-28,331.3494567871094
2021-12-29,332.0292053222656
2021-12-30,329.4754638671875
2021-12-31,326.5625305175781
2022-01-03,325.0380554199219
2022-01-04,319.4645690917969
2022-01-05,307.2009582519531
2022-01-06,304.7735290527344
2022-01-07,304.92889404296875
2022-01-10,305.1522216796875
2022-01-11,305.8417053222656
2022-01-12,309.0361633300781
2022-01-13,295.9569091796875
2022-01-14,301.2003173828125
2022-01-18,293.8693542480469
2022-01-19,294.52960205078125
2022-01-20,292.84979248046875
2022-01-21,287.4414367675781
2022-01-24,287.7715759277344
2022-01-25,280.12017822265625
2022-01-26,288.1016540527344
2022-01-27,291.140869140625
2022-01-28,299.31658935546875
2022-01-31,301.95770263671875
2022-02-01,299.80206298828125
2022-02-02,304.36572265625
2022-02-03,292.5099182128906
2022-02-04,297.06390380859375
2022-02-07,292.2187194824219
2022-02-08,295.7239685058594
2022-02-09,302.1810607910156
2022-02-10,293.6071472167969
2022-02-11,286.4801330566406
2022-02-14,286.4413146972656
2022-02-15,291.75262451171875
2022-02-16,291.41204833984375
2022-02-17,282.87890625
2022-02-18,280.1545715332031
2022-02-22,279.9501647949219
2022-02-23,272.7013244628906
2022-02-24,286.6346130371094
2022-02-25,289.28118896484375
2022-02-28,290.72125244140625
2022-03-01,286.98492431640625
2022-03-02,292.08349609375
2022-03-03,287.9287414550781
2022-03-04,282.0323791503906
2022-03-07,271.3780822753906
2022-03-08,268.40069580078125
2022-03-09,280.7091064453125
2022-03-10,277.8777160644531
2022-03-11,272.5067443847656
2022-03-14,268.97479248046875
2022-03-15,279.3956298828125
2022-03-16,286.4400939941406
2022-03-17,287.2476806640625
2022-03-18,292.31689453125
2022-03-21,291.0811767578125
2022-03-22,295.8489074707031
2022-03-23,291.4023132324219
2022-03-24,295.8878479003906
2022-03-25,295.4791564941406
2022-03-28,302.30963134765625
2022-03-29,306.8924560546875
2022-03-30,305.38427734375
2022-03-31,299.9841613769531
2022-04-01,301.0641784667969
2022-04-04,306.46435546875
2022-04-05,302.4847412109375
2022-04-06,291.41204833984375
2022-04-07,293.2315673828125
2022-04-08,288.9504089355469
2022-04-11,277.5566711425781
2022-04-12,274.4430236816406
2022-04-13,279.8529052734375
2022-04-14,272.2732238769531
2022-04-18,272.9446105957031
2022-04-19,277.5955505371094
2022-04-20,278.6269226074219
2022-04-21,273.2267761230469
2022-04-22,266.6298828125
2022-04-25,273.1391906738281
2022-04-26,262.9227294921875
2022-04-27,275.5716552734375
2022-04-28,281.8086242675781
2022-04-29,270.0255432128906
2022-05-02,276.78790283203125
2022-05-03,274.17059326171875
2022-05-04,282.1490783691406
2022-05-05,269.8601989746094
2022-05-06,267.3110046386719
2022-05-09,257.43505859375
2022-05-10,262.2221984863281
2022-05-11,253.51390075683594
2022-05-12,248.45431518554688
2022-05-13,254.06846618652344
2022-05-16,254.4382781982422
2022-05-17,259.61456298828125
2022-05-18,247.79441833496094
2022-05-19,246.877685546875
2022-05-20,246.31201171875
2022-05-23,254.20188903808594
2022-05-24,253.19741821289062
2022-05-25,256.025634765625
2022-05-26,259.3219909667969
2022-05-27,266.4803771972656
2022-05-31,265.14434814453125
2022-06-01,265.6807556152344
2022-06-02,267.7873229980469
2022-06-03,263.3400573730469
2022-06-06,262.10150146484375
2022-06-07,265.7587585449219
2022-06-08,263.7204284667969
2022-06-09,258.239501953125
2022-06-10,246.7313690185547
2022-06-13,236.26683044433594
2022-06-14,238.4416961669922
2022-06-15,245.53179931640625
2022-06-16,238.90977478027344
2022-06-17,241.5234832763672
2022-06-21,247.4628448486328
2022-06-22,246.86790466308594
2022-06-23,252.45611572265625
2022-06-24,261.07745361328125
2022-06-27,258.3370361328125
2022-06-28,250.13502502441406
2022-06-29,253.82150268554688
2022-06-30,250.47637939453125
2022-07-01,253.15835571289062
2022-07-05,256.34747314453125
2022-07-06,259.6243591308594
2022-07-07,261.7601623535156
2022-07-08,261.03851318359375
2022-07-11,257.9664001464844
2022-07-12,247.39454650878906
2022-07-13,246.4680633544922
2022-07-14,247.79441833496094
2022-07-15,250.3690948486328
2022-07-18,247.960205078125
2022-07-19,253.1095733642578
2022-07-20,255.78176879882812
2022-07-21,258.2882080078125
2022-07-22,253.91900634765625
2022-07-25,252.42686462402344
2022-07-26,245.66835021972656
2022-07-27,262.0918273925781
2022-07-28,269.5719909667969
2022-07-29,273.7948913574219
2022-08-01,271.1324462890625
2022-08-02,268.0213317871094
2022-08-03,275.4821472167969
2022-08-04,276.6328430175781
2022-08-05,275.9112243652344
2022-08-08,273.38531494140625
2022-08-09,275.3162841796875
2022-08-10,282.006591796875
2022-08-11,279.9195556640625
2022-08-12,284.6885986328125
2022-08-15,286.2099914550781
2022-08-16,285.46875
2022-08-17,284.7161865234375
2022-08-18,283.5923156738281
2022-08-19,279.6634216308594
2022-08-22,271.453857421875
2022-08-23,270.1735534667969
2022-08-24,269.53826904296875
2022-08-25,272.5289001464844
2022-08-26,262.0128173828125
2022-08-29,259.2176208496094
2022-08-30,257.0089111328125
2022-08-31,255.5428924560547
2022-09-01,254.49708557128906
2022-09-02,250.2554931640625
2022-09-06,247.5092010498047
2022-09-07,252.23951721191406
2022-09-08,252.65972900390625
2022-09-09,258.4650573730469
2022-09-12,260.6053771972656
2022-09-13,246.27777099609375
2022-09-14,246.5025177001953
2022-09-15,239.81756591796875
2022-09-16,239.19215393066406
2022-09-19,238.9771270751953
2022-09-20,236.95401000976562
2022-09-21,233.53335571289062
2022-09-22,235.51731872558594
2022-09-23,232.5266876220703
2022-09-26,232.06739807128906
2022-09-27,231.0509490966797
2022-09-28,235.60531616210938
2022-09-29,232.11624145507812
2022-09-30,227.62051391601562
2022-10-03,235.2827911376953
2022-10-04,243.23828125
2022-10-05,243.55101013183594
2022-10-06,241.1956329345703
2022-10-07,228.93016052246094
2022-10-10,224.05323791503906
2022-10-11,220.30030822753906
2022-10-12,220.632568359375
2022-10-13,228.93016052246094
2022-10-14,223.37889099121094
2022-10-17,232.14553833007812
2022-10-18,233.09356689453125
2022-10-19,231.11936950683594
2022-10-20,230.7968292236328
2022-10-21,236.63148498535156
2022-10-24,241.64523315429688
2022-10-25,244.9779052734375
2022-10-26,226.07632446289062
2022-10-27,221.6099395751953
2022-10-28,230.5231475830078
2022-10-31,226.86795043945312
2022-11-01,222.99771118164062
2022-11-02,215.1106719970703
2022-11-03,209.39328002929688
2022-11-04,216.37139892578125
2022-11-07,222.70452880859375
2022-11-08,223.68185424804688
2022-11-09,219.4207000732422
2022-11-10,237.47201538085938
2022-11-11,241.50839233398438
2022-11-14,236.07443237304688
2022-11-15,236.48492431640625
2022-11-16,236.9161376953125
2022-11-17,236.8671417236328
2022-11-18,236.41629028320312
2022-11-21,237.22975158691406
2022-11-22,240.15042114257812
2022-11-23,242.64964294433594
2022-11-25,242.56143188476562
2022-11-28,236.94552612304688
2022-11-29,235.54400634765625
2022-11-30,250.05908203125
2022-12-01,249.6180419921875
2022-12-02,249.94146728515625
2022-12-05,245.2174835205078
2022-12-06,240.2386016845703
2022-12-07,239.50357055664062
2022-12-08,242.47320556640625
2022-12-09,240.5326690673828
2022-12-12,247.48143005371094
2022-12-13,251.80361938476562
2022-12-14,252.09768676757812
2022-12-15,244.0511474609375
2022-12-16,239.81716918945312
2022-12-19,235.66163635253906
2022-12-20,236.9847412109375
2022-12-21,239.5623321533203
2022-12-22,233.44664001464844
2022-12-23,233.9758758544922
2022-12-27,232.2411346435547
2022-12-28,229.85951232910156
2022-12-29,236.21044921875
2022-12-30,235.044189453125
2023-01-03,234.8089599609375
2023-01-04,224.5376434326172
2023-01-05,217.88287353515625
2023-01-06,220.45069885253906
2023-01-09,222.59707641601562
2023-01-10,224.2926483154297
2023-01-11,231.0748291015625
2023-01-12,233.76026916503906
2023-01-13,234.46591186523438
2023-01-17,235.56362915039062
2023-01-18,231.11399841308594
2023-01-19,227.311279296875
2023-01-20,235.43618774414062
2023-01-23,237.7492218017578
2023-01-24,237.21995544433594
2023-01-25,235.8184356689453
2023-01-26,243.0612335205078
2023-01-27,243.21807861328125
2023-01-30,237.8766326904297
2023-01-31,242.8750457763672
2023-02-01,247.7166748046875
2023-02-02,259.3307800292969
2023-02-03,253.20516967773438
2023-02-06,251.6566162109375
2023-02-07,262.23175048828125
2023-02-08,261.41827392578125
2023-02-09,258.3702392578125
2023-02-10,257.8605651855469
2023-02-13,265.9169006347656
2023-02-14,266.74993896484375
2023-02-15,264.6177978515625
2023-02-16,257.572998046875
2023-02-17,253.554443359375
2023-02-21,248.25852966308594
2023-02-22,247.11878967285156
2023-02-23,250.32186889648438
2023-02-24,244.86875915527344
2023-02-27,245.7923583984375
2023-02-28,245.06527709960938
2023-03-01,241.97027587890625
2023-03-02,246.72576904296875
2023-03-03,250.83277893066406
2023-03-06,252.38522338867188
2023-03-07,249.71267700195312
2023-03-08,249.27053833007812
2023-03-09,247.91465759277344
2023-03-10,244.249755859375
2023-03-13,249.4866943359375
2023-03-14,256.23675537109375
2023-03-15,260.8055419921875
2023-03-16,271.37774658203125
2023-03-17,274.55133056640625
2023-03-20,267.47705078125
2023-03-21,269.0
2023-03-22,267.5359802246094
2023-03-23,272.8122253417969
2023-03-24,275.6714172363281
2023-03-27,271.55462646484375
2023-03-28,270.4246520996094
2023-03-29,275.61248779296875
2023-03-30,279.0906982421875
2023-03-31,283.2664489746094
2023-04-03,282.21514892578125
2023-04-04,282.1659851074219
2023-04-05,279.3756103515625
2023-04-06,286.5088195800781
2023-04-10,284.33740234375
2023-04-11,277.8919372558594
2023-04-12,278.5404357910156
2023-04-13,284.7795104980469
2023-04-14,281.1441955566406
2023-04-17,283.7576904296875
2023-04-18,283.33526611328125
2023-04-19,283.413818359375
2023-04-20,281.11468505859375
2023-04-21,280.77081298828125
2023-04-24,276.8504943847656
2023-04-25,270.6113586425781
2023-04-26,290.2130126953125
2023-04-27,299.5078125
2023-04-28,301.8955078125
2023-05-01,300.2250671386719
2023-05-02,300.07769775390625
2023-05-03,299.0853576660156
2023-05-04,300.07769775390625
2023-05-05,305.2262268066406
2023-05-08,303.26116943359375
2023-05-09,301.63995361328125
2023-05-10,306.8572998046875
2023-05-11,304.69561767578125
2023-05-12,303.5755310058594
2023-05-15,304.0569763183594
2023-05-16,306.29718017578125
2023-05-17,309.19219970703125
2023-05-18,313.6429748535156
2023-05-19,313.4657287597656
2023-05-22,316.2622375488281
2023-05-23,310.4328918457031
2023-05-24,309.0444641113281
2023-05-25,320.9296875
2023-05-26,327.79296875
2023-05-30,326.1386413574219
2023-05-31,323.36187744140625
2023-06-01,327.4876708984375
2023-06-02,330.2644958496094
2023-06-05,330.7962646484375
2023-06-06,328.5708923339844
2023-06-07,318.4285583496094
2023-06-08,320.27978515625
2023-06-09,321.786376953125
2023-06-12,326.76885986328125
2023-06-13,329.1715087890625
2023-06-14,332.1748046875
2023-06-15,342.77008056640625
2023-06-16,337.08837890625
2023-06-20,332.8739929199219
2023-06-21,328.4527282714844
2023-06-22,334.508544921875
2023-06-23,329.89031982421875
2023-06-26,323.56866455078125
2023-06-27,329.4472351074219
2023-06-28,330.7076416015625
2023-06-29,329.9198303222656
2023-06-30,335.3258361816406
2023-07-03,332.81488037109375
2023-07-05,332.972412109375
2023-07-06,336.044677734375
2023-07-07,332.056640625
2023-07-10,326.7491760253906
2023-07-11,327.37939453125
2023-07-12,332.0369567871094
2023-07-13,337.41339111328125
2023-07-14,339.953857421875
2023-07-17,340.4363708496094
2023-07-18,353.98565673828125
2023-07-19,349.6431884765625
2023-07-20,341.5588684082031
2023-07-21,338.50634765625
2023-07-24,339.8258056640625
2023-07-25,345.60595703125
2023-07-26,332.5982360839844
2023-07-27,325.65618896484375
2023-07-28,333.1890563964844
2023-07-31,330.7765808105469
2023-08-01,331.1900939941406
2023-08-02,322.4855041503906
2023-08-03,321.6583557128906
2023-08-04,322.7611999511719
2023-08-07,325.0555114746094
2023-08-08,321.0576477050781
2023-08-09,317.29620361328125
2023-08-10,317.9854431152344
2023-08-11,316.0948791503906
2023-08-14,319.0785217285156
2023-08-15,316.93182373046875
2023-08-16,316.1622009277344
2023-08-17,312.6886901855469
2023-08-18,312.29400634765625
2023-08-21,317.6225891113281
2023-08-22,318.1949462890625
2023-08-23,322.67486572265625
2023-08-24,315.7378234863281
2023-08-25,318.70806884765625
2023-08-28,319.41851806640625
2023-08-29,324.06622314453125
2023-08-30,324.44122314453125
2023-08-31,323.4248046875
2023-09-01,324.31292724609375
2023-09-05,329.1382141113281
2023-09-06,328.47711181640625
2023-09-07,325.5463562011719
2023-09-08,329.84869384765625
2023-09-11,333.4701843261719
2023-09-12,327.38177490234375
2023-09-13,331.614990234375
2023-09-14,334.22015380859375
2023-09-15,325.8522644042969
2023-09-18,324.7076110839844
2023-09-19,324.30303955078125
2023-09-20,316.5272521972656
2023-09-21,315.3036804199219
2023-09-22,312.8170471191406
2023-09-25,313.3399963378906
2023-09-26,308.0114440917969
2023-09-27,308.6528625488281
2023-09-28,309.4916076660156
2023-09-29,311.5736389160156
2023-10-02,317.5436096191406
2023-10-03,309.24493408203125
2023-10-04,314.7411804199219
2023-10-05,315.1358947753906
2023-10-06,322.93145751953125
2023-10-09,325.45758056640625
2023-10-10,324.0464782714844
2023-10-11,328.023193359375
2023-10-12,326.77984619140625
2023-10-13,323.39520263671875
2023-10-16,328.2403564453125
2023-10-17,327.6679382324219
2023-10-18,325.74371337890625
2023-10-19,326.937744140625
2023-10-20,322.3492736816406
2023-10-23,324.96417236328125
2023-10-24,326.158203125
2023-10-25,336.1640625
2023-10-26,323.5531311035156
2023-10-27,325.44769287109375
2023-10-30,332.8485107421875
2023-10-31,333.6379089355469
2023-11-01,341.49261474609375
2023-11-02,343.712890625
2023-11-03,348.13360595703125
2023-11-06,351.8143005371094
2023-11-07,355.7613525390625
2023-11-08,358.3960876464844
2023-11-09,355.9192810058594
2023-11-10,364.780517578125
2023-11-13,361.830078125
2023-11-14,365.37255859375
2023-11-15,365.5209045410156
2023-11-16,371.9479064941406
2023-11-17,365.6988525390625
2023-11-20,373.2036437988281
2023-11-21,368.8826599121094
2023-11-22,373.6090393066406
2023-11-24,373.1938171386719
2023-11-27,374.36053466796875
2023-11-28,378.4046325683594
2023-11-29,374.59783935546875
2023-11-30,374.65716552734375
2023-12-01,370.3065490722656
2023-12-04,364.9967956542969
2023-12-05,368.3388366699219
2023-12-06,364.66064453125
2023-12-07,366.7864990234375
2023-12-08,370.0296936035156
2023-12-11,367.132568359375
2023-12-12,370.177978515625
2023-12-13,370.1681213378906
2023-12-14,361.82281494140625
2023-12-15,366.5689697265625
2023-12-18,368.4674377441406
2023-12-19,369.0705871582031
2023-12-20,366.460205078125
2023-12-21,369.3474426269531
2023-12-22,370.375732421875
2023-12-26,370.454833984375
2023-12-27,369.87152099609375
2023-12-28,371.06793212890625
2023-12-29,371.81939697265625
2024-01-02,366.7073974609375
2024-01-03,366.4404296875
2024-01-04,363.8102722167969
2024-01-05,363.6224060058594
2024-01-08,370.4844970703125
2024-01-09,371.5721740722656
2024-01-10,378.47381591796875
2024-01-11,380.3129577636719
2024-01-12,384.10986328125
2024-01-16,385.8896179199219
2024-01-17,385.0986328125
2024-01-18,389.44927978515625
2024-01-19,394.1953430175781
2024-01-22,392.0596008300781
2024-01-23,394.4227600097656
2024-01-24,398.04168701171875
2024-01-25,400.3258056640625
2024-01-26,399.39630126953125
2024-01-29,405.121337890625
2024-01-30,404.0040588378906
2024-01-31,393.1175842285156
2024-02-01,399.2480163574219
2024-02-02,406.6044616699219
2024-02-05,401.0970764160156
2024-02-06,400.93878173828125
2024-02-07,409.4027099609375
2024-02-08,409.4620666503906
2024-02-09,415.82977294921875
2024-02-12,410.5991516113281
2024-02-13,401.759521484375
2024-02-14,405.6426696777344
2024-02-15,402.740234375
2024-02-16,400.2637023925781
2024-02-20,399.0056457519531
2024-02-21,398.4013671875
2024-02-22,407.7823791503906
2024-02-23,406.48468017578125
2024-02-26,403.71099853515625
2024-02-27,403.6515808105469
2024-02-28,403.8893127441406
2024-02-29,409.7536926269531
2024-03-01,411.5962219238281
2024-03-04,411.0216979980469
2024-03-05,398.8669128417969
2024-03-06,398.31219482421875
2024-03-07,405.2959899902344
2024-03-08,402.4034118652344
2024-03-11,400.7193603515625
2024-03-12,411.3782653808594
2024-03-13,411.1999816894531
2024-03-14,421.22491455078125
2024-03-15,412.5075988769531
2024-03-18,413.39910888671875
2024-03-19,417.45068359375
2024-03-20,421.2347717285156
2024-03-21,425.33587646484375
2024-03-22,424.7118225097656
2024-03-25,418.8870544433594
2024-03-26,417.6884460449219
2024-03-27,417.47052001953125
2024-03-28,416.76715087890625
2024-04-01,420.58099365234375
2024-04-02,417.48040771484375
2024-04-03,416.4997253417969
2024-04-04,413.953857421875
2024-04-05,421.5220642089844
2024-04-08,420.600830078125
2024-04-09,422.2749328613281
2024-04-10,419.2833251953125
2024-04-11,423.9093933105469
2024-04-12,417.93609619140625
2024-04-15,409.7536926269531
2024-04-16,410.684814453125
2024-04-17,407.9705810546875
2024-04-18,400.4717102050781
2024-04-19,395.3701171875
2024-04-22,397.1928405761719
2024-04-23,403.7407531738281
2024-04-24,405.2167053222656
2024-04-25,395.2908935546875
2024-04-26,402.5024719238281
2024-04-29,398.470703125
2024-04-30,385.6720886230469
2024-05-01,391.2293395996094
2024-05-02,394.1021423339844
2024-05-03,402.8392639160156
2024-05-06,409.6546325683594
2024-05-07,405.49407958984375
2024-05-08,406.6828308105469
2024-05-09,408.44610595703125
2024-05-10,410.8433532714844
2024-05-13,409.83294677734375
2024-05-14,412.6462707519531
2024-05-15,419.8609313964844
2024-05-16,417.78680419921875
2024-05-17,417.01275634765625
2024-05-20,422.103759765625
2024-05-21,425.7756042480469
2024-05-22,427.24432373046875
2024-05-23,423.7511291503906
2024-05-24,426.8870544433594
2024-05-28,427.0458679199219
2024-05-29,425.9046325683594
2024-05-30,411.5149230957031
2024-05-31,411.971435546875
2024-06-03,410.3736572265625
2024-06-04,412.9042663574219
2024-06-05,420.78387451171875
2024-06-06,421.28997802734375
2024-06-07,420.6250915527344
2024-06-10,424.614501953125
2024-06-11,429.3879089355469
2024-06-12,437.70416259765625
2024-06-13,438.22015380859375
2024-06-14,439.2026672363281
2024-06-17,444.9585266113281
2024-06-18,442.9439392089844
2024-06-20,442.3088684082031
2024-06-21,446.3578186035156
2024-06-24,444.2638854980469
2024-06-25,447.5188903808594
2024-06-26,448.71966552734375
2024-06-27,449.4044494628906
2024-06-28,443.5493469238281
2024-07-01,453.25494384765625
2024-07-02,455.7855224609375
2024-07-03,457.2641296386719
2024-07-05,464.00250244140625
2024-07-08,462.69256591796875
2024-07-09,456.04351806640625
2024-07-10,462.7024841308594
2024-07-11,451.2403564453125
2024-07-12,450.09912109375
2024-07-15,450.5060119628906
2024-07-16,446.09979248046875
2024-07-17,440.1454162597656
2024-07-18,437.0193786621094
2024-07-19,433.7841491699219
2024-07-22,439.5698547363281
2024-07-23,441.46533203125
2024-07-24,425.63665771484375
2024-07-25,415.2165832519531
2024-07-26,422.0342712402344
2024-07-29,423.4831848144531
2024-07-30,419.7021789550781
2024-07-31,415.1669616699219
2024-08-01,413.93634033203125
2024-08-02,405.3819580078125
2024-08-05,392.1434326171875
2024-08-06,396.56951904296875
2024-08-07,395.3984680175781
2024-08-08,399.6260986328125
2024-08-09,402.9306945800781
2024-08-12,403.7147521972656
2024-08-13,410.8599548339844
2024-08-14,413.6882629394531
2024-08-15,418.57965087890625
2024-08-16,416.0345153808594
2024-08-19,419.07672119140625
2024-08-20,422.3276672363281
2024-08-21,421.67156982421875
2024-08-22,413.13153076171875
2024-08-23,414.36431884765625
2024-08-26,411.08349609375
2024-08-27,411.43145751953125
2024-08-28,408.2103576660156
2024-08-29,410.7156677246094
2024-08-30,414.7122802734375
2024-09-03,407.0570983886719
2024-09-04,406.5202331542969
2024-09-05,406.01318359375
2024-09-06,399.36212158203125
2024-09-09,403.3587341308594
2024-09-10,411.7893981933594
2024-09-11,420.57794189453125
2024-09-12,424.514892578125
2024-09-13,428.083984375
2024-09-16,428.8296203613281
2024-09-17,432.6174621582031
2024-09-18,428.302734375
2024-09-19,436.1368713378906
2024-09-20,432.7367858886719
2024-09-23,430.9870300292969
2024-09-24,426.6722717285156
2024-09-25,429.59515380859375
2024-09-26,428.7998046875
2024-09-27,425.5289306640625
2024-09-30,427.795654296875
2024-10-01,418.2416076660156
2024-10-02,414.7023620605469
2024-10-03,414.11578369140625
2024-10-04,413.6385498046875
2024-10-07,407.1565246582031
2024-10-08,412.29644775390625
2024-10-09,415.0303955078125
2024-10-10,413.41986083984375
2024-10-11,413.89703369140625
2024-10-14,416.7006530761719
2024-10-15,416.3029479980469
2024-10-16,413.69818115234375
2024-10-17,414.2947082519531
2024-10-18,415.7263488769531
2024-10-21,416.3427429199219
2024-10-22,425.0219421386719
2024-10-23,422.1288757324219
2024-10-24,422.25811767578125
2024-10-25,425.658203125
2024-10-28,424.1072998046875
2024-10-29,429.43609619140625
2024-10-30,430.0127258300781
2024-10-31,403.985107421875
2024-11-01,407.981689453125
2024-11-04,406.0827941894531
2024-11-05,409.0653076171875
2024-11-06,417.73455810546875
2024-11-07,422.9540100097656
2024-11-08,420.0808410644531
2024-11-11,415.57720947265625
2024-11-12,420.5679931640625
2024-11-13,422.7253723144531
2024-11-14,424.4055480957031
2024-11-15,412.5847473144531
2024-11-18,413.34033203125
2024-11-19,415.3584899902344
2024-11-20,413.0718688964844
2024-11-21,411.2887268066406
2024-11-22,415.40289306640625
2024-11-25,417.1860656738281
2024-11-26,426.350830078125
2024-11-27,421.3699645996094
2024-11-29,421.83819580078125
2024-12-02,429.3293762207031
2024-12-03,429.5485534667969
2024-12-04,435.7447204589844
2024-12-05,440.9248046875
2024-12-06,441.87115478515625
2024-12-09,444.311767578125
2024-12-10,441.6320495605469
2024-12-11,447.2704162597656
2024-12-12,447.83819580078125
2024-12-13,445.5569763183594
2024-12-16,449.86041259765625
2024-12-17,452.7194519042969
2024-12-18,435.71484375
2024-12-19,435.356201171875
2024-12-20,434.9278869628906
2024-12-23,433.5830383300781
2024-12-24,437.64739990234375
2024-12-26,436.43206787109375
2024-12-27,428.881103515625
2024-12-30,423.2029113769531
2024-12-31,419.88568115234375
2025-01-02,416.97686767578125
2025-01-03,421.7286071777344
2025-01-06,426.21136474609375
2025-01-07,420.7523498535156
2025-01-08,422.9339599609375
2025-01-10,417.345458984375
2025-01-13,415.5921936035156
2025-01-14,414.0780334472656
2025-01-15,424.67724609375
2025-01-16,422.953857421875
2025-01-17,427.3868408203125
2025-01-21,426.85888671875
2025-01-22,444.4910888671875
2025-01-23,444.9991149902344
2025-01-24,442.3592834472656
2025-01-27,432.8956604003906
2025-01-28,445.4872741699219
2025-01-29,440.6358947753906
2025-01-30,413.4006042480469
2025-01-31,413.4703369140625
2025-02-03,409.3462219238281
2025-02-04,410.7906494140625
2025-02-05,411.7071228027344
2025-02-06,414.2274475097656
2025-02-07,408.1806945800781
2025-02-10,410.6412048339844
2025-02-11,409.86419677734375
2025-02-12,407.473388671875
2025-02-13,408.9676513671875
2025-02-14,406.86572265625
2025-02-18,408.07110595703125
2025-02-19,413.1814270019531
2025-02-20,415.3674621582031
2025-02-21,407.4619445800781
2025-02-24,403.2596740722656
2025-02-25,397.17083740234375
2025-02-26,398.99749755859375
2025-02-27,391.8106994628906
2025-02-28,396.26251220703125
2025-03-03,387.778076171875
2025-03-04,387.8978576660156
2025-03-05,400.2851257324219
2025-03-06,396.1627197265625
2025-03-07,392.5892639160156
2025-03-10,379.46337890625
2025-03-11,379.7528381347656
2025-03-12,382.5676574707031
2025-03-13,378.0758972167969
2025-03-14,387.84796142578125
2025-03-17,387.98773193359375
2025-03-18,382.81719970703125
2025-03-19,387.1093444824219
2025-03-20,386.131103515625
2025-03-21,390.54302978515625
2025-03-24,392.35968017578125
2025-03-25,394.4358825683594
2025-03-26,389.2554016113281
2025-03-27,389.8642578125
2025-03-28,378.1058349609375
2025-03-31,374.7021179199219
2025-04-01,381.4896545410156
2025-04-02,381.43975830078125
2025-04-03,372.42626953125
2025-04-04,359.18060302734375
2025-04-07,357.2042236328125
2025-04-08,353.9102783203125
2025-04-09,389.7744140625
2025-04-10,380.65118408203125
2025-04-11,387.7381896972656
2025-04-14,387.0993347167969
2025-04-15,385.0231628417969
2025-04-16,370.92901611328125
2025-04-17,367.1060485839844
2025-04-21,358.4619140625
2025-04-22,366.1478271484375
2025-04-23,373.7039489746094
2025-04-24,386.59027099609375
2025-04-25,391.1319580078125
2025-04-28,390.4432067871094
2025-04-29,393.31793212890625
2025-04-30,394.53570556640625
2025-05-01,424.6204528808594
2025-05-02,434.48236083984375
2025-05-05,435.3707275390625
2025-05-06,432.5159606933594
2025-05-07,432.555908203125
2025-05-08,437.3670654296875
2025-05-09,437.9260559082031
2025-05-12,448.4367370605469
2025-05-13,448.3169860839844
2025-05-14,452.1099853515625
2025-05-15,453.1300048828125
2025-05-16,454.2699890136719
2025-05-19,458.8699951171875
2025-05-20,458.1700134277344
2025-05-21,452.57000732421875
2025-05-22,454.8599853515625
2025-05-23,450.17999267578125
2025-05-27,460.69000244140625
2025-05-28,457.3599853515625
2025-05-29,458.67999267578125
2025-05-30,460.3599853515625
2025-06-02,461.9700012207031
2025-06-03,462.9700012207031
2025-06-04,463.8699951171875
2025-06-05,467.67999267578125
2025-06-06,470.3800048828125
2025-06-09,472.75
2025-06-10,470.9200134277344
2025-06-11,472.6199951171875
2025-06-12,478.8699951171875
2025-06-13,474.9599914550781
2025-06-16,479.1400146484375
2025-06-17,478.0400085449219
2025-06-18,480.239990234375
2025-06-20,477.3999938964844
2025-06-23,486.0
2025-06-24,490.1099853515625
2025-06-25,492.2699890136719
2025-06-26,497.45001220703125
2025-06-27,495.94000244140625
2025-06-30,497.4100036621094
2025-07-01,492.04998779296875
2025-07-02,491.0899963378906
2025-07-03,498.8399963378906
2025-07-07,497.7200012207031
2025-07-08,496.6199951171875
2025-07-09,503.510009765625
2025-07-10,501.4800109863281
2025-07-11,503.32000732421875
