Date,Close
2000-01-05,0.0841720923781395
2000-01-06,0.0786796137690544
2000-01-07,0.0799935758113861
2000-01-10,0.0826197043061256
2000-01-11,0.0792765691876411
2000-01-12,0.0772473737597465
2000-01-13,0.0804704278707504
2000-01-14,0.0839327573776245
2000-01-18,0.0875152423977851
2000-01-19,0.086678996682167
2000-01-20,0.0864405706524849
2000-01-21,0.0854851603507995
2000-01-24,0.0816651806235313
2000-01-25,0.0809481218457222
2000-01-26,0.0776049867272377
2000-01-27,0.0735457018017768
2000-01-28,0.0713973343372345
2000-01-31,0.0708003789186477
2000-02-01,0.0724710449576377
2000-02-02,0.0745011419057846
2000-02-03,0.0756950005888938
2000-02-04,0.0774857923388481
2000-02-07,0.0727103576064109
2000-02-08,0.076172724366188
2000-02-09,0.0780827030539512
2000-02-10,0.0940814241766929
2000-02-11,0.0955145806074142
2000-02-14,0.1107962727546691
2000-02-15,0.106498584151268
2000-02-16,0.1113931909203529
2000-02-17,0.1153332814574241
2000-02-18,0.1287058442831039
2000-02-22,0.125123381614685
2000-02-23,0.1258404850959777
2000-02-24,0.1246466264128685
2000-02-25,0.116885632276535
2000-02-28,0.1160503253340721
2000-02-29,0.1222579702734947
2000-03-01,0.1186764016747474
2000-03-02,0.110677070915699
2000-03-03,0.1124678552150726
2000-03-06,0.1117517352104187
2000-03-07,0.1591509878635406
2000-03-08,0.1604639738798141
2000-03-09,0.1915958821773529
2000-03-10,0.2254134118556976
2000-03-13,0.2851106822490692
2000-03-14,0.2103701531887054
2000-03-15,0.2017738819122314
2000-03-16,0.17989481985569
2000-03-17,0.1907898783683776
2000-03-20,0.1906706690788269
2000-03-21,0.1812381446361541
2000-03-22,0.1825521290302276
2000-03-23,0.1857751458883285
2000-03-24,0.1780151724815368
2000-03-27,0.1663140505552292
2000-03-28,0.1538978517055511
2000-03-29,0.1437491923570633
2000-03-30,0.1429128795862198
2000-03-31,0.1613892167806625
2000-04-03,0.1487638652324676
2000-04-04,0.1432714611291885
2000-04-05,0.1751496791839599
2000-04-06,0.1832682490348816
2000-04-07,0.1959238201379776
2000-04-10,0.1786119937896728
2000-04-11,0.167985662817955
2000-04-12,0.1505546122789383
2000-04-13,0.144106775522232
2000-04-14,0.1314218938350677
2000-04-17,0.1381375044584274
2000-04-18,0.1626133173704147
2000-04-19,0.1548523902893066
2000-04-20,0.1540170460939407
2000-04-24,0.146375298500061
2000-04-25,0.1623739898204803
2000-04-26,0.1607023924589157
2000-04-27,0.1738357096910476
2000-04-28,0.1702541708946228
2000-05-01,0.1757466346025467
2000-05-02,0.1689410656690597
2000-05-03,0.1661948710680008
2000-05-04,0.1682249754667282
2000-05-05,0.1759849935770034
2000-05-08,0.1695380210876464
2000-05-09,0.1671503186225891
2000-05-10,0.150673896074295
2000-05-11,0.1571208834648132
2000-05-12,0.1523454487323761
2000-05-15,0.1628516912460327
2000-05-16,0.1795665472745895
2000-05-17,0.2110862731933593
2000-05-18,0.1967591196298599
2000-05-19,0.1950874924659729
2000-05-22,0.2077440023422241
2000-05-23,0.2060724645853042
2000-05-24,0.2034454196691513
2000-05-25,0.2005799859762191
2000-05-26,0.2015950381755828
2000-05-30,0.2098924368619918
2000-05-31,0.2180109918117523
2000-06-01,0.2241003811359405
2000-06-02,0.2513223588466644
2000-06-05,0.2567241489887237
2000-06-06,0.2439200431108474
2000-06-07,0.2330551147460937
2000-06-08,0.2348460257053375
2000-06-09,0.2415313571691513
2000-06-12,0.2350842952728271
2000-06-13,0.2424867004156112
2000-06-14,0.2422484010457992
2000-06-15,0.2485761642456054
2000-06-16,0.2860651910305023
2000-06-19,0.3039737343788147
2000-06-20,0.2999144494533539
2000-06-21,0.3303595781326294
2000-06-22,0.3123317658901214
2000-06-23,0.2828421592712402
2000-06-26,0.316987931728363
2000-06-27,0.2722156047821045
2000-06-28,0.2617093920707702
2000-06-29,0.2239812016487121
2000-06-30,0.2428454160690307
2000-07-03,0.2335329800844192
2000-07-05,0.2084601819515228
2000-07-06,0.2211157381534576
2000-07-07,0.2223095595836639
2000-07-10,0.23377126455307
2000-07-11,0.2526354193687439
2000-07-12,0.2597986161708832
2000-07-13,0.2841551005840301
2000-07-14,0.2820059061050415
2000-07-17,0.2789020240306854
2000-07-18,0.2734096348285675
2000-07-19,0.2559786140918731
2000-07-20,0.2629031836986542
2000-07-21,0.2662464678287506
2000-07-24,0.2435614168643951
2000-07-25,0.2344874143600464
2000-07-26,0.2170564830303192
2000-07-27,0.2015353888273239
2000-07-28,0.2063108682632446
2000-07-31,0.229234293103218
2000-08-01,0.2246972769498825
2000-08-02,0.229234293103218
2000-08-03,0.2392638325691223
2000-08-04,0.2435614168643951
2000-08-07,0.2626639604568481
2000-08-08,0.2569330334663391
2000-08-09,0.2492923289537429
2000-08-10,0.2521577775478363
2000-08-11,0.2461884468793869
2000-08-14,0.2485761642456054
2000-08-15,0.2720369100570678
2000-08-16,0.2789020240306854
2000-08-17,0.2841551005840301
2000-08-18,0.2941837012767792
2000-08-21,0.2987207174301147
2000-08-22,0.2705442607402801
2000-08-23,0.2863045036792755
2000-08-24,0.2939453423023224
2000-08-25,0.2865429222583771
2000-08-28,0.2980045676231384
2000-08-29,0.2972883880138397
2000-08-30,0.2999144494533539
2000-08-31,0.3032577931880951
2000-09-01,0.3037354350090027
2000-09-05,0.3042131960391998
2000-09-06,0.2831997573375702
2000-09-07,0.2984822392463684
2000-09-08,0.2808120548725128
2000-09-11,0.2693502604961395
2000-09-12,0.2676787376403808
2000-09-13,0.2675595581531524
2000-09-14,0.2650526165962219
2000-09-15,0.2708431482315063
2000-09-18,0.2550230920314789
2000-09-19,0.2629031836986542
2000-09-20,0.2543070316314697
2000-09-21,0.2652314603328705
2000-09-22,0.2698279917240143
2000-09-25,0.2891699075698852
2000-09-26,0.2960945963859558
2000-09-27,0.3123317658901214
2000-09-28,0.3218835592269897
2000-09-29,0.3128095269203186
2000-10-02,0.3054070770740509
2000-10-03,0.2889305055141449
2000-10-04,0.2855873703956604
2000-10-05,0.2789020240306854
2000-10-06,0.261470228433609
2000-10-09,0.2672010660171509
2000-10-10,0.2469045668840408
2000-10-11,0.2490538954734802
2000-10-12,0.2392638325691223
2000-10-13,0.2488145679235458
2000-10-16,0.2430836856365203
2000-10-17,0.2254134118556976
2000-10-18,0.2218318730592727
2000-10-19,0.2433231174945831
2000-10-20,0.2660071849822998
2000-10-23,0.2600377798080444
2000-10-24,0.2516800463199615
2000-10-25,0.229712039232254
2000-10-26,0.2395021468400955
2000-10-27,0.234009638428688
2000-10-30,0.2175342142581939
2000-10-31,0.2374124825000763
2000-11-01,0.2373528033494949
2000-11-02,0.255500853061676
2000-11-03,0.2722156047821045
2000-11-06,0.2932291328907013
2000-11-07,0.2734096348285675
2000-11-08,0.2652910649776459
2000-11-09,0.2375922352075576
2000-11-10,0.2246972769498825
2000-11-13,0.225652739405632
2000-11-14,0.2669625878334045
2000-11-15,0.2634406685829162
2000-11-16,0.2469045668840408
2000-11-17,0.2421292215585708
2000-11-20,0.2235034704208374
2000-11-21,0.2192056775093078
2000-11-22,0.2077440023422241
2000-11-24,0.2196825593709945
2000-11-27,0.2122800946235656
2000-11-28,0.1964611411094665
2000-11-29,0.1843428909778595
2000-11-30,0.1547331362962722
2000-12-01,0.1700157225131988
2000-12-04,0.1726418286561966
2000-12-05,0.1838651597499847
2000-12-06,0.1575985997915268
2000-12-07,0.1547331362962722
2000-12-08,0.1900737136602401
2000-12-11,0.1900737136602401
2000-12-12,0.1848205924034118
2000-12-13,0.170493483543396
2000-12-14,0.1587924212217331
2000-12-15,0.1430330425500869
2000-12-18,0.1477488428354263
2000-12-19,0.1365850418806076
2000-12-20,0.1217811629176139
2000-12-21,0.106498584151268
2000-12-22,0.133959025144577
2000-12-26,0.1284665167331695
2000-12-27,0.1370628327131271
2000-12-28,0.1377789676189422
2000-12-29,0.1251830011606216
2001-01-02,0.1143787428736686
2001-01-03,0.1494800001382827
2001-01-04,0.1666725426912307
2001-01-05,0.1417190432548523
2001-01-08,0.155210867524147
2001-01-09,0.1583146899938583
2001-01-10,0.1692987233400344
2001-01-11,0.1833874136209488
2001-01-12,0.1795665472745895
2001-01-16,0.1654787361621856
2001-01-17,0.1714479923248291
2001-01-18,0.204341247677803
2001-01-19,0.1989084333181381
2001-01-22,0.1910282969474792
2001-01-23,0.2100721448659896
2001-01-24,0.2091762870550155
2001-01-25,0.1881628483533859
2001-01-26,0.1941330432891845
2001-01-29,0.1950874924659729
2001-01-30,0.199386179447174
2001-01-31,0.1972368359565735
2001-02-01,0.1982519477605819
2001-02-02,0.1790897697210312
2001-02-05,0.1788504272699356
2001-02-06,0.1798058897256851
2001-02-07,0.1714479923248291
2001-02-08,0.170493483543396
2001-02-09,0.1692987233400344
2001-02-12,0.1647626012563705
2001-02-13,0.1697764247655868
2001-02-14,0.1821935921907425
2001-02-15,0.2156232744455337
2001-02-16,0.2273243218660354
2001-02-20,0.2046393305063247
2001-02-21,0.2139517217874527
2001-02-22,0.2230257242918014
2001-02-23,0.2076239287853241
2001-02-26,0.2029676586389541
2001-02-27,0.1907898783683776
2001-02-28,0.1707318872213363
2001-03-01,0.184222787618637
2001-03-02,0.1664937883615493
2001-03-05,0.168104812502861
2001-03-06,0.1843428909778595
2001-03-07,0.1991477310657501
2001-03-08,0.2058331817388534
2001-03-09,0.1912676095962524
2001-03-12,0.1843428909778595
2001-03-13,0.2063108682632446
2001-03-14,0.2180109918117523
2001-03-15,0.2287565469741821
2001-03-16,0.2278019934892654
2001-03-19,0.2409344315528869
2001-03-20,0.2184887677431106
2001-03-21,0.2347267568111419
2001-03-22,0.2583663761615753
2001-03-23,0.2559786140918731
2001-03-26,0.2698279917240143
2001-03-27,0.2600377798080444
2001-03-28,0.2602166533470154
2001-03-29,0.2640971839427948
2001-03-30,0.2480387985706329
2001-04-02,0.2375922352075576
2001-04-03,0.2454714775085449
2001-04-04,0.2201602756977081
2001-04-05,0.2404575943946838
2001-04-06,0.2395021468400955
2001-04-09,0.2278588861227035
2001-04-10,0.2493683695793151
2001-04-11,0.2644217610359192
2001-04-12,0.2683948278427124
2001-04-16,0.2618616819381714
2001-04-17,0.2746989130973816
2001-04-18,0.2951776385307312
2001-04-19,0.3205457329750061
2001-04-20,0.3322366774082184
2001-04-23,0.3147000968456268
2001-04-24,0.2924268543720245
2001-04-25,0.3058745563030243
2001-04-26,0.2817675173282623
2001-04-27,0.30182546377182
2001-04-30,0.3182533979415893
2001-05-01,0.3479776978492737
2001-05-02,0.3399930298328399
2001-05-03,0.3385029733181
2001-05-04,0.343163788318634
2001-05-07,0.3585608899593353
2001-05-08,0.3326189815998077
2001-05-09,0.3170311152935028
2001-05-10,0.306371659040451
2001-05-11,0.2985391318798065
2001-05-14,0.3010992109775543
2001-05-15,0.311911791563034
2001-05-16,0.3266203701496124
2001-05-17,0.3323897421360016
2001-05-18,0.3297149240970611
2001-05-21,0.3446152210235595
2001-05-22,0.3549308180809021
2001-05-23,0.3519131243228912
2001-05-24,0.3571085929870605
2001-05-25,0.3503460884094238
2001-05-29,0.3359813392162323
2001-05-30,0.3297149240970611
2001-05-31,0.3270788192749023
2001-06-01,0.3451883196830749
2001-06-04,0.3398397862911224
2001-06-05,0.3576816022396087
2001-06-06,0.3592101633548736
2001-06-07,0.3794973790645599
2001-06-08,0.3696402609348297
2001-06-11,0.3588277697563171
2001-06-12,0.3707864284515381
2001-06-13,0.3583316802978515
2001-06-14,0.3575669527053833
2001-06-15,0.363145649433136
2001-06-18,0.348779946565628
2001-06-19,0.3297149240970611
2001-06-20,0.343889981508255
2001-06-21,0.3503847122192383
2001-06-22,0.3488185107707977
2001-06-25,0.348130851984024
2001-06-26,0.3581785559654236
2001-06-27,0.347099244594574
2001-06-28,0.3511868417263031
2001-06-29,0.3543577492237091
2001-07-02,0.3386552631855011
2001-07-03,0.342972993850708
2001-07-05,0.318101167678833
2001-07-06,0.3083202242851257
2001-07-09,0.2982338666915893
2001-07-10,0.3006792664527893
2001-07-11,0.3001061379909515
2001-07-12,0.3158463537693023
2001-07-13,0.3093131780624389
2001-07-16,0.2844411730766296
2001-07-17,0.3003354668617248
2001-07-18,0.2899428009986877
2001-07-19,0.2946045100688934
2001-07-20,0.2861229479312897
2001-07-23,0.2590348422527313
2001-07-24,0.2765712141990661
2001-07-25,0.2738964259624481
2001-07-26,0.30182546377182
2001-07-27,0.3094662725925445
2001-07-30,0.3020923137664795
2001-07-31,0.3090839982032776
2001-08-01,0.3279581665992737
2001-08-02,0.335752010345459
2001-08-03,0.3331159353256225
2001-08-06,0.3432023525238037
2001-08-07,0.3381206095218658
2001-08-08,0.3295243084430694
2001-08-09,0.3237548768520355
2001-08-10,0.3233734667301178
2001-08-13,0.3369358479976654
2001-08-14,0.3279956877231598
2001-08-15,0.3283780515193939
2001-08-16,0.3422083258628845
2001-08-17,0.3200497031211853
2001-08-20,0.3178333044052124
2001-08-21,0.3111471235752105
2001-08-22,0.3239465355873108
2001-08-23,0.316763311624527
2001-08-24,0.3258180916309356
2001-08-27,0.3370890319347381
2001-08-28,0.3326951861381531
2001-08-29,0.321998119354248
2001-08-30,0.3209664821624756
2001-08-31,0.323640376329422
2001-09-04,0.3011376857757568
2001-09-05,0.3075563013553619
2001-09-06,0.2949860990047455
2001-09-07,0.2980806529521942
2001-09-10,0.2894468605518341
2001-09-17,0.2597223818302154
2001-09-18,0.2440584450960159
2001-09-19,0.2410783469676971
2001-09-20,0.2206764370203018
2001-09-21,0.2060816437005996
2001-09-24,0.229234293103218
2001-09-25,0.220294177532196
2001-09-26,0.212347075343132
2001-09-27,0.2005799859762191
2001-09-28,0.2099025249481201
2001-10-01,0.1920983493328094
2001-10-02,0.1824705004692077
2001-10-03,0.2183841615915298
2001-10-04,0.2467322051525116
2001-10-05,0.2513939440250397
2001-10-08,0.2570477724075317
2001-10-09,0.2458923012018203
2001-10-10,0.2617093920707702
2001-10-11,0.2900575697422027
2001-10-12,0.3089317679405212
2001-10-15,0.3075563013553619
2001-10-16,0.3385029733181
2001-10-17,0.3186356723308563
2001-10-18,0.3320843577384949
2001-10-19,0.3389613926410675
2001-10-22,0.3469845354557037
2001-10-23,0.3408714830875397
2001-10-24,0.3559247255325317
2001-10-25,0.376785010099411
2001-10-26,0.3498876094818115
2001-10-29,0.3214626014232635
2001-10-30,0.3209279477596283
2001-10-31,0.3274996876716614
2001-11-01,0.3554661870002746
2001-11-02,0.3604323863983154
2001-11-05,0.3617316484451294
2001-11-06,0.3865651488304138
2001-11-07,0.3868714272975921
2001-11-08,0.3801465630531311
2001-11-09,0.4065084457397461
2001-11-12,0.4174357652664184
2001-11-13,0.4139971137046814
2001-11-14,0.4024594724178314
2001-11-15,0.4045985043048858
2001-11-16,0.4010838866233825
2001-11-19,0.3922960162162781
2001-11-20,0.3812927305698395
2001-11-21,0.3764026761054992
2001-11-23,0.381674975156784
2001-11-26,0.4089540243148803
2001-11-27,0.4133095145225525
2001-11-28,0.3924490213394165
2001-11-29,0.4096417129039764
2001-11-30,0.4175116121768951
2001-12-03,0.4111701548099518
2001-12-04,0.444256067276001
2001-12-05,0.480092704296112
2001-12-06,0.4725278317928314
2001-12-07,0.458086222410202
2001-12-10,0.4626707732677459
2001-12-11,0.4792529344558716
2001-12-12,0.4941531419754028
2001-12-13,0.4799405038356781
2001-12-14,0.5015644431114197
2001-12-17,0.519598126411438
2001-12-18,0.5062255859375
2001-12-19,0.4923952519893646
2001-12-20,0.4729863703250885
2001-12-21,0.4934654235839844
2001-12-24,0.5057670474052429
2001-12-26,0.5181455612182617
2001-12-27,0.5301430821418762
2001-12-28,0.5173818469047546
2001-12-31,0.5111925601959229
2002-01-02,0.5142485499382019
2002-01-03,0.5479459762573242
2002-01-04,0.5319764614105225
2002-01-07,0.5176871418952942
2002-01-08,0.5238003134727478
2002-01-09,0.516618013381958
2002-01-10,0.5042390823364258
2002-01-11,0.4819267094135284
2002-01-14,0.4566346108913421
2002-01-15,0.4992725253105163
2002-01-16,0.4797873795032501
2002-01-17,0.4965977370738983
2002-01-18,0.4875053465366363
2002-01-22,0.4752790033817291
2002-01-23,0.4842188954353332
2002-01-24,0.5015644431114197
2002-01-25,0.5002654790878296
2002-01-28,0.5195210576057434
2002-01-29,0.4940760731697082
2002-01-30,0.5000361204147339
2002-01-31,0.5023282766342163
2002-02-01,0.4900268614292145
2002-02-04,0.4669501781463623
2002-02-05,0.4623655080795288
2002-02-06,0.4739034175872803
2002-02-07,0.4585447013378143
2002-02-08,0.4410468339920044
2002-02-11,0.4654217362403869
2002-02-12,0.4752790033817291
2002-02-13,0.4691663682460785
2002-02-14,0.4749732911586761
2002-02-15,0.4382199048995971
2002-02-19,0.4091831147670746
2002-02-20,0.4305780529975891
2002-02-21,0.4011599719524383
2002-02-22,0.381445974111557
2002-02-25,0.4113224148750305
2002-02-26,0.4202626347541809
2002-02-27,0.4061271250247955
2002-02-28,0.3897743821144104
2002-03-01,0.4274460077285766
2002-03-04,0.451286256313324
2002-03-05,0.450140118598938
2002-03-06,0.4360036253929138
2002-03-07,0.4324890077114105
2002-03-08,0.4454021751880646
2002-03-11,0.4402059018611908
2002-03-12,0.4171303808689117
2002-03-13,0.4095654785633087
2002-03-14,0.3868714272975921
2002-03-15,0.4032231867313385
2002-03-18,0.4032231867313385
2002-03-19,0.3946652710437774
2002-03-20,0.3554661870002746
2002-03-21,0.3743396997451782
2002-03-22,0.3711303770542145
2002-03-25,0.3519507050514221
2002-03-26,0.3591339886188507
2002-03-27,0.3476723730564117
2002-03-28,0.3389613926410675
2002-04-01,0.3333827555179596
2002-04-02,0.3246718049049377
2002-04-03,0.3307851254940033
2002-04-04,0.3291804790496826
2002-04-05,0.3216919004917145
2002-04-08,0.3324658572673797
2002-04-09,0.311453253030777
2002-04-10,0.2942608296871185
2002-04-11,0.2813466489315033
2002-04-12,0.2802774608135223
2002-04-15,0.2915860116481781
2002-04-16,0.3042701482772827
2002-04-17,0.3078617453575134
2002-04-18,0.3027422726154327
2002-04-19,0.2821112275123596
2002-04-22,0.2834867238998413
2002-04-23,0.2720250785350799
2002-04-24,0.2481846511363983
2002-04-25,0.2578125
2002-04-26,0.2320612221956253
2002-04-29,0.270725667476654
2002-04-30,0.2659878134727478
2002-05-01,0.270801842212677
2002-05-02,0.259875625371933
2002-05-03,0.2502477169036865
2002-05-06,0.2406959682703018
2002-05-07,0.2467322051525116
2002-05-08,0.2750811278820038
2002-05-09,0.2633141279220581
2002-05-10,0.2435998618602752
2002-05-13,0.2583470344543457
2002-05-14,0.284021258354187
2002-05-15,0.2895989418029785
2002-05-16,0.2901345193386078
2002-05-17,0.2993039190769195
2002-05-20,0.3025131821632385
2002-05-21,0.2794365882873535
2002-05-22,0.290745198726654
2002-05-23,0.2730180919170379
2002-05-24,0.2676696181297302
2002-05-28,0.2570477724075317
2002-05-29,0.2667526006698608
2002-05-30,0.2628556489944458
2002-05-31,0.2556723952293396
2002-06-03,0.2406198680400848
2002-06-04,0.252769261598587
2002-06-05,0.2491015493869781
2002-06-06,0.2491776198148727
2002-06-07,0.2468092143535614
2002-06-10,0.2447460889816284
2002-06-11,0.2337428927421569
2002-06-12,0.2135702818632125
2002-06-13,0.2113540023565292
2002-06-14,0.215327113866806
2002-06-17,0.2172380238771438
2002-06-18,0.2160918414592743
2002-06-19,0.182241290807724
2002-06-20,0.1805605292320251
2002-06-21,0.1731479614973068
2002-06-24,0.1763572692871093
2002-06-25,0.1617632806301117
2002-06-26,0.1533577591180801
2002-06-27,0.1305104047060012
2002-06-28,0.1312750875949859
2002-07-01,0.1309688240289688
2002-07-02,0.1227165162563324
2002-07-03,0.1333382278680801
2002-07-05,0.1451053470373153
2002-07-08,0.1494607031345367
2002-07-09,0.1421252638101577
2002-07-10,0.1382283270359039
2002-07-11,0.1522877067327499
2002-07-12,0.1521355211734771
2002-07-15,0.1672649532556533
2002-07-16,0.1627563536167144
2002-07-17,0.1489261984825134
2002-07-18,0.1451053470373153
2002-07-19,0.1385336369276046
2002-07-22,0.1321149915456771
2002-07-23,0.1222579702734947
2002-07-24,0.1300519555807113
2002-07-25,0.1150755956768989
2002-07-26,0.1124009042978286
2002-07-29,0.1155340746045112
2002-07-30,0.123939648270607
2002-07-31,0.0845874547958374
2002-08-01,0.0764881446957588
2002-08-02,0.0714450031518936
2002-08-05,0.0657141581177711
2002-08-06,0.069152645766735
2002-08-07,0.0675479993224144
2002-08-08,0.0719795674085617
2002-08-09,0.0702988058328628
2002-08-12,0.0702988058328628
2002-08-13,0.0688463971018791
2002-08-14,0.0735080763697624
2002-08-15,0.0786273553967475
2002-08-16,0.0816835314035415
2002-08-19,0.0966607481241226
2002-08-20,0.0923814177513122
2002-08-21,0.0972714573144912
2002-08-22,0.0939860567450523
2002-08-23,0.0877967104315757
2002-08-26,0.0884844586253166
2002-08-27,0.0834412798285484
2002-08-28,0.0782450139522552
2002-08-29,0.0792389512062072
2002-08-30,0.0771758556365966
2002-09-03,0.0724380612373352
2002-09-04,0.0719795674085617
2002-09-05,0.0692287534475326
2002-09-06,0.0707572996616363
2002-09-09,0.0706802606582641
2002-09-10,0.0807665511965751
2002-09-11,0.0847405940294265
2002-09-12,0.0820658728480339
2002-09-13,0.0807665511965751
2002-09-16,0.0756473243236541
2002-09-17,0.0745011419057846
2002-09-18,0.0724380612373352
2002-09-19,0.0699925497174263
2002-09-20,0.0703749284148216
2002-09-23,0.06731878221035
2002-09-24,0.0678533464670181
2002-09-25,0.0715972110629081
2002-09-26,0.0677772536873817
2002-09-27,0.0654079020023346
2002-09-30,0.0654079020023346
2002-10-01,0.0689234212040901
2002-10-02,0.0688463971018791
2002-10-03,0.0654848888516426
2002-10-04,0.0621986202895641
2002-10-07,0.0591424368321895
2002-10-08,0.0573846623301506
2002-10-09,0.0563155338168144
2002-10-10,0.0592185594141483
2002-10-11,0.06731878221035
2002-10-14,0.0653317794203758
2002-10-15,0.0721326917409896
2002-10-16,0.0660955980420112
2002-10-17,0.071138747036457
2002-10-18,0.0718264207243919
2002-10-21,0.078322023153305
2002-10-22,0.0809196978807449
2002-10-23,0.0842050984501838
2002-10-24,0.0799266770482063
2002-10-25,0.0848166719079017
2002-10-28,0.085275150835514
2002-10-29,0.0815313160419464
2002-10-30,0.0858867466449737
2002-10-31,0.0909299105405807
2002-11-01,0.1077401340007782
2002-11-04,0.1195071637630462
2002-11-05,0.1147702634334564
2002-11-06,0.1236333400011062
2002-11-07,0.1111786291003227
2002-11-08,0.0868037343025207
2002-11-11,0.0800788626074791
2002-11-12,0.0871851593255996
2002-11-13,0.0899359285831451
2002-11-14,0.0958960428833961
2002-11-15,0.1029262170195579
2002-11-18,0.1067470610141754
2002-11-19,0.1082746908068656
2002-11-20,0.113700196146965
2002-11-21,0.1233280077576637
2002-11-22,0.1201187744736671
2002-11-25,0.1244743093848228
2002-11-26,0.1211118400096893
2002-11-27,0.1305104047060012
2002-11-29,0.1308927983045578
2002-12-02,0.1298997551202774
2002-12-03,0.1213410124182701
2002-12-04,0.1068231910467147
2002-12-05,0.1078162491321563
2002-12-06,0.1079693511128425
2002-12-09,0.0993345528841018
2002-12-10,0.1076639890670776
2002-12-11,0.1070523932576179
2002-12-12,0.105294644832611
2002-12-13,0.1011684238910675
2002-12-16,0.1071285158395767
2002-12-17,0.1069762930274009
2002-12-18,0.0988000035285949
2002-12-19,0.0966607481241226
2002-12-20,0.0979591757059097
2002-12-23,0.0986468568444252
2002-12-24,0.0966607481241226
2002-12-26,0.0949030220508575
2002-12-27,0.0913113579154014
2002-12-30,0.0881020650267601
2002-12-31,0.0879498645663261
2003-01-02,0.0940621942281723
2003-01-03,0.0940621942281723
2003-01-06,0.1017039343714714
2003-01-07,0.1013976484537124
2003-01-08,0.0913113579154014
2003-01-09,0.0929160267114639
2003-01-10,0.0945206210017204
2003-01-13,0.0937568545341491
2003-01-14,0.0944445356726646
2003-01-15,0.0915406122803688
2003-01-16,0.085351288318634
2003-01-17,0.0821420028805732
2003-01-21,0.0800788626074791
2003-01-22,0.0801558867096901
2003-01-23,0.0823711901903152
2003-01-24,0.0777104273438453
2003-01-27,0.0765642449259758
2003-01-28,0.0793151035904884
2003-01-29,0.0809196978807449
2003-01-30,0.0776343271136283
2003-01-31,0.0788566023111343
2003-02-03,0.0803851634263992
2003-02-04,0.0767934620380401
2003-02-05,0.0774811804294586
2003-02-06,0.0780927911400795
2003-02-07,0.0745772793889045
2003-02-10,0.0754942297935485
2003-02-11,0.0741187781095504
2003-02-12,0.0745011419057846
2003-02-13,0.0754180699586868
2003-02-14,0.0919990465044975
2003-02-18,0.0972714573144912
2003-02-19,0.0981883779168129
2003-02-20,0.0981883779168129
2003-02-21,0.0982654020190239
2003-02-24,0.0994876846671104
2003-02-25,0.0988760665059089
2003-02-26,0.0940621942281723
2003-02-27,0.0960491746664047
2003-02-28,0.096431516110897
2003-03-03,0.0948269218206405
2003-03-04,0.0940621942281723
2003-03-05,0.0955907106399536
2003-03-06,0.0939860567450523
2003-03-07,0.095437578856945
2003-03-10,0.0927637666463851
2003-03-11,0.0934514701366424
2003-03-12,0.0960491746664047
2003-03-13,0.1056009158492088
2003-03-14,0.1025438159704208
2003-03-17,0.1085039302706718
2003-03-18,0.1076639890670776
2003-03-19,0.1081985980272293
2003-03-20,0.1091916188597679
2003-03-21,0.1081985980272293
2003-03-24,0.1041484847664833
2003-03-25,0.1071285158395767
2003-03-26,0.1101085618138313
2003-03-27,0.1069762930274009
2003-03-28,0.1026208698749542
2003-03-31,0.098417617380619
2003-04-01,0.1013215407729148
2003-04-02,0.1050654202699661
2003-04-03,0.1064408272504806
2003-04-04,0.1023145988583564
2003-04-07,0.1033846586942672
2003-04-08,0.1023916080594062
2003-04-09,0.1018561497330665
2003-04-10,0.1023916080594062
2003-04-11,0.1012454479932785
2003-04-14,0.1030023023486137
2003-04-15,0.1024677082896232
2003-04-16,0.1024677082896232
2003-04-17,0.1043015718460083
2003-04-21,0.1069762930274009
2003-04-22,0.108351744711399
2003-04-23,0.1107962727546691
2003-04-24,0.1075108870863914
2003-04-25,0.1035377979278564
2003-04-28,0.1066700518131256
2003-04-29,0.1099563390016555
2003-04-30,0.1094979122281074
2003-05-01,0.1101855933666229
2003-05-02,0.1214941442012786
2003-05-05,0.1244743093848228
2003-05-06,0.1246273443102836
2003-05-07,0.1226403638720512
2003-05-08,0.1227165162563324
2003-05-09,0.1632909178733825
2003-05-12,0.158706247806549
2003-05-13,0.1557261943817138
2003-05-14,0.1555740237236023
2003-05-15,0.16092249751091
2003-05-16,0.1624509841203689
2003-05-19,0.1532816439867019
2003-05-20,0.1543508172035217
2003-05-21,0.1597763299942016
2003-05-22,0.1603108644485473
2003-05-23,0.1594709604978561
2003-05-27,0.1736065149307251
2003-05-28,0.1731479614973068
2003-05-29,0.1849919855594635
2003-05-30,0.1999684125185012
2003-06-02,0.1888890713453292
2003-06-03,0.1927860528230667
2003-06-04,0.1973707377910614
2003-06-05,0.2030255049467086
2003-06-06,0.1968361288309097
2003-06-09,0.1944667398929596
2003-06-10,0.1972946375608444
2003-06-11,0.1974468380212783
2003-06-12,0.1944667398929596
2003-06-13,0.1793373078107834
2003-06-16,0.1831581741571426
2003-06-17,0.1875137090682983
2003-06-18,0.1946960091590881
2003-06-19,0.1828528642654419
2003-06-20,0.1809418946504593
2003-06-23,0.1745233684778213
2003-06-24,0.1741419434547424
2003-06-25,0.1752881854772567
2003-06-26,0.1755173057317733
2003-06-27,0.1723842322826385
2003-06-30,0.1750589460134506
2003-07-01,0.182241290807724
2003-07-02,0.1817067116498947
2003-07-03,0.1796435862779617
2003-07-07,0.191410630941391
2003-07-08,0.1892714202404022
2003-07-09,0.1936268955469131
2003-07-10,0.1856798082590103
2003-07-11,0.1866728216409683
2003-07-14,0.1852213442325592
2003-07-15,0.1791851222515106
2003-07-16,0.1769689172506332
2003-07-17,0.168104812502861
2003-07-18,0.1624509841203689
2003-07-21,0.1600055247545242
2003-07-22,0.1626802384853363
2003-07-23,0.1648194640874862
2003-07-24,0.1584008932113647
2003-07-25,0.16092249751091
2003-07-28,0.1559554189443588
2003-07-29,0.1457169502973556
2003-07-30,0.1441122442483902
2003-07-31,0.1458691209554672
2003-08-01,0.1506830155849456
2003-08-04,0.1563378125429153
2003-08-05,0.1558792889118194
2003-08-06,0.1495368480682373
2003-08-07,0.1474737524986267
2003-08-08,0.1184380427002906
2003-08-11,0.1248565912246704
2003-08-12,0.1273781955242157
2003-08-13,0.1282180100679397
2003-08-14,0.1237865313887596
2003-08-15,0.1234041675925254
2003-08-18,0.1270719319581985
2003-08-19,0.1367767602205276
2003-08-20,0.1348658800125122
2003-08-21,0.1385336369276046
2003-08-22,0.1395276486873626
2003-08-25,0.138762816786766
2003-08-26,0.1365475803613662
2003-08-27,0.140673816204071
2003-08-28,0.1370059996843338
2003-08-29,0.1388398855924606
2003-09-02,0.1376166343688964
2003-09-03,0.134942889213562
2003-09-04,0.1362412571907043
2003-09-05,0.1427368372678756
2003-09-08,0.1493076235055923
2003-09-09,0.1584769934415817
2003-09-10,0.1476269364356994
2003-09-11,0.1457169502973556
2003-09-12,0.147856131196022
2003-09-15,0.1454106569290161
2003-09-16,0.1499192714691162
2003-09-17,0.1516770273447036
2003-09-18,0.1528231799602508
2003-09-19,0.1515999883413314
2003-09-22,0.145639881491661
2003-09-23,0.1470152586698532
2003-09-24,0.1358598470687866
2003-09-25,0.1339489817619323
2003-09-26,0.1288297176361084
2003-09-29,0.1218765676021575
2003-09-30,0.1220287829637527
2003-10-01,0.1230227649211883
2003-10-02,0.1249327138066291
2003-10-03,0.1282180100679397
2003-10-06,0.1272250562906265
2003-10-07,0.1283711493015289
2003-10-08,0.1238626465201377
2003-10-09,0.1256204098463058
2003-10-10,0.1278366595506668
2003-10-13,0.1291349828243255
2003-10-14,0.1315043419599533
2003-10-15,0.129822701215744
2003-10-16,0.1314273625612259
2003-10-17,0.1273011267185211
2003-10-20,0.1301289945840835
2003-10-21,0.1341020911931991
2003-10-22,0.1318096965551376
2003-10-23,0.1311981081962585
2003-10-24,0.130739614367485
2003-10-27,0.1314273625612259
2003-10-28,0.1396797597408294
2003-10-29,0.1396797597408294
2003-10-30,0.1370820999145507
2003-10-31,0.1350951194763183
2003-11-03,0.1376166343688964
2003-11-04,0.1380751430988311
2003-11-05,0.1386105716228485
2003-11-06,0.1388398855924606
2003-11-07,0.1661948710680008
2003-11-10,0.1657363772392273
2003-11-11,0.1616101861000061
2003-11-12,0.1637493818998336
2003-11-13,0.1638264060020446
2003-11-14,0.1541215628385543
2003-11-17,0.1525169163942337
2003-11-18,0.1503015458583831
2003-11-19,0.1545039117336273
2003-11-20,0.1503777056932449
2003-11-21,0.15098936855793
2003-11-24,0.1600816249847412
2003-11-25,0.1628323942422866
2003-11-26,0.1629855781793594
2003-11-28,0.1622217744588852
2003-12-01,0.1645140945911407
2003-12-02,0.1638264060020446
2003-12-03,0.1621447801589965
2003-12-04,0.1613048166036605
2003-12-05,0.156108558177948
2003-12-08,0.1572547107934951
2003-12-09,0.1490783840417862
2003-12-10,0.1523646861314773
2003-12-11,0.1600816249847412
2003-12-12,0.1592417359352111
2003-12-15,0.1560324132442474
2003-12-16,0.158171609044075
2003-12-17,0.1551155000925064
2003-12-18,0.1586302071809768
2003-12-19,0.160998597741127
2003-12-22,0.1612278372049331
2003-12-23,0.1677994728088379
2003-12-24,0.1665772050619125
2003-12-26,0.1737595498561859
2003-12-29,0.1810950338840484
2003-12-30,0.1814774274826049
2003-12-31,0.1772742122411728
2004-01-02,0.1763572692871093
2004-01-05,0.18208809196949
2004-01-06,0.1895007342100143
2004-01-07,0.1911814212799072
2004-01-08,0.1918691247701645
2004-01-09,0.1946199238300323
2004-01-12,0.1968361288309097
2004-01-13,0.1866728216409683
2004-01-14,0.1852973699569702
2004-01-15,0.1856037080287933
2004-01-16,0.1884306222200393
2004-01-20,0.1937029808759689
2004-01-21,0.1847628355026245
2004-01-22,0.1804834902286529
2004-01-23,0.1764343082904815
2004-01-26,0.1833874136209488
2004-01-27,0.172918751835823
2004-01-28,0.1724602729082107
2004-01-29,0.1674171835184097
2004-01-30,0.1700157225131988
2004-02-02,0.1727665364742279
2004-02-03,0.1721549183130264
2004-02-04,0.1674941629171371
2004-02-05,0.1700157225131988
2004-02-06,0.1739127188920974
2004-02-09,0.1726895570755005
2004-02-10,0.1790319681167602
2004-02-11,0.1852973699569702
2004-02-12,0.1797197014093399
2004-02-13,0.178039014339447
2004-02-17,0.1800250262022018
2004-02-18,0.1800250262022018
2004-02-19,0.1799489706754684
2004-02-20,0.1844574958086013
2004-02-23,0.178039014339447
2004-02-24,0.1709326803684234
2004-02-25,0.171925738453865
2004-02-26,0.173071876168251
2004-02-27,0.1700157225131988
2004-03-01,0.1725373566150665
2004-03-02,0.1693280488252639
2004-03-03,0.167111799120903
2004-03-04,0.1707795709371566
2004-03-05,0.1695572584867477
2004-03-08,0.1636732369661331
2004-03-09,0.1625271290540695
2004-03-10,0.1601586639881134
2004-03-11,0.1589355170726776
2004-03-12,0.1622978895902633
2004-03-15,0.1586302071809768
2004-03-16,0.1654310375452041
2004-03-17,0.1694802492856979
2004-03-18,0.1713912039995193
2004-03-19,0.1694041639566421
2004-03-22,0.168104812502861
2004-03-23,0.1687925010919571
2004-03-24,0.1763572692871093
2004-03-25,0.1865966767072677
2004-03-26,0.1860621273517608
2004-03-29,0.1940853595733642
2004-03-30,0.1998922526836395
2004-03-31,0.2017261832952499
2004-04-01,0.198134496808052
2004-04-02,0.2009623348712921
2004-04-05,0.2081447392702102
2004-04-06,0.1997392326593399
2004-04-07,0.1986700147390365
2004-04-08,0.2043238580226898
2004-04-12,0.2005039006471634
2004-04-13,0.1958421468734741
2004-04-14,0.1968361288309097
2004-04-15,0.1865206658840179
2004-04-16,0.1804073899984359
2004-04-19,0.1801781952381134
2004-04-20,0.1725373566150665
2004-04-21,0.1727665364742279
2004-04-22,0.1737595498561859
2004-04-23,0.1775804460048675
2004-04-26,0.1706264168024063
2004-04-27,0.1691749095916748
2004-04-28,0.1684872359037399
2004-04-29,0.1638264060020446
2004-04-30,0.1567963361740112
2004-05-03,0.1548092365264892
2004-05-04,0.1646663248538971
2004-05-05,0.1660417318344116
2004-05-06,0.1674171835184097
2004-05-07,0.1687164604663849
2004-05-10,0.1621447801589965
2004-05-11,0.1661187708377838
2004-05-12,0.1638264060020446
2004-05-13,0.1643610000610351
2004-05-14,0.1643610000610351
2004-05-17,0.1617632806301117
2004-05-18,0.1643610000610351
2004-05-19,0.1639785766601562
2004-05-20,0.1616101861000061
2004-05-21,0.161992534995079
2004-05-24,0.1614570468664169
2004-05-25,0.1684872359037399
2004-05-26,0.171925738453865
2004-05-27,0.1724602729082107
2004-05-28,0.1791851222515106
2004-06-01,0.1790319681167602
2004-06-02,0.1776565462350845
2004-06-03,0.169098749756813
2004-06-04,0.1674171835184097
2004-06-07,0.1714672446250915
2004-06-08,0.1684111505746841
2004-06-09,0.1605400890111923
2004-06-10,0.1589355170726776
2004-06-14,0.1539693176746368
2004-06-15,0.1562616378068924
2004-06-16,0.1538162529468536
2004-06-17,0.1507600396871566
2004-06-18,0.15098936855793
2004-06-21,0.1483145505189895
2004-06-22,0.1525169163942337
2004-06-23,0.1551155000925064
2004-06-24,0.1537401378154754
2004-06-25,0.1547331362962722
2004-06-28,0.1534339040517807
2004-06-29,0.158706247806549
2004-06-30,0.1564138680696487
2004-07-01,0.1492315083742141
2004-07-02,0.1471684426069259
2004-07-06,0.1385336369276046
2004-07-07,0.1392212957143783
2004-07-08,0.134942889213562
2004-07-09,0.1291349828243255
2004-07-12,0.1261549890041351
2004-07-13,0.1259257644414901
2004-07-14,0.1203479841351509
2004-07-15,0.1195071637630462
2004-07-16,0.1159925535321235
2004-07-19,0.1172918453812599
2004-07-20,0.1196603178977966
2004-07-21,0.1124009042978286
2004-07-22,0.1147702634334564
2004-07-23,0.1117131859064102
2004-07-26,0.1085809543728828
2004-07-27,0.1121717020869255
2004-07-28,0.1093447431921958
2004-07-29,0.1165271028876304
2004-07-30,0.1178264170885086
2004-08-02,0.1193549409508705
2004-08-03,0.1131656244397163
2004-08-04,0.1143878996372222
2004-08-05,0.1112547367811203
2004-08-06,0.0720556676387786
2004-08-09,0.0752649679780006
2004-08-10,0.0812250673770904
2004-08-11,0.0788566023111343
2004-08-12,0.0770227164030075
2004-08-13,0.080231986939907
2004-08-16,0.0794682055711746
2004-08-17,0.0838236659765243
2004-08-18,0.0894013345241546
2004-08-19,0.0890960469841957
2004-08-20,0.094368427991867
2004-08-23,0.096431516110897
2004-08-24,0.0928399041295051
2004-08-25,0.0968129783868789
2004-08-26,0.0970422253012657
2004-08-27,0.0988760665059089
2004-08-30,0.0955907106399536
2004-08-31,0.0952083319425582
2004-09-01,0.0970422253012657
2004-09-02,0.1010162308812141
2004-09-03,0.0979591757059097
2004-09-07,0.0961252674460411
2004-09-08,0.0941392034292221
2004-09-09,0.1035377979278564
2004-09-10,0.1075108870863914
2004-09-13,0.109573982656002
2004-09-14,0.1100324317812919
2004-09-15,0.1039192304015159
2004-09-16,0.1078162491321563
2004-09-17,0.1122487336397171
2004-09-20,0.1120955795049667
2004-09-21,0.1150755956768989
2004-09-22,0.1097271144390106
2004-09-23,0.1107201427221298
2004-09-24,0.1073577404022216
2004-09-27,0.105447769165039
2004-09-28,0.1069762930274009
2004-09-29,0.109573982656002
2004-09-30,0.1109494194388389
2004-10-01,0.1155340746045112
2004-10-04,0.1188195049762725
2004-10-05,0.1161456853151321
2004-10-06,0.1166041418910026
2004-10-07,0.1172918453812599
2004-10-08,0.1108732894062995
2004-10-11,0.1110255345702171
2004-10-12,0.1094208806753158
2004-10-13,0.1087331473827362
2004-10-14,0.105447769165039
2004-10-15,0.1025438159704208
2004-10-18,0.1043776720762252
2004-10-19,0.1036899834871292
2004-10-20,0.1049131900072097
2004-10-21,0.1072816476225853
2004-10-22,0.1014747098088264
2004-10-25,0.1019331514835357
2004-10-26,0.1107201427221298
2004-10-27,0.1137763112783432
2004-10-28,0.1125540435314178
2004-10-29,0.1105670258402824
2004-11-01,0.1129363998770713
2004-11-02,0.1145410537719726
2004-11-03,0.1156101897358894
2004-11-04,0.117750309407711
2004-11-05,0.1347897499799728
2004-11-08,0.1362412571907043
2004-11-09,0.1354013681411743
2004-11-10,0.1354013681411743
2004-11-11,0.1380751430988311
2004-11-12,0.1383044123649597
2004-11-15,0.1403675228357315
2004-11-16,0.1399090439081192
2004-11-17,0.1422784030437469
2004-11-18,0.1441122442483902
2004-11-19,0.1448761224746704
2004-11-22,0.1490022838115692
2004-11-23,0.1496138721704483
2004-11-24,0.1502246111631393
2004-11-26,0.1517530679702758
2004-11-29,0.1487730145454406
2004-11-30,0.1461753994226455
2004-12-01,0.1498431712388992
2004-12-02,0.1518292278051376
2004-12-03,0.1584008932113647
2004-12-06,0.1659656316041946
2004-12-07,0.1742940843105316
2004-12-08,0.1763572692871093
2004-12-09,0.1747526079416275
2004-12-10,0.178115040063858
2004-12-13,0.173225000500679
2004-12-14,0.1767396479845047
2004-12-15,0.1783442944288253
2004-12-16,0.1807127594947815
2004-12-17,0.1762050688266754
2004-12-20,0.1742940843105316
2004-12-21,0.1755934208631515
2004-12-22,0.1758227348327636
2004-12-23,0.1762811690568924
2004-12-27,0.1747526079416275
2004-12-28,0.1738357096910476
2004-12-29,0.1753641813993454
2004-12-30,0.1746765524148941
2004-12-31,0.1800250262022018
2005-01-03,0.1801781952381134
2005-01-04,0.1716964840888977
2005-01-05,0.1733010709285736
2005-01-06,0.1716203540563583
2005-01-07,0.1683340370655059
2005-01-10,0.1687164604663849
2005-01-11,0.1635202020406723
2005-01-12,0.1621447801589965
2005-01-13,0.1638264060020446
2005-01-14,0.1643610000610351
2005-01-18,0.166958674788475
2005-01-19,0.163138672709465
2005-01-20,0.1635202020406723
2005-01-21,0.1638264060020446
2005-01-24,0.1572547107934951
2005-01-25,0.1600055247545242
2005-01-26,0.162068635225296
2005-01-27,0.1750589460134506
2005-01-28,0.1748296916484832
2005-01-31,0.1751349419355392
2005-02-01,0.1784203797578811
2005-02-02,0.1883544623851776
2005-02-03,0.1863674819469452
2005-02-04,0.1970653533935547
2005-02-07,0.1946960091590881
2005-02-08,0.1966069489717483
2005-02-09,0.1897299438714981
2005-02-10,0.1941614598035812
2005-02-11,0.1998161822557449
2005-02-14,0.1956129372119903
2005-02-15,0.1973707377910614
2005-02-16,0.1966830193996429
2005-02-17,0.1949252933263778
2005-02-18,0.2160148173570633
2005-02-22,0.2187656462192535
2005-02-23,0.2116592824459076
2005-02-24,0.2172380238771438
2005-02-25,0.2203702479600906
2005-02-28,0.2215164899826049
2005-03-01,0.2209818512201309
2005-03-02,0.2144871652126312
2005-03-03,0.2115832716226577
2005-03-04,0.2106663286685943
2005-03-07,0.2128055691719055
2005-03-08,0.202031522989273
2005-03-09,0.1967591196298599
2005-03-10,0.1966830193996429
2005-03-11,0.1922514289617538
2005-03-14,0.1976760476827621
2005-03-15,0.1937029808759689
2005-03-16,0.190417543053627
2005-03-17,0.1885066777467727
2005-03-18,0.1846867203712463
2005-03-21,0.1910282969474792
2005-03-22,0.1875897943973541
2005-03-23,0.1916398704051971
2005-03-24,0.1920222640037536
2005-03-28,0.1898821145296096
2005-03-29,0.1856798082590103
2005-03-30,0.1856798082590103
2005-03-31,0.1815535575151443
2005-04-01,0.1797957867383957
2005-04-04,0.1787266433238983
2005-04-05,0.1755934208631515
2005-04-06,0.1782682090997696
2005-04-07,0.1815535575151443
2005-04-08,0.1791851222515106
2005-04-11,0.1756695359945297
2005-04-12,0.1778097748756408
2005-04-13,0.1703972518444061
2005-04-14,0.169021800160408
2005-04-15,0.163138672709465
2005-04-18,0.161992534995079
2005-04-19,0.1676464229822158
2005-04-20,0.1625271290540695
2005-04-21,0.1715434044599533
2005-04-22,0.1699387282133102
2005-04-25,0.1726134121417999
2005-04-26,0.1718496680259704
2005-04-27,0.1652780026197433
2005-04-28,0.1658124774694442
2005-04-29,0.1675702482461929
2005-05-02,0.166958674788475
2005-05-03,0.1660417318344116
2005-05-04,0.1713140606880188
2005-05-05,0.1746765524148941
2005-05-06,0.1770449876785278
2005-05-09,0.1803313046693802
2005-05-10,0.1733010709285736
2005-05-11,0.1703972518444061
2005-05-12,0.1741419434547424
2005-05-13,0.1935499012470245
2005-05-16,0.1942375898361206
2005-05-17,0.196377694606781
2005-05-18,0.1978291869163513
2005-05-19,0.1974468380212783
2005-05-20,0.2009623348712921
2005-05-23,0.2056231945753097
2005-05-24,0.2085271775722503
2005-05-25,0.2058524340391159
2005-05-26,0.2116592824459076
2005-05-27,0.2102839797735214
2005-05-31,0.20707468688488
2005-06-01,0.2089855521917343
2005-06-02,0.2167795300483703
2005-06-03,0.2162440568208694
2005-06-06,0.2141809612512588
2005-06-07,0.2089855521917343
2005-06-08,0.2075330764055252
2005-06-09,0.2162440568208694
2005-06-10,0.2137994319200515
2005-06-13,0.2185363620519638
2005-06-14,0.2056231945753097
2005-06-15,0.2050115913152694
2005-06-16,0.2060816437005996
2005-06-17,0.2056231945753097
2005-06-20,0.2087563127279281
2005-06-21,0.2107424437999725
2005-06-22,0.2105131596326828
2005-06-23,0.2137994319200515
2005-06-24,0.2069985568523407
2005-06-27,0.2053178548812866
2005-06-28,0.2066162228584289
2005-06-29,0.2047062814235687
2005-06-30,0.2041716426610946
2005-07-01,0.205088585615158
2005-07-05,0.2082978636026382
2005-07-06,0.2138756215572357
2005-07-07,0.212347075343132
2005-07-08,0.2150217741727829
2005-07-11,0.2182310670614242
2005-07-12,0.2170087546110153
2005-07-13,0.2173140943050384
2005-07-14,0.2076862305402755
2005-07-15,0.2054700255393982
2005-07-18,0.2003507912158966
2005-07-19,0.2031016200780868
2005-07-20,0.2061576843261718
2005-07-21,0.2026430815458297
2005-07-22,0.1973707377910614
2005-07-25,0.1985168308019638
2005-07-26,0.2026430815458297
2005-07-27,0.2067693173885345
2005-07-28,0.2083739638328552
2005-07-29,0.2067693173885345
2005-08-01,0.2099025249481201
2005-08-02,0.2127294093370437
2005-08-03,0.2127294093370437
2005-08-04,0.2105131596326828
2005-08-05,0.2158625572919845
2005-08-08,0.2166264057159423
2005-08-09,0.2160918414592743
2005-08-10,0.2128825634717941
2005-08-11,0.2158625572919845
2005-08-12,0.2288519144058227
2005-08-15,0.2346597611904144
2005-08-16,0.2306858152151107
2005-08-17,0.2306858152151107
2005-08-18,0.2247257530689239
2005-08-19,0.2231210768222808
2005-08-22,0.2212872207164764
2005-08-23,0.2227396667003631
2005-08-24,0.2228918075561523
2005-08-25,0.2244203835725784
2005-08-26,0.2209818512201309
2005-08-29,0.221364215016365
2005-08-30,0.229310467839241
2005-08-31,0.2344305664300918
2005-09-01,0.2345067113637924
2005-09-02,0.2306858152151107
2005-09-06,0.2325967401266098
2005-09-07,0.2400083243846893
2005-09-08,0.2428352087736129
2005-09-09,0.2459683567285537
2005-09-12,0.2451275140047073
2005-09-13,0.2525401711463928
2005-09-14,0.2494830936193466
2005-09-15,0.2539155185222626
2005-09-16,0.2540676891803741
2005-09-19,0.2504769563674927
2005-09-20,0.2553669810295105
2005-09-21,0.2531507313251495
2005-09-22,0.2463507652282714
2005-09-23,0.2499414980411529
2005-09-26,0.2520045638084411
2005-09-27,0.2528455555438995
2005-09-28,0.2543740570545196
2005-09-29,0.259646326303482
2005-09-30,0.2619386315345764
2005-10-03,0.2691211104393005
2005-10-04,0.2656064629554748
2005-10-05,0.2568185329437256
2005-10-06,0.2559016048908233
2005-10-07,0.2526161968708038
2005-10-10,0.2461976259946823
2005-10-11,0.2431414276361465
2005-10-12,0.2460445463657379
2005-10-13,0.2447460889816284
2005-10-14,0.2447460889816284
2005-10-17,0.2471145391464233
2005-10-18,0.2430644482374191
2005-10-19,0.2410013228654861
2005-10-20,0.242682933807373
2005-10-21,0.2440584450960159
2005-10-24,0.2507062256336212
2005-10-25,0.2523108422756195
2005-10-26,0.2454338371753692
2005-10-27,0.24031363427639
2005-10-28,0.2477261275053024
2005-10-31,0.2563600540161133
2005-11-01,0.2532278001308441
2005-11-02,0.2678989470005035
2005-11-03,0.264765590429306
2005-11-04,0.2602571249008178
2005-11-07,0.2591108381748199
2005-11-08,0.2542968690395355
2005-11-09,0.265758752822876
2005-11-10,0.2559016048908233
2005-11-11,0.2601048350334167
2005-11-14,0.2656064629554748
2005-11-15,0.2662171125411987
2005-11-16,0.2653001546859741
2005-11-17,0.2770682275295257
2005-11-18,0.2765326201915741
2005-11-21,0.2814236581325531
2005-11-22,0.2889111340045929
2005-11-23,0.2880714535713196
2005-11-25,0.290898323059082
2005-11-28,0.2894468605518341
2005-11-29,0.2711080610752105
2005-11-30,0.2762273848056793
2005-12-01,0.2795126736164093
2005-12-02,0.2795897424221039
2005-12-05,0.2743933796882629
2005-12-06,0.2755396068096161
2005-12-07,0.2759980857372284
2005-12-08,0.2737818956375122
2005-12-09,0.2776788175106048
2005-12-12,0.2817289233207702
2005-12-13,0.2853966653347015
2005-12-14,0.2827220261096954
2005-12-15,0.2791312634944916
2005-12-16,0.2815757989883423
2005-12-19,0.2769150137901306
2005-12-20,0.276761919260025
2005-12-21,0.2762273848056793
2005-12-22,0.2846329510211944
2005-12-23,0.2868483066558838
2005-12-27,0.2886059284210205
2005-12-28,0.2912807166576385
2005-12-29,0.2847850918769836
2005-12-30,0.2793604433536529
2006-01-03,0.2920444309711456
2006-01-04,0.3002208471298218
2006-01-05,0.3070209324359894
2006-01-06,0.3120639324188232
2006-01-09,0.3207749426364898
2006-01-10,0.3208520114421844
2006-01-11,0.3324658572673797
2006-01-12,0.3277289569377899
2006-01-13,0.3248250186443329
2006-01-17,0.3245957791805267
2006-01-18,0.3262764513492584
2006-01-19,0.3443860411643982
2006-01-20,0.3347581028938293
2006-01-23,0.3366689085960388
2006-01-24,0.3383498191833496
2006-01-25,0.3353697657585144
2006-01-26,0.3468315899372101
2006-01-27,0.3534031808376312
2006-01-30,0.3494291305541992
2006-01-31,0.3435460031032562
2006-02-01,0.3437753319740295
2006-02-02,0.3333065807819366
2006-02-03,0.3363629281520843
2006-02-06,0.3458383679389953
2006-02-07,0.3335360586643219
2006-02-08,0.343163788318634
2006-02-09,0.3373567759990692
2006-02-10,0.3354458808898926
2006-02-13,0.3365920782089233
2006-02-14,0.337203711271286
2006-02-15,0.3436983227729797
2006-02-16,0.3606616854667663
2006-02-17,0.362724632024765
2006-02-21,0.3550077676773071
2006-02-22,0.354396253824234
2006-02-23,0.3489706516265869
2006-02-24,0.3488945960998535
2006-02-27,0.3630309998989105
2006-02-28,0.3601271212100982
2006-03-01,0.3738050162792206
2006-03-02,0.3743396997451782
2006-03-03,0.3756389319896698
2006-03-06,0.3748741149902344
2006-03-07,0.3684554994106293
2006-03-08,0.366621732711792
2006-03-09,0.3685325980186462
2006-03-10,0.3621141314506531
2006-03-13,0.3664694726467132
2006-03-14,0.3766319155693054
2006-03-15,0.3826682269573211
2006-03-16,0.3696787655353546
2006-03-17,0.3726589381694793
2006-03-20,0.3698310554027557
2006-03-21,0.3880936801433563
2006-03-22,0.3769372999668121
2006-03-23,0.3839673995971679
2006-03-24,0.3969575762748718
2006-03-27,0.4076546430587768
2006-03-28,0.4139211177825928
2006-03-29,0.4361567199230194
2006-03-30,0.439136803150177
2006-03-31,0.4375322163105011
2006-04-03,0.4424220621585846
2006-04-04,0.463129460811615
2006-04-05,0.4668741226196289
2006-04-06,0.4677913188934326
2006-04-07,0.4665679335594177
2006-04-10,0.4584685862064361
2006-04-11,0.4473122060298919
2006-04-12,0.4653456807136535
2006-04-13,0.4523553848266601
2006-04-17,0.4535784721374511
2006-04-18,0.4428805708885193
2006-04-19,0.4456314146518707
2006-04-20,0.4450197517871856
2006-04-21,0.4289734363555908
2006-04-24,0.4421168565750122
2006-04-25,0.4418106377124786
2006-04-26,0.4387544095516205
2006-04-27,0.4457845091819763
2006-04-28,0.4465483129024505
2006-05-01,0.4722225069999695
2006-05-02,0.4716109931468963
2006-05-03,0.4746682345867157
2006-05-04,0.4716109931468963
2006-05-05,0.4780295789241791
2006-05-08,0.475890576839447
2006-05-09,0.4613724648952484
2006-05-10,0.4511330723762512
2006-05-11,0.4350866377353668
2006-05-12,0.402382344007492
2006-05-15,0.4081901609897613
2006-05-16,0.3974922299385071
2006-05-17,0.381445974111557
2006-05-18,0.3641771376132965
2006-05-19,0.3718181252479553
2006-05-22,0.3667748272418976
2006-05-23,0.3628018200397491
2006-05-24,0.367538720369339
2006-05-25,0.3655526638031006
2006-05-26,0.3663163483142853
2006-05-30,0.3510336875915527
2006-05-31,0.3511868417263031
2006-06-01,0.369525671005249
2006-06-02,0.3641771376132965
2006-06-05,0.3488945960998535
2006-06-06,0.3395721316337585
2006-06-07,0.3334598243236542
2006-06-08,0.3273464739322662
2006-06-09,0.3262764513492584
2006-06-12,0.3082440495491028
2006-06-13,0.3035061359405517
2006-06-14,0.3123703002929687
2006-06-15,0.3397250771522522
2006-06-16,0.331014335155487
2006-06-19,0.321081131696701
2006-06-20,0.3160379230976105
2006-06-21,0.3195526599884033
2006-06-22,0.3102300763130188
2006-06-23,0.3103832304477691
2006-06-26,0.3074793219566345
2006-06-27,0.297699362039566
2006-06-28,0.314204066991806
2006-06-29,0.3284165561199188
2006-06-30,0.325359582901001
2006-07-03,0.3300972878932953
2006-07-05,0.3152732253074646
2006-07-06,0.3054932355880737
2006-07-07,0.2960176765918731
2006-07-10,0.2831804752349853
2006-07-11,0.2926561534404754
2006-07-12,0.2785958349704742
2006-07-13,0.2714133858680725
2006-07-14,0.2700381577014923
2006-07-17,0.2721772789955139
2006-07-18,0.2870012819766998
2006-07-19,0.2995330393314361
2006-07-20,0.2935730516910553
2006-07-21,0.2715664803981781
2006-07-24,0.2989214062690735
2006-07-25,0.3094662725925445
2006-07-26,0.3094662725925445
2006-07-27,0.3138979077339172
2006-07-28,0.3464491367340088
2006-07-31,0.3383498191833496
2006-08-01,0.3247488737106323
2006-08-02,0.3496584296226501
2006-08-03,0.3716649413108825
2006-08-04,0.366621732711792
2006-08-07,0.362343281507492
2006-08-08,0.3719711005687713
2006-08-09,0.3718181252479553
2006-08-10,0.3692203462123871
2006-08-11,0.3576053380966186
2006-08-14,0.3557716310024261
2006-08-15,0.3900035321712494
2006-08-16,0.4179701805114746
2006-08-17,0.4113993942737579
2006-08-18,0.4181234240531921
2006-08-21,0.4026885330677032
2006-08-22,0.4020768105983734
2006-08-23,0.4017715752124786
2006-08-24,0.4058978855609894
2006-08-25,0.404674619436264
2006-08-28,0.4185817837715149
2006-08-29,0.4375322163105011
2006-08-30,0.4465483129024505
2006-08-31,0.4448676407337188
2006-09-01,0.4262226223945617
2006-09-05,0.4355451464653015
2006-09-06,0.4136917889118194
2006-09-07,0.4219443202018738
2006-09-08,0.4233194887638092
2006-09-11,0.429890364408493
2006-09-12,0.44119992852211
2006-09-13,0.4447145164012909
2006-09-14,0.4430338442325592
2006-09-15,0.4517445862293243
2006-09-18,0.4688602685928345
2006-09-19,0.4566346108913421
2006-09-20,0.4732927978038788
2006-09-21,0.4694719314575195
2006-09-22,0.4555645883083343
2006-09-25,0.4719173610210418
2006-09-26,0.4619832932949066
2006-09-27,0.4606078267097473
2006-09-28,0.4518969357013702
2006-09-29,0.4522032141685486
2006-10-02,0.4407414197921753
2006-10-03,0.4324890077114105
2006-10-04,0.4749732911586761
2006-10-05,0.46152463555336
2006-10-06,0.4726811349391937
2006-10-09,0.5030929446220398
2006-10-10,0.4916315376758575
2006-10-11,0.4943821728229522
2006-10-12,0.496368408203125
2006-10-13,0.5160823464393616
2006-10-16,0.5151654481887817
2006-10-17,0.495451420545578
2006-10-18,0.4823089241981506
2006-10-19,0.4914783835411072
2006-10-20,0.4858238399028778
2006-10-23,0.4826143085956573
2006-10-24,0.4966746866703033
2006-10-25,0.5012593269348145
2006-10-26,0.5171526670455933
2006-10-27,0.4948404133319855
2006-10-30,0.5008007287979126
2006-10-31,0.5328935980796814
2006-11-01,0.4917836785316467
2006-11-02,0.4884220957756042
2006-11-03,0.4982021450996399
2006-11-06,0.5133318305015564
2006-11-07,0.5211257934570312
2006-11-08,0.528767466545105
2006-11-09,0.5393122434616089
2006-11-10,0.526322066783905
2006-11-13,0.5501622557640076
2006-11-14,0.5556640028953552
2006-11-15,0.5464946031570435
2006-11-16,0.5535247325897217
2006-11-17,0.5550520420074463
2006-11-20,0.5602486729621887
2006-11-21,0.5515377521514893
2006-11-22,0.5610123872756958
2006-11-24,0.5651387572288513
2006-11-27,0.5396174788475037
2006-11-28,0.5497036576271057
2006-11-29,0.5578032732009888
2006-11-30,0.5652918815612793
2006-12-01,0.5431321263313293
2006-12-04,0.5651387572288513
2006-12-05,0.5593314170837402
2006-12-06,0.5585679411888123
2006-12-07,0.5451192855834961
2006-12-08,0.5432851910591125
2006-12-11,0.5526077747344971
2006-12-12,0.5469529628753662
2006-12-13,0.5533717274665833
2006-12-14,0.563152551651001
2006-12-15,0.5730858445167542
2006-12-18,0.5830190181732178
2006-12-19,0.5914245247840881
2006-12-20,0.5847007036209106
2006-12-21,0.5796573162078857
2006-12-22,0.5659033060073853
2006-12-26,0.5657501220703125
2006-12-27,0.5732389688491821
2006-12-28,0.5691127777099609
2006-12-29,0.5655970573425293
2007-01-03,0.5513847470283508
2007-01-04,0.5487867593765259
2007-01-05,0.5144016742706299
2007-01-08,0.5182226300239563
2007-01-09,0.5081363320350647
2007-01-10,0.533198893070221
2007-01-11,0.5312119126319885
2007-01-12,0.5383952260017395
2007-01-16,0.5393122434616089
2007-01-17,0.5280027389526367
2007-01-18,0.4842960238456726
2007-01-19,0.4871988594532013
2007-01-22,0.4871988594532013
2007-01-23,0.4873520135879516
2007-01-24,0.5024816393852234
2007-01-25,0.4849067330360412
2007-01-26,0.4809335768222809
2007-01-29,0.4612194895744324
2007-01-30,0.4700833857059479
2007-01-31,0.4684018492698669
2007-02-01,0.4743619263172149
2007-02-02,0.4867406189441681
2007-02-05,0.4946876168251037
2007-02-06,0.5122625827789307
2007-02-07,0.5322819948196411
2007-02-08,0.5254049301147461
2007-02-09,0.4989671409130096
2007-02-12,0.5099700689315796
2007-02-13,0.519598126411438
2007-02-14,0.5127209424972534
2007-02-15,0.5157773494720459
2007-02-16,0.5000361204147339
2007-02-20,0.5044688582420349
2007-02-21,0.4969799816608429
2007-02-22,0.5001892447471619
2007-02-23,0.4989671409130096
2007-02-26,0.491325169801712
2007-02-27,0.4765020608901977
2007-02-28,0.4737512469291687
2007-03-01,0.4679432511329651
2007-03-02,0.4549539089202881
2007-03-05,0.4395183026790619
2007-03-06,0.465498685836792
2007-03-07,0.4523553848266601
2007-03-08,0.4710003733634949
2007-03-09,0.4662626683712005
2007-03-12,0.4635117352008819
2007-03-13,0.4439507126808166
2007-03-14,0.4418106377124786
2007-03-15,0.4373789727687835
2007-03-16,0.4332528114318847
2007-03-19,0.4353920221328735
2007-03-20,0.4332528114318847
2007-03-21,0.4580101668834686
2007-03-22,0.4680963456630707
2007-03-23,0.4629001915454864
2007-03-26,0.4638170301914215
2007-03-27,0.4551061689853668
2007-03-28,0.4463953673839569
2007-03-29,0.4386013746261596
2007-03-30,0.4398244619369507
2007-04-02,0.4393660724163055
2007-04-03,0.4376843273639679
2007-04-04,0.4367673695087433
2007-04-05,0.4722225069999695
2007-04-09,0.4636649787425995
2007-04-10,0.4589270353317261
2007-04-11,0.4506745040416717
2007-04-12,0.4635117352008819
2007-04-13,0.4673326015472412
2007-04-16,0.4648870825767517
2007-04-17,0.46931853890419
2007-04-18,0.4751267433166504
2007-04-19,0.4816973507404327
2007-04-20,0.4873520135879516
2007-04-23,0.4794049263000488
2007-04-24,0.4974384009838104
2007-04-25,0.5059962272644043
2007-04-26,0.5122625827789307
2007-04-27,0.5053856372833252
2007-04-30,0.5026346445083618
2007-05-01,0.5079830288887024
2007-05-02,0.5020229816436768
2007-05-03,0.5114978551864624
2007-05-04,0.5151654481887817
2007-05-07,0.5049271583557129
2007-05-08,0.5087472200393677
2007-05-09,0.511039137840271
2007-05-10,0.5015644431114197
2007-05-11,0.5370200276374817
2007-05-14,0.5316705107688904
2007-05-15,0.5269336700439453
2007-05-16,0.5336572527885437
2007-05-17,0.5247933268547058
2007-05-18,0.5351859927177429
2007-05-21,0.5368666052818298
2007-05-22,0.5397707223892212
2007-05-23,0.5254049301147461
2007-05-24,0.5064546465873718
2007-05-25,0.5144016742706299
2007-05-29,0.5199033617973328
2007-05-30,0.5211257934570312
2007-05-31,0.5293779969215393
2007-06-01,0.5330456495285034
2007-06-04,0.5359499454498291
2007-06-05,0.551842987537384
2007-06-06,0.5559690594673157
2007-06-07,0.5500091910362244
2007-06-08,0.5585679411888123
2007-06-11,0.5605539679527283
2007-06-12,0.5547470450401306
2007-06-13,0.568042516708374
2007-06-14,0.5781286954879761
2007-06-15,0.6044148802757263
2007-06-18,0.6047199964523315
2007-06-19,0.6085411310195923
2007-06-20,0.6091517806053162
2007-06-21,0.6568321585655212
2007-06-22,0.6666131615638733
2007-06-25,0.6490384936332703
2007-06-26,0.6189325451850891
2007-06-27,0.635590672492981
2007-06-28,0.6417030096054077
2007-06-29,0.631311297416687
2007-07-02,0.6575970649719238
2007-07-03,0.65866619348526
2007-07-05,0.6656964421272278
2007-07-06,0.6689057350158691
2007-07-09,0.6883144378662109
2007-07-10,0.6950381994247437
2007-07-11,0.6919823288917542
2007-07-12,0.7052779197692871
2007-07-13,0.7009985446929932
2007-07-16,0.7136824727058411
2007-07-17,0.7106261849403381
2007-07-18,0.697636067867279
2007-07-19,0.6968722343444824
2007-07-20,0.6892313957214355
2007-07-23,0.6961085200309753
2007-07-24,0.677769660949707
2007-07-25,0.6745604276657104
2007-07-26,0.6779218316078186
2007-07-27,0.6762412190437317
2007-07-30,0.6951917409896851
2007-07-31,0.6993178725242615
2007-08-01,0.6941215395927429
2007-08-02,0.69106525182724
2007-08-03,0.6501085162162781
2007-08-06,0.6556100249290466
2007-08-07,0.6660016775131226
2007-08-08,0.6967193484306335
2007-08-09,0.7049717307090759
2007-08-10,0.6722681522369385
2007-08-13,0.6649326086044312
2007-08-14,0.6907589435577393
2007-08-15,0.6615702509880066
2007-08-16,0.650566816329956
2007-08-17,0.6889255046844482
2007-08-20,0.6861743927001953
2007-08-21,0.7233103513717651
2007-08-22,0.7398151755332947
2007-08-23,0.7335496544837952
2007-08-24,0.7373705506324768
2007-08-27,0.7540275454521179
2007-08-28,0.7080287933349609
2007-08-29,0.7482207417488098
2007-08-30,0.7439411878585815
2007-08-31,0.7818419337272644
2007-09-04,0.8059879541397095
2007-09-05,0.7998746037483215
2007-09-06,0.8033902049064636
2007-09-07,0.7740479707717896
2007-09-10,0.7761873602867126
2007-09-11,0.7926920056343079
2007-09-12,0.761516273021698
2007-09-13,0.7617455124855042
2007-09-14,0.7392805218696594
2007-09-17,0.7376757860183716
2007-09-18,0.8023199439048767
2007-09-19,0.7876490354537964
2007-09-20,0.7830643653869629
2007-09-21,0.7906289100646973
2007-09-24,0.8108018636703491
2007-09-25,0.8211174011230469
2007-09-26,0.8406021595001221
2007-09-27,0.8431240916252136
2007-09-28,0.8307449221611023
2007-10-01,0.8658177256584167
2007-10-02,0.8575654625892639
2007-10-03,0.8211174011230469
2007-10-04,0.8247849941253662
2007-10-05,0.8465622067451477
2007-10-08,0.860316276550293
2007-10-09,0.8451868295669556
2007-10-10,0.8461039066314697
2007-10-11,0.8085095286369324
2007-10-12,0.8282236456871033
2007-10-15,0.8341835737228394
2007-10-16,0.8417482376098633
2007-10-17,0.9063922762870787
2007-10-18,0.90570467710495
2007-10-19,0.8571072220802307
2007-10-22,0.8976815342903137
2007-10-23,0.9020370244979858
2007-10-24,0.8715487122535706
2007-10-25,0.7954431176185608
2007-10-26,0.7885661721229553
2007-10-29,0.7699978947639465
2007-10-30,0.7981938719749451
2007-10-31,0.8110309839248657
2007-11-01,0.8110309839248657
2007-11-02,0.8422068953514099
2007-11-05,0.8422068953514099
2007-11-06,0.868797779083252
2007-11-07,0.8275357484817505
2007-11-08,0.7757289409637451
2007-11-09,0.7647256851196289
2007-11-12,0.6883906126022339
2007-11-13,0.7491376399993896
2007-11-14,0.7374467253684998
2007-11-15,0.7275896072387695
2007-11-16,0.7438653111457825
2007-11-19,0.6936631798744202
2007-11-20,0.6883906126022339
2007-11-21,0.6810550689697266
2007-11-23,0.6927461624145508
2007-11-26,0.6766996383666992
2007-11-27,0.7058123350143433
2007-11-28,0.7530347108840942
2007-11-29,0.7592241764068604
2007-11-30,0.7230049967765808
2007-12-03,0.7335496544837952
2007-12-04,0.7328618764877319
2007-12-05,0.7709149122238159
2007-12-06,0.7865030169487
2007-12-07,0.776645839214325
2007-12-10,0.7851273417472839
2007-12-11,0.7860442399978638
2007-12-12,0.8130941390991211
2007-12-13,0.7908582091331482
2007-12-14,0.8039247393608093
2007-12-17,0.762891948223114
2007-12-18,0.782376766204834
2007-12-19,0.7897120714187622
2007-12-20,0.8062169551849365
2007-12-21,0.8059879541397095
2007-12-24,0.8202003240585327
2007-12-26,0.8312035202980042
2007-12-27,0.8055290579795837
2007-12-28,0.7975062131881714
2007-12-31,0.7798552513122559
2008-01-02,0.7567024827003479
2008-01-03,0.7507420778274536
2008-01-04,0.6877029538154602
2008-01-07,0.6166404485702515
2008-01-08,0.6297066807746887
2008-01-09,0.6622578501701355
2008-01-10,0.6485037803649902
2008-01-11,0.6200788021087646
2008-01-14,0.6613410115242004
2008-01-15,0.6127433180809021
2008-01-16,0.5435147285461426
2008-01-17,0.5341158509254456
2008-01-18,0.5694180130958557
2008-01-22,0.5409930348396301
2008-01-23,0.5508501529693604
2008-01-24,0.5930290818214417
2008-01-25,0.5719396471977234
2008-01-28,0.5650625228881836
2008-01-29,0.5824845433235168
2008-01-30,0.5774412155151367
2008-01-31,0.5636870265007019
2008-02-01,0.6157234907150269
2008-02-04,0.5964677333831787
2008-02-05,0.5591021776199341
2008-02-06,0.557268500328064
2008-02-07,0.5627703070640564
2008-02-08,0.5728566646575928
2008-02-11,0.5746902227401733
2008-02-12,0.5960091352462769
2008-02-13,0.6193909645080566
2008-02-14,0.5182989239692688
2008-02-15,0.5105047225952148
2008-02-19,0.5029399394989014
2008-02-20,0.4992725253105163
2008-02-21,0.4880398213863373
2008-02-22,0.5116507411003113
2008-02-25,0.5114216208457947
2008-02-26,0.5157773494720459
2008-02-27,0.5238003134727478
2008-02-28,0.5040863156318665
2008-02-29,0.4903320074081421
2008-03-03,0.4846011698246002
2008-03-04,0.4797873795032501
2008-03-05,0.4852890074253082
2008-03-06,0.4548007845878601
2008-03-07,0.4481529295444488
2008-03-10,0.4224787950515747
2008-03-11,0.4364621341228485
2008-03-12,0.4245419204235077
2008-03-13,0.4515915811061859
2008-03-14,0.4199571907520294
2008-03-17,0.4094125628471374
2008-03-18,0.4348574578762054
2008-03-19,0.4048276543617248
2008-03-20,0.4245419204235077
2008-03-24,0.4591563045978546
2008-03-25,0.4658040702342987
2008-03-26,0.4509039223194122
2008-03-27,0.4444853067398071
2008-03-28,0.4511330723762512
2008-03-31,0.4536547064781189
2008-04-01,0.4813919365406036
2008-04-02,0.4667209684848785
2008-04-03,0.4580101668834686
2008-04-04,0.4305019378662109
2008-04-07,0.4408175945281982
2008-04-08,0.4382959306240082
2008-04-09,0.4470069408416748
2008-04-10,0.4557177722454071
2008-04-11,0.4247711300849914
2008-04-14,0.4105587005615234
2008-04-15,0.4153724610805511
2008-04-16,0.4318774044513702
2008-04-17,0.4259172976016998
2008-04-18,0.4360036253929138
2008-04-21,0.4554884731769562
2008-04-22,0.4470069408416748
2008-04-23,0.4685548841953277
2008-04-24,0.4573223292827606
2008-04-25,0.4619071781635284
2008-04-28,0.4536547064781189
2008-04-29,0.4630533158779144
2008-04-30,0.4710763990879059
2008-05-01,0.4928537309169769
2008-05-02,0.5162357687950134
2008-05-05,0.503398597240448
2008-05-06,0.5164650082588196
2008-05-07,0.5045446157455444
2008-05-08,0.5031693577766418
2008-05-09,0.5164650082588196
2008-05-12,0.5017938613891602
2008-05-13,0.4914783835411072
2008-05-14,0.505919873714447
2008-05-15,0.5451192855834961
2008-05-16,0.5595609545707703
2008-05-19,0.5478699803352356
2008-05-20,0.5336572527885437
2008-05-21,0.5293020606040955
2008-05-22,0.5421389937400818
2008-05-23,0.5297604203224182
2008-05-27,0.5354911684989929
2008-05-28,0.5405341386795044
2008-05-29,0.5391589999198914
2008-05-30,0.5662086606025696
2008-06-02,0.5685010552406311
2008-06-03,0.5492452383041382
2008-06-04,0.5556640028953552
2008-06-05,0.5696470141410828
2008-06-06,0.5515377521514893
2008-06-09,0.543056070804596
2008-06-10,0.5109632611274719
2008-06-11,0.4871228337287903
2008-06-12,0.4901029467582702
2008-06-13,0.488498330116272
2008-06-16,0.4818505346775055
2008-06-17,0.4701595306396484
2008-06-18,0.4564056396484375
2008-06-19,0.4552592933177948
2008-06-20,0.4529669284820556
2008-06-23,0.4435683786869049
2008-06-24,0.4582394063472748
2008-06-25,0.4607608616352081
2008-06-26,0.4371496737003326
2008-06-27,0.4419637024402618
2008-06-30,0.4291265904903412
2008-07-01,0.4298143088817596
2008-07-02,0.4133095145225525
2008-07-03,0.2863136827945709
2008-07-07,0.2773735225200653
2008-07-08,0.2757688760757446
2008-07-09,0.270954966545105
2008-07-10,0.2702670693397522
2008-07-11,0.2675165235996246
2008-07-14,0.2553669810295105
2008-07-15,0.2581178843975067
2008-07-16,0.2594932317733764
2008-07-17,0.2604100704193115
2008-07-18,0.2649948894977569
2008-07-21,0.2665994465351105
2008-07-22,0.2608686089515686
2008-07-23,0.2686624825000763
2008-07-24,0.2528455555438995
2008-07-25,0.2649948894977569
2008-07-28,0.2643071413040161
2008-07-29,0.2670579254627228
2008-07-30,0.2631610333919525
2008-07-31,0.2622440457344055
2008-08-01,0.2484899908304214
2008-08-04,0.2425298690795898
2008-08-05,0.2565132081508636
2008-08-06,0.2633902430534363
2008-08-07,0.2592639029026031
2008-08-08,0.2521577775478363
2008-08-11,0.2574300765991211
2008-08-12,0.2537624537944793
2008-08-13,0.2810412347316742
2008-08-14,0.2980045676231384
2008-08-15,0.2970876395702362
2008-08-18,0.3030476570129394
2008-08-19,0.3076325058937073
2008-08-20,0.3227619230747223
2008-08-21,0.312217116355896
2008-08-22,0.3119878470897674
2008-08-25,0.3074031472206116
2008-08-26,0.3000676333904266
2008-08-27,0.3023599982261657
2008-08-28,0.3012138307094574
2008-08-29,0.2897522449493408
2008-09-02,0.2824166417121887
2008-09-03,0.2672872841358185
2008-09-04,0.2636193931102752
2008-09-05,0.2675165235996246
2008-09-08,0.2565132081508636
2008-09-09,0.2478022426366806
2008-09-10,0.2480315566062927
2008-09-11,0.2361112534999847
2008-09-12,0.2335897535085678
2008-09-15,0.2131879180669784
2008-09-16,0.2198356389999389
2008-09-17,0.229234293103218
2008-09-18,0.2496362626552581
2008-09-19,0.261556327342987
2008-09-22,0.2560547292232513
2008-09-23,0.2487192004919052
2008-09-24,0.2578886747360229
2008-09-25,0.2629317343235016
2008-09-26,0.2679749727249145
2008-09-29,0.2315266579389572
2008-09-30,0.2455098032951355
2008-10-01,0.2386329025030136
2008-10-02,0.2138756215572357
2008-10-03,0.2069985568523407
2008-10-06,0.1799489706754684
2008-10-07,0.1659656316041946
2008-10-08,0.1694041639566421
2008-10-09,0.1586302071809768
2008-10-10,0.156108558177948
2008-10-13,0.1845335960388183
2008-10-14,0.1804073899984359
2008-10-15,0.16092249751091
2008-10-16,0.1765104383230209
2008-10-17,0.1753641813993454
2008-10-20,0.1788026690483093
2008-10-21,0.1650486439466476
2008-10-22,0.1588593870401382
2008-10-23,0.1499192714691162
2008-10-24,0.1515238285064697
2008-10-27,0.1597763299942016
2008-10-28,0.1838458776473999
2008-10-29,0.1898060441017151
2008-10-30,0.1978291869163513
2008-10-31,0.2008092552423477
2008-11-03,0.1934737563133239
2008-11-04,0.2058524340391159
2008-11-05,0.1950783878564834
2008-11-06,0.1746765524148941
2008-11-07,0.1998922526836395
2008-11-10,0.1870551854372024
2008-11-11,0.1788026690483093
2008-11-12,0.1682579666376114
2008-11-13,0.1820120215415954
2008-11-14,0.1643610000610351
2008-11-17,0.16092249751091
2008-11-18,0.155650109052658
2008-11-19,0.1428129822015762
2008-11-20,0.1352482587099075
2008-11-21,0.1462514698505401
2008-11-24,0.1558792889118194
2008-11-25,0.1602347046136856
2008-11-26,0.1744472980499267
2008-11-28,0.1712379902601242
2008-12-01,0.1565670371055603
2008-12-02,0.1652780026197433
2008-12-03,0.1737595498561859
2008-12-04,0.1622978895902633
2008-12-05,0.1687164604663849
2008-12-08,0.1632148176431656
2008-12-09,0.1790319681167602
2008-12-10,0.1959953010082245
2008-12-11,0.1877428889274597
2008-12-12,0.1971415430307388
2008-12-15,0.1907229870557785
2008-12-16,0.2035600543022155
2008-12-17,0.2136463820934295
2008-12-18,0.1939322352409362
2008-12-19,0.195307657122612
2008-12-22,0.1838458776473999
2008-12-23,0.1813243478536605
2008-12-24,0.1769689172506332
2008-12-26,0.1721549183130264
2008-12-29,0.1776565462350845
2008-12-30,0.1838458776473999
2008-12-31,0.1849919855594635
2009-01-02,0.1996630579233169
2009-01-05,0.203330859541893
2009-01-06,0.2102078348398208
2009-01-07,0.1976000070571899
2009-01-08,0.1925567686557769
2009-01-09,0.1817827820777893
2009-01-12,0.1744472980499267
2009-01-13,0.1753641813993454
2009-01-14,0.1675702482461929
2009-01-15,0.1735303848981857
2009-01-16,0.1831581741571426
2009-01-20,0.1652780026197433
2009-01-21,0.1733010709285736
2009-01-22,0.1700918078422546
2009-01-23,0.1767396479845047
2009-01-26,0.1826997250318527
2009-01-27,0.1934737563133239
2009-01-28,0.2014969885349273
2009-01-29,0.1898060441017151
2009-01-30,0.182241290807724
2009-02-02,0.1920983493328094
2009-02-03,0.1943906247615814
2009-02-04,0.1998922526836395
2009-02-05,0.2145632952451706
2009-02-06,0.226254254579544
2009-02-09,0.2232741564512252
2009-02-10,0.2136463820934295
2009-02-11,0.1868259608745575
2009-02-12,0.1907229870557785
2009-02-13,0.1904936730861663
2009-02-17,0.1794904619455337
2009-02-18,0.1843044161796569
2009-02-19,0.1700918078422546
2009-02-20,0.1744472980499267
2009-02-23,0.1664241105318069
2009-02-24,0.1813243478536605
2009-02-25,0.1833874136209488
2009-02-26,0.1893475353717804
2009-02-27,0.1898060441017151
2009-03-02,0.1737595498561859
2009-03-03,0.1806365847587585
2009-03-04,0.1939322352409362
2009-03-05,0.1893475353717804
2009-03-06,0.1923276036977768
2009-03-09,0.1902644485235214
2009-03-10,0.2074570208787918
2009-03-11,0.2131879180669784
2009-03-12,0.2257957905530929
2009-03-13,0.2246496230363845
2009-03-16,0.2159387022256851
2009-03-17,0.2267126888036728
2009-03-18,0.2338189035654068
2009-03-19,0.2310681492090225
2009-03-20,0.218460276722908
2009-03-23,0.2342774420976638
2009-03-24,0.2241911590099334
2009-03-25,0.2278588861227035
2009-03-26,0.2420714646577835
2009-03-27,0.2397790402173996
2009-03-30,0.2244203835725784
2009-03-31,0.2260250151157379
2009-04-01,0.2317558676004409
2009-04-02,0.2425298690795898
2009-04-03,0.2594932317733764
2009-04-06,0.2601809799671173
2009-04-07,0.2512408196926117
2009-04-08,0.261556327342987
2009-04-09,0.2759980857372284
2009-04-13,0.2670579254627228
2009-04-14,0.2686624825000763
2009-04-15,0.2610978484153747
2009-04-16,0.2677455842494964
2009-04-17,0.2695794999599457
2009-04-20,0.2533038556575775
2009-04-21,0.2526161968708038
2009-04-22,0.2601809799671173
2009-04-23,0.2560547292232513
2009-04-24,0.2620147466659546
2009-04-27,0.2526161968708038
2009-04-28,0.2533038556575775
2009-04-29,0.2494068443775177
2009-04-30,0.2631610333919525
2009-05-01,0.2675165235996246
2009-05-04,0.2819581925868988
2009-05-05,0.270496517419815
2009-05-06,0.2649948894977569
2009-05-07,0.2459683567285537
2009-05-08,0.2120417356491089
2009-05-11,0.2161679416894912
2009-05-12,0.2058524340391159
2009-05-13,0.1925567686557769
2009-05-14,0.195307657122612
2009-05-15,0.2003507912158966
2009-05-18,0.2125001847743988
2009-05-19,0.2166264057159423
2009-05-20,0.2230449616909027
2009-05-21,0.2216695547103881
2009-05-22,0.2251080870628357
2009-05-26,0.2372575402259826
2009-05-27,0.2377160191535949
2009-05-28,0.2409252673387527
2009-05-29,0.2390913814306259
2009-06-01,0.2507822215557098
2009-06-02,0.2487192004919052
2009-06-03,0.2409252673387527
2009-06-04,0.2496362626552581
2009-06-05,0.2482607513666153
2009-06-08,0.2468853890895843
2009-06-09,0.2604100704193115
2009-06-10,0.2686624825000763
2009-06-11,0.2652239799499511
2009-06-12,0.2638486325740814
2009-06-15,0.2594932317733764
2009-06-16,0.2523868381977081
2009-06-17,0.2585763335227966
2009-06-18,0.2535331547260284
2009-06-19,0.2562839984893799
2009-06-22,0.2418422102928161
2009-06-23,0.2406959682703018
2009-06-24,0.2487192004919052
2009-06-25,0.2617855966091156
2009-06-26,0.2652239799499511
2009-06-29,0.2652239799499511
2009-06-30,0.2588054537773132
2009-07-01,0.2599516808986664
2009-07-02,0.2498654276132583
2009-07-06,0.2418422102928161
2009-07-07,0.2312974035739898
2009-07-08,0.2317558676004409
2009-07-09,0.2367989867925644
2009-07-10,0.2377160191535949
2009-07-13,0.2404667884111404
2009-07-14,0.2455098032951355
2009-07-15,0.2555962800979614
2009-07-16,0.268891841173172
2009-07-17,0.2766858637332916
2009-07-20,0.2801243364810943
2009-07-21,0.2743933796882629
2009-07-22,0.2812703251838684
2009-07-23,0.2980045676231384
2009-07-24,0.2970876395702362
2009-07-27,0.2984630167484283
2009-07-28,0.2989214062690735
2009-07-29,0.292961448431015
2009-07-30,0.2952538728713989
2009-07-31,0.2963999509811401
2009-08-03,0.3044230937957763
2009-08-04,0.3064862191677093
2009-08-05,0.3071738481521606
2009-08-06,0.3007554113864898
2009-08-07,0.3142802119255066
2009-08-10,0.3039646744728088
2009-08-11,0.29685840010643
2009-08-12,0.3078617453575134
2009-08-13,0.3170311152935028
2009-08-14,0.3076325058937073
2009-08-17,0.2947953641414642
2009-08-18,0.3055693209171295
2009-08-19,0.3021308779716491
2009-08-20,0.3140510022640228
2009-08-21,0.31932333111763
2009-08-24,0.3103832304477691
2009-08-25,0.3131340742111206
2009-08-26,0.3168017864227295
2009-08-27,0.321157306432724
2009-08-28,0.3376621007919311
2009-08-31,0.3328482210636139
2009-09-01,0.3216157257556915
2009-09-02,0.326200395822525
2009-09-03,0.3339942693710327
2009-09-04,0.3463730812072754
2009-09-08,0.3560009002685547
2009-09-09,0.3658579885959625
2009-09-10,0.3775488436222076
2009-09-11,0.3741103708744049
2009-09-14,0.3679211139678955
2009-09-15,0.3754857778549194
2009-09-16,0.3653994500637054
2009-09-17,0.3493531048297882
2009-09-18,0.3488945960998535
2009-09-21,0.3472899794578552
2009-09-22,0.3479776978492737
2009-09-23,0.3424759805202484
2009-09-24,0.3378912806510925
2009-09-25,0.3323897421360016
2009-09-28,0.3399545550346374
2009-09-29,0.3337651193141937
2009-09-30,0.3445391058921814
2009-10-01,0.3200110495090484
2009-10-02,0.3174895644187927
2009-10-05,0.3158849477767944
2009-10-06,0.321157306432724
2009-10-07,0.3186356723308563
2009-10-08,0.3206987977027893
2009-10-09,0.3248250186443329
2009-10-12,0.321157306432724
2009-10-13,0.3200110495090484
2009-10-14,0.3195526599884033
2009-10-15,0.3101540207862854
2009-10-16,0.3030476570129394
2009-10-19,0.3140510022640228
2009-10-20,0.3142802119255066
2009-10-21,0.3067155182361603
2009-10-22,0.3087785840034485
2009-10-23,0.3014430403709411
2009-10-26,0.2975460290908813
2009-10-27,0.2874599099159241
2009-10-28,0.2755396068096161
2009-10-29,0.2876890301704407
2009-10-30,0.2741641998291015
2009-11-02,0.2766858637332916
2009-11-03,0.2753104269504547
2009-11-04,0.2746226191520691
2009-11-05,0.2812703251838684
2009-11-06,0.3016722798347473
2009-11-09,0.3085494041442871
2009-11-10,0.3009845912456512
2009-11-11,0.3094662725925445
2009-11-12,0.3085494041442871
2009-11-13,0.3108417093753814
2009-11-16,0.3151971995830536
2009-11-17,0.314738780260086
2009-11-18,0.3099247217178345
2009-11-19,0.2975460290908813
2009-11-20,0.295712262392044
2009-11-23,0.2980045676231384
2009-11-24,0.2961707413196563
2009-11-25,0.2996091842651367
2009-11-27,0.2931905686855316
2009-11-30,0.2993799746036529
2009-12-01,0.3053400218486786
2009-12-02,0.3145094215869903
2009-12-03,0.3170311152935028
2009-12-04,0.3268880546092987
2009-12-07,0.3688378930091858
2009-12-08,0.3509577512741089
2009-12-09,0.3596685230731964
2009-12-10,0.353250116109848
2009-12-11,0.3486653864383697
2009-12-14,0.3592101633548736
2009-12-15,0.3587515652179718
2009-12-16,0.3876351714134216
2009-12-17,0.3858013749122619
2009-12-18,0.3855721056461334
2009-12-21,0.3993261158466339
2009-12-22,0.409870833158493
2009-12-23,0.4156017601490021
2009-12-24,0.4146848917007446
2009-12-28,0.408037006855011
2009-12-29,0.4130801558494568
2009-12-30,0.4279804229736328
2009-12-31,0.4282095730304718
2010-01-04,0.4238542318344116
2010-01-05,0.4300435483455658
2010-01-06,0.4327943921089172
2010-01-07,0.4243126511573791
2010-01-08,0.4252295792102813
2010-01-11,0.4192694127559662
2010-01-12,0.4050570130348205
2010-01-13,0.4105587005615234
2010-01-14,0.4041401445865631
2010-01-15,0.3922199308872223
2010-01-19,0.39955535531044
2010-01-20,0.3979507386684418
2010-01-21,0.390844464302063
2010-01-22,0.3773196637630462
2010-01-25,0.383738249540329
2010-01-26,0.3715887367725372
2010-01-27,0.381674975156784
2010-01-28,0.3688378930091858
2010-01-29,0.3527915477752685
2010-02-01,0.3798411786556244
2010-02-02,0.383738249540329
2010-02-03,0.3869475126266479
2010-02-04,0.364482581615448
2010-02-05,0.3718181252479553
2010-02-08,0.3711303770542145
2010-02-09,0.3681502938270569
2010-02-10,0.3752565681934356
2010-02-11,0.3924490213394165
2010-02-12,0.3977215588092804
2010-02-16,0.4050570130348205
2010-02-17,0.4089540243148803
2010-02-18,0.3821336328983307
2010-02-19,0.3800703883171081
2010-02-22,0.380758136510849
2010-02-23,0.3715887367725372
2010-02-24,0.3793827295303345
2010-02-25,0.3759442269802093
2010-02-26,0.3713596165180206
2010-03-01,0.386259913444519
2010-03-02,0.3860305845737457
2010-03-03,0.3812166154384613
2010-03-04,0.3819041848182678
2010-03-05,0.3935952186584472
2010-03-08,0.3878644704818725
2010-03-09,0.4023061394691467
2010-03-10,0.4032231867313385
2010-03-11,0.3940538167953491
2010-03-12,0.3954291045665741
2010-03-15,0.3933660387992859
2010-03-16,0.4071201086044311
2010-03-17,0.4149140417575836
2010-03-18,0.4002430737018585
2010-03-19,0.3954291045665741
2010-03-22,0.4018476903438568
2010-03-23,0.4101001620292663
2010-03-24,0.3963460028171539
2010-03-25,0.3974922299385071
2010-03-26,0.3974922299385071
2010-03-29,0.4025354087352752
2010-03-30,0.4041401445865631
2010-03-31,0.3988676071166992
2010-04-01,0.3947414755821228
2010-04-05,0.4007015824317932
2010-04-06,0.390844464302063
2010-04-07,0.3933660387992859
2010-04-08,0.3869475126266479
2010-04-09,0.3894691467285156
2010-04-12,0.3965753614902496
2010-04-13,0.4048276543617248
2010-04-14,0.409870833158493
2010-04-15,0.4128510653972626
2010-04-16,0.3910737037658691
2010-04-19,0.3892398476600647
2010-04-20,0.390615314245224
2010-04-21,0.3805288970470428
2010-04-22,0.3821336328983307
2010-04-23,0.3768612444400787
2010-04-26,0.3805288970470428
2010-04-27,0.3697549402713775
2010-04-28,0.3704426884651184
2010-04-29,0.381674975156784
2010-04-30,0.3601271212100982
2010-05-03,0.356230080127716
2010-05-04,0.3381206095218658
2010-05-05,0.3323897421360016
2010-05-06,0.3255127072334289
2010-05-07,0.3200110495090484
2010-05-10,0.3337651193141937
2010-05-11,0.3300972878932953
2010-05-12,0.3365159332752228
2010-05-13,0.3358282744884491
2010-05-14,0.2970876395702362
2010-05-17,0.2977752983570099
2010-05-18,0.2879182696342468
2010-05-19,0.2925029397010803
2010-05-20,0.2856259644031524
2010-05-21,0.2918152511119842
2010-05-24,0.2833335101604461
2010-05-25,0.290898323059082
2010-05-26,0.2922736406326294
2010-05-27,0.3094662725925445
2010-05-28,0.3012138307094574
2010-06-01,0.2883766591548919
2010-06-02,0.2915860116481781
2010-06-03,0.2911276221275329
2010-06-04,0.2773735225200653
2010-06-07,0.2636193931102752
2010-06-08,0.2562839984893799
2010-06-09,0.2500946223735809
2010-06-10,0.2601809799671173
2010-06-11,0.2661409974098205
2010-06-14,0.2604100704193115
2010-06-15,0.2732473015785217
2010-06-16,0.2698087394237518
2010-06-17,0.2801243364810943
2010-06-18,0.2819581925868988
2010-06-21,0.2753104269504547
2010-06-22,0.2649948894977569
2010-06-23,0.2679749727249145
2010-06-24,0.2546792328357696
2010-06-25,0.2539915144443512
2010-06-28,0.254450112581253
2010-06-29,0.2402375489473343
2010-06-30,0.2340481728315353
2010-07-01,0.2379452884197235
2010-07-02,0.2349651753902435
2010-07-06,0.2324435412883758
2010-07-07,0.2436760067939758
2010-07-08,0.2363405674695968
2010-07-09,0.2372575402259826
2010-07-12,0.2416129112243652
2010-07-13,0.2503238022327423
2010-07-14,0.2528455555438995
2010-07-15,0.2457391917705536
2010-07-16,0.230380430817604
2010-07-19,0.2397790402173996
2010-07-20,0.2457391917705536
2010-07-21,0.2377160191535949
2010-07-22,0.2416129112243652
2010-07-23,0.237486645579338
2010-07-26,0.2418422102928161
2010-07-27,0.2397790402173996
2010-07-28,0.2322142869234085
2010-07-29,0.2092908918857574
2010-07-30,0.2106663286685943
2010-08-02,0.2104370594024658
2010-08-03,0.2049354165792465
2010-08-04,0.2136463820934295
2010-08-05,0.2163971960544586
2010-08-06,0.2189187556505203
2010-08-09,0.2209818512201309
2010-08-10,0.2118124961853027
2010-08-11,0.2035600543022155
2010-08-12,0.20539391040802
2010-08-13,0.2152509689331054
2010-08-16,0.2097493857145309
2010-08-17,0.2125001847743988
2010-08-18,0.2136463820934295
2010-08-19,0.2264834642410278
2010-08-20,0.228546530008316
2010-08-23,0.2251080870628357
2010-08-24,0.2228157073259353
2010-08-25,0.22740039229393
2010-08-26,0.2246496230363845
2010-08-27,0.2319851070642471
2010-08-30,0.2209818512201309
2010-08-31,0.2138756215572357
2010-09-01,0.2154802680015564
2010-09-02,0.2193772047758102
2010-09-03,0.2269419282674789
2010-09-07,0.2290050834417343
2010-09-08,0.2365697473287582
2010-09-09,0.2333604842424392
2010-09-10,0.2308389246463775
2010-09-13,0.2439052909612655
2010-09-14,0.2416129112243652
2010-09-15,0.2420714646577835
2010-09-16,0.2423005849123001
2010-09-17,0.2418422102928161
2010-09-20,0.2455098032951355
2010-09-21,0.2588054537773132
2010-09-22,0.2610978484153747
2010-09-23,0.2663702666759491
2010-09-24,0.2810412347316742
2010-09-27,0.2750811278820038
2010-09-28,0.2743933796882629
2010-09-29,0.2723303735256195
2010-09-30,0.2677455842494964
2010-10-01,0.2601809799671173
2010-10-04,0.2576594352722168
2010-10-05,0.2594932317733764
2010-10-06,0.2471145391464233
2010-10-07,0.2452807277441024
2010-10-08,0.2489486187696457
2010-10-11,0.2478022426366806
2010-10-12,0.2526161968708038
2010-10-13,0.2599516808986664
2010-10-14,0.2558253705501556
2010-10-15,0.2588054537773132
2010-10-18,0.2604100704193115
2010-10-19,0.2588054537773132
2010-10-20,0.2588054537773132
2010-10-21,0.2542208433151245
2010-10-22,0.270496517419815
2010-10-25,0.2730180919170379
2010-10-26,0.2721011340618133
2010-10-27,0.2759980857372284
2010-10-28,0.2762273848056793
2010-10-29,0.2755396068096161
2010-11-01,0.2759980857372284
2010-11-02,0.2817289233207702
2010-11-03,0.2837920486927032
2010-11-04,0.2842505276203155
2010-11-05,0.289064347743988
2010-11-08,0.2902106940746307
2010-11-09,0.2886059284210205
2010-11-10,0.2920444309711456
2010-11-11,0.289064347743988
2010-11-12,0.3039646744728088
2010-11-15,0.3002969622611999
2010-11-16,0.2913568317890167
2010-11-17,0.2961707413196563
2010-11-18,0.3053400218486786
2010-11-19,0.3151971995830536
2010-11-22,0.3154264092445373
2010-11-23,0.30809086561203
2010-11-24,0.3156556487083435
2010-11-26,0.3117585778236389
2010-11-29,0.3151971995830536
2010-11-30,0.3119878470897674
2010-12-01,0.3257420659065246
2010-12-02,0.3296389281749725
2010-12-03,0.3390374779701233
2010-12-06,0.3326189815998077
2010-12-07,0.3433929681777954
2010-12-08,0.3463730812072754
2010-12-09,0.3406421542167663
2010-12-10,0.3427052795886993
2010-12-13,0.3339942693710327
2010-12-14,0.3344528675079345
2010-12-15,0.3271174430847168
2010-12-16,0.3275757431983948
2010-12-17,0.3294097185134887
2010-12-20,0.3280344307422638
2010-12-21,0.3408714830875397
2010-12-22,0.3445391058921814
2010-12-23,0.3420175611972809
2010-12-27,0.3438514769077301
2010-12-28,0.3424759805202484
2010-12-29,0.3424759805202484
2010-12-30,0.3436221182346344
2010-12-31,0.3530208766460418
2011-01-03,0.3626486957073211
2011-01-04,0.3615024983882904
2011-01-05,0.3892398476600647
2011-01-06,0.4431098997592926
2011-01-07,0.4554884731769562
2011-01-10,0.4729104042053222
2011-01-11,0.4655748605728149
2011-01-12,0.5352622866630554
2011-01-13,0.5361791253089905
2011-01-14,0.5407638549804688
2011-01-18,0.5281558036804199
2011-01-19,0.5137141346931458
2011-01-20,0.5141726732254028
2011-01-21,0.5093584656715393
2011-01-24,0.5668964982032776
2011-01-25,0.5494745373725891
2011-01-26,0.5625406503677368
2011-01-27,0.5609363317489624
2011-01-28,0.544660747051239
2011-01-31,0.5483283996582031
2011-02-01,0.5609363317489624
2011-02-02,0.5863811373710632
2011-02-03,0.5753780603408813
2011-02-04,0.5884444117546082
2011-02-07,0.5639163851737976
2011-02-08,0.5471820831298828
2011-02-09,0.5338867902755737
2011-02-10,0.5231126546859741
2011-02-11,0.5380127429962158
2011-02-14,0.5297604203224182
2011-02-15,0.5169234275817871
2011-02-16,0.5359499454498291
2011-02-17,0.5886737704277039
2011-02-18,0.5875272750854492
2011-02-22,0.5320528745651245
2011-02-23,0.5068371295928955
2011-02-24,0.5192157030105591
2011-02-25,0.5299897789955139
2011-02-28,0.5194447636604309
2011-03-01,0.4962923526763916
2011-03-02,0.4756610691547394
2011-03-03,0.478412002325058
2011-03-04,0.475890576839447
2011-03-07,0.4692426025867462
2011-03-08,0.4481529295444488
2011-03-09,0.4387544095516205
2011-03-10,0.41078782081604
2011-03-11,0.4137678742408752
2011-03-14,0.4172062873840332
2011-03-15,0.4048276543617248
2011-03-16,0.4018476903438568
2011-03-17,0.4094125628471374
2011-03-18,0.403910756111145
2011-03-21,0.4071201086044311
2011-03-22,0.4000139832496643
2011-03-23,0.4082663059234619
2011-03-24,0.4408175945281982
2011-03-25,0.4270634353160858
2011-03-28,0.4428805708885193
2011-03-29,0.4394421279430389
2011-03-30,0.4229373037815094
2011-03-31,0.4231665432453155
2011-04-01,0.4172062873840332
2011-04-04,0.4023061394691467
2011-04-05,0.4029939770698547
2011-04-06,0.4002430737018585
2011-04-07,0.4149140417575836
2011-04-08,0.4023061394691467
2011-04-11,0.3970336616039276
2011-04-12,0.3981800079345703
2011-04-13,0.4071201086044311
2011-04-14,0.4243126511573791
2011-04-15,0.4288974106311798
2011-04-18,0.4146848917007446
2011-04-19,0.4130801558494568
2011-04-20,0.4256879687309265
2011-04-21,0.4245419204235077
2011-04-25,0.4311896562576294
2011-04-26,0.4424220621585846
2011-04-27,0.4424220621585846
2011-04-28,0.4472361803054809
2011-04-29,0.4584685862064361
2011-05-02,0.4522793292999267
2011-05-03,0.4307312369346618
2011-05-04,0.4275219738483429
2011-05-05,0.4277512431144714
2011-05-06,0.4428805708885193
2011-05-09,0.4527377486228943
2011-05-10,0.4534253776073456
2011-05-11,0.4554884731769562
2011-05-12,0.469930350780487
2011-05-13,0.4185817837715149
2011-05-16,0.405744731426239
2011-05-17,0.4041401445865631
2011-05-18,0.4135386347770691
2011-05-19,0.4075784683227539
2011-05-20,0.4146848917007446
2011-05-23,0.4142262935638428
2011-05-24,0.4158309698104858
2011-05-25,0.4208741188049316
2011-05-26,0.4314189255237579
2011-05-27,0.4470069408416748
2011-05-31,0.4593856334686279
2011-06-01,0.4387544095516205
2011-06-02,0.4366913437843323
2011-06-03,0.4231665432453155
2011-06-06,0.4142262935638428
2011-06-07,0.4139971137046814
2011-06-08,0.4027645289897918
2011-06-09,0.3981800079345703
2011-06-10,0.3924490213394165
2011-06-13,0.3896982669830322
2011-06-14,0.3929075002670288
2011-06-15,0.3844257891178131
2011-06-16,0.3711303770542145
2011-06-17,0.362419456243515
2011-06-20,0.3580639362335205
2011-06-21,0.3658579885959625
2011-06-22,0.3608147799968719
2011-06-23,0.3715887367725372
2011-06-24,0.3608147799968719
2011-06-27,0.353250116109848
2011-06-28,0.355313092470169
2011-06-29,0.3608147799968719
2011-06-30,0.3653994500637054
2011-07-01,0.3702134191989898
2011-07-05,0.3640240430831909
2011-07-06,0.3592101633548736
2011-07-07,0.360585480928421
2011-07-08,0.3537085652351379
2011-07-11,0.34132981300354
2011-07-12,0.3367453217506408
2011-07-13,0.3360575437545776
2011-07-14,0.3227619230747223
2011-07-15,0.3232203722000122
2011-07-18,0.31634321808815
2011-07-19,0.3259711563587188
2011-07-20,0.32184499502182
2011-07-21,0.3369744718074798
2011-07-22,0.3438514769077301
2011-07-25,0.3383498191833496
2011-07-26,0.3300972878932953
2011-07-27,0.3177187740802765
2011-07-28,0.3170311152935028
2011-07-29,0.3170311152935028
2011-08-01,0.3339942693710327
2011-08-02,0.3305560052394867
2011-08-03,0.3394960463047027
2011-08-04,0.3071738481521606
2011-08-05,0.29685840010643
2011-08-08,0.2734764814376831
2011-08-09,0.2963999509811401
2011-08-10,0.2828750610351562
2011-08-11,0.3074031472206116
2011-08-12,0.2952538728713989
2011-08-15,0.3064862191677093
2011-08-16,0.2977752983570099
2011-08-17,0.2936491668224334
2011-08-18,0.2737057507038116
2011-08-19,0.268891841173172
2011-08-22,0.2737057507038116
2011-08-23,0.303276926279068
2011-08-24,0.2989214062690735
2011-08-25,0.2860843539237976
2011-08-26,0.2982338666915893
2011-08-29,0.3062569797039032
2011-08-30,0.3135926723480224
2011-08-31,0.3051108419895172
2011-09-01,0.3044230937957763
2011-09-02,0.2961707413196563
2011-09-06,0.3021308779716491
2011-09-07,0.3266588747501373
2011-09-08,0.325054258108139
2011-09-09,0.3181771636009216
2011-09-12,0.3257420659065246
2011-09-13,0.3330774903297424
2011-09-14,0.3502698838710785
2011-09-15,0.355313092470169
2011-09-16,0.354396253824234
2011-09-19,0.3470607697963714
2011-09-20,0.3381206095218658
2011-09-21,0.3317021131515503
2011-09-22,0.3096954822540283
2011-09-23,0.3161141574382782
2011-09-26,0.3168017864227295
2011-09-27,0.3172604143619537
2011-09-28,0.3076325058937073
2011-09-29,0.3000676333904266
2011-09-30,0.2867720127105713
2011-10-03,0.270725667476654
2011-10-04,0.295712262392044
2011-10-05,0.3062569797039032
2011-10-06,0.3184065520763397
2011-10-07,0.3243665099143982
2011-10-10,0.3388083279132843
2011-10-11,0.3351404964923858
2011-10-12,0.3349112570285797
2011-10-13,0.354396253824234
2011-10-14,0.3603563904762268
2011-10-17,0.3424759805202484
2011-10-18,0.3548547029495239
2011-10-19,0.3477483987808227
2011-10-20,0.3303266763687134
2011-10-21,0.3319312632083893
2011-10-24,0.3443098366260528
2011-10-25,0.3312436938285827
2011-10-26,0.3351404964923858
2011-10-27,0.3495822250843048
2011-10-28,0.3576053380966186
2011-10-31,0.339266687631607
2011-11-01,0.3223034143447876
2011-11-02,0.3168017864227295
2011-11-03,0.3358282744884491
2011-11-04,0.3397250771522522
2011-11-07,0.3378912806510925
2011-11-08,0.3456854224205017
2011-11-09,0.3282634913921356
2011-11-10,0.3317021131515503
2011-11-11,0.3433929681777954
2011-11-14,0.3367453217506408
2011-11-15,0.3411006033420563
2011-11-16,0.334223598241806
2011-11-17,0.3223034143447876
2011-11-18,0.31932333111763
2011-11-21,0.3353697657585144
2011-11-22,0.3456854224205017
2011-11-23,0.331014335155487
2011-11-25,0.32184499502182
2011-11-28,0.3399545550346374
2011-11-29,0.3417883515357971
2011-11-30,0.3582932651042938
2011-12-01,0.3626486957073211
2011-12-02,0.3603563904762268
2011-12-05,0.3548547029495239
2011-12-06,0.3498115241527557
2011-12-07,0.3477483987808227
2011-12-08,0.3367453217506408
2011-12-09,0.3415591418743133
2011-12-12,0.3330774903297424
2011-12-13,0.3239080905914306
2011-12-14,0.3113002181053161
2011-12-15,0.3085494041442871
2011-12-16,0.3096954822540283
2011-12-19,0.3016722798347473
2011-12-20,0.3186356723308563
2011-12-21,0.3145094215869903
2011-12-22,0.3280344307422638
2011-12-23,0.3248250186443329
2011-12-27,0.3223034143447876
2011-12-28,0.3142802119255066
2011-12-29,0.320240318775177
2011-12-30,0.3177187740802765
2012-01-03,0.32184499502182
2012-01-04,0.3255127072334289
2012-01-05,0.337203711271286
2012-01-06,0.3333065807819366
2012-01-09,0.3333065807819366
2012-01-10,0.3319312632083893
2012-01-11,0.325283408164978
2012-01-12,0.3232203722000122
2012-01-13,0.314738780260086
2012-01-17,0.3099247217178345
2012-01-18,0.3204694092273712
2012-01-19,0.3289512097835541
2012-01-20,0.3259711563587188
2012-01-23,0.3349112570285797
2012-01-24,0.3424759805202484
2012-01-25,0.340412974357605
2012-01-26,0.337203711271286
2012-01-27,0.3417883515357971
2012-01-30,0.339266687631607
2012-01-31,0.3385789394378662
2012-02-01,0.3422468602657318
2012-02-02,0.3550839126110077
2012-02-03,0.3626486957073211
2012-02-06,0.3598979413509369
2012-02-07,0.3608147799968719
2012-02-08,0.3738811314105987
2012-02-09,0.373651921749115
2012-02-10,0.364482581615448
2012-02-13,0.3702134191989898
2012-02-14,0.3722764551639557
2012-02-15,0.3706718683242798
2012-02-16,0.3770904242992401
2012-02-17,0.363336443901062
2012-02-21,0.3651701211929321
2012-02-22,0.3626486957073211
2012-02-23,0.3647117614746094
2012-02-24,0.3619608879089355
2012-02-27,0.3546254932880401
2012-02-28,0.351416140794754
2012-02-29,0.3472899794578552
2012-03-01,0.3495822250843048
2012-03-02,0.3525623381137848
2012-03-05,0.3406421542167663
2012-03-06,0.3374329209327698
2012-03-07,0.3394960463047027
2012-03-08,0.3406421542167663
2012-03-09,0.3397250771522522
2012-03-12,0.3344528675079345
2012-03-13,0.3390374779701233
2012-03-14,0.3294097185134887
2012-03-15,0.334223598241806
2012-03-16,0.3346821069717407
2012-03-19,0.3355989456176758
2012-03-20,0.3300972878932953
2012-03-21,0.3314727544784546
2012-03-22,0.331014335155487
2012-03-23,0.3335360586643219
2012-03-26,0.3374329209327698
2012-03-27,0.3397250771522522
2012-03-28,0.3475190997123718
2012-03-29,0.3491238355636596
2012-03-30,0.3530208766460418
2012-04-02,0.351416140794754
2012-04-03,0.3456854224205017
2012-04-04,0.3358282744884491
2012-04-05,0.3353697657585144
2012-04-09,0.331014335155487
2012-04-10,0.3245957791805267
2012-04-11,0.3287220001220703
2012-04-12,0.3365159332752228
2012-04-13,0.3245957791805267
2012-04-16,0.3206987977027893
2012-04-17,0.321386456489563
2012-04-18,0.3179479241371155
2012-04-19,0.3131340742111206
2012-04-20,0.3069446682929992
2012-04-23,0.303276926279068
2012-04-24,0.2938784062862396
2012-04-25,0.2998385429382324
2012-04-26,0.3000676333904266
2012-04-27,0.2975460290908813
2012-04-30,0.2980045676231384
2012-05-01,0.303276926279068
2012-05-02,0.2945660650730133
2012-05-03,0.2895228564739227
2012-05-04,0.2810412347316742
2012-05-07,0.285855084657669
2012-05-08,0.2856259644031524
2012-05-09,0.2867720127105713
2012-05-10,0.2847090065479278
2012-05-11,0.3028184771537781
2012-05-14,0.3009845912456512
2012-05-15,0.2980045676231384
2012-05-16,0.2920444309711456
2012-05-17,0.289981335401535
2012-05-18,0.2769150137901306
2012-05-21,0.2817289233207702
2012-05-22,0.2782904803752899
2012-05-23,0.2851675748825073
2012-05-24,0.2776026427745819
2012-05-25,0.2842505276203155
2012-05-29,0.2915860116481781
2012-05-30,0.288147509098053
2012-05-31,0.2849382758140564
2012-06-01,0.2746226191520691
2012-06-04,0.268891841173172
2012-06-05,0.2766858637332916
2012-06-06,0.284021258354187
2012-06-07,0.272559642791748
2012-06-08,0.2778320014476776
2012-06-11,0.2810412347316742
2012-06-12,0.2867720127105713
2012-06-13,0.2792075276374817
2012-06-14,0.2757688760757446
2012-06-15,0.2817289233207702
2012-06-18,0.2842505276203155
2012-06-19,0.3035061359405517
2012-06-20,0.3083202242851257
2012-06-21,0.2943368852138519
2012-06-22,0.2980045676231384
2012-06-25,0.2886059284210205
2012-06-26,0.2918152511119842
2012-06-27,0.3012138307094574
2012-06-28,0.3035061359405517
2012-06-29,0.3168017864227295
2012-07-02,0.3083202242851257
2012-07-03,0.31634321808815
2012-07-05,0.3131340742111206
2012-07-06,0.3071738481521606
2012-07-09,0.3030476570129394
2012-07-10,0.2938784062862396
2012-07-11,0.289064347743988
2012-07-12,0.2842505276203155
2012-07-13,0.2879182696342468
2012-07-16,0.2888351678848266
2012-07-17,0.2835628092288971
2012-07-18,0.2993799746036529
2012-07-19,0.3023599982261657
2012-07-20,0.2936491668224334
2012-07-23,0.2975460290908813
2012-07-24,0.2943368852138519
2012-07-25,0.3000676333904266
2012-07-26,0.3014430403709411
2012-07-27,0.3090078234672546
2012-07-30,0.3055693209171295
2012-07-31,0.3103832304477691
2012-08-01,0.3069446682929992
2012-08-02,0.30809086561203
2012-08-03,0.3145094215869903
2012-08-06,0.321157306432724
2012-08-07,0.3243665099143982
2012-08-08,0.326200395822525
2012-08-09,0.337203711271286
2012-08-10,0.3351404964923858
2012-08-13,0.3394960463047027
2012-08-14,0.3344528675079345
2012-08-15,0.3319312632083893
2012-08-16,0.3388083279132843
2012-08-17,0.3358282744884491
2012-08-20,0.3358282744884491
2012-08-21,0.3349112570285797
2012-08-22,0.3355989456176758
2012-08-23,0.3280344307422638
2012-08-24,0.3346821069717407
2012-08-27,0.3289512097835541
2012-08-28,0.3275757431983948
2012-08-29,0.3282634913921356
2012-08-30,0.3220742046833038
2012-08-31,0.3216157257556915
2012-09-04,0.3044230937957763
2012-09-05,0.3053400218486786
2012-09-06,0.314738780260086
2012-09-07,0.3071738481521606
2012-09-10,0.3044230937957763
2012-09-11,0.30809086561203
2012-09-12,0.3115293085575104
2012-09-13,0.3135926723480224
2012-09-14,0.3172604143619537
2012-09-17,0.3085494041442871
2012-09-18,0.3106124699115753
2012-09-19,0.3142802119255066
2012-09-20,0.3119878470897674
2012-09-21,0.3133632838726043
2012-09-24,0.3131340742111206
2012-09-25,0.3074031472206116
2012-09-26,0.3021308779716491
2012-09-27,0.3044230937957763
2012-09-28,0.3057985305786133
2012-10-01,0.3007554113864898
2012-10-02,0.3019014894962311
2012-10-03,0.2989214062690735
2012-10-04,0.312217116355896
2012-10-05,0.3048816323280334
2012-10-08,0.3019014894962311
2012-10-09,0.2954830229282379
2012-10-10,0.2904399633407593
2012-10-11,0.2920444309711456
2012-10-12,0.2895228564739227
2012-10-15,0.2931905686855316
2012-10-16,0.3016722798347473
2012-10-17,0.2993799746036529
2012-10-18,0.2947953641414642
2012-10-19,0.2776026427745819
2012-10-22,0.2743933796882629
2012-10-23,0.2826459407806396
2012-10-24,0.2789780497550964
2012-10-25,0.2792075276374817
2012-10-26,0.2762273848056793
2012-10-31,0.2746226191520691
2012-11-01,0.2876890301704407
2012-11-02,0.2863136827945709
2012-11-05,0.2984630167484283
2012-11-06,0.2982338666915893
2012-11-07,0.289064347743988
2012-11-08,0.2906690239906311
2012-11-09,0.2794365882873535
2012-11-12,0.2732473015785217
2012-11-13,0.2711842358112335
2012-11-14,0.2645364105701446
2012-11-15,0.265682578086853
2012-11-16,0.2608686089515686
2012-11-19,0.2682041823863983
2012-11-20,0.2650895416736603
2012-11-21,0.2727030515670776
2012-11-23,0.27454873919487
2012-11-26,0.2793936133384704
2012-11-27,0.2805473506450653
2012-11-28,0.2828544080257416
2012-11-29,0.2777787148952484
2012-11-30,0.2761636674404144
2012-12-03,0.2710880041122436
2012-12-04,0.2791630327701568
2012-12-05,0.2759329676628113
2012-12-06,0.2763943672180176
2012-12-07,0.2759329676628113
2012-12-10,0.2851614654064178
2012-12-11,0.2918521761894226
2012-12-12,0.2888529002666473
2012-12-13,0.2890836298465729
2012-12-14,0.2904678881168365
2012-12-17,0.2893144786357879
2012-12-18,0.2897758185863495
2012-12-19,0.2918521761894226
2012-12-20,0.291621595621109
2012-12-21,0.2849307954311371
2012-12-24,0.2826237380504608
2012-12-26,0.2823928892612457
2012-12-27,0.2805473506450653
2012-12-28,0.2791630327701568
2012-12-31,0.2828544080257416
2013-01-02,0.2934671938419342
2013-01-03,0.2936979234218597
2013-01-04,0.3033878207206726
2013-01-07,0.2946207821369171
2013-01-08,0.2881608307361603
2013-01-09,0.2817007303237915
2013-01-10,0.2821622788906097
2013-01-11,0.2817007303237915
2013-01-14,0.2814700007438659
2013-01-15,0.2763943672180176
2013-01-16,0.2789323031902313
2013-01-17,0.2826237380504608
2013-01-18,0.2807779014110565
2013-01-22,0.2793936133384704
2013-01-23,0.2798551321029663
2013-01-24,0.28123939037323
2013-01-25,0.2863150835037231
2013-01-28,0.2909292876720428
2013-01-29,0.2847000360488891
2013-01-30,0.2842386960983276
2013-01-31,0.2828544080257416
2013-02-01,0.2853922545909881
2013-02-04,0.2805473506450653
2013-02-05,0.2870073318481445
2013-02-06,0.2847000360488891
2013-02-07,0.283546507358551
2013-02-08,0.2853922545909881
2013-02-11,0.2886221408843994
2013-02-12,0.286776602268219
2013-02-13,0.2853922545909881
2013-02-14,0.2936979234218597
2013-02-15,0.2936979234218597
2013-02-19,0.2897758185863495
2013-02-20,0.2856229841709137
2013-02-21,0.283546507358551
2013-02-22,0.2888529002666473
2013-02-25,0.2837772667407989
2013-02-26,0.2871431112289428
2013-02-27,0.2924820780754089
2013-02-28,0.2938748598098755
2013-03-01,0.2950356006622314
2013-03-04,0.2938748598098755
2013-03-05,0.2971246838569641
2013-03-06,0.2968925833702087
2013-03-07,0.2961961328983307
2013-03-08,0.2975889444351196
2013-03-11,0.2948033511638641
2013-03-12,0.2957319617271423
2013-03-13,0.2957319617271423
2013-03-14,0.2959640026092529
2013-03-15,0.2934106886386871
2013-03-18,0.2913214266300201
2013-03-19,0.289464384317398
2013-03-20,0.2929463982582092
2013-03-21,0.2883037030696869
2013-03-22,0.2896963953971863
2013-03-25,0.2880716323852539
2013-03-26,0.2901607751846313
2013-03-27,0.2936427295207977
2013-03-28,0.2978209555149078
2013-04-01,0.2880716323852539
2013-04-02,0.2850539982318878
2013-04-03,0.2815721035003662
2013-04-04,0.2843575477600097
2013-04-05,0.2892322838306427
2013-04-08,0.2885358333587646
2013-04-09,0.2931784093379974
2013-04-10,0.2978209555149078
2013-04-11,0.2964282631874084
2013-04-12,0.3038563132286072
2013-04-15,0.2975889444351196
2013-04-16,0.3008386194705963
2013-04-17,0.2968925833702087
2013-04-18,0.2910892367362976
2013-04-19,0.291785717010498
2013-04-22,0.2922499179840088
2013-04-23,0.2999101877212524
2013-04-24,0.310123860836029
2013-04-25,0.3126772940158844
2013-04-26,0.3112845122814178
2013-04-29,0.3149985074996948
2013-04-30,0.3196411728858948
2013-05-01,0.3168556690216064
2013-05-02,0.3205696940422058
2013-05-03,0.3219623565673828
2013-05-06,0.3210338354110718
2013-05-07,0.3168556690216064
2013-05-08,0.3226587772369385
2013-05-09,0.3228909075260162
2013-05-10,0.3375149965286255
2013-05-13,0.3305511474609375
2013-05-14,0.3354259431362152
2013-05-15,0.341229110956192
2013-05-16,0.3396042585372925
2013-05-17,0.3451752364635467
2013-05-20,0.3444788157939911
2013-05-21,0.348095178604126
2013-05-22,0.3359631896018982
2013-05-23,0.3413292467594147
2013-05-24,0.3392294347286224
2013-05-28,0.3389962017536163
2013-05-29,0.3368964791297912
2013-05-30,0.3413292467594147
2013-05-31,0.3375963270664215
2013-06-03,0.3371298015117645
2013-06-04,0.3375963270664215
2013-06-05,0.3303637504577636
2013-06-06,0.3324636220932007
2013-06-07,0.3371298015117645
2013-06-10,0.3368964791297912
2013-06-11,0.330596923828125
2013-06-12,0.3277973532676697
2013-06-13,0.3352632522583008
2013-06-14,0.3347965478897095
2013-06-17,0.3380629420280456
2013-06-18,0.3359631896018982
2013-06-19,0.3462287187576294
2013-06-20,0.3368964791297912
2013-06-21,0.3364298045635223
2013-06-24,0.3294305503368377
2013-06-25,0.3317636847496032
2013-06-26,0.3298972547054291
2013-06-27,0.3268641531467438
2013-06-28,0.3275642096996307
2013-07-01,0.328963965177536
2013-07-02,0.3287306129932403
2013-07-03,0.3296638429164886
2013-07-05,0.3322302401065826
2013-07-08,0.330596923828125
2013-07-09,0.3322302401065826
2013-07-10,0.3366630971431732
2013-07-11,0.3413292467594147
2013-07-12,0.3415626287460327
2013-07-15,0.3408625721931457
2013-07-16,0.3427290916442871
2013-07-17,0.3408625721931457
2013-07-18,0.3394629061222076
2013-07-19,0.3322302401065826
2013-07-22,0.3319969475269317
2013-07-23,0.3315302729606628
2013-07-24,0.3315302729606628
2013-07-25,0.3326968550682068
2013-07-26,0.3312970399856567
2013-07-29,0.330596923828125
2013-07-30,0.3361964821815491
2013-07-31,0.3368964791297912
2013-08-01,0.3415626287460327
2013-08-02,0.344362199306488
2013-08-05,0.3459954559803009
2013-08-06,0.3408625721931457
2013-08-07,0.3406293094158172
2013-08-08,0.3429623246192932
2013-08-09,0.3380629420280456
2013-08-12,0.3352632522583008
2013-08-13,0.3364298045635223
2013-08-14,0.3506615459918976
2013-08-15,0.3529947102069855
2013-08-16,0.3543945550918579
2013-08-19,0.3487951755523681
2013-08-20,0.3505537509918213
2013-08-21,0.3489123880863189
2013-08-22,0.3507882356643677
2013-08-23,0.3507882356643677
2013-08-26,0.3514917194843292
2013-08-27,0.3470364511013031
2013-08-28,0.3470364511013031
2013-08-29,0.3463330268859863
2013-08-30,0.3458640873432159
2013-09-03,0.3460984826087951
2013-09-04,0.3493812978267669
2013-09-05,0.3503192365169525
2013-09-06,0.3489123880863189
2013-09-09,0.3547744750976562
2013-09-10,0.3622777760028839
2013-09-11,0.3683744072914123
2013-09-12,0.3681401908397674
2013-09-13,0.370484858751297
2013-09-16,0.3707192838191986
2013-09-17,0.3718917369842529
2013-09-18,0.3751744925975799
2013-09-19,0.3735330998897552
2013-09-20,0.3702504336833954
2013-09-23,0.3667330741882324
2013-09-24,0.3681401908397674
2013-09-25,0.3686090111732483
2013-09-26,0.3674365580081939
2013-09-27,0.3653261363506317
2013-09-30,0.3648573458194732
2013-10-01,0.3646226525306701
2013-10-02,0.3643883764743805
2013-10-03,0.3606365323066711
2013-10-04,0.3655606210231781
2013-10-07,0.3655606210231781
2013-10-08,0.3625124394893646
2013-10-09,0.3568847775459289
2013-10-10,0.3608710467815399
2013-10-11,0.3578226566314697
2013-10-14,0.3632158935070038
2013-10-15,0.3613400161266327
2013-10-16,0.3657952547073364
2013-10-17,0.366498738527298
2013-10-18,0.3707192838191986
2013-10-21,0.3716573417186737
2013-10-22,0.3697814643383026
2013-10-23,0.363450288772583
2013-10-24,0.3608710467815399
2013-10-25,0.3573537468910217
2013-10-28,0.3566504418849945
2013-10-29,0.3571192324161529
2013-10-30,0.3568847775459289
2013-10-31,0.3561814427375793
2013-11-01,0.3578226566314697
2013-11-04,0.3475053310394287
2013-11-05,0.3470364511013031
2013-11-06,0.3493812978267669
2013-11-07,0.3411745131015777
2013-11-08,0.3648573458194732
2013-11-11,0.3679055571556091
2013-11-12,0.3686090111732483
2013-11-13,0.3786918222904205
2013-11-14,0.3803332448005676
2013-11-15,0.3791607618331909
2013-11-18,0.3700158298015594
2013-11-19,0.3640042841434479
2013-11-20,0.3585819005966186
2013-11-21,0.3614108860492706
2013-11-22,0.3578746318817138
2013-11-25,0.3656544685363769
2013-11-26,0.3687192797660827
2013-11-27,0.3701338768005371
2013-11-29,0.3677761852741241
2013-12-02,0.3713126182556152
2013-12-03,0.3710768222808838
2013-12-04,0.3762634694576263
2013-12-05,0.3701338768005371
2013-12-06,0.3647114932537079
2013-12-09,0.3585819005966186
2013-12-10,0.3668332695960998
2013-12-11,0.3632969260215759
2013-12-12,0.35622438788414
2013-12-13,0.3541024327278137
2013-12-16,0.3545740842819214
2013-12-17,0.35622438788414
2013-12-18,0.3611751496791839
2013-12-19,0.3625895977020263
2013-12-20,0.3698980510234833
2013-12-23,0.3720198273658752
2013-12-24,0.3729628920555115
2013-12-26,0.3694265484809875
2013-12-27,0.3715484142303467
2013-12-30,0.3764992356300354
2013-12-31,0.3776779770851135
2014-01-02,0.3739058077335357
2014-01-03,0.3694265484809875
2014-01-06,0.3743773698806762
2014-01-07,0.3805069625377655
2014-01-08,0.3856936395168304
2014-01-09,0.3713126182556152
2014-01-10,0.3708410561084747
2014-01-13,0.3621182441711426
2014-01-14,0.3734342753887176
2014-01-15,0.3774421215057373
2014-01-16,0.3786209523677826
2014-01-17,0.3769706785678863
2014-01-21,0.3783853054046631
2014-01-22,0.3779136836528778
2014-01-23,0.3764992356300354
2014-01-24,0.3668332695960998
2014-01-27,0.364475667476654
2014-01-28,0.3680120706558227
2014-01-29,0.364475667476654
2014-01-30,0.3706052601337433
2014-01-31,0.3701338768005371
2014-02-03,0.3651829659938812
2014-02-04,0.3673047423362732
2014-02-05,0.3640042841434479
2014-02-06,0.3687192797660827
2014-02-07,0.3741415143013
2014-02-10,0.375320553779602
2014-02-11,0.3831002712249756
2014-02-12,0.3967738747596741
2014-02-13,0.4092688858509063
2014-02-14,0.4222355186939239
2014-02-18,0.4219995439052582
2014-02-19,0.427657812833786
2014-02-20,0.4427460730075836
2014-02-21,0.4394454658031463
2014-02-24,0.445810854434967
2014-02-25,0.4437979161739349
2014-02-26,0.4430874586105346
2014-02-27,0.4381142854690552
2014-02-28,0.4352723956108093
2014-03-03,0.4331409633159637
2014-03-04,0.4376405775547027
2014-03-05,0.4414297044277191
2014-03-06,0.4352723956108093
2014-03-07,0.4347987771034241
2014-03-10,0.4284047484397888
2014-03-11,0.4326674342155456
2014-03-12,0.4338514804840088
2014-03-13,0.420116126537323
2014-03-14,0.4220106303691864
2014-03-17,0.4220106303691864
2014-03-18,0.4319569766521454
2014-03-19,0.4395351111888885
2014-03-20,0.4397720098495483
2014-03-21,0.439061552286148
2014-03-24,0.436930239200592
2014-03-25,0.436930239200592
2014-03-26,0.4269837737083435
2014-03-27,0.4213000237941742
2014-03-28,0.4239050447940826
2014-03-31,0.4241420328617096
2014-04-01,0.4416664838790893
2014-04-02,0.4388248026371002
2014-04-03,0.4435610771179199
2014-04-04,0.4298255443572998
2014-04-07,0.4312465488910675
2014-04-08,0.446639746427536
2014-04-09,0.4461660087108612
2014-04-10,0.4352723956108093
2014-04-11,0.4291152060031891
2014-04-14,0.4338514804840088
2014-04-15,0.436930239200592
2014-04-16,0.4378774464130401
2014-04-17,0.4395351111888885
2014-04-21,0.4430874586105346
2014-04-22,0.4468765258789062
2014-04-23,0.4520865082740783
2014-04-24,0.4561125338077545
2014-04-25,0.4435610771179199
2014-04-28,0.4416664838790893
2014-04-29,0.442613810300827
2014-04-30,0.4374037683010101
2014-05-01,0.4397720098495483
2014-05-02,0.4364564716815948
2014-05-05,0.4411929547786712
2014-05-06,0.4321938157081604
2014-05-07,0.4326674342155456
2014-05-08,0.4381142854690552
2014-05-09,0.4274574220180511
2014-05-12,0.4400087296962738
2014-05-13,0.4329042732715606
2014-05-14,0.4286414980888366
2014-05-15,0.426273375749588
2014-05-16,0.4253260493278503
2014-05-19,0.439061552286148
2014-05-20,0.4339464008808136
2014-05-21,0.4339464008808136
2014-05-22,0.4358497560024261
2014-05-23,0.4398941695690155
2014-05-27,0.447745144367218
2014-05-28,0.4515517950057983
2014-05-29,0.4508379995822906
2014-05-30,0.4520275890827179
2014-06-02,0.4506000876426697
2014-06-03,0.4486969411373138
2014-06-04,0.4491726160049438
2014-06-05,0.4510759711265564
2014-06-06,0.452741265296936
2014-06-09,0.4532171487808227
2014-06-10,0.4555962383747101
2014-06-11,0.4615439176559448
2014-06-12,0.4643988311290741
2014-06-13,0.4648745954036712
2014-06-16,0.4634472131729126
2014-06-17,0.4665400087833404
2014-06-18,0.4660641252994537
2014-06-19,0.4553582370281219
2014-06-20,0.4503622651100158
2014-06-23,0.445128321647644
2014-06-24,0.4382289052009582
2014-06-25,0.4427490830421448
2014-06-26,0.4368012845516205
2014-06-27,0.4372771978378296
2014-06-30,0.441083699464798
2014-07-01,0.4460797905921936
2014-07-02,0.4444144368171692
2014-07-03,0.4484589099884033
2014-07-07,0.4448903799057007
2014-07-08,0.4413215517997741
2014-07-09,0.4546445608139038
2014-07-10,0.4522655308246612
2014-07-11,0.4532171487808227
2014-07-14,0.4589270055294037
2014-07-15,0.4608303010463714
2014-07-16,0.4603543877601623
2014-07-17,0.4591648578643799
2014-07-18,0.4387046694755554
2014-07-21,0.4413215517997741
2014-07-22,0.4394183158874511
2014-07-23,0.4301398694515228
2014-07-24,0.4308537542819977
2014-07-25,0.4232405424118042
2014-07-28,0.4215751588344574
2014-07-29,0.4230026006698608
2014-07-30,0.4301398694515228
2014-07-31,0.4163412451744079
2014-08-01,0.420861542224884
2014-08-04,0.419909805059433
2014-08-05,0.4201476871967315
2014-08-06,0.4196718037128448
2014-08-07,0.4153896570205688
2014-08-08,0.4520275890827179
2014-08-11,0.4496484696865082
2014-08-12,0.4496484696865082
2014-08-13,0.4522655308246612
2014-08-14,0.4472693800926208
2014-08-15,0.4529792070388794
2014-08-18,0.4591648578643799
2014-08-19,0.462868720293045
2014-08-20,0.4600011110305786
2014-08-21,0.4556998610496521
2014-08-22,0.455938845872879
2014-08-25,0.4566556513309479
2014-08-26,0.4647804498672485
2014-08-27,0.4595232605934143
2014-08-28,0.4633466899394989
2014-08-29,0.4647804498672485
2014-09-02,0.4659751951694488
2014-09-03,0.4702765047550201
2014-09-04,0.4786401689052582
2014-09-05,0.4772063493728637
2014-09-08,0.4729051887989044
2014-09-09,0.4669310748577118
2014-09-10,0.4686037600040436
2014-09-11,0.4638246595859527
2014-09-12,0.4568946659564972
2014-09-15,0.4506817460060119
2014-09-16,0.4573725759983063
2014-09-17,0.4576115310192108
2014-09-18,0.4645415544509887
2014-09-19,0.455938845872879
2014-09-22,0.4513985514640808
2014-09-23,0.4494868516921997
2014-09-24,0.4521154761314392
2014-09-25,0.4423180222511291
2014-09-26,0.4432737231254577
2014-09-29,0.4425570070743561
2014-09-30,0.4408842623233795
2014-10-01,0.4365830421447754
2014-10-02,0.4346712231636047
2014-10-03,0.4356271028518677
2014-10-06,0.4329985380172729
2014-10-07,0.4284582436084747
2014-10-08,0.4363439977169037
2014-10-09,0.427980363368988
2014-10-10,0.402650386095047
2014-10-13,0.4012165665626526
2014-10-14,0.4105361104011535
2014-10-15,0.4167490601539612
2014-10-16,0.4169880747795105
2014-10-17,0.4162712097167969
2014-10-20,0.4198556542396545
2014-10-21,0.4377777278423309
2014-10-22,0.4275023639202118
2014-10-23,0.4370607733726501
2014-10-24,0.441601037979126
2014-10-27,0.4418400824069977
2014-10-28,0.4523544311523437
2014-10-29,0.4494868516921997
2014-10-30,0.4466193318367004
2014-10-31,0.4669310748577118
2014-11-03,0.4748167991638183
2014-11-04,0.4810298979282379
2014-11-05,0.4810298979282379
2014-11-06,0.4831804931163788
2014-11-07,0.4729051887989044
2014-11-10,0.4784011840820312
2014-11-11,0.4726661145687103
2014-11-12,0.4695596098899841
2014-11-13,0.4671700596809387
2014-11-14,0.4729051887989044
2014-11-17,0.4707545042037964
2014-11-18,0.4819855690002441
2014-11-19,0.4801858961582184
2014-11-20,0.4881050586700439
2014-11-21,0.4907447099685669
2014-11-24,0.4938644170761108
2014-11-25,0.4936242401599884
2014-11-26,0.5020235180854797
2014-11-28,0.5032229423522949
2014-12-01,0.4938644170761108
2014-12-02,0.4945844113826751
2014-12-03,0.5073028206825256
2014-12-04,0.5027434229850769
2014-12-05,0.5056228637695312
2014-12-08,0.4991437792778015
2014-12-09,0.4974637925624847
2014-12-10,0.4864252209663391
2014-12-11,0.4861851632595062
2014-12-12,0.4710669815540313
2014-12-15,0.4696269631385803
2014-12-16,0.464347630739212
2014-12-17,0.4833054840564728
2014-12-18,0.4852253794670105
2014-12-19,0.4900247156620025
2014-12-22,0.4986638128757477
2014-12-23,0.4955440461635589
2014-12-24,0.4936242401599884
2014-12-26,0.4941043555736542
2014-12-29,0.4933843314647674
2014-12-30,0.4888248741626739
2014-12-31,0.4811458587646484
2015-01-02,0.4830656349658966
2015-01-05,0.4749064743518829
2015-01-06,0.4605081379413605
2015-01-07,0.4593081772327423
2015-01-08,0.4765861928462982
2015-01-09,0.4785061180591583
2015-01-12,0.4725067019462585
2015-01-13,0.4717867374420166
2015-01-14,0.4737066328525543
2015-01-15,0.4703470468521118
2015-01-16,0.478985995054245
2015-01-20,0.4804258048534393
2015-01-21,0.4871451556682586
2015-01-22,0.4955440461635589
2015-01-23,0.4969840943813324
2015-01-26,0.4948242902755737
2015-01-27,0.4710669815540313
2015-01-28,0.4633878767490387
2015-01-29,0.4746664762496948
2015-01-30,0.4607480466365814
2015-02-02,0.4708269834518432
2015-02-03,0.4825855195522308
2015-02-04,0.4837855100631714
2015-02-05,0.4917044043540954
2015-02-06,0.489544540643692
2015-02-09,0.4890648126602173
2015-02-10,0.5027434229850769
2015-02-11,0.4993836283683777
2015-02-12,0.5351395010948181
2015-02-13,0.5353795886039734
2015-02-17,0.5370593667030334
2015-02-18,0.5308200716972351
2015-02-19,0.5322598218917847
2015-02-20,0.5360998511314392
2015-02-23,0.531779944896698
2015-02-24,0.5374411344528198
2015-02-25,0.5333459377288818
2015-02-26,0.5347912907600403
2015-02-27,0.5314188599586487
2015-03-02,0.5444270968437195
2015-03-03,0.5343093872070312
2015-03-04,0.5403317809104919
2015-03-05,0.5506904721260071
2015-03-06,0.5432228446006775
2015-03-09,0.5446680784225464
2015-03-10,0.5540629029273987
2015-03-11,0.5511723756790161
2015-03-12,0.5461134910583496
2015-03-13,0.5468360781669617
2015-03-16,0.5533402562141418
2015-03-17,0.5600855350494385
2015-03-18,0.5509312748908997
2015-03-19,0.5593627691268921
2015-03-20,0.5653849244117737
2015-03-23,0.5470770597457886
2015-03-24,0.5396093130111694
2015-03-25,0.5068472623825073
2015-03-26,0.5051606893539429
2015-03-27,0.5150378346443176
2015-03-30,0.5172054767608643
2015-03-31,0.5041970610618591
2015-04-01,0.5061246156692505
2015-04-02,0.5073288679122925
2015-04-06,0.5220237970352173
2015-04-07,0.52660071849823
2015-04-08,0.5304549336433411
2015-04-09,0.5427409410476685
2015-04-10,0.5482816100120544
2015-04-13,0.5432228446006775
2015-04-14,0.5386456847190857
2015-04-15,0.5451496243476868
2015-04-16,0.5417773723602295
2015-04-17,0.5347912907600403
2015-04-20,0.5321415662765503
2015-04-21,0.5314188599586487
2015-04-22,0.5374411344528198
2015-04-23,0.5352727770805359
2015-04-24,0.530695915222168
2015-04-27,0.5347912907600403
2015-04-28,0.5374411344528198
2015-04-29,0.5333459377288818
2015-04-30,0.5347912907600403
2015-05-01,0.5480407476425171
2015-05-04,0.5446680784225464
2015-05-05,0.530695915222168
2015-05-06,0.5323822498321533
2015-05-07,0.5417773723602295
2015-05-08,0.5017882585525513
2015-05-11,0.4969703257083893
2015-05-12,0.5017882585525513
2015-05-13,0.504679262638092
2015-05-14,0.5128695964813232
2015-05-15,0.5131106972694397
2015-05-18,0.5123878717422485
2015-05-19,0.5091933608055115
2015-05-20,0.5091933608055115
2015-05-21,0.5055630207061768
2015-05-22,0.5048370361328125
2015-05-26,0.5016909241676331
2015-05-27,0.5285543203353882
2015-05-28,0.5358147025108337
2015-05-29,0.5355725884437561
2015-06-01,0.5416228771209717
2015-06-02,0.5309740900993347
2015-06-03,0.5251659750938416
2015-06-04,0.5346047282218933
2015-06-05,0.5387188792228699
2015-06-08,0.5263762474060059
2015-06-09,0.5290381908416748
2015-06-10,0.5195994973182678
2015-06-11,0.5251659750938416
2015-06-12,0.5108873844146729
2015-06-15,0.5099191665649414
2015-06-16,0.5162115693092346
2015-06-17,0.522261917591095
2015-06-18,0.5309740900993347
2015-06-19,0.5292802453041077
2015-06-22,0.5271021723747253
2015-06-23,0.5135495066642761
2015-06-24,0.5084673762321472
2015-06-25,0.5123396515846252
2015-06-26,0.5019327402114868
2015-06-29,0.4869283437728882
2015-06-30,0.4866860508918762
2015-07-01,0.4937043786048889
2015-07-02,0.4941883087158203
2015-07-06,0.4881381690502167
2015-07-07,0.4789418280124664
2015-07-08,0.4755536019802093
2015-07-09,0.4697454571723938
2015-07-10,0.4779737591743469
2015-07-13,0.4811199605464935
2015-07-14,0.4813618957996368
2015-07-15,0.4779737591743469
2015-07-16,0.4886223077774048
2015-07-17,0.4857182204723358
2015-07-20,0.4767636954784393
2015-07-21,0.4789418280124664
2015-07-22,0.4697454571723938
2015-07-23,0.4755536019802093
2015-07-24,0.4699874222278595
2015-07-27,0.4673253297805786
2015-07-28,0.477489709854126
2015-07-29,0.4832979738712311
2015-07-30,0.4845079779624939
2015-07-31,0.4828139841556549
2015-08-03,0.4910423159599304
2015-08-04,0.4929784536361694
2015-08-05,0.4980608820915222
2015-08-06,0.4949147701263428
2015-08-07,0.5561437010765076
2015-08-10,0.5755045413970947
2015-08-11,0.5726006627082825
2015-08-12,0.5740525126457214
2015-08-13,0.5692124366760254
2015-08-14,0.5696961283683777
2015-08-17,0.5660660862922668
2015-08-18,0.5609140992164612
2015-08-19,0.5587264895439148
2015-08-20,0.5385549068450928
2015-08-21,0.521786093711853
2015-08-24,0.5033157467842102
2015-08-25,0.49286550283432
2015-08-26,0.5300490260124207
2015-08-27,0.549977719783783
2015-08-28,0.5524078011512756
2015-08-31,0.5463319420814514
2015-09-01,0.5239731669425964
2015-09-02,0.5397704243659973
2015-09-03,0.5412285923957825
2015-09-04,0.5285906791687012
2015-09-08,0.5511927604675293
2015-09-09,0.5402562618255615
2015-09-10,0.5487625002861023
2015-09-11,0.5504636764526367
2015-09-14,0.5514355897903442
2015-09-15,0.5575115084648132
2015-09-16,0.5614000558853149
2015-09-17,0.5665037035942078
2015-09-18,0.5660175085067749
2015-09-21,0.5718502998352051
2015-09-22,0.5562963485717773
2015-09-23,0.5589695572853088
2015-09-24,0.5696629881858826
2015-09-25,0.573794424533844
2015-09-28,0.5662605166435242
2015-09-29,0.5762248039245605
2015-09-30,0.5990695357322693
2015-10-01,0.5874041318893433
2015-10-02,0.6027150750160217
2015-10-05,0.6177830696105957
2015-10-06,0.6258028745651245
2015-10-07,0.6323649287223816
2015-10-08,0.6360103487968445
2015-10-09,0.6335800886154175
2015-10-12,0.6403849124908447
2015-10-13,0.6416002511978149
2015-10-14,0.6649307608604431
2015-10-15,0.6666320562362671
2015-10-16,0.6770823001861572
2015-10-19,0.6758672595024109
2015-10-20,0.6748950481414795
2015-10-21,0.6661458611488342
2015-10-22,0.6902062296867371
2015-10-23,0.6948235034942627
2015-10-26,0.6916642189025879
2015-10-27,0.6911779642105103
2015-10-28,0.6967676877975464
2015-10-29,0.6727079153060913
2015-10-30,0.6894769072532654
2015-11-02,0.6974970698356628
2015-11-03,0.6926364898681641
2015-11-04,0.6812137961387634
2015-11-05,0.6734369397163391
2015-11-06,0.7667604088783264
2015-11-09,0.7633582949638367
2015-11-10,0.7487764358520508
2015-11-11,0.7414854168891907
2015-11-12,0.7388120293617249
2015-11-13,0.7242300510406494
2015-11-16,0.7388120293617249
2015-11-17,0.7388120293617249
2015-11-18,0.7569866180419922
2015-11-19,0.7591821551322937
2015-11-20,0.7657687664031982
2015-11-23,0.7543030977249146
2015-11-24,0.7604017853736877
2015-11-25,0.7594262361526489
2015-11-27,0.7657687664031982
2015-11-30,0.7738191485404968
2015-12-01,0.7989464998245239
2015-12-02,0.7928476333618164
2015-12-03,0.7911398410797119
2015-12-04,0.8233417868614197
2015-12-07,0.8077285289764404
2015-12-08,0.8187066912651062
2015-12-09,0.7979707717895508
2015-12-10,0.8045574426651001
2015-12-11,0.7926036715507507
2015-12-14,0.7945553660392761
2015-12-15,0.8043134808540344
2015-12-16,0.8091927170753479
2015-12-17,0.7969948053359985
2015-12-18,0.7840654850006104
2015-12-21,0.8026057481765747
2015-12-22,0.8033375144004822
2015-12-23,0.8065090179443359
2015-12-24,0.8091927170753479
2015-12-28,0.808460533618927
2015-12-29,0.8216341733932495
2015-12-30,0.8145595788955688
2015-12-31,0.8040695190429688
2016-01-04,0.7896762490272522
2016-01-05,0.8023619055747986
2016-01-06,0.7691843509674072
2016-01-07,0.738690197467804
2016-01-08,0.7228330969810486
2016-01-11,0.7240529656410217
2016-01-12,0.7362505793571472
2016-01-13,0.7138069272041321
2016-01-14,0.6994134783744812
2016-01-15,0.6613568067550659
2016-01-19,0.6667238473892212
2016-01-20,0.6703832745552063
2016-01-21,0.678189754486084
2016-01-22,0.6940466165542603
2016-01-25,0.693314790725708
2016-01-26,0.7001456022262573
2016-01-27,0.691851019859314
2016-01-28,0.6842886209487915
2016-01-29,0.7145387530326843
2016-02-01,0.71478271484375
2016-02-02,0.6845325827598572
2016-02-03,0.6879478693008423
2016-02-04,0.688191831111908
2016-02-05,0.6447680592536926
2016-02-08,0.6152499318122864
2016-02-09,0.6218364834785461
2016-02-10,0.6203727722167969
2016-02-11,0.6172012686729431
2016-02-12,0.6276914477348328
2016-02-16,0.6584293842315674
2016-02-17,0.6747742891311646
2016-02-18,0.732835054397583
2016-02-19,0.7425934672355652
2016-02-22,0.7689402103424072
2016-02-23,0.7708919048309326
2016-02-24,0.7762590050697327
2016-02-25,0.7779664993286133
2016-02-26,0.7728434801101685
2016-02-29,0.7678240537643433
2016-03-01,0.8018572926521301
2016-03-02,0.806509256362915
2016-03-03,0.7994089126586914
2016-03-04,0.7969604730606079
2016-03-07,0.7918188571929932
2016-03-08,0.7773730158805847
2016-03-09,0.7768834233283997
2016-03-10,0.7756591439247131
2016-03-11,0.7888805866241455
2016-03-14,0.7908393740653992
2016-03-15,0.786922037601471
2016-03-16,0.8104268312454224
2016-03-17,0.8035712838172913
2016-03-18,0.8278105854988098
2016-03-21,0.830258846282959
2016-03-22,0.8287898898124695
2016-03-23,0.8429906368255615
2016-03-24,0.8442147970199585
2016-03-28,0.8527844548225403
2016-03-29,0.8664956092834473
2016-03-30,0.8755544424057007
2016-03-31,0.8723718523979187
2016-04-01,0.8851034641265869
2016-04-04,0.876534104347229
2016-04-05,0.8753098845481873
2016-04-06,0.876534104347229
2016-04-07,0.8674748539924622
2016-04-08,0.873106062412262
2016-04-11,0.8784927725791931
2016-04-12,0.8775133490562439
2016-04-13,0.8995491862297058
2016-04-14,0.901997447013855
2016-04-15,0.909098207950592
2016-04-18,0.9051806926727296
2016-04-19,0.8890209197998047
2016-04-20,0.892448902130127
2016-04-21,0.8914695382118225
2016-04-22,0.8880415558815002
2016-04-25,0.892448902130127
2016-04-26,0.8931833505630493
2016-04-27,0.91350519657135
2016-04-28,0.8863277435302734
2016-04-29,0.8699234127998352
2016-05-02,0.8814309239387512
2016-05-03,0.8709025979042053
2016-05-04,0.8510707020759583
2016-05-05,0.8562122583389282
2016-05-06,0.8650265336036682
2016-05-09,0.8638022541999817
2016-05-10,0.8804514408111572
2016-05-11,0.882900059223175
2016-05-12,0.8709025979042053
2016-05-13,1.0033621788024902
2016-05-16,1.03298819065094
2016-05-17,1.035191535949707
2016-05-18,1.0616346597671509
2016-05-19,1.0662864446640017
2016-05-20,1.0853842496871948
2016-05-23,1.0870981216430664
2016-05-24,1.1134870052337646
2016-05-25,1.1088229417800903
2016-05-26,1.12060546875
2016-05-27,1.1267427206039429
2016-05-31,1.14687180519104
2016-06-01,1.1490809917449951
2016-06-02,1.157182216644287
2016-06-03,1.1409804821014404
2016-06-06,1.1350890398025513
2016-06-07,1.137298583984375
2016-06-08,1.1336162090301514
2016-06-09,1.1630735397338867
2016-06-10,1.134106993675232
2016-06-13,1.148590326309204
2016-06-14,1.1507998704910278
2016-06-15,1.162582278251648
2016-06-16,1.1672468185424805
2016-06-17,1.14687180519104
2016-06-20,1.1674920320510864
2016-06-21,1.1603734493255615
2016-06-22,1.1593910455703735
2016-06-23,1.1903212070465088
2016-06-24,1.1225693225860596
2016-06-27,1.1105411052703855
2016-06-28,1.1267427206039429
2016-06-29,1.1451534032821655
2016-06-30,1.1539905071258545
2016-07-01,1.1453990936279297
2016-07-05,1.162337064743042
2016-07-06,1.1697009801864624
2016-07-07,1.200140357017517
2016-07-08,1.2482542991638184
2016-07-11,1.276975154876709
2016-07-12,1.296122670173645
2016-07-13,1.2956315279006958
2016-07-14,1.308887243270874
2016-07-15,1.2936676740646362
2016-07-18,1.3002954721450806
2016-07-19,1.3137969970703125
2016-07-20,1.3309801816940308
2016-07-21,1.306432008743286
2016-07-22,1.3420268297195437
2016-07-25,1.3668198585510254
2016-07-26,1.3901402950286863
2016-07-27,1.3761482238769531
2016-07-28,1.379093885421753
2016-07-29,1.4016776084899902
2016-08-01,1.3925950527191162
2016-08-02,1.3756569623947144
2016-08-03,1.379339337348938
2016-08-04,1.404868721961975
2016-08-05,1.4286803007125854
2016-08-08,1.4419360160827637
2016-08-09,1.4456182718276978
2016-08-10,1.4362900257110596
2016-08-11,1.4655017852783203
2016-08-12,1.5474913120269775
2016-08-15,1.5460186004638672
2016-08-16,1.5366907119750977
2016-08-17,1.5010961294174194
2016-08-18,1.5244168043136597
2016-08-19,1.5283442735671997
2016-08-22,1.5347267389297483
2016-08-23,1.547145962715149
2016-08-24,1.5232911109924316
2016-08-25,1.5132074356079102
2016-08-26,1.5255041122436523
2016-08-29,1.5245201587677002
2016-08-30,1.5156667232513428
2016-08-31,1.5085349082946775
2016-09-01,1.5530482530593872
2016-09-02,1.537800669670105
2016-09-06,1.552310347557068
2016-09-07,1.5294392108917236
2016-09-08,1.5405058860778809
2016-09-09,1.4637755155563354
2016-09-12,1.4940251111984253
2016-09-13,1.4723836183547974
2016-09-14,1.4854174852371216
2016-09-15,1.5417354106903076
2016-09-16,1.5454245805740356
2016-09-19,1.565836787223816
2016-09-20,1.5515727996826172
2016-09-21,1.5951024293899536
2016-09-22,1.599037528038025
2016-09-23,1.5973161458969116
2016-09-26,1.5823142528533936
2016-09-27,1.636418700218201
2016-09-28,1.642320990562439
2016-09-29,1.6575690507888794
2016-09-30,1.685112714767456
2016-10-03,1.6833914518356323
2016-10-04,1.679702639579773
2016-10-05,1.6779810190200806
2016-10-06,1.6560931205749512
2016-10-07,1.6440422534942627
2016-10-10,1.6501905918121338
2016-10-11,1.626335382461548
2016-10-12,1.6337136030197144
2016-10-13,1.607153058052063
2016-10-14,1.6228926181793213
2016-10-17,1.6135472059249878
2016-10-18,1.6381399631500244
2016-10-19,1.634697437286377
2016-10-20,1.6656841039657593
2016-10-21,1.661012053489685
2016-10-24,1.738971471786499
2016-10-25,1.767499327659607
2016-10-26,1.7746310234069824
2016-10-27,1.7382335662841797
2016-10-28,1.73528254032135
2016-10-31,1.7500388622283936
2016-11-01,1.6981470584869385
2016-11-02,1.691015362739563
2016-11-03,1.671341061592102
2016-11-04,1.6617497205734253
2016-11-07,1.752743363380432
2016-11-08,1.7500388622283936
2016-11-09,1.7205266952514648
2016-11-10,1.6666682958602903
2016-11-11,2.16344690322876
2016-11-14,2.0569589138031006
2016-11-15,2.1196720600128174
2016-11-16,2.2534570693969727
2016-11-17,2.272148370742798
2016-11-18,2.2960033416748047
2016-11-21,2.28665828704834
2016-11-22,2.30313491821289
2016-11-23,2.3144657611846924
2016-11-25,2.319144487380981
2016-11-28,2.317912578582764
2016-11-29,2.296731948852539
2016-11-30,2.270870447158813
2016-12-01,2.1585583686828613
2016-12-02,2.1785085201263428
2016-12-05,2.262988328933716
2016-12-06,2.3001787662506104
2016-12-07,2.341557741165161
2016-12-08,2.302396535873413
2016-12-09,2.2615108489990234
2016-12-12,2.2065868377685547
2016-12-13,2.2455008029937744
2016-12-14,2.375547170639038
2016-12-15,2.4312098026275635
2016-12-16,2.473081111907959
2016-12-19,2.503129482269287
2016-12-20,2.5903191566467285
2016-12-21,2.6065750122070312
2016-12-22,2.6381003856658936
2016-12-23,2.703862190246582
2016-12-27,2.8895719051361084
2016-12-28,2.6908085346221924
2016-12-29,2.7445013523101807
2016-12-30,2.6289875507354736
2017-01-03,2.512489080429077
2017-01-04,2.5711073875427246
2017-01-05,2.505838632583618
2017-01-06,2.539335489273072
2017-01-09,2.6422879695892334
2017-01-10,2.6223373413085938
2017-01-11,2.5900723934173584
2017-01-12,2.5477097034454346
2017-01-13,2.547463178634644
2017-01-17,2.4903221130371094
2017-01-18,2.535640954971313
2017-01-19,2.5900723934173584
2017-01-20,2.561748743057251
2017-01-23,2.588348388671875
2017-01-24,2.6435189247131348
2017-01-25,2.6548492908477783
2017-01-26,2.700659990310669
2017-01-27,2.752875566482544
2017-01-30,2.7097744941711426
2017-01-31,2.689084768295288
2017-02-01,2.806569814682007
2017-02-02,2.8420355319976807
2017-02-03,2.8171591758728027
2017-02-06,2.8893251419067383
2017-02-07,2.9341511726379395
2017-02-08,2.92134428024292
2017-02-09,2.8664193153381348
2017-02-10,2.798440933227539
2017-02-13,2.6693806648254395
2017-02-14,2.679232597351074
2017-02-15,2.6846513748168945
2017-02-16,2.641549587249756
2017-02-17,2.641057252883911
2017-02-21,2.735635280609131
2017-02-22,2.7314419746398926
2017-02-23,2.478175163269043
2017-02-24,2.5020971298217773
2017-02-27,2.574846267700196
2017-02-28,2.502588987350464
2017-03-01,2.534895420074463
2017-03-02,2.441429853439331
2017-03-03,2.4273738861083984
2017-03-06,2.408631563186645
2017-03-07,2.4350180625915527
2017-03-08,2.430579662322998
2017-03-09,2.4300858974456787
2017-03-10,2.444390296936035
2017-03-13,2.511714696884156
2017-03-14,2.5099873542785645
2017-03-15,2.5289762020111084
2017-03-16,2.560049533843994
2017-03-17,2.6157820224761963
2017-03-20,2.69913649559021
2017-03-21,2.611837387084961
2017-03-22,2.6651053428649902
2017-03-23,2.640937089920044
2017-03-24,2.650308609008789
2017-03-27,2.669543743133545
2017-03-28,2.655733823776245
2017-03-29,2.6471023559570312
2017-03-30,2.697904109954834
2017-03-31,2.6863129138946533
2017-04-03,2.6727495193481445
2017-04-04,2.4853270053863525
2017-04-05,2.4668304920196533
2017-04-06,2.4848334789276123
2017-04-07,2.474228858947754
2017-04-10,2.4110970497131348
2017-04-11,2.419728279113769
2017-04-12,2.399752855300904
2017-04-13,2.354870319366455
2017-04-17,2.4471030235290527
2017-04-18,2.4485816955566406
2017-04-19,2.458199977874756
2017-04-20,2.497163772583008
2017-04-21,2.507521629333496
2017-04-24,2.538841009140014
2017-04-25,2.5829832553863525
2017-04-26,2.56522798538208
2017-04-27,2.6051785945892334
2017-04-28,2.5721335411071777
2017-05-01,2.6298396587371826
2017-05-02,2.5519118309021
2017-05-03,2.570900678634644
2017-05-04,2.56103515625
2017-05-05,2.56128191947937
2017-05-08,2.5344021320343018
2017-05-09,2.5385942459106445
2017-05-10,2.991121768951416
2017-05-11,3.119605541229248
2017-05-12,3.153883457183838
2017-05-15,3.312206745147705
2017-05-16,3.373858690261841
2017-05-17,3.1496920585632324
2017-05-18,3.2816274166107178
2017-05-19,3.3574163913726807
2017-05-22,3.42900824546814
2017-05-23,3.382843494415283
2017-05-24,3.420861959457397
2017-05-25,3.4132087230682373
2017-05-26,3.501587390899658
2017-05-30,3.5763888359069824
2017-05-31,3.5635523796081543
2017-06-01,3.563798427581787
2017-06-02,3.5460243225097656
2017-06-05,3.6539053916931152
2017-06-06,3.6373658180236816
2017-06-07,3.681308269500733
2017-06-08,3.948420763015747
2017-06-09,3.6931583881378174
2017-06-12,3.702292442321777
2017-06-13,3.73759388923645
2017-06-14,3.745493888854981
2017-06-15,3.761541128158569
2017-06-16,3.743025302886963
2017-06-19,3.883740186691284
2017-06-20,3.8780629634857178
2017-06-21,3.936817169189453
2017-06-22,3.909661769866944
2017-06-23,3.797583341598511
2017-06-26,3.7561094760894775
2017-06-27,3.6186044216156006
2017-06-28,3.746234655380249
2017-06-29,3.621071815490722
2017-06-30,3.5687360763549805
2017-07-03,3.439624071121216
2017-07-05,3.531459093093872
2017-07-06,3.542074203491211
2017-07-07,3.623046398162842
2017-07-10,3.7943737506866455
2017-07-11,3.848191738128662
2017-07-12,4.011866092681885
2017-07-13,3.965453624725342
2017-07-14,4.072102069854736
2017-07-17,4.054821491241455
2017-07-18,4.097035884857178
2017-07-19,4.075806140899658
2017-07-20,4.1350531578063965
2017-07-21,4.149866104125977
2017-07-24,4.101724624633789
2017-07-25,4.081976413726807
2017-07-26,4.129128932952881
2017-07-27,3.9928555488586426
2017-07-28,4.058277606964111
2017-07-31,4.011866092681885
2017-08-01,4.0607452392578125
2017-08-02,4.058277606964111
2017-08-03,4.109872817993164
2017-08-04,4.127894401550293
2017-08-07,4.25478458404541
2017-08-08,4.204176902770996
2017-08-09,4.24885892868042
2017-08-10,4.06691837310791
2017-08-11,3.8501672744750977
2017-08-14,4.157271862030029
2017-08-15,4.122217178344727
2017-08-16,4.077038764953613
2017-08-17,3.9861910343170166
2017-08-18,3.9869327545166016
2017-08-21,3.928917407989502
2017-08-22,4.016384601593018
2017-08-23,4.096688747406006
2017-08-24,4.081616401672363
2017-08-25,4.047519207000732
2017-08-28,4.076180458068848
2017-08-29,4.069509506225586
2017-08-30,4.093724250793457
2017-08-31,4.186628341674805
2017-09-01,4.211831092834473
2017-09-05,4.099405765533447
2017-09-06,4.096934795379639
2017-09-07,4.115962505340576
2017-09-08,4.044552326202393
2017-09-11,4.175756454467773
2017-09-12,4.190829277038574
2017-09-13,4.209607124328613
2017-09-14,4.185640811920166
2017-09-15,4.450270175933838
2017-09-18,4.634101867675781
2017-09-19,4.629160404205322
2017-09-20,4.591850757598877
2017-09-21,4.466331481933594
2017-09-22,4.422842025756836
2017-09-25,4.225172996520996
2017-09-26,4.248893737792969
2017-09-27,4.342045307159424
2017-09-28,4.340810775756836
2017-09-29,4.417160034179688
2017-10-02,4.422842025756836
2017-10-03,4.4319844245910645
2017-10-04,4.4690470695495605
2017-10-05,4.46657657623291
2017-10-06,4.479671001434326
2017-10-09,4.58073091506958
2017-10-10,4.66819953918457
2017-10-11,4.717864036560059
2017-10-12,4.720088481903076
2017-10-13,4.808049201965332
2017-10-16,4.8905768394470215
2017-10-17,4.886129856109619
2017-10-18,4.88192892074585
2017-10-19,4.887364864349365
2017-10-20,4.865127086639404
2017-10-23,4.858207702636719
2017-10-24,4.909110069274902
2017-10-25,4.785070419311523
2017-10-26,4.835230827331543
2017-10-27,4.987680435180664
2017-10-30,5.0366034507751465
2017-10-31,5.109989643096924
2017-11-01,5.119624614715576
2017-11-02,5.088492393493652
2017-11-03,5.156442642211914
2017-11-06,5.179667472839356
2017-11-07,5.238968372344971
2017-11-08,5.168056011199951
2017-11-09,5.073173522949219
2017-11-10,5.340522289276123
2017-11-13,5.2537946701049805
2017-11-14,5.292091369628906
2017-11-15,5.1883158683776855
2017-11-16,5.22859001159668
2017-11-17,5.222414016723633
2017-11-20,5.289620876312256
2017-11-21,5.338296413421631
2017-11-22,5.314313411712647
2017-11-24,5.36450719833374
2017-11-27,5.294779777526856
2017-11-28,5.209969997406006
2017-11-29,4.856639385223389
2017-11-30,4.962711811065674
2017-12-01,4.887792587280273
2017-12-04,4.615314960479736
2017-12-05,4.642019271850586
2017-12-06,4.67960262298584
2017-12-07,4.747104644775391
2017-12-08,4.734740734100342
2017-12-11,4.8131208419799805
2017-12-12,4.7186689376831055
2017-12-13,4.603446960449219
2017-12-14,4.610617160797119
2017-12-15,4.736471176147461
2017-12-18,4.893233776092529
2017-12-19,4.848974227905273
2017-12-20,4.866034984588623
2017-12-21,4.843533039093018
2017-12-22,4.82820463180542
2017-12-26,4.881859302520752
2017-12-27,4.875182628631592
2017-12-28,4.8808698654174805
2017-12-29,4.784440994262695
2018-01-02,4.929084777832031
2018-01-03,5.253488063812256
2018-01-04,5.2811808586120605
2018-01-05,5.325933933258057
2018-01-08,5.489123344421387
2018-01-09,5.487640857696533
2018-01-10,5.530664920806885
2018-01-11,5.540554523468018
2018-01-12,5.513355731964111
2018-01-16,5.442391395568848
2018-01-17,5.55637788772583
2018-01-18,5.549454689025879
2018-01-19,5.6896491050720215
2018-01-22,5.778170108795166
2018-01-23,5.907237529754639
2018-01-24,5.830340385437012
2018-01-25,5.843938827514648
2018-01-26,6.016526699066162
2018-01-29,6.103560447692871
2018-01-30,6.0014424324035645
2018-01-31,6.077597141265869
2018-02-01,5.946551322937012
2018-02-02,5.773967266082764
2018-02-05,5.283901214599609
2018-02-06,5.577642440795898
2018-02-07,5.657259464263916
2018-02-08,5.378352642059326
2018-02-09,5.738359928131104
2018-02-12,5.638220310211182
2018-02-13,5.751960277557373
2018-02-14,5.96929931640625
2018-02-15,6.094905376434326
2018-02-16,6.029134750366211
2018-02-20,6.158697605133057
2018-02-21,5.971525192260742
2018-02-22,5.991068840026856
2018-02-23,6.084590911865234
2018-02-26,6.100672721862793
2018-02-27,6.087807655334473
2018-02-28,5.987359046936035
2018-03-01,5.745142459869385
2018-03-02,5.852271556854248
2018-03-05,5.830252170562744
2018-03-06,5.9913177490234375
2018-03-07,5.983399868011475
2018-03-08,5.967071533203125
2018-03-09,6.069747447967529
2018-03-12,6.179349899291992
2018-03-13,6.128630638122559
2018-03-14,6.154113292694092
2018-03-15,6.16895866394043
2018-03-16,6.197164535522461
2018-03-19,5.96261739730835
2018-03-20,6.174896240234375
2018-03-21,6.149661064147949
2018-03-22,5.98364782333374
2018-03-23,5.763948440551758
2018-03-26,6.0487165451049805
2018-03-27,5.579624652862549
2018-03-28,5.476454257965088
2018-03-29,5.72980260848999
2018-04-02,5.469031810760498
2018-04-03,5.575418949127197
2018-04-04,5.597439289093018
2018-04-05,5.477197170257568
2018-04-06,5.3007917404174805
2018-04-09,5.329490184783936
2018-04-10,5.638757705688477
2018-04-11,5.597439289093018
2018-04-12,5.804275035858154
2018-04-13,5.72757625579834
2018-04-16,5.727328777313232
2018-04-17,5.877013683319092
2018-04-18,5.8480658531188965
2018-04-19,5.666713237762451
2018-04-20,5.658549785614014
2018-04-23,5.539050102233887
2018-04-24,5.472744464874268
2018-04-25,5.360418319702148
2018-04-26,5.572202205657959
2018-04-27,5.599664211273193
2018-04-30,5.564284801483154
2018-05-01,5.6197052001953125
2018-05-02,5.599171161651611
2018-05-03,5.764439582824707
2018-05-04,5.91461992263794
2018-05-07,6.152629375457764
2018-05-08,6.195184707641602
2018-05-09,6.328292369842529
2018-05-10,6.435916423797607
2018-05-11,6.297366619110107
2018-05-14,6.317902088165283
2018-05-15,6.075438022613525
2018-05-16,6.086570739746094
2018-05-17,6.128630638122559
2018-05-18,6.0848388671875
2018-05-21,6.042778968811035
2018-05-22,6.004678249359131
2018-05-23,6.128213405609131
2018-05-24,6.131925106048584
2018-05-25,6.171288967132568
2018-05-29,6.154206275939941
2018-05-30,6.263134956359863
2018-05-31,6.243330001831055
2018-06-01,6.3777570724487305
2018-06-04,6.556745529174805
2018-06-05,6.562192440032959
2018-06-06,6.564173698425293
2018-06-07,6.508471488952637
2018-06-08,6.493123531341553
2018-06-11,6.452025890350342
2018-06-12,6.500548839569092
2018-06-13,6.49609375
2018-06-14,6.607744216918945
2018-06-15,6.566895961761475
2018-06-18,6.562687873840332
2018-06-19,6.4408860206604
2018-06-20,6.493866443634033
2018-06-21,6.36513090133667
2018-06-22,6.212631702423096
2018-06-25,5.919763088226318
2018-06-26,5.990814208984375
2018-06-27,5.835590362548828
2018-06-28,5.962839126586914
2018-06-29,5.864803314208984
2018-07-02,5.997003078460693
2018-07-03,5.863317012786865
2018-07-05,6.009133338928223
2018-07-06,6.123013496398926
2018-07-09,6.17054557800293
2018-07-10,6.269571304321289
2018-07-11,6.127964973449707
2018-07-12,6.219562530517578
2018-07-13,6.17227840423584
2018-07-16,6.144550323486328
2018-07-17,6.28046464920044
2018-07-18,6.231199741363525
2018-07-19,6.239368915557861
2018-07-20,6.211146354675293
2018-07-23,6.174506664276123
2018-07-24,6.157176971435547
2018-07-25,6.235407829284668
2018-07-26,6.308932781219482
2018-07-27,6.239121913909912
2018-07-30,6.043792247772217
2018-07-31,6.061864376068115
2018-08-01,6.1017231941223145
2018-08-02,6.204464435577393
2018-08-03,6.241101741790772
2018-08-06,6.288881301879883
2018-08-07,6.361170291900635
2018-08-08,6.397561550140381
2018-08-09,6.349040508270264
2018-08-10,6.307697296142578
2018-08-13,6.340622901916504
2018-08-14,6.472079277038574
2018-08-15,6.41390323638916
2018-08-16,6.3733015060424805
2018-08-17,6.060874938964844
2018-08-20,6.135639190673828
2018-08-21,6.271305561065674
2018-08-22,6.506490230560303
2018-08-23,6.606011390686035
2018-08-24,6.739200115203857
2018-08-27,6.830306053161621
2018-08-28,6.79267692565918
2018-08-29,6.898194313049316
2018-08-30,6.881353378295898
2018-08-31,6.952441692352295
2018-09-04,7.027247905731201
2018-09-05,6.896463394165039
2018-09-06,6.755271911621094
2018-09-07,6.733971118927002
2018-09-10,6.805059909820557
2018-09-11,6.7572550773620605
2018-09-12,6.643311023712158
2018-09-13,6.721090316772461
2018-09-14,6.847168922424316
2018-09-17,6.785245418548584
2018-09-18,6.713164329528809
2018-09-19,6.736942768096924
2018-09-20,6.595754623413086
2018-09-21,6.5256547927856445
2018-09-24,6.581386566162109
2018-09-25,6.648513317108154
2018-09-26,6.611606597900391
2018-09-27,6.623497009277344
2018-09-28,6.96086311340332
2018-10-01,7.167444705963135
2018-10-02,7.096109390258789
2018-10-03,7.102301597595215
2018-10-04,6.918010711669922
2018-10-05,6.684431076049805
2018-10-08,6.5831217765808105
2018-10-09,6.577425003051758
2018-10-10,6.085739612579346
2018-10-11,5.824168205261231
2018-10-12,6.106793403625488
2018-10-15,5.830360412597656
2018-10-16,6.089207649230957
2018-10-17,6.020596027374268
2018-10-18,5.9331560134887695
2018-10-19,5.676539421081543
2018-10-22,5.72731876373291
2018-10-23,5.475655555725098
2018-10-24,4.9393839836120605
2018-10-25,5.148196697235107
2018-10-26,4.911643505096436
2018-10-29,4.597805976867676
2018-10-30,5.028309345245361
2018-10-31,5.222257614135742
2018-11-01,5.402583599090576
2018-11-02,5.323568344116211
2018-11-05,5.245541572570801
2018-11-06,5.227953910827637
2018-11-07,5.295577526092529
2018-11-08,5.102371692657471
2018-11-09,5.0944437980651855
2018-11-12,4.694904327392578
2018-11-13,4.93690824508667
2018-11-14,4.884395599365234
2018-11-15,5.013198375701904
2018-11-16,4.072929382324219
2018-11-19,3.5842177867889404
2018-11-20,3.6927101612091056
2018-11-21,3.584465742111206
2018-11-23,3.5916495323181152
2018-11-26,3.7910478115081774
2018-11-27,3.807891368865967
2018-11-28,3.964932680130005
2018-11-29,3.9017062187194815
2018-11-30,4.052210330963135
2018-12-03,4.216104984283447
2018-12-04,3.8955078125
2018-12-06,3.9247655868530273
2018-12-07,3.65995717048645
2018-12-10,3.7653348445892334
2018-12-11,3.674338340759277
2018-12-12,3.6919429302215576
2018-12-13,3.691694736480713
2018-12-14,3.631195783615112
2018-12-17,3.560033798217773
2018-12-18,3.643344879150391
2018-12-19,3.434325218200684
2018-12-20,3.3497743606567383
2018-12-21,3.212660312652588
2018-12-24,3.150920152664185
2018-12-26,3.300184488296509
2018-12-27,3.252330780029297
2018-12-28,3.313821792602539
2018-12-31,3.31010365486145
2019-01-02,3.3775439262390137
2019-01-03,3.1734838485717773
2019-01-04,3.3768014907836914
2019-01-07,3.555570840835572
2019-01-08,3.467052936553955
2019-01-09,3.535239219665528
2019-01-10,3.600945949554444
2019-01-11,3.690207004547119
2019-01-14,3.73012638092041
2019-01-15,3.715993404388428
2019-01-16,3.6904544830322266
2019-01-17,3.761863946914673
2019-01-18,3.891044139862061
2019-01-22,3.688718795776367
2019-01-23,3.70161247253418
2019-01-24,3.913608312606812
2019-01-25,3.9708828926086426
2019-01-28,3.4219272136688232
2019-01-29,3.262993335723877
2019-01-30,3.4065544605255127
2019-01-31,3.564249277114868
2019-02-01,3.5885488986968994
2019-02-04,3.698885202407837
2019-02-05,3.7179768085479736
2019-02-06,3.79360032081604
2019-02-07,3.65524697303772
2019-02-08,3.673842191696167
2019-02-11,3.631195783615112
2019-02-12,3.7482268810272217
2019-02-13,3.790625810623169
2019-02-14,3.8315372467041016
2019-02-15,3.901210308074951
2019-02-19,3.883854627609253
2019-02-20,3.931211948394776
2019-02-21,3.862282037734986
2019-02-22,3.9470813274383545
2019-02-25,3.934683084487915
2019-02-26,3.8952596187591553
2019-02-27,3.8533565998077393
2019-02-28,3.828784465789795
2019-03-01,3.883141040802002
2019-03-04,3.891331672668457
2019-03-05,3.884878635406494
2019-03-06,3.7739312648773193
2019-03-07,3.7046830654144287
2019-03-08,3.738934755325317
2019-03-11,3.999547719955444
2019-03-12,4.033799648284912
2019-03-13,4.185203552246094
2019-03-14,4.109253406524658
2019-03-15,4.2147417068481445
2019-03-18,4.193394660949707
2019-03-19,4.361179828643799
2019-03-20,4.3286662101745605
2019-03-21,4.565452575683594
2019-03-22,4.405609607696533
2019-03-25,4.313275337219238
2019-03-26,4.389973163604736
2019-03-27,4.3807878494262695
2019-03-28,4.399404525756836
2019-03-29,4.456737518310547
2019-04-01,4.524250030517578
2019-04-02,4.542120933532715
2019-04-03,4.681611061096191
2019-04-04,4.67267656326294
2019-04-05,4.739443302154541
2019-04-08,4.760291576385498
2019-04-09,4.6974968910217285
2019-04-10,4.767984867095947
2019-04-11,4.754086494445801
2019-04-12,4.71611213684082
2019-04-15,4.584315776824951
2019-04-16,4.67143440246582
2019-04-17,4.648600101470947
2019-04-18,4.624027252197266
2019-04-22,4.677886962890625
2019-04-23,4.732491970062256
2019-04-24,4.744903087615967
2019-04-25,4.639168739318848
2019-04-26,4.420254707336426
2019-04-29,4.451030254364014
2019-04-30,4.492480278015137
2019-05-01,4.479326248168945
2019-05-02,4.5468363761901855
2019-05-03,4.542370319366455
2019-05-06,4.463937282562256
2019-05-07,4.296647071838379
2019-05-08,4.316751956939697
2019-05-09,4.224172115325928
2019-05-10,4.190168380737305
2019-05-13,3.93278169631958
2019-05-14,4.021886825561523
2019-05-15,3.960829019546509
2019-05-16,3.975968599319458
2019-05-17,3.885126829147339
2019-05-20,3.7664849758148193
2019-05-21,3.848641395568848
2019-05-22,3.777654647827149
2019-05-23,3.656531810760498
2019-05-24,3.6026711463928223
2019-05-28,3.557497978210449
2019-05-29,3.483285427093506
2019-05-30,3.4566969871521
2019-05-31,3.365999221801758
2019-06-03,3.324254035949707
2019-06-04,3.553359031677246
2019-06-05,3.5106194019317627
2019-06-06,3.5727407932281494
2019-06-07,3.615480661392212
2019-06-10,3.688286781311035
2019-06-11,3.745936155319214
2019-06-12,3.6328742504119873
2019-06-13,3.684063196182251
2019-06-14,3.594110012054444
2019-06-17,3.603801488876343
2019-06-18,3.798863410949707
2019-06-19,3.8048272132873535
2019-06-20,3.829178810119629
2019-06-21,3.7710330486297607
2019-06-24,3.793397665023804
2019-06-25,3.764075756072998
2019-06-26,3.957397699356079
2019-06-27,4.056046962738037
2019-06-28,4.080894947052002
2019-07-01,4.1291022300720215
2019-07-02,4.031197547912598
2019-07-03,4.044118881225586
2019-07-05,3.981501340866089
2019-07-08,3.9064576625823975
2019-07-09,3.9089431762695312
2019-07-10,3.9772772789001465
2019-07-11,4.131836414337158
2019-07-12,4.164885520935059
2019-07-15,4.156435966491699
2019-07-16,4.15171480178833
2019-07-17,4.217065811157227
2019-07-18,4.228744983673096
2019-07-19,4.18550968170166
2019-07-22,4.257071971893311
2019-07-23,4.364916324615479
2019-07-24,4.439462184906006
2019-07-25,4.308261394500732
2019-07-26,4.350255489349365
2019-07-29,4.344044208526611
2019-07-30,4.359697818756104
2019-07-31,4.192467212677002
2019-08-01,4.098042011260986
2019-08-02,4.005354404449463
2019-08-05,3.746929883956909
2019-08-06,3.785693407058716
2019-08-07,3.823961019515991
2019-08-08,3.932549238204956
2019-08-09,3.8311667442321777
2019-08-12,3.763329982757568
2019-08-13,3.8776333332061768
2019-08-14,3.729038715362549
2019-08-15,3.696735382080078
2019-08-16,3.964852809906006
2019-08-19,4.243654251098633
2019-08-20,4.171344757080078
2019-08-21,4.254836559295654
2019-08-22,4.261048793792725
2019-08-23,4.036415576934815
2019-08-26,4.111210823059082
2019-08-27,4.020512580871582
2019-08-28,4.010067462921143
2019-08-29,4.153834819793701
2019-08-30,4.166519165039063
2019-09-03,4.08344316482544
2019-09-04,4.197611808776856
2019-09-05,4.4707207679748535
2019-09-06,4.443607807159424
2019-09-09,4.489623069763184
2019-09-10,4.556283473968506
2019-09-11,4.584887981414795
2019-09-12,4.583395957946777
2019-09-13,4.525440692901611
2019-09-16,4.482409954071045
2019-09-17,4.503800868988037
2019-09-18,4.476687908172607
2019-09-19,4.401074409484863
2019-09-20,4.295363426208496
2019-09-23,4.348840713500977
2019-09-24,4.291383266448975
2019-09-25,4.433160781860352
2019-09-26,4.411023139953613
2019-09-27,4.272231101989746
2019-09-30,4.329687595367432
2019-10-01,4.327946186065674
2019-10-02,4.304069995880127
2019-10-03,4.509769916534424
2019-10-04,4.526187896728516
2019-10-07,4.584887981414795
2019-10-08,4.408288478851318
2019-10-09,4.494847297668457
2019-10-10,4.552552700042725
2019-10-11,4.626177787780762
2019-10-14,4.639608860015869
2019-10-15,4.884362697601318
2019-10-16,4.830636024475098
2019-10-17,4.832625389099121
2019-10-18,4.73810625076294
2019-10-21,4.875406265258789
2019-10-22,4.865458488464356
2019-10-23,4.852524757385254
2019-10-24,4.896549701690674
2019-10-25,5.087576866149902
2019-10-28,5.14354133605957
2019-10-29,5.047282695770264
2019-10-30,5.049271583557129
2019-10-31,5.000021934509277
2019-11-01,5.0390729904174805
2019-11-04,5.235820770263672
2019-11-05,5.213683605194092
2019-11-06,5.164435863494873
2019-11-07,5.182094573974609
2019-11-08,5.168166160583496
2019-11-11,5.178116321563721
2019-11-12,5.213683605194092
2019-11-13,5.1878156661987305
2019-11-14,5.218161582946777
2019-11-15,5.078871250152588
2019-11-18,5.28009557723999
2019-11-19,5.173389434814453
2019-11-20,5.252735137939453
2019-11-21,5.227861404418945
2019-11-22,5.245522499084473
2019-11-25,5.502214431762695
2019-11-26,5.397498607635498
2019-11-27,5.432344436645508
2019-11-29,5.395008563995361
2019-12-02,5.208569526672363
2019-12-03,5.168992519378662
2019-12-04,5.212801933288574
2019-12-05,5.195876121520996
2019-12-06,5.281253337860107
2019-12-09,5.281253337860107
2019-12-10,5.32630729675293
2019-12-11,5.409942150115967
2019-12-12,5.577463150024414
2019-12-13,5.575472354888916
2019-12-16,5.604347229003906
2019-12-17,5.682506561279297
2019-12-18,5.712874889373779
2019-12-19,5.860978603363037
2019-12-20,5.958306789398193
2019-12-23,5.944615840911865
2019-12-24,5.939636707305908
2019-12-26,5.953824520111084
2019-12-27,5.896076679229736
2019-12-30,5.782820224761963
2019-12-31,5.856997013092041
2020-01-02,5.971747398376465
2020-01-03,5.876161575317383
2020-01-06,5.900805950164795
2020-01-07,5.9722442626953125
2020-01-08,5.9834465980529785
2020-01-09,6.049159049987793
2020-01-10,6.08151912689209
2020-01-13,6.272188186645508
2020-01-14,6.155198097229004
2020-01-15,6.112633228302002
2020-01-16,6.19627046585083
2020-01-17,6.204980850219727
2020-01-21,6.171626091003418
2020-01-22,6.225640773773193
2020-01-23,6.294092655181885
2020-01-24,6.234850883483887
2020-01-27,5.978965759277344
2020-01-28,6.1723737716674805
2020-01-29,6.111887454986572
2020-01-30,6.1186065673828125
2020-01-31,5.885125160217285
2020-02-03,5.982202053070068
2020-02-04,6.151464462280273
2020-02-05,6.241820335388184
2020-02-06,6.328692436218262
2020-02-07,6.262480735778809
2020-02-10,6.545747756958008
2020-02-11,6.668213844299316
2020-02-12,6.783960342407227
2020-02-13,6.7401509284973145
2020-02-14,7.213339328765869
2020-02-18,7.382104873657227
2020-02-19,7.833390712738037
2020-02-20,7.684041500091553
2020-02-21,7.319876194000244
2020-02-24,6.802380084991455
2020-02-25,6.5228471755981445
2020-02-26,6.662240028381348
2020-02-27,6.291381359100342
2020-02-28,6.726498603820801
2020-03-02,6.884903430938721
2020-03-03,6.622389793395996
2020-03-04,7.086148262023926
2020-03-05,6.80669641494751
2020-03-06,6.626126289367676
2020-03-09,6.113051891326904
2020-03-10,6.502588748931885
2020-03-11,6.138706207275391
2020-03-12,5.3875250816345215
2020-03-13,5.998481273651123
2020-03-16,4.891636848449707
2020-03-17,5.411435127258301
2020-03-18,5.05153751373291
2020-03-19,5.304337501525879
2020-03-20,5.124512195587158
2020-03-23,5.297362804412842
2020-03-24,6.206201076507568
2020-03-25,6.117534160614014
2020-03-26,6.406949043273926
2020-03-27,6.294620513916016
2020-03-30,6.614917278289795
2020-03-31,6.565353393554688
2020-04-01,6.054023265838623
2020-04-02,6.362863540649414
2020-04-03,6.074944972991943
2020-04-06,6.684903621673584
2020-04-07,6.451530933380127
2020-04-08,6.64879035949707
2020-04-09,6.549164295196533
2020-04-13,6.721020221710205
2020-04-14,7.072203159332275
2020-04-15,6.994741439819336
2020-04-16,7.339944839477539
2020-04-17,7.28066873550415
2020-04-20,7.149411201477051
2020-04-21,6.712551116943359
2020-04-22,7.1269941329956055
2020-04-23,7.073693752288818
2020-04-24,7.212673664093018
2020-04-27,7.39922285079956
2020-04-28,7.256757736206055
2020-04-29,7.433595180511475
2020-04-30,7.279672145843506
2020-05-01,7.043060302734375
2020-05-04,7.2550153732299805
2020-05-05,7.316035747528076
2020-05-06,7.416906356811523
2020-05-07,7.593244552612305
2020-05-08,7.783281803131103
2020-05-11,8.035335540771484
2020-05-12,7.773318767547607
2020-05-13,7.750903606414795
2020-05-14,8.000465393066406
2020-05-15,8.458995819091797
2020-05-18,8.717525482177734
2020-05-19,8.772567749023438
2020-05-20,8.936452865600586
2020-05-21,8.742431640625
2020-05-22,8.9924898147583
2020-05-26,8.685145378112793
2020-05-27,8.493365287780762
2020-05-28,8.455259323120117
2020-05-29,8.842305183410645
2020-06-01,8.77331256866455
2020-06-02,8.792244911193848
2020-06-03,8.736702919006348
2020-06-04,8.737700462341309
2020-06-05,8.890694618225098
2020-06-08,8.77607250213623
2020-06-09,9.016281127929688
2020-06-10,9.335976600646973
2020-06-11,8.767353057861328
2020-06-12,8.903152465820312
2020-06-15,9.143610954284668
2020-06-16,9.038705825805664
2020-06-17,9.20565700531006
2020-06-18,9.18771743774414
2020-06-19,9.230825424194336
2020-06-22,9.49545192718506
2020-06-23,9.418953895568848
2020-06-24,9.205158233642578
2020-06-25,9.458821296691896
2020-06-26,9.124922752380373
2020-06-29,9.169774055480955
2020-06-30,9.466547966003418
2020-07-01,9.498690605163574
2020-07-02,9.58067226409912
2020-07-06,9.806924819946287
2020-07-07,9.839319229125977
2020-07-08,10.182435035705566
2020-07-09,10.474472045898438
2020-07-10,10.44482421875
2020-07-13,10.019225120544434
2020-07-14,10.342909812927246
2020-07-15,10.193650245666504
2020-07-16,10.10145378112793
2020-07-17,10.167985916137695
2020-07-20,10.476221084594728
2020-07-21,10.294565200805664
2020-07-22,10.404454231262209
2020-07-23,10.09646987915039
2020-07-24,10.16100788116455
2020-07-27,10.387263298034668
2020-07-28,10.181939125061035
2020-07-29,10.431118965148926
2020-07-30,10.579131126403809
2020-07-31,10.579876899719238
2020-08-03,10.974079132080078
2020-08-04,11.190863609313965
2020-08-05,11.249669075012209
2020-08-06,11.298259735107422
2020-08-07,11.162707328796388
2020-08-10,11.128320693969728
2020-08-11,10.81435489654541
2020-08-12,11.402667999267578
2020-08-13,11.40540599822998
2020-08-14,11.526008605957031
2020-08-17,12.296467781066896
2020-08-18,12.22046947479248
2020-08-19,12.098621368408203
2020-08-20,12.101113319396973
2020-08-21,12.64182949066162
2020-08-24,12.678461074829102
2020-08-25,12.708111763000488
2020-08-26,12.731035232543944
2020-08-27,12.586761474609377
2020-08-28,13.104554176330566
2020-08-31,13.330561637878418
2020-09-01,13.779714584350586
2020-09-02,14.303645133972168
2020-09-03,12.9766206741333
2020-09-04,12.584797859191896
2020-09-08,11.877413749694824
2020-09-09,12.677019119262695
2020-09-10,12.274975776672363
2020-09-11,12.128165245056152
2020-09-14,12.833800315856934
2020-09-15,12.95219612121582
2020-09-16,12.477117538452148
2020-09-17,12.42626953125
2020-09-18,12.152839660644531
2020-09-21,12.4798583984375
2020-09-22,12.599998474121094
2020-09-23,12.08753490447998
2020-09-24,12.311116218566896
2020-09-25,12.83529281616211
2020-09-28,12.996063232421877
2020-09-29,13.186244010925291
2020-09-30,13.490083694458008
2020-10-01,13.57383155822754
2020-10-02,13.023233413696287
2020-10-05,13.60174560546875
2020-10-06,13.695466995239258
2020-10-07,13.922287940979004
2020-10-08,13.797412872314451
2020-10-09,13.721639633178713
2020-10-12,14.183505058288574
2020-10-13,14.2056884765625
2020-10-14,14.053147315979004
2020-10-15,13.928271293640137
2020-10-16,13.770243644714355
2020-10-19,13.457430839538574
2020-10-20,13.60473918914795
2020-10-21,13.484352111816406
2020-10-22,13.321090698242188
2020-10-23,13.549653053283691
2020-10-26,13.101996421813965
2020-10-27,13.356732368469238
2020-10-28,12.589280128479004
2020-10-29,12.985099792480469
2020-10-30,12.49656105041504
2020-11-02,12.543169975280762
2020-11-03,12.980608940124512
2020-11-04,13.753044128417969
2020-11-05,14.11770248413086
2020-11-06,14.518502235412598
2020-11-09,13.590031623840332
2020-11-10,12.731854438781738
2020-11-11,13.37791919708252
2020-11-12,13.416553497314451
2020-11-13,13.257279396057127
2020-11-16,13.474879264831545
2020-11-17,13.382156372070312
2020-11-18,13.38863754272461
2020-11-19,13.400103569030762
2020-11-20,13.048656463623049
2020-11-23,13.100749969482422
2020-11-24,12.919045448303224
2020-11-25,13.195215225219728
2020-11-27,13.221638679504396
2020-11-30,13.361467361450195
2020-12-01,13.350003242492676
2020-12-02,13.504042625427246
2020-12-03,13.359930038452148
2020-12-04,13.52174472808838
2020-12-07,13.570115089416504
2020-12-08,13.31405544281006
2020-12-09,12.8959321975708
2020-12-10,12.937320709228516
2020-12-11,12.97821044921875
2020-12-14,13.272916793823242
2020-12-15,13.3245267868042
2020-12-16,13.206842422485352
2020-12-17,13.305328369140623
2020-12-18,13.236266136169434
2020-12-21,13.29635238647461
2020-12-22,13.242496490478516
2020-12-23,12.97422218322754
2020-12-24,12.958762168884276
2020-12-28,12.86526584625244
2020-12-29,12.908397674560549
2020-12-30,13.110355377197266
2020-12-31,13.019847869873049
2021-01-04,13.078191757202148
2021-01-05,13.368657112121582
2021-01-06,12.58053493499756
2021-01-07,13.308070182800291
2021-01-08,13.241002082824709
2021-01-11,13.584821701049805
2021-01-12,13.448442459106444
2021-01-13,13.49531364440918
2021-01-14,13.164706230163574
2021-01-15,12.824873924255373
2021-01-19,12.990180015563965
2021-01-20,13.329763412475586
2021-01-21,13.830162048339844
2021-01-22,13.675578117370604
2021-01-25,13.616487503051758
2021-01-26,13.399075508117676
2021-01-27,12.882967948913574
2021-01-28,13.015860557556152
2021-01-29,12.954773902893066
2021-02-01,13.201361656188965
2021-02-02,13.52024745941162
2021-02-03,13.494068145751951
2021-02-04,13.62745761871338
2021-02-05,13.55440616607666
2021-02-08,14.399873733520508
2021-02-09,14.224846839904783
2021-02-10,14.724496841430664
2021-02-11,15.209686279296877
2021-02-12,14.920966148376465
2021-02-16,15.288970947265623
2021-02-17,14.86586570739746
2021-02-18,14.78907299041748
2021-02-19,14.886309623718262
2021-02-22,14.317096710205078
2021-02-23,14.103922843933104
2021-02-24,14.4599609375
2021-02-25,13.271668434143066
2021-02-26,13.67757511138916
2021-03-01,13.804479598999023
2021-03-02,13.37015151977539
2021-03-03,12.770270347595217
2021-03-04,12.336941719055176
2021-03-05,12.427946090698242
2021-03-08,11.56203556060791
2021-03-09,12.49084758758545
2021-03-10,12.438972473144531
2021-03-11,12.96298599243164
2021-03-12,12.825811386108398
2021-03-15,13.160273551940918
2021-03-16,13.260037422180176
2021-03-17,13.309921264648438
2021-03-18,12.692625045776367
2021-03-19,12.81558322906494
2021-03-22,13.155285835266112
2021-03-23,13.04005527496338
2021-03-24,12.613309860229492
2021-03-25,12.505813598632812
2021-03-26,12.809100151062012
2021-03-29,12.91784381866455
2021-03-30,12.841523170471191
2021-03-31,13.31690502166748
2021-04-01,13.779315948486328
2021-04-05,13.954652786254885
2021-04-06,13.828949928283691
2021-04-07,14.110286712646484
2021-04-08,14.283380508422852
2021-04-09,14.366183280944824
2021-04-12,15.173285484313965
2021-04-13,15.642680168151855
2021-04-14,15.241125106811523
2021-04-15,16.099355697631836
2021-04-16,15.875133514404297
2021-04-19,15.325676918029783
2021-04-20,15.135623931884766
2021-04-21,15.32442855834961
2021-04-22,14.81537914276123
2021-04-23,15.22940158843994
2021-04-26,15.441652297973633
2021-04-27,15.345625877380373
2021-04-28,15.240874290466309
2021-04-29,15.2887601852417
2021-04-30,14.974254608154297
2021-05-03,14.80190658569336
2021-05-04,14.317547798156738
2021-05-05,14.424549102783203
2021-05-06,14.488895416259766
2021-05-07,14.777467727661133
2021-05-10,14.232248306274414
2021-05-11,14.27265453338623
2021-05-12,13.726190567016602
2021-05-13,13.633159637451172
2021-05-14,14.209551811218262
2021-05-17,14.132235527038574
2021-05-18,13.98283576965332
2021-05-19,14.03271770477295
2021-05-20,14.578185081481934
2021-05-21,14.95654582977295
2021-05-24,15.575339317321776
2021-05-25,15.611002922058104
2021-05-26,15.663130760192873
2021-05-27,15.45162868499756
2021-05-28,16.206348419189453
2021-06-01,16.22630500793457
2021-06-02,16.738849639892578
2021-06-03,16.929901123046875
2021-06-04,17.536972045898438
2021-06-07,17.577621459960938
2021-06-08,17.416006088256836
2021-06-09,17.321456909179688
2021-06-10,17.388059616088867
2021-06-11,17.787466049194336
2021-06-14,17.98055648803711
2021-06-15,17.750795364379883
2021-06-16,17.772499084472656
2021-06-17,18.61770248413086
2021-06-18,18.5992431640625
2021-06-21,18.3881893157959
2021-06-22,18.846715927124023
2021-06-23,19.01685333251953
2021-06-24,19.1647891998291
2021-06-25,18.99065971374512
2021-06-28,19.94264030456543
2021-06-29,19.98429679870605
2021-06-30,19.960102081298828
2021-07-01,20.169153213500977
2021-07-02,20.443572998046875
2021-07-06,20.654624938964844
2021-07-07,20.32857131958008
2021-07-08,19.86056137084961
2021-07-09,20.00774955749512
2021-07-12,20.46902084350586
2021-07-13,20.207077026367188
2021-07-14,19.799440383911133
2021-07-15,18.92604637145996
2021-07-16,18.12250328063965
2021-07-19,18.73993873596192
2021-07-20,18.572546005249023
2021-07-21,19.36885452270508
2021-07-22,19.55246925354004
2021-07-23,19.516544342041016
2021-07-26,19.25310134887696
2021-07-27,19.167285919189453
2021-07-28,19.46166038513184
2021-07-29,19.620323181152344
2021-07-30,19.45766830444336
2021-08-02,19.7081356048584
2021-08-03,19.772993087768555
2021-08-04,20.23102569580078
2021-08-05,20.59325408935547
2021-08-06,20.322826385498047
2021-08-09,20.25198554992676
2021-08-10,19.893741607666016
2021-08-11,19.65723991394043
2021-08-12,19.862808227539062
2021-08-13,20.14520835876465
2021-08-16,19.90771484375
2021-08-17,19.41675567626953
2021-08-18,18.999643325805664
2021-08-19,19.756038665771484
2021-08-20,20.771879196166992
2021-08-23,21.91145706176757
2021-08-24,21.746809005737305
2021-08-25,22.16591453552246
2021-08-26,22.02122688293457
2021-08-27,22.5880184173584
2021-08-30,22.639907836914062
2021-08-31,22.34148979187012
2021-09-01,22.39737892150879
2021-09-02,22.35246658325196
2021-09-03,22.798599243164062
2021-09-07,22.61795234680176
2021-09-08,22.295578002929688
2021-09-09,22.13389587402344
2021-09-10,22.434309005737305
2021-09-13,22.10894012451172
2021-09-14,22.198766708374023
2021-09-15,22.29757499694824
2021-09-16,22.198766708374023
2021-09-17,21.857431411743164
2021-09-20,21.071964263916016
2021-09-21,21.20470428466797
2021-09-22,21.89835548400879
2021-09-23,22.43830299377441
2021-09-24,22.03807640075684
2021-09-27,21.61789894104004
2021-09-28,20.65876579284668
2021-09-29,20.47712135314941
2021-09-30,20.67573547363281
2021-10-01,20.70168113708496
2021-10-04,19.693647384643555
2021-10-05,20.41124725341797
2021-10-06,20.659767150878903
2021-10-07,21.03403663635254
2021-10-08,20.790510177612305
2021-10-11,20.654773712158203
2021-10-12,20.630821228027344
2021-10-13,20.89830017089844
2021-10-14,21.70372772216797
2021-10-15,21.81950569152832
2021-10-18,22.17880630493164
2021-10-19,22.24667739868164
2021-10-20,22.06003761291504
2021-10-21,22.64789581298828
2021-10-22,22.681827545166016
2021-10-25,23.120969772338867
2021-10-26,24.6689567565918
2021-10-27,24.40347480773925
2021-10-28,24.89252281188965
2021-10-29,25.517303466796875
2021-11-01,25.77680015563965
2021-11-02,26.349681854248047
2021-11-03,26.546300888061523
2021-11-04,29.74307632446289
2021-11-05,29.694169998168945
2021-11-08,30.744125366210938
2021-11-09,30.5974063873291
2021-11-10,29.40174102783203
2021-11-11,30.3309326171875
2021-11-12,30.3309326171875
2021-11-15,29.96663856506348
2021-11-16,30.1442928314209
2021-11-17,29.204126358032227
2021-11-18,31.613431930541992
2021-11-19,32.92089080810547
2021-11-22,31.89388656616211
2021-11-23,31.684289932250977
2021-11-24,32.61049270629883
2021-11-26,31.4417667388916
2021-11-29,33.31113052368164
2021-11-30,32.612491607666016
2021-12-01,31.377742767333984
2021-12-02,32.06747817993164
2021-12-03,30.6370906829834
2021-12-06,29.982288360595703
2021-12-07,32.36792755126953
2021-12-08,31.76803207397461
2021-12-09,30.434459686279297
2021-12-10,30.142995834350582
2021-12-13,28.109703063964844
2021-12-14,28.285381317138672
2021-12-15,30.403520584106445
2021-12-16,28.335294723510746
2021-12-17,27.7503604888916
2021-12-20,27.66851234436035
2021-12-21,29.02203750610352
2021-12-22,29.3464469909668
2021-12-23,29.58601188659668
2021-12-27,30.888633728027344
2021-12-28,30.26676750183105
2021-12-29,29.946352005004883
2021-12-30,29.5321102142334
2021-12-31,29.3574275970459
2022-01-03,30.066131591796875
2022-01-04,29.236650466918945
2022-01-05,27.553720474243164
2022-01-06,28.12667655944824
2022-01-07,27.19736862182617
2022-01-10,27.35009002685547
2022-01-11,27.76633071899414
2022-01-12,27.948001861572266
2022-01-13,26.526592254638672
2022-01-14,26.89292335510254
2022-01-18,25.85581588745117
2022-01-19,25.02133750915528
2022-01-20,24.10601234436035
2022-01-21,23.3314266204834
2022-01-24,23.32942581176757
2022-01-25,22.28333282470703
2022-01-26,22.73052215576172
2022-01-27,21.904029846191406
2022-01-28,22.79839515686035
2022-01-31,24.4414005279541
2022-02-01,24.593122482299805
2022-02-02,25.196022033691406
2022-02-03,23.904380798339844
2022-02-04,24.274702072143555
2022-02-07,24.682960510253903
2022-02-08,25.062265396118164
2022-02-09,26.656354904174805
2022-02-10,25.77696228027344
2022-02-11,23.905378341674805
2022-02-14,24.222797393798828
2022-02-15,26.44674301147461
2022-02-16,26.46270751953125
2022-02-17,24.462366104125977
2022-02-18,23.59893226623535
2022-02-22,23.347394943237305
2022-02-23,22.34622001647949
2022-02-24,23.70474433898925
2022-02-25,24.112998962402344
2022-02-28,24.3405818939209
2022-03-01,23.43423652648925
2022-03-02,24.18000221252441
2022-03-03,23.674835205078125
2022-03-04,22.898122787475582
2022-03-07,21.31673622131348
2022-03-08,21.47846984863281
2022-03-09,22.975994110107425
2022-03-10,22.620580673217773
2022-03-11,22.06350326538086
2022-03-14,21.29477500915528
2022-03-15,22.93506050109864
2022-03-16,24.455547332763672
2022-03-17,24.72509956359864
2022-03-18,26.409313201904297
2022-03-21,26.689849853515625
2022-03-22,26.480194091796875
2022-03-23,25.5916690826416
2022-03-24,28.1035099029541
2022-03-25,27.64627265930176
2022-03-28,28.17239570617676
2022-03-29,28.608678817749023
2022-03-30,27.64427375793457
2022-03-31,27.240938186645508
2022-04-01,26.66788673400879
2022-04-04,27.3148193359375
2022-04-05,25.8881778717041
2022-04-06,24.3666934967041
2022-04-07,24.16802215576172
2022-04-08,23.0808219909668
2022-04-11,21.880809783935547
2022-04-12,21.468486785888672
2022-04-13,22.166332244873047
2022-04-14,21.2228946685791
2022-04-18,21.74702835083008
2022-04-19,22.161340713500977
2022-04-20,21.44652557373047
2022-04-21,20.1496696472168
2022-04-22,19.48277282714844
2022-04-25,19.86913299560547
2022-04-26,18.75697135925293
2022-04-27,18.38459014892578
2022-04-28,19.74932861328125
2022-04-29,18.516372680664062
2022-05-02,19.5007438659668
2022-05-03,19.569623947143555
2022-05-04,20.30041885375977
2022-05-05,18.81287956237793
2022-05-06,18.6441593170166
2022-05-09,16.922008514404297
2022-05-10,17.565942764282227
2022-05-11,16.602535247802734
2022-05-12,16.14828872680664
2022-05-13,17.676759719848633
2022-05-16,17.235490798950195
2022-05-17,18.14698028564453
2022-05-18,16.91002655029297
2022-05-19,17.095720291137695
2022-05-20,16.666433334350586
2022-05-23,16.87009620666504
2022-05-24,16.1273193359375
2022-05-25,16.94696617126465
2022-05-26,17.821521759033203
2022-05-27,18.779935836791992
2022-05-31,18.64116477966309
2022-06-01,18.28974723815918
2022-06-02,19.559648513793945
2022-06-03,18.6890869140625
2022-06-06,18.754976272583008
2022-06-07,18.894746780395508
2022-06-08,18.62114143371582
2022-06-09,18.02200508117676
2022-06-10,16.94955062866211
2022-06-13,15.624460220336914
2022-06-14,15.813190460205078
2022-06-15,16.503192901611328
2022-06-16,15.578526496887209
2022-06-17,15.857128143310549
2022-06-21,16.542139053344727
2022-06-22,16.33643341064453
2022-06-23,16.201631546020508
2022-06-24,17.10133171081543
2022-06-27,16.844701766967773
2022-06-28,15.958980560302734
2022-06-29,15.519614219665527
2022-06-30,15.137166023254396
2022-07-01,14.502080917358398
2022-07-05,14.942445755004885
2022-07-06,15.108206748962402
2022-07-07,15.83515739440918
2022-07-08,15.815189361572266
2022-07-11,15.130175590515137
2022-07-12,15.060276985168455
2022-07-13,15.14215850830078
2022-07-14,15.349858283996582
2022-07-15,15.739296913146973
2022-07-18,16.077808380126953
2022-07-19,16.967525482177734
2022-07-20,17.781347274780273
2022-07-21,18.02400016784668
2022-07-22,17.294055938720703
2022-07-25,16.999481201171875
2022-07-26,16.509185791015625
2022-07-27,17.764379501342773
2022-07-28,17.958099365234375
2022-07-29,18.1368408203125
2022-08-01,18.414438247680664
2022-08-02,18.49931526184082
2022-08-03,18.86578941345215
2022-08-04,19.18732643127441
2022-08-05,18.96164894104004
2022-08-08,17.767372131347656
2022-08-09,17.061386108398438
2022-08-10,18.070932388305664
2022-08-11,17.916154861450195
2022-08-12,18.682048797607425
2022-08-15,19.00458526611328
2022-08-16,18.85180854797364
2022-08-17,18.3085880279541
2022-08-18,18.745960235595703
2022-08-19,17.823291778564453
2022-08-22,17.00946044921875
2022-08-23,17.156253814697266
2022-08-24,17.197193145751953
2022-08-25,17.887195587158203
2022-08-26,16.23657989501953
2022-08-29,15.778239250183104
2022-08-30,15.445720672607422
2022-08-31,15.072257041931152
2022-09-01,13.916925430297852
2022-09-02,13.62734317779541
2022-09-06,13.445605278015137
2022-09-07,13.698314666748049
2022-09-08,13.9739990234375
2022-09-09,14.370545387268066
2022-09-12,14.488411903381348
2022-09-13,13.11598300933838
2022-09-14,13.112987518310549
2022-09-15,12.914214134216309
2022-09-16,13.182906150817873
2022-09-19,13.366694450378418
2022-09-20,13.160931587219238
2022-09-21,13.24583339691162
2022-09-22,12.546634674072266
2022-09-23,12.50168514251709
2022-09-26,12.214015007019045
2022-09-27,12.3988037109375
2022-09-28,12.721434593200684
2022-09-29,12.206024169921877
2022-09-30,12.125117301940918
2022-10-03,12.497692108154297
2022-10-04,13.15194034576416
2022-10-05,13.193893432617188
2022-10-06,13.114984512329102
2022-10-07,12.062189102172852
2022-10-10,11.656654357910156
2022-10-11,11.57275104522705
2022-10-12,11.486848831176758
2022-10-13,11.946322441101074
2022-10-14,11.21415901184082
2022-10-17,11.874403953552246
2022-10-18,11.953313827514648
2022-10-19,12.03721809387207
2022-10-20,12.18005657196045
2022-10-21,12.451743125915527
2022-10-24,12.584589958190918
2022-10-25,13.24583339691162
2022-10-26,12.881253242492676
2022-10-27,13.160931587219238
2022-10-28,13.818178176879885
2022-10-31,13.481566429138184
2022-11-01,13.527510643005373
2022-11-02,13.20388126373291
2022-11-03,13.40565013885498
2022-11-04,14.139809608459473
2022-11-07,14.284646034240724
2022-11-08,14.58530044555664
2022-11-09,13.760246276855469
2022-11-10,15.731988906860352
2022-11-11,16.30832862854004
2022-11-14,16.276365280151367
2022-11-15,16.64693832397461
2022-11-16,15.891802787780762
2022-11-17,15.659071922302246
2022-11-18,15.391377449035645
2022-11-21,15.299483299255373
2022-11-22,16.019657135009766
2022-11-23,16.500106811523438
2022-11-25,16.251392364501953
2022-11-28,15.808897972106934
2022-11-29,15.621113777160645
2022-11-30,16.907970428466797
2022-12-01,17.119783401489258
2022-12-02,16.861011505126953
2022-12-05,16.595247268676758
2022-12-06,15.972801208496094
2022-12-07,16.105682373046875
2022-12-08,17.15375328063965
2022-12-09,16.98590087890625
2022-12-12,17.519428253173828
2022-12-13,18.05594825744629
2022-12-14,17.658306121826172
2022-12-15,16.93694496154785
2022-12-16,16.556283950805664
2022-12-19,16.23956298828125
2022-12-20,16.070714950561523
2022-12-21,16.48634147644043
2022-12-22,15.325377464294434
2022-12-23,15.192495346069336
2022-12-27,14.10845947265625
2022-12-28,14.023533821105955
2022-12-29,14.5900297164917
2022-12-30,14.60102081298828
2023-01-03,14.302285194396973
2023-01-04,14.73590087890625
2023-01-05,14.252330780029297
2023-01-06,14.84580421447754
2023-01-09,15.61411952972412
2023-01-10,15.894871711730955
2023-01-11,15.986788749694824
2023-01-12,16.496335983276367
2023-01-13,16.88399314880371
2023-01-17,17.686275482177734
2023-01-18,17.361570358276367
2023-01-19,16.750112533569336
2023-01-20,17.823158264160156
2023-01-23,19.17595291137696
2023-01-24,19.24788856506348
2023-01-25,19.30583953857422
2023-01-26,19.784412384033203
2023-01-27,20.34691429138184
2023-01-30,19.144983291625977
2023-01-31,19.519651412963867
2023-02-01,20.92440414428711
2023-02-02,21.6897201538086
2023-02-03,21.081260681152344
2023-02-06,21.07027244567871
2023-02-07,22.15330696105957
2023-02-08,22.185277938842773
2023-02-09,22.3171615600586
2023-02-10,21.24611091613769
2023-02-13,21.76865005493164
2023-02-14,22.95060157775879
2023-02-15,22.743783950805664
2023-02-16,21.982458114624023
2023-02-17,21.36900520324707
2023-02-21,20.636653900146484
2023-02-22,20.735570907592773
2023-02-23,23.642986297607425
2023-02-24,23.26531982421875
2023-02-27,23.480127334594727
2023-02-28,23.19537734985352
2023-03-01,22.677839279174805
2023-03-02,23.293296813964844
2023-03-03,23.86878204345703
2023-03-06,23.53308486938477
2023-03-07,23.27126884460449
2023-03-08,24.163631439208984
2023-03-09,23.419164657592773
2023-03-10,22.948501586914062
2023-03-13,22.949501037597656
2023-03-14,24.04570960998535
2023-03-15,24.210594177246094
2023-03-16,25.52265167236328
2023-03-17,25.706520080566406
2023-03-20,25.881391525268555
2023-03-21,26.18017768859864
2023-03-22,26.448984146118164
2023-03-23,27.17146873474121
2023-03-24,26.7597599029541
2023-03-27,26.51193618774414
2023-03-28,26.39102554321289
2023-03-29,26.964618682861328
2023-03-30,27.363325119018555
2023-03-31,27.757043838500977
2023-04-03,27.94491004943848
2023-04-04,27.43327713012696
2023-04-05,26.8616886138916
2023-04-06,27.017576217651367
2023-04-10,27.55918502807617
2023-04-11,27.14948463439941
2023-04-12,26.47596740722656
2023-04-13,26.443986892700195
2023-04-14,26.738773345947266
2023-04-17,26.98260307312012
2023-04-18,27.647123336791992
2023-04-19,27.910932540893555
2023-04-20,27.08452796936035
2023-04-21,27.099515914916992
2023-04-24,27.022571563720703
2023-04-25,26.22214698791504
2023-04-26,26.936634063720703
2023-04-27,27.206439971923828
2023-04-28,27.729066848754883
2023-05-01,28.88923072814941
2023-05-02,28.18972969055176
2023-05-03,27.782026290893555
2023-05-04,27.542200088500977
2023-05-05,28.659395217895508
2023-05-08,29.13005447387696
2023-05-09,28.550472259521484
2023-05-10,28.8642520904541
2023-05-11,28.55746841430664
2023-05-12,28.319637298583984
2023-05-15,28.93219947814941
2023-05-16,29.192012786865234
2023-05-17,30.15632057189941
2023-05-18,31.65524101257324
2023-05-19,31.241539001464844
2023-05-22,31.153602600097656
2023-05-23,30.66595458984375
2023-05-24,30.51605987548828
2023-05-25,37.95271301269531
2023-05-26,38.91802215576172
2023-05-30,40.08218383789063
2023-05-31,37.80681610107422
2023-06-01,39.74142837524414
2023-06-02,39.29874801635742
2023-06-05,39.142860412597656
2023-06-06,38.626224517822266
2023-06-07,37.45195388793945
2023-06-08,38.4863166809082
2023-06-09,38.74615859985352
2023-06-12,39.45771408081055
2023-06-13,40.99676513671875
2023-06-14,42.97055816650391
2023-06-15,42.62677001953125
2023-06-16,42.66574096679688
2023-06-20,43.78105926513672
2023-06-21,43.01852798461914
2023-06-22,42.99853897094727
2023-06-23,42.18304443359375
2023-06-26,40.60701370239258
2023-06-27,41.85024642944336
2023-06-28,41.09171676635742
2023-06-29,40.79689025878906
2023-06-30,42.27598571777344
2023-07-03,42.38691329956055
2023-07-05,42.29097366333008
2023-07-06,42.07710647583008
2023-07-07,42.47686004638672
2023-07-10,42.154056549072266
2023-07-11,42.37891387939453
2023-07-12,43.874996185302734
2023-07-13,45.948726654052734
2023-07-14,45.441036224365234
2023-07-17,46.43241882324219
2023-07-18,47.464786529541016
2023-07-19,47.04804611206055
2023-07-20,45.492000579833984
2023-07-21,44.28174591064453
2023-07-24,44.584564208984375
2023-07-25,45.650909423828125
2023-07-26,45.424049377441406
2023-07-27,45.87177276611328
2023-07-28,46.72124481201172
2023-07-31,46.70026016235352
2023-08-01,46.4783935546875
2023-08-02,44.24177169799805
2023-08-03,44.48762130737305
2023-08-04,44.65251922607422
2023-08-07,45.38907241821289
2023-08-08,44.63653945922852
2023-08-09,42.52783203125
2023-08-10,42.3619384765625
2023-08-11,40.829872131347656
2023-08-14,43.72608947753906
2023-08-15,43.9129753112793
2023-08-16,43.45925521850586
2023-08-17,43.31733703613281
2023-08-18,43.272369384765625
2023-08-21,46.938114166259766
2023-08-22,45.63991165161133
2023-08-23,47.0870246887207
2023-08-24,47.13399124145508
2023-08-25,45.98969650268555
2023-08-28,46.80619430541992
2023-08-29,48.75399398803711
2023-08-30,49.23369598388672
2023-08-31,49.32464599609375
2023-09-01,48.47916412353516
2023-09-05,48.51813888549805
2023-09-06,47.03593063354492
2023-09-07,46.21636962890625
2023-09-08,45.54772567749024
2023-09-11,45.15393829345703
2023-09-12,44.84609603881836
2023-09-13,45.46077346801758
2023-09-14,45.55672073364258
2023-09-15,43.87661361694336
2023-09-18,43.94258117675781
2023-09-19,43.4968147277832
2023-09-20,42.21649932861328
2023-09-21,40.99514389038086
2023-09-22,41.587833404541016
2023-09-25,42.19950485229492
2023-09-26,41.888671875
2023-09-27,42.44537353515625
2023-09-28,43.0660514831543
2023-09-29,43.475830078125
2023-10-02,44.75814437866211
2023-10-03,43.49381256103516
2023-10-04,44.01754379272461
2023-10-05,44.6641960144043
2023-10-06,45.73762130737305
2023-10-09,45.24888229370117
2023-10-10,45.77360153198242
2023-10-11,46.78107070922852
2023-10-12,46.91999435424805
2023-10-13,45.43678283691406
2023-10-16,46.0704460144043
2023-10-17,43.91459655761719
2023-10-18,42.17352294921875
2023-10-19,42.078575134277344
2023-10-20,41.36495590209961
2023-10-23,42.95210647583008
2023-10-24,43.639739990234375
2023-10-25,41.756744384765625
2023-10-26,40.30451965332031
2023-10-27,40.47842788696289
2023-10-30,41.13907623291016
2023-10-31,40.758277893066406
2023-11-01,42.30245971679688
2023-11-02,43.48282241821289
2023-11-03,44.98102569580078
2023-11-06,45.72662734985352
2023-11-07,45.93052291870117
2023-11-08,46.5491943359375
2023-11-09,46.92498779296875
2023-11-10,48.30924987792969
2023-11-13,48.59410095214844
2023-11-14,49.62954711914063
2023-11-15,48.86195755004883
2023-11-16,49.45363998413086
2023-11-17,49.27174377441406
2023-11-20,50.38214492797852
2023-11-21,49.91739273071289
2023-11-22,48.69004821777344
2023-11-24,47.75055313110352
2023-11-27,48.21630096435547
2023-11-28,47.79552459716797
2023-11-29,48.11436080932617
2023-11-30,46.74508285522461
2023-12-01,46.74008941650391
2023-12-04,45.48575973510742
2023-12-05,46.545291900634766
2023-12-06,45.48276138305664
2023-12-07,46.57527160644531
2023-12-08,47.48487091064453
2023-12-11,46.606258392333984
2023-12-12,47.63579940795898
2023-12-13,48.06661605834961
2023-12-14,48.328495025634766
2023-12-15,48.868255615234375
2023-12-18,50.054725646972656
2023-12-19,49.58193206787109
2023-12-20,48.08959579467773
2023-12-21,48.96821212768555
2023-12-22,48.80828094482422
2023-12-26,49.25707626342773
2023-12-27,49.39501953125
2023-12-28,49.49997329711914
2023-12-29,49.49997329711914
2024-01-02,48.14657211303711
2024-01-03,47.54783630371094
2024-01-04,47.97665023803711
2024-01-05,49.075157165527344
2024-01-08,52.22975540161133
2024-01-09,53.11636352539063
2024-01-10,54.32582092285156
2024-01-11,54.79761505126953
2024-01-12,54.6856575012207
2024-01-16,56.3569221496582
2024-01-17,56.02807235717773
2024-01-18,57.08160400390625
2024-01-19,59.464542388916016
2024-01-22,59.6274642944336
2024-01-23,59.84637069702149
2024-01-24,61.3347053527832
2024-01-25,61.5895881652832
2024-01-26,61.00385284423828
2024-01-29,62.43721389770508
2024-01-30,62.746070861816406
2024-01-31,61.4996337890625
2024-02-01,62.998966217041016
2024-02-02,66.13057708740234
2024-02-05,69.30116271972656
2024-02-06,68.19265747070312
2024-02-07,70.06781768798828
2024-02-08,69.61002349853516
2024-02-09,72.1009292602539
2024-02-12,72.21585845947266
2024-02-13,72.0959243774414
2024-02-14,73.86713409423828
2024-02-15,72.62567138671875
2024-02-16,72.58070373535156
2024-02-20,69.42111206054688
2024-02-21,67.4419937133789
2024-02-22,78.5030746459961
2024-02-23,78.78194427490234
2024-02-26,79.05682373046875
2024-02-27,78.6659927368164
2024-02-28,77.62845611572266
2024-02-29,79.07682037353516
2024-03-01,82.24240112304688
2024-03-04,85.19908142089844
2024-03-05,85.92979431152344
2024-03-06,88.66470336914062
2024-03-07,92.6321258544922
2024-03-08,87.49317169189453
2024-03-11,85.73986053466797
2024-03-12,91.87643432617188
2024-03-13,90.85183715820312
2024-03-14,87.90901184082031
2024-03-15,87.80204772949219
2024-03-18,88.4197998046875
2024-03-19,89.36243438720703
2024-03-20,90.33604431152344
2024-03-21,91.39861297607422
2024-03-22,94.2514877319336
2024-03-25,94.96419525146484
2024-03-26,92.52416229248048
2024-03-27,90.2140884399414
2024-03-28,90.32005310058594
2024-04-01,90.32704162597656
2024-04-02,89.4164047241211
2024-04-03,88.92860412597656
2024-04-04,85.87081146240234
2024-04-05,87.97297668457031
2024-04-08,87.09832763671875
2024-04-09,85.32002258300781
2024-04-10,87.00436401367188
2024-04-11,90.57994079589844
2024-04-12,88.1509017944336
2024-04-15,85.9667739868164
2024-04-16,87.38021087646484
2024-04-17,84.0015640258789
2024-04-18,84.6373062133789
2024-04-19,76.16968536376953
2024-04-22,79.48635864257812
2024-04-23,82.39020538330078
2024-04-24,79.64530181884766
2024-04-25,82.59912872314453
2024-04-26,87.7000961303711
2024-04-29,87.72208404541016
2024-04-30,86.36762237548828
2024-05-01,83.00794982910156
2024-05-02,85.78285217285156
2024-05-03,88.75366973876953
2024-05-06,92.10333251953124
2024-05-07,90.5179672241211
2024-05-08,90.3760223388672
2024-05-09,88.71168518066406
2024-05-10,89.84223175048828
2024-05-13,90.363037109375
2024-05-14,91.31965637207033
2024-05-15,94.59235382080078
2024-05-16,94.32144927978516
2024-05-17,92.44219207763672
2024-05-20,94.74227905273438
2024-05-21,95.3480453491211
2024-05-22,94.91222381591795
2024-05-23,103.75769805908205
2024-05-24,106.4266357421875
2024-05-28,113.8556671142578
2024-05-29,114.77930450439452
2024-05-30,110.45602416992188
2024-05-31,109.5893783569336
2024-06-03,114.95423889160156
2024-06-04,116.3906707763672
2024-06-05,122.39127349853516
2024-06-06,120.9498519897461
2024-06-07,120.83989715576172
2024-06-10,121.74153900146484
2024-06-11,120.87181854248048
2024-06-12,125.16045379638672
2024-06-13,129.56906127929688
2024-06-14,131.83836364746094
2024-06-17,130.9386444091797
2024-06-18,135.5371856689453
2024-06-20,130.73870849609375
2024-06-21,126.530029296875
2024-06-24,118.07270050048828
2024-06-25,126.05016326904295
2024-06-26,126.36009216308594
2024-06-27,123.95084381103516
2024-06-28,123.50098419189452
2024-07-01,124.26074981689452
2024-07-02,122.63126373291016
2024-07-03,128.23948669433594
2024-07-05,125.7902603149414
2024-07-08,128.1595001220703
2024-07-09,131.33851623535156
2024-07-10,134.86740112304688
2024-07-11,127.35977935791016
2024-07-12,129.19918823242188
2024-07-15,128.39944458007812
2024-07-16,126.3200912475586
2024-07-17,117.9527359008789
2024-07-18,121.0517578125
2024-07-19,117.89276123046876
2024-07-22,123.50098419189452
2024-07-23,122.55128479003906
2024-07-24,114.2139129638672
2024-07-25,112.24453735351562
2024-07-26,113.02428436279295
2024-07-29,111.55474853515624
2024-07-30,103.6972427368164
2024-07-31,116.98303985595705
2024-08-01,109.1755142211914
2024-08-02,107.23611450195312
2024-08-05,100.41827392578124
2024-08-06,104.21707916259766
2024-08-07,98.87876892089844
2024-08-08,104.93685150146484
2024-08-09,104.71692657470705
2024-08-12,108.9855728149414
2024-08-13,116.1033172607422
2024-08-14,118.04270935058594
2024-08-15,122.82120513916016
2024-08-16,124.54065704345705
2024-08-19,129.9589385986328
2024-08-20,127.20980834960938
2024-08-21,128.4594268798828
2024-08-22,123.700927734375
2024-08-23,129.32913208007812
2024-08-26,126.42005920410156
2024-08-27,128.25949096679688
2024-08-28,125.5703353881836
2024-08-29,117.55286407470705
2024-08-30,119.33230590820312
2024-09-03,107.96588897705078
2024-09-04,106.17645263671876
2024-09-05,107.17613983154295
2024-09-06,102.79752349853516
2024-09-09,106.4363784790039
2024-09-10,108.06585693359376
2024-09-11,116.87307739257812
2024-09-12,119.11256408691406
2024-09-13,119.07256317138672
2024-09-16,116.75309753417967
2024-09-17,115.5633773803711
2024-09-18,113.3438949584961
2024-09-19,117.84285736083984
2024-09-20,115.97328186035156
2024-09-23,116.23323059082033
2024-09-24,120.8421630859375
2024-09-25,123.48155975341795
2024-09-26,124.01143646240234
2024-09-27,121.3720474243164
2024-09-30,121.41203308105467
2024-10-01,116.97305297851562
2024-10-02,118.82262420654295
2024-10-03,122.82170867919922
2024-10-04,124.89122772216795
2024-10-07,127.69059753417967
2024-10-08,132.85939025878906
2024-10-09,132.61944580078125
2024-10-10,134.77896118164062
2024-10-11,134.7689666748047
2024-10-14,138.03822326660156
2024-10-15,131.5697021484375
2024-10-16,135.68873596191406
2024-10-17,136.89846801757812
2024-10-18,137.9682159423828
2024-10-21,143.67691040039062
2024-10-22,143.55694580078125
2024-10-23,139.52786254882812
2024-10-24,140.37767028808594
2024-10-25,141.5074005126953
2024-10-28,140.48765563964844
2024-10-29,141.21746826171875
2024-10-30,139.3079071044922
2024-10-31,132.72943115234375
2024-11-01,135.3688201904297
2024-11-04,136.0186767578125
2024-11-05,139.87777709960938
2024-11-06,145.5764617919922
2024-11-07,148.84571838378906
2024-11-08,147.5959930419922
2024-11-11,145.22654724121094
2024-11-12,148.25582885742188
2024-11-13,146.236328125
2024-11-14,146.7261962890625
2024-11-15,141.94729614257812
2024-11-18,140.11770629882812
2024-11-19,146.97613525390625
2024-11-20,145.8563995361328
2024-11-21,146.63623046875
2024-11-22,141.9173126220703
2024-11-25,135.98867797851562
2024-11-26,136.8884735107422
2024-11-27,135.30882263183594
2024-11-29,138.21817016601562
2024-12-02,138.59808349609375
2024-12-03,140.2277069091797
2024-12-04,145.1065673828125
2024-12-05,145.03659057617188
2024-12-06,142.41702270507812
2024-12-09,138.78758239746094
2024-12-10,135.04820251464844
2024-12-11,139.28750610351562
2024-12-12,137.3178253173828
2024-12-13,134.22833251953125
2024-12-16,131.9786834716797
2024-12-17,130.36895751953125
2024-12-18,128.88919067382812
2024-12-19,130.6588897705078
2024-12-20,134.67825317382812
2024-12-23,139.64744567871094
2024-12-24,140.19737243652344
2024-12-26,139.90740966796875
2024-12-27,136.9878692626953
2024-12-30,137.46780395507812
2024-12-31,134.26832580566406
2025-01-02,138.2876739501953
2025-01-03,144.44668579101562
2025-01-06,149.40586853027344
2025-01-07,140.11737060546875
2025-01-08,140.08738708496094
2025-01-10,135.88807678222656
2025-01-13,133.20849609375
2025-01-14,131.7387237548828
2025-01-15,136.218017578125
2025-01-16,133.54844665527344
2025-01-17,137.68777465820312
2025-01-21,140.80726623535156
2025-01-22,147.04627990722656
2025-01-23,147.1962432861328
2025-01-24,142.5969696044922
2025-01-27,118.40088653564452
2025-01-28,128.9691925048828
2025-01-29,123.6800308227539
2025-01-30,124.62987518310548
2025-01-31,120.05062103271484
2025-02-03,116.64117431640624
2025-02-04,118.63085174560548
2025-02-05,124.80985260009766
2025-02-06,128.65921020507812
2025-02-07,129.81903076171875
2025-02-10,133.54844665527344
2025-02-11,132.77857971191406
2025-02-12,131.11883544921875
2025-02-13,135.26815795898438
2025-02-14,138.8275909423828
2025-02-18,139.37750244140625
2025-02-19,139.20751953125
2025-02-20,140.08738708496094
2025-02-21,134.40829467773438
2025-02-24,130.25897216796875
2025-02-25,126.60955810546876
2025-02-26,131.25881958007812
2025-02-27,120.13060760498048
2025-02-28,124.89983367919922
2025-03-03,114.04158782958984
2025-03-04,115.97127532958984
2025-03-05,117.28106689453124
2025-03-06,110.55215454101562
2025-03-07,112.67181396484376
2025-03-10,106.96273040771484
2025-03-11,108.74244689941406
2025-03-12,115.73196411132812
2025-03-13,115.5719757080078
2025-03-14,121.66155242919922
2025-03-17,119.52169799804688
2025-03-18,115.42198181152344
2025-03-19,117.51183319091795
2025-03-20,118.52176666259766
2025-03-21,117.69182586669922
2025-03-24,121.40157318115234
2025-03-25,120.68162536621094
2025-03-26,113.75210571289062
2025-03-27,111.4222640991211
2025-03-28,109.66238403320312
2025-03-31,108.37247467041016
2025-04-01,110.14234924316406
2025-04-02,110.4123306274414
2025-04-03,101.79293060302734
2025-04-04,94.30345153808594
2025-04-07,97.63321685791016
2025-04-08,96.29331970214844
2025-04-09,114.32205963134766
2025-04-10,107.56253051757812
2025-04-11,110.92229461669922
2025-04-14,110.70230865478516
2025-04-15,112.19220733642578
2025-04-16,104.48274230957033
2025-04-17,101.48294830322266
2025-04-21,96.9032745361328
2025-04-22,98.88313293457033
2025-04-23,102.70286560058594
2025-04-24,106.422607421875
2025-04-25,111.0022964477539
2025-04-28,108.72245025634766
2025-04-29,109.0124282836914
2025-04-30,108.91243743896484
2025-05-01,111.6022491455078
2025-05-02,114.49205017089844
2025-05-05,113.81209564208984
2025-05-06,113.53211975097656
2025-05-07,117.05187225341795
2025-05-08,117.36185455322266
2025-05-09,116.64189910888672
2025-05-12,122.99146270751952
2025-05-13,129.9209747314453
2025-05-14,135.33059692382812
2025-05-15,134.8206329345703
2025-05-16,135.39059448242188
2025-05-19,135.5605926513672
2025-05-20,134.37066650390625
2025-05-21,131.7908477783203
2025-05-22,132.82078552246094
2025-05-23,131.2808837890625
2025-05-27,135.49058532714844
2025-05-28,134.80064392089844
2025-05-29,139.1803436279297
2025-05-30,135.12062072753906
2025-06-02,137.37046813964844
2025-06-03,141.21018981933594
2025-06-04,141.91014099121094
2025-06-05,139.98028564453125
2025-06-06,141.7101593017578
2025-06-09,142.62010192871094
2025-06-10,143.95001220703125
2025-06-11,142.8300018310547
2025-06-12,145.0
2025-06-13,141.97000122070312
2025-06-16,144.69000244140625
2025-06-17,144.1199951171875
2025-06-18,145.47999572753906
2025-06-20,143.85000610351562
2025-06-23,144.1699981689453
2025-06-24,147.89999389648438
2025-06-25,154.30999755859375
2025-06-26,155.02000427246094
2025-06-27,157.75
