Date,Close
2000-01-05,5.198327541351318
2000-01-06,5.388587951660156
2000-01-07,6.020736217498779
2000-01-10,5.9163994789123535
2000-01-11,5.928677082061768
2000-01-12,5.873439788818359
2000-01-13,6.057558059692383
2000-01-14,6.051421642303467
2000-01-18,5.793652534484863
2000-01-19,5.842752933502197
2000-01-20,5.990049362182617
2000-01-21,5.732279300689697
2000-01-24,5.419275760650635
2000-01-25,5.419275760650635
2000-01-26,5.407001495361328
2000-01-27,5.321078777313232
2000-01-28,5.16764497756958
2000-01-31,5.204469680786133
2000-02-01,5.345629692077637
2000-02-02,5.486785888671875
2000-02-03,5.43768835067749
2000-02-04,5.572709560394287
2000-02-07,5.713869094848633
2000-02-08,5.499062538146973
2000-02-09,5.2965288162231445
2000-02-10,5.683181285858154
2000-02-11,5.499062538146973
2000-02-14,5.584983348846436
2000-02-15,5.8304762840271
2000-02-16,6.020736217498779
2000-02-17,6.174169063568115
2000-02-18,5.683181285858154
2000-02-22,5.775241851806641
2000-02-23,5.621808052062988
2000-02-24,5.16764497756958
2000-02-25,5.032622814178467
2000-02-28,5.051034450531006
2000-02-29,5.020348072052002
2000-03-01,5.364038944244385
2000-03-02,5.155370235443115
2000-03-03,5.345629692077637
2000-03-06,5.155370235443115
2000-03-07,4.811677932739258
2000-03-08,4.676656723022461
2000-03-09,4.81781530380249
2000-03-10,4.995797634124756
2000-03-13,4.916013717651367
2000-03-14,4.916013717651367
2000-03-15,5.051034450531006
2000-03-16,5.118547439575195
2000-03-17,5.069446086883545
2000-03-20,5.204469680786133
2000-03-21,5.302666187286377
2000-03-22,5.198327541351318
2000-03-23,5.364038944244385
2000-03-24,5.640218734741211
2000-03-27,5.474512100219727
2000-03-28,5.43768835067749
2000-03-29,5.468374729156494
2000-03-30,5.624838352203369
2000-03-31,5.858181953430176
2000-04-03,6.097667694091797
2000-04-04,5.968714714050293
2000-04-05,5.895026206970215
2000-04-06,6.0608229637146
2000-04-07,6.066964149475098
2000-04-10,6.275748252868652
2000-04-11,6.429264068603516
2000-04-12,6.668750286102295
2000-04-13,6.5213727951049805
2000-04-14,6.28188943862915
2000-04-17,6.263468265533447
2000-04-18,6.373999118804932
2000-04-19,6.355576038360596
2000-04-20,6.595061302185059
2000-04-24,6.822267055511475
2000-04-25,6.705594062805176
2000-04-26,6.613483428955078
2000-04-27,6.588921070098877
2000-04-28,6.5520758628845215
2000-05-01,6.343295574188232
2000-05-02,6.189778327941895
2000-05-03,6.017838954925537
2000-05-04,6.134510517120361
2000-05-05,6.195919036865234
2000-05-08,6.484528541564941
2000-05-09,6.668750286102295
2000-05-10,6.717872142791748
2000-05-11,6.797704219818115
2000-05-12,7.012627601623535
2000-05-15,7.331940174102783
2000-05-16,7.430190086364746
2000-05-17,7.331940174102783
2000-05-18,7.614409923553467
2000-05-19,7.503878116607666
2000-05-22,7.497740268707275
2000-05-23,7.411768436431885
2000-05-24,7.651256561279297
2000-05-25,7.522301197052002
2000-05-26,7.454749584197998
2000-05-30,7.460893154144287
2000-05-31,7.32579755783081
2000-06-01,7.467036724090576
2000-06-02,7.356500625610352
2000-06-05,7.362645626068115
2000-06-06,7.209126472473144
2000-06-07,7.233687877655029
2000-06-08,7.270532131195068
2000-06-09,7.559146881103516
2000-06-12,7.850824356079102
2000-06-13,7.933722972869873
2000-06-14,8.056536674499512
2000-06-15,8.056536674499512
2000-06-16,7.933722972869873
2000-06-19,7.860036849975586
2000-06-20,7.878458499908447
2000-06-21,7.964433193206787
2000-06-22,7.896878242492676
2000-06-23,7.847757816314697
2000-06-26,7.835473537445068
2000-06-27,7.878458499908447
2000-06-28,8.107194900512695
2000-06-29,8.449542999267578
2000-06-30,8.424973487854004
2000-07-03,8.652181625366211
2000-07-05,8.744290351867676
2000-07-06,9.014480590820312
2000-07-07,8.817975044250488
2000-07-10,8.58463191986084
2000-07-11,8.615337371826172
2000-07-12,8.768852233886719
2000-07-13,8.424973487854004
2000-07-14,8.30216121673584
2000-07-17,8.541646003723145
2000-07-18,8.179349899291992
2000-07-19,8.246899604797363
2000-07-20,8.339005470275879
2000-07-21,8.351287841796875
2000-07-24,8.087240219116211
2000-07-25,7.737224102020264
2000-07-26,7.681956768035889
2000-07-27,8.044255256652832
2000-07-28,7.976706981658935
2000-07-31,8.038116455078125
2000-08-01,8.197774887084961
2000-08-02,8.216193199157715
2000-08-03,8.3451509475708
2000-08-04,8.615337371826172
2000-08-07,8.639898300170898
2000-08-08,8.5477876663208
2000-08-09,8.633755683898926
2000-08-10,8.682882308959961
2000-08-11,9.06360149383545
2000-08-14,9.186415672302246
2000-08-15,9.143431663513184
2000-08-16,9.057461738586426
2000-08-17,9.118870735168455
2000-08-18,8.977633476257324
2000-08-21,9.02061939239502
2000-08-22,9.186415672302246
2000-08-23,8.977633476257324
2000-08-24,8.965352058410645
2000-08-25,8.817975044250488
2000-08-28,8.84253978729248
2000-08-29,8.916229248046875
2000-08-30,8.903945922851562
2000-08-31,9.28620147705078
2000-09-01,9.22940158843994
2000-09-05,9.27238655090332
2000-09-06,9.088164329528809
2000-09-07,9.02061939239502
2000-09-08,8.89166259765625
2000-09-11,9.186415672302246
2000-09-12,8.983776092529297
2000-09-13,8.989913940429688
2000-09-14,9.284667015075684
2000-09-15,9.106585502624512
2000-09-18,8.959209442138672
2000-09-19,9.266246795654297
2000-09-20,9.069742202758787
2000-09-21,9.278524398803713
2000-09-22,9.610119819641112
2000-09-25,9.560998916625977
2000-09-26,9.573282241821287
2000-09-27,9.62854290008545
2000-09-28,9.769783020019531
2000-09-29,9.702230453491213
2000-10-02,10.408406257629396
2000-10-03,10.347000122070312
2000-10-04,10.076812744140623
2000-10-05,10.297873497009276
2000-10-06,10.113651275634766
2000-10-09,10.119792938232422
2000-10-10,10.402257919311523
2000-10-11,10.3654203414917
2000-10-12,9.97242259979248
2000-10-13,10.205764770507812
2000-10-16,10.703157424926758
2000-10-17,10.494375228881836
2000-10-18,10.297873497009276
2000-10-19,10.273311614990234
2000-10-20,10.347000122070312
2000-10-23,10.273311614990234
2000-10-24,10.475953102111816
2000-10-25,10.267169952392578
2000-10-26,10.55578327178955
2000-10-27,10.776847839355469
2000-10-30,11.397048950195312
2000-10-31,10.746142387390137
2000-11-01,10.426827430725098
2000-11-02,10.242612838745115
2000-11-03,10.426827430725098
2000-11-06,10.715442657470703
2000-11-07,10.684736251831056
2000-11-08,10.856675148010254
2000-11-09,11.163702964782717
2000-11-10,11.102299690246582
2000-11-13,10.801408767700195
2000-11-14,11.133002281188965
2000-11-15,11.292664527893066
2000-11-16,11.323360443115234
2000-11-17,11.341787338256836
2000-11-20,11.29880142211914
2000-11-21,11.323360443115234
2000-11-22,11.071592330932615
2000-11-24,11.304940223693848
2000-11-27,11.323360443115234
2000-11-28,11.433897018432615
2000-11-29,11.618114471435549
2000-11-30,11.526006698608398
2000-12-01,11.397048950195312
2000-12-04,11.483020782470703
2000-12-05,11.630395889282228
2000-12-06,11.568986892700195
2000-12-07,11.470738410949709
2000-12-08,11.716363906860352
2000-12-11,11.83304214477539
2000-12-12,11.624256134033203
2000-12-13,11.6058349609375
2000-12-14,11.329505920410156
2000-12-15,11.544425964355469
2000-12-18,11.876020431518556
2000-12-19,11.501441955566406
2000-12-20,11.581273078918455
2000-12-21,11.857599258422852
2000-12-22,11.740931510925291
2000-12-26,12.035677909851074
2000-12-27,11.961991310119627
2000-12-28,12.281301498413086
2000-12-29,12.060239791870115
2001-01-02,11.581273078918455
2001-01-03,11.23739528656006
2001-01-04,10.451391220092772
2001-01-05,10.598766326904297
2001-01-08,10.561919212341309
2001-01-09,10.672454833984377
2001-01-10,11.102299690246582
2001-01-11,10.88123893737793
2001-01-12,10.647892951965332
2001-01-16,10.549642562866213
2001-01-17,10.35313892364502
2001-01-18,10.267169952392578
2001-01-19,10.132075309753418
2001-01-22,10.868955612182615
2001-01-23,11.495305061340332
2001-01-24,11.728643417358398
2001-01-25,11.888300895690918
2001-01-26,11.753210067749023
2001-01-29,11.546388626098633
2001-01-30,11.21627140045166
2001-01-31,11.084616661071776
2001-02-01,11.14946460723877
2001-02-02,12.00620460510254
2001-02-05,12.26362133026123
2001-02-06,11.96690273284912
2001-02-07,12.157509803771973
2001-02-08,11.96690273284912
2001-02-09,11.505127906799316
2001-02-12,11.617133140563965
2001-02-13,11.512989044189451
2001-02-14,11.200552940368652
2001-02-15,11.053176879882812
2001-02-16,11.18286418914795
2001-02-20,11.121949195861816
2001-02-21,11.098366737365724
2001-02-22,10.819343566894531
2001-02-23,10.675894737243652
2001-02-26,11.041383743286133
2001-02-27,11.281112670898438
2001-02-28,11.638749122619627
2001-03-01,11.591588020324709
2001-03-02,11.945286750793455
2001-03-05,11.79005241394043
2001-03-06,11.890267372131348
2001-03-07,11.888300895690918
2001-03-08,12.084802627563477
2001-03-09,11.984591484069824
2001-03-12,11.72324562072754
2001-03-13,11.57390022277832
2001-03-14,11.41669750213623
2001-03-15,11.379362106323242
2001-03-16,10.968682289123535
2001-03-19,11.151426315307615
2001-03-20,11.151426315307615
2001-03-21,10.66999626159668
2001-03-22,10.355598449707031
2001-03-23,10.709298133850098
2001-03-26,11.02369785308838
2001-03-27,11.0708589553833
2001-03-28,11.02369785308838
2001-03-29,11.361861228942873
2001-03-30,11.650874137878418
2001-04-02,11.501452445983888
2001-04-03,11.448366165161133
2001-04-04,11.768837928771973
2001-04-05,11.796359062194824
2001-04-06,11.587960243225098
2001-04-09,11.753107070922852
2001-04-10,11.629246711730955
2001-04-11,11.36776065826416
2001-04-12,11.487688064575195
2001-04-16,11.448366165161133
2001-04-17,11.607620239257812
2001-04-18,11.9300537109375
2001-04-19,11.874999046325684
2001-04-20,11.83764934539795
2001-04-23,11.745247840881348
2001-04-24,11.945781707763672
2001-04-25,12.38617992401123
2001-04-26,12.753833770751951
2001-04-27,12.822646141052246
2001-04-30,12.873762130737305
2001-05-01,13.007452964782717
2001-05-02,12.425498962402344
2001-05-03,12.110929489135742
2001-05-04,12.022456169128418
2001-05-07,11.95364475250244
2001-05-08,11.621382713317873
2001-05-09,11.639078140258787
2001-05-10,11.289118766784668
2001-05-11,11.491621971130373
2001-05-14,11.629246711730955
2001-05-15,11.654803276062012
2001-05-16,11.947746276855469
2001-05-17,11.475894927978516
2001-05-18,11.151495933532717
2001-05-21,10.907703399658203
2001-05-22,10.675704002380373
2001-05-23,10.426019668579102
2001-05-24,10.872315406799316
2001-05-25,10.70519733428955
2001-05-29,10.57740306854248
2001-05-30,10.856579780578612
2001-05-31,11.304844856262209
2001-06-01,11.147562980651855
2001-06-04,11.159357070922852
2001-06-05,11.230134963989258
2001-06-06,11.481796264648438
2001-06-07,11.359898567199709
2001-06-08,11.448366165161133
2001-06-11,11.149524688720703
2001-06-12,11.167219161987305
2001-06-13,11.324506759643556
2001-06-14,11.438538551330566
2001-06-15,11.234068870544434
2001-06-18,11.481796264648438
2001-06-19,11.409048080444336
2001-06-20,11.56043529510498
2001-06-21,11.90646266937256
2001-06-22,12.026384353637695
2001-06-25,12.246594429016112
2001-06-26,12.140425682067873
2001-06-27,12.3665189743042
2001-06-28,12.297706604003906
2001-06-29,12.140425682067873
2001-07-02,12.280010223388672
2001-07-03,12.244622230529783
2001-07-05,12.171878814697266
2001-07-06,12.17384433746338
2001-07-09,12.484485626220703
2001-07-10,12.3665189743042
2001-07-11,12.480549812316896
2001-07-12,12.793150901794434
2001-07-13,12.934707641601562
2001-07-16,12.720410346984863
2001-07-17,12.972065925598145
2001-07-18,13.046774864196776
2001-07-19,13.099857330322266
2001-07-20,12.940608978271484
2001-07-23,12.92684555053711
2001-07-24,12.781354904174805
2001-07-25,12.673223495483398
2001-07-26,12.781354904174805
2001-07-27,12.77939224243164
2001-07-30,13.08413028717041
2001-07-31,13.25517463684082
2001-08-01,12.77939224243164
2001-08-02,12.572957038879396
2001-08-03,12.639799118041992
2001-08-06,12.488415718078612
2001-08-07,12.65749740600586
2001-08-08,12.517905235290527
2001-08-09,12.512006759643556
2001-08-10,12.65749740600586
2001-08-13,12.832475662231444
2001-08-14,12.877691268920898
2001-08-15,12.858036994934082
2001-08-16,13.05463695526123
2001-08-17,12.901287078857422
2001-08-20,12.993691444396973
2001-08-21,13.12148666381836
2001-08-22,13.247310638427734
2001-08-23,13.516661643981934
2001-08-24,13.390836715698242
2001-08-27,13.467510223388672
2001-08-28,13.55205535888672
2001-08-29,13.614967346191406
2001-08-30,13.512731552124023
2001-08-31,13.381003379821776
2001-09-04,13.367244720458984
2001-09-05,13.428189277648926
2001-09-06,13.145075798034668
2001-09-07,12.838372230529783
2001-09-10,13.05463695526123
2001-09-17,12.683053970336914
2001-09-18,12.287875175476074
2001-09-19,12.140425682067873
2001-09-20,12.073577880859377
2001-09-21,11.78653049468994
2001-09-24,12.112895011901855
2001-09-25,12.384214401245115
2001-09-26,12.89735984802246
2001-09-27,12.974027633666992
2001-09-28,13.074298858642578
2001-10-01,13.152942657470703
2001-10-02,13.223722457885742
2001-10-03,13.223722457885742
2001-10-04,13.388872146606444
2001-10-05,13.49110221862793
2001-10-08,13.388872146606444
2001-10-09,13.38493824005127
2001-10-10,13.550088882446287
2001-10-11,13.30629825592041
2001-10-12,13.190295219421388
2001-10-15,13.412461280822754
2001-10-16,13.487174034118652
2001-10-17,13.379042625427246
2001-10-18,13.331856727600098
2001-10-19,13.292531967163086
2001-10-22,13.536327362060549
2001-10-23,13.371176719665527
2001-10-24,12.975997924804688
2001-10-25,13.074298858642578
2001-10-26,13.25321102142334
2001-10-29,13.227652549743652
2001-10-30,13.139182090759276
2001-10-31,12.92684555053711
2001-11-01,12.822646141052246
2001-11-02,12.887523651123049
2001-11-05,12.997623443603516
2001-11-06,13.12148666381836
2001-11-07,12.956336975097656
2001-11-08,12.620140075683594
2001-11-09,12.490382194519045
2001-11-12,12.66535758972168
2001-11-13,12.769564628601074
2001-11-14,12.787259101867676
2001-11-15,12.808883666992188
2001-11-16,12.865893363952637
2001-11-19,13.251243591308594
2001-11-20,13.907910346984863
2001-11-21,13.933466911315918
2001-11-23,14.002284049987791
2001-11-26,14.047496795654297
2001-11-27,13.986550331115724
2001-11-28,14.096656799316406
2001-11-29,14.018010139465332
2001-11-30,14.047496795654297
2001-12-03,14.023905754089355
2001-12-04,14.016047477722168
2001-12-05,14.147767066955566
2001-12-06,14.192994117736816
2001-12-07,14.18315601348877
2001-12-10,14.061260223388672
2001-12-11,14.104514122009276
2001-12-12,13.703438758850098
2001-12-13,13.762422561645508
2001-12-14,13.951164245605469
2001-12-17,13.949198722839355
2001-12-18,13.959030151367188
2001-12-19,13.64838981628418
2001-12-20,13.616933822631836
2001-12-21,13.640530586242676
2001-12-24,13.813535690307615
2001-12-26,13.809602737426758
2001-12-27,13.870555877685549
2001-12-28,13.919703483581545
2001-12-31,13.913809776306152
2002-01-02,13.845001220703123
2002-01-03,13.689678192138672
2002-01-04,13.762422561645508
2002-01-07,13.673951148986816
2002-01-08,13.636591911315918
2002-01-09,13.67591667175293
2002-01-10,13.88038444519043
2002-01-11,14.106484413146973
2002-01-14,14.25393772125244
2002-01-15,14.283429145812988
2002-01-16,14.35224151611328
2002-01-17,14.22248077392578
2002-01-18,14.26966953277588
2002-01-22,14.263763427734377
2002-01-23,14.234275817871094
2002-01-24,14.613723754882812
2002-01-25,14.58816623687744
2002-01-28,14.548845291137695
2002-01-29,14.342411994934082
2002-01-30,14.25393772125244
2002-01-31,14.61765193939209
2002-02-01,14.739556312561035
2002-02-04,14.52918529510498
2002-02-05,14.745457649230955
2002-02-06,14.666810989379885
2002-02-07,14.765106201171877
2002-02-08,14.633383750915527
2002-02-11,14.627490043640137
2002-02-12,14.855550765991213
2002-02-13,14.784762382507324
2002-02-14,14.653045654296877
2002-02-15,14.6097993850708
2002-02-19,14.51149082183838
2002-02-20,14.525254249572754
2002-02-21,14.729722023010254
2002-02-22,14.692368507385254
2002-02-25,14.621593475341797
2002-02-26,14.489863395690918
2002-02-27,14.342411994934082
2002-02-28,14.25196933746338
2002-03-01,14.008182525634766
2002-03-04,13.394769668579102
2002-03-05,13.516661643981934
2002-03-06,13.768320083618164
2002-03-07,13.88038444519043
2002-03-08,14.051431655883787
2002-03-11,14.367966651916504
2002-03-12,14.41909122467041
2002-03-13,14.480037689208984
2002-03-14,14.627490043640137
2002-03-15,14.656981468200684
2002-03-18,14.73168659210205
2002-03-19,14.806397438049316
2002-03-20,14.80443286895752
2002-03-21,14.812302589416504
2002-03-22,14.682536125183104
2002-03-25,14.61765193939209
2002-03-26,14.623559951782228
2002-03-27,14.830079078674316
2002-03-28,15.030694961547852
2002-04-01,14.926445960998535
2002-04-02,15.148703575134276
2002-04-03,15.075931549072266
2002-04-04,15.113298416137695
2002-04-05,15.231316566467283
2002-04-08,15.160507202148438
2002-04-09,15.203776359558104
2002-04-10,15.331618309020996
2002-04-11,15.41030216217041
2002-04-12,15.105432510375977
2002-04-15,15.046424865722656
2002-04-16,15.115269660949709
2002-04-17,15.650259971618652
2002-04-18,16.572710037231445
2002-04-19,16.87166976928711
2002-04-22,16.912973403930664
2002-04-23,16.747764587402344
2002-04-24,16.912973403930664
2002-04-25,17.11161994934082
2002-04-26,16.92281150817871
2002-04-29,16.91494369506836
2002-04-30,17.270944595336914
2002-05-01,17.624975204467773
2002-05-02,17.68790626525879
2002-05-03,17.613178253173828
2002-05-06,17.652509689331055
2002-05-07,17.416494369506836
2002-05-08,17.683979034423828
2002-05-09,17.406652450561523
2002-05-10,17.347646713256836
2002-05-13,17.282739639282227
2002-05-14,17.190303802490234
2002-05-15,17.3850154876709
2002-05-16,17.50499725341797
2002-05-17,17.416494369506836
2002-05-20,17.09195899963379
2002-05-21,17.150964736938477
2002-05-22,16.987720489501953
2002-05-23,17.308303833007812
2002-05-24,17.396820068359375
2002-05-28,17.48139762878418
2002-05-29,17.6800537109375
2002-05-30,17.93376922607422
2002-05-31,17.859027862548828
2002-06-03,17.77445411682129
2002-06-04,17.701679229736328
2002-06-05,18.049808502197266
2002-06-06,17.996706008911133
2002-06-07,18.56513214111328
2002-06-10,18.69297981262207
2002-06-11,19.10797691345215
2002-06-12,19.08634376525879
2002-06-13,18.77362060546875
2002-06-14,18.04391860961914
2002-06-17,18.488422393798828
2002-06-18,18.761808395385746
2002-06-19,19.137481689453125
2002-06-20,18.90932846069336
2002-06-21,18.409744262695312
2002-06-24,17.705610275268555
2002-06-25,17.652509689331055
2002-06-26,17.898365020751953
2002-06-27,18.08522224426269
2002-06-28,18.00653839111328
2002-07-01,18.16389274597168
2002-07-02,17.750858306884766
2002-07-03,17.741012573242188
2002-07-05,18.07144927978516
2002-07-08,18.362546920776367
2002-07-09,18.079317092895508
2002-07-10,17.357479095458984
2002-07-11,17.632844924926758
2002-07-12,18.1186580657959
2002-07-15,18.16192626953125
2002-07-16,17.652509689331055
2002-07-17,18.19339370727539
2002-07-18,17.642677307128906
2002-07-19,17.347646713256836
2002-07-22,16.214740753173828
2002-07-23,16.476329803466797
2002-07-24,17.455825805664062
2002-07-25,17.158830642700195
2002-07-26,16.861831665039062
2002-07-29,17.143095016479492
2002-07-30,16.787090301513672
2002-07-31,17.241443634033203
2002-08-01,16.960174560546875
2002-08-02,16.735952377319336
2002-08-05,16.15573501586914
2002-08-06,16.5805721282959
2002-08-07,16.810691833496094
2002-08-08,17.345684051513672
2002-08-09,17.36732292175293
2002-08-12,17.554170608520508
2002-08-13,17.074254989624023
2002-08-14,17.701679229736328
2002-08-15,17.335853576660156
2002-08-16,17.428287506103516
2002-08-19,17.652509689331055
2002-08-20,17.544328689575195
2002-08-21,17.558095932006836
2002-08-22,18.091114044189453
2002-08-23,17.748884201049805
2002-08-26,17.77445411682129
2002-08-27,17.357479095458984
2002-08-28,17.02311897277832
2002-08-29,17.172595977783203
2002-08-30,17.377153396606445
2002-09-03,16.623849868774414
2002-09-04,17.07229232788086
2002-09-05,16.964107513427734
2002-09-06,17.04082489013672
2002-09-09,17.394851684570312
2002-09-10,17.46565818786621
2002-09-11,17.46172523498535
2002-09-12,17.634809494018555
2002-09-13,18.05571556091309
2002-09-16,18.189462661743164
2002-09-17,17.994739532470703
2002-09-18,18.05571556091309
2002-09-19,17.623008728027344
2002-09-20,17.705610275268555
2002-09-23,17.66037368774414
2002-09-24,16.987720489501953
2002-09-25,17.17850685119629
2002-09-26,17.217832565307617
2002-09-27,17.190303802490234
2002-09-30,17.154890060424805
2002-10-01,17.4007511138916
2002-10-02,17.60333824157715
2002-10-03,18.012441635131836
2002-10-04,17.676115036010742
2002-10-07,17.750858306884766
2002-10-08,18.038009643554688
2002-10-09,17.894424438476562
2002-10-10,18.13045310974121
2002-10-11,18.38811492919922
2002-10-14,18.635942459106445
2002-10-15,18.974225997924805
2002-10-16,19.271228790283203
2002-10-17,19.216154098510746
2002-10-18,19.61542701721192
2002-10-21,19.5347843170166
2002-10-22,19.46004676818848
2002-10-23,19.74130249023437
2002-10-24,19.33023262023925
2002-10-25,19.09618759155273
2002-10-28,18.810991287231445
2002-10-29,18.62217140197754
2002-10-30,18.7500114440918
2002-10-31,17.888532638549805
2002-11-01,18.23076629638672
2002-11-04,18.37238121032715
2002-11-05,17.93966293334961
2002-11-06,18.5906982421875
2002-11-07,18.69101333618164
2002-11-08,17.078189849853516
2002-11-11,17.306339263916016
2002-11-12,17.56793975830078
2002-11-13,17.739059448242188
2002-11-14,17.83936882019043
2002-11-15,18.27206802368164
2002-11-18,18.285839080810547
2002-11-19,17.996706008911133
2002-11-20,17.652509689331055
2002-11-21,16.69661521911621
2002-11-22,16.643516540527344
2002-11-25,15.036595344543455
2002-11-26,15.55781364440918
2002-11-27,15.811532020568848
2002-11-29,16.020023345947266
2002-12-02,15.075931549072266
2002-12-03,15.524372100830078
2002-12-04,16.34062385559082
2002-12-05,16.383888244628906
2002-12-06,16.393726348876953
2002-12-09,15.91774559020996
2002-12-10,16.09280014038086
2002-12-11,16.33864402770996
2002-12-12,16.474365234375
2002-12-13,16.112462997436523
2002-12-16,16.265878677368164
2002-12-17,16.198999404907227
2002-12-18,16.13016700744629
2002-12-19,16.128202438354492
2002-12-20,15.949214935302734
2002-12-23,16.46649169921875
2002-12-24,16.574674606323242
2002-12-26,16.362253189086914
2002-12-27,16.1773738861084
2002-12-30,16.44289779663086
2002-12-31,16.42323112487793
2003-01-02,16.857900619506836
2003-01-03,17.02901840209961
2003-01-06,16.60024642944336
2003-01-07,16.478296279907227
2003-01-08,16.61991310119629
2003-01-09,16.61991310119629
2003-01-10,16.413389205932617
2003-01-13,16.25604820251465
2003-01-14,16.1773738861084
2003-01-15,16.128202438354492
2003-01-16,16.17934226989746
2003-01-17,16.58843994140625
2003-01-21,16.35635757446289
2003-01-22,16.275712966918945
2003-01-23,16.676956176757812
2003-01-24,16.680889129638672
2003-01-27,16.232440948486328
2003-01-28,16.551076889038086
2003-01-29,16.912973403930664
2003-01-30,16.855937957763672
2003-01-31,17.288639068603516
2003-02-03,16.91887092590332
2003-02-04,16.5805721282959
2003-02-05,16.507795333862305
2003-02-06,16.525497436523438
2003-02-07,16.649412155151367
2003-02-10,16.836271286010742
2003-02-11,16.411426544189453
2003-02-12,15.78203296661377
2003-02-13,15.685660362243652
2003-02-14,15.730889320373535
2003-02-18,16.132131576538086
2003-02-19,16.10853385925293
2003-02-20,16.02985382080078
2003-02-21,16.16556739807129
2003-02-24,15.783998489379885
2003-02-25,15.892179489135742
2003-02-26,16.163604736328125
2003-02-27,16.25408172607422
2003-02-28,16.305221557617188
2003-03-03,16.48813247680664
2003-03-04,16.214740753173828
2003-03-05,16.560909271240234
2003-03-06,16.621877670288086
2003-03-07,16.79693031311035
2003-03-10,16.484203338623047
2003-03-11,16.42519187927246
2003-03-12,16.45273208618164
2003-03-13,16.857900619506836
2003-03-14,16.450756072998047
2003-03-17,17.0506534576416
2003-03-18,17.158830642700195
2003-03-19,17.259143829345703
2003-03-20,17.188329696655273
2003-03-21,17.682016372680664
2003-03-24,17.564002990722656
2003-03-25,17.83149528503418
2003-03-26,17.624975204467773
2003-03-27,17.648569107055664
2003-03-28,18.128650665283203
2003-03-31,18.03617477416992
2003-04-01,17.959440231323242
2003-04-02,18.03617477416992
2003-04-03,18.29785346984864
2003-04-04,18.1660385131836
2003-04-07,18.185705184936523
2003-04-08,18.435583114624023
2003-04-09,18.183744430541992
2003-04-10,18.030277252197266
2003-04-11,18.28407859802246
2003-04-14,18.522151947021484
2003-04-15,18.447383880615234
2003-04-16,17.717435836791992
2003-04-17,18.07158851623535
2003-04-21,17.6131649017334
2003-04-22,17.96337890625
2003-04-23,17.85516357421875
2003-04-24,17.924020767211914
2003-04-25,17.845327377319336
2003-04-28,17.870901107788086
2003-04-29,17.807947158813477
2003-04-30,18.12668228149414
2003-05-01,17.890573501586914
2003-05-02,18.2289981842041
2003-05-05,18.364744186401367
2003-05-06,18.51035118103028
2003-05-07,18.25063133239746
2003-05-08,18.142423629760746
2003-05-09,18.394262313842773
2003-05-12,18.53592300415039
2003-05-13,18.41983985900879
2003-05-14,18.42180824279785
2003-05-15,18.33523178100586
2003-05-16,18.77202415466309
2003-05-19,18.55363273620605
2003-05-20,18.83892250061035
2003-05-21,19.26193046569824
2003-05-22,19.04354858398437
2003-05-23,18.78579902648925
2003-05-27,18.762191772460938
2003-05-28,18.78186798095703
2003-05-29,18.70119857788086
2003-05-30,18.87630081176757
2003-06-02,18.56149673461914
2003-06-03,18.88614082336425
2003-06-04,18.760217666625977
2003-06-05,19.08682632446289
2003-06-06,19.25406646728516
2003-06-09,19.1143741607666
2003-06-10,19.44491958618164
2003-06-11,19.92105865478516
2003-06-12,20.072546005249023
2003-06-13,19.852184295654297
2003-06-16,20.265365600585938
2003-06-17,20.6372299194336
2003-06-18,20.517213821411133
2003-06-19,19.64757537841797
2003-06-20,19.90727806091309
2003-06-23,19.804969787597656
2003-06-24,19.87973594665528
2003-06-25,19.67904281616211
2003-06-26,19.895471572875977
2003-06-27,19.761680603027344
2003-06-30,19.77348899841309
2003-07-01,19.797096252441406
2003-07-02,20.25749397277832
2003-07-03,20.03319549560547
2003-07-07,20.454240798950195
2003-07-08,20.54081916809082
2003-07-09,20.564428329467773
2003-07-10,20.28897476196289
2003-07-11,20.147321701049805
2003-07-14,19.6160888671875
2003-07-15,19.68692207336425
2003-07-16,19.12815284729004
2003-07-17,20.379478454589844
2003-07-18,20.635263442993164
2003-07-21,20.654932022094727
2003-07-22,20.78873062133789
2003-07-23,21.449796676635746
2003-07-24,20.95399475097656
2003-07-25,21.29240608215332
2003-07-28,21.51276397705078
2003-07-29,21.70165061950684
2003-07-30,21.54424476623535
2003-07-31,20.497535705566406
2003-08-01,20.65886878967285
2003-08-04,20.619525909423828
2003-08-05,20.00959014892578
2003-08-06,19.19897651672364
2003-08-07,19.663311004638672
2003-08-08,19.62395477294922
2003-08-11,19.98204231262207
2003-08-12,20.13158226013184
2003-08-13,19.84824752807617
2003-08-14,20.15125274658203
2003-08-15,20.15125274658203
2003-08-18,20.32832908630371
2003-08-19,20.25356101989746
2003-08-20,19.79315757751465
2003-08-21,19.50984573364257
2003-08-22,19.24619483947754
2003-08-25,19.16356086730957
2003-08-26,19.37605667114257
2003-08-27,19.26193046569824
2003-08-28,19.202911376953125
2003-08-29,19.450815200805664
2003-09-02,19.59641456604004
2003-09-03,19.498031616210938
2003-09-04,19.62395477294922
2003-09-05,19.517711639404297
2003-09-08,19.87580108642578
2003-09-09,19.797096252441406
2003-09-10,19.67511558532715
2003-09-11,19.682979583740234
2003-09-12,19.63576316833496
2003-09-15,19.69085693359375
2003-09-16,19.70659446716309
2003-09-17,19.942699432373047
2003-09-18,19.90727806091309
2003-09-19,19.659379959106445
2003-09-22,19.55706214904785
2003-09-23,19.501968383789062
2003-09-24,19.3012809753418
2003-09-25,18.88810920715332
2003-09-26,19.017967224121094
2003-09-29,19.195032119750977
2003-09-30,19.8010311126709
2003-10-01,20.367673873901367
2003-10-02,20.560487747192383
2003-10-03,20.698217391967773
2003-10-06,20.265365600585938
2003-10-07,20.32439422607422
2003-10-08,20.1669979095459
2003-10-09,20.29684829711914
2003-10-10,20.52901077270508
2003-10-13,20.83594512939453
2003-10-14,20.63918876647949
2003-10-15,20.198467254638672
2003-10-16,21.005151748657227
2003-10-17,21.24518585205078
2003-10-20,21.60327339172364
2003-10-21,21.85904884338379
2003-10-22,21.64262962341309
2003-10-23,21.241254806518555
2003-10-24,21.34748649597168
2003-10-27,20.619525909423828
2003-10-28,20.5998477935791
2003-10-29,20.5683650970459
2003-10-30,20.088287353515625
2003-10-31,20.021398544311523
2003-11-03,19.840381622314453
2003-11-04,19.54919815063477
2003-11-05,19.67511558532715
2003-11-06,19.320953369140625
2003-11-07,18.829084396362305
2003-11-10,18.9825496673584
2003-11-11,19.25012969970703
2003-11-12,19.533445358276367
2003-11-13,19.63576316833496
2003-11-14,19.54919815063477
2003-11-17,19.6160888671875
2003-11-18,19.320953369140625
2003-11-19,20.29684829711914
2003-11-20,19.98991775512696
2003-11-21,20.35193252563477
2003-11-24,20.77692031860352
2003-11-25,21.18222999572754
2003-11-26,21.15860939025879
2003-11-28,21.20976829528809
2003-12-01,21.50489616394043
2003-12-02,21.611133575439453
2003-12-03,21.44587135314941
2003-12-04,21.31996154785156
2003-12-05,20.99728012084961
2003-12-08,21.154680252075195
2003-12-09,21.01302719116211
2003-12-10,20.94613265991211
2003-12-11,21.150739669799805
2003-12-12,21.43406867980957
2003-12-15,21.43799591064453
2003-12-16,21.59147453308105
2003-12-17,22.004642486572266
2003-12-18,22.150239944458008
2003-12-19,22.05580139160156
2003-12-22,22.201398849487305
2003-12-23,22.04399299621582
2003-12-24,22.11876106262207
2003-12-26,22.23287773132324
2003-12-29,22.86247634887696
2003-12-30,22.748369216918945
2003-12-31,22.893962860107425
2004-01-02,23.232378005981445
2004-01-05,22.114830017089844
2004-01-06,22.343053817749023
2004-01-07,22.551618576049805
2004-01-08,22.59883117675781
2004-01-09,22.394210815429688
2004-01-12,22.311573028564453
2004-01-13,22.23681831359864
2004-01-14,22.81527137756348
2004-01-15,22.941181182861328
2004-01-16,23.082841873168945
2004-01-20,23.047426223754883
2004-01-21,22.99627494812012
2004-01-22,23.87378692626953
2004-01-23,23.480281829833984
2004-01-26,23.570781707763672
2004-01-27,23.39763832092285
2004-01-28,23.38191032409668
2004-01-29,23.96822166442871
2004-01-30,23.956418991088867
2004-02-02,23.61800575256348
2004-02-03,23.645553588867188
2004-02-04,23.63768768310547
2004-02-05,23.26385498046875
2004-02-06,23.46060562133789
2004-02-09,23.43305397033692
2004-02-10,23.610132217407227
2004-02-11,23.374032974243164
2004-02-12,23.29533767700196
2004-02-13,23.480281829833984
2004-02-17,23.806882858276367
2004-02-18,23.72818374633789
2004-02-19,24.023317337036133
2004-02-20,24.01938247680664
2004-02-23,24.08627319335937
2004-02-24,24.36565971374512
2004-02-25,24.34992218017578
2004-02-26,24.38926696777344
2004-02-27,24.397146224975582
2004-03-01,24.255481719970703
2004-03-02,24.11382293701172
2004-03-03,24.52305603027344
2004-03-04,24.593891143798828
2004-03-05,24.85753631591797
2004-03-08,24.57421493530273
2004-03-09,24.164979934692383
2004-03-10,24.24760627746582
2004-03-11,23.85017204284668
2004-03-12,24.32630729675293
2004-03-15,24.44435691833496
2004-03-16,24.75522804260254
2004-03-17,24.92443084716797
2004-03-18,25.215625762939453
2004-03-19,24.975584030151367
2004-03-22,24.770967483520508
2004-03-23,25.06608963012696
2004-03-24,24.393207550048828
2004-03-25,24.51125907897949
2004-03-26,24.42468643188477
2004-03-29,24.88901901245117
2004-03-30,25.05436897277832
2004-03-31,25.36932182312012
2004-04-01,25.57797622680664
2004-04-02,25.63703155517578
2004-04-05,26.377166748046875
2004-04-06,26.44802665710449
2004-04-07,26.32204246520996
2004-04-08,26.18031311035156
2004-04-12,26.80234909057617
2004-04-13,26.530702590942383
2004-04-14,26.33780097961425
2004-04-15,25.176410675048828
2004-04-16,25.75119972229004
2004-04-19,25.6134033203125
2004-04-20,24.99925994873047
2004-04-21,25.49923324584961
2004-04-22,26.06614875793457
2004-04-23,25.96378898620605
2004-04-26,25.156726837158203
2004-04-27,25.40081596374512
2004-04-28,24.940200805664062
2004-04-29,24.518949508666992
2004-04-30,24.203990936279297
2004-05-03,24.589813232421875
2004-05-04,24.21187400817871
2004-05-05,24.62130546569824
2004-05-06,24.29061508178711
2004-05-07,23.82999610900879
2004-05-10,23.755199432373047
2004-05-11,24.144943237304688
2004-05-12,24.36148262023925
2004-05-13,24.53076362609864
2004-05-14,24.61343765258789
2004-05-17,24.64492988586425
2004-05-18,24.786659240722656
2004-05-19,24.86146354675293
2004-05-20,24.66067886352539
2004-05-21,24.881147384643555
2004-05-24,25.085861206054688
2004-05-25,25.04649353027344
2004-05-26,24.80634498596192
2004-05-27,25.365381240844727
2004-05-28,25.688207626342773
2004-06-01,25.74726676940918
2004-06-02,25.85748863220215
2004-06-03,25.818124771118164
2004-06-04,25.57010078430176
2004-06-07,25.79450035095215
2004-06-08,25.6134033203125
2004-06-09,25.45199012756348
2004-06-10,25.14097595214844
2004-06-14,25.018932342529297
2004-06-15,25.085861206054688
2004-06-16,25.117355346679688
2004-06-17,25.09767341613769
2004-06-18,25.196094512939453
2004-06-21,24.4992618560791
2004-06-22,24.172508239746094
2004-06-23,24.19613075256348
2004-06-24,24.13313674926757
2004-06-25,24.30242156982422
2004-06-28,23.916603088378903
2004-06-29,24.17644500732422
2004-06-30,24.507137298583984
2004-07-01,24.32998847961425
2004-07-02,23.995349884033203
2004-07-06,23.652830123901367
2004-07-07,24.12132453918457
2004-07-08,23.751258850097656
2004-07-09,23.71976089477539
2004-07-12,23.83393287658692
2004-07-13,24.40477752685547
2004-07-14,24.36935234069824
2004-07-15,25.86930656433105
2004-07-16,25.84174537658692
2004-07-19,25.719707489013672
2004-07-20,25.95985221862793
2004-07-21,25.318140029907227
2004-07-22,25.17247772216797
2004-07-23,24.76304054260254
2004-07-26,25.07405471801757
2004-07-27,24.21187400817871
2004-07-28,24.32998847961425
2004-07-29,25.20003890991211
2004-07-30,24.76304054260254
2004-08-02,24.822093963623047
2004-08-03,24.53076362609864
2004-08-04,24.5465087890625
2004-08-05,24.392967224121094
2004-08-06,24.152816772460938
2004-08-09,24.16069221496582
2004-08-10,24.8299617767334
2004-08-11,25.274831771850582
2004-08-12,25.30238914489746
2004-08-13,25.550424575805664
2004-08-16,25.67639541625977
2004-08-17,25.58979225158692
2004-08-18,25.61734199523925
2004-08-19,25.550424575805664
2004-08-20,25.814189910888672
2004-08-23,25.574033737182617
2004-08-24,25.581907272338867
2004-08-25,25.65671157836914
2004-08-26,25.707883834838867
2004-08-27,25.84174537658692
2004-08-30,25.65277671813965
2004-08-31,26.03466033935547
2004-09-01,26.247249603271484
2004-09-02,26.51496124267578
2004-09-03,26.392911911010746
2004-09-07,26.84171295166016
2004-09-08,27.00706672668457
2004-09-09,27.00312805175781
2004-09-10,27.11337280273437
2004-09-13,27.168476104736328
2004-09-14,27.53460502624512
2004-09-15,27.66845703125
2004-09-16,27.47161674499512
2004-09-17,27.48736000061035
2004-09-20,27.459810256958008
2004-09-21,27.75901222229004
2004-09-22,27.67635154724121
2004-09-23,27.593658447265625
2004-09-24,28.081844329833984
2004-09-27,28.573959350585938
2004-09-28,29.003063201904297
2004-09-29,28.432207107543945
2004-09-30,29.030616760253903
2004-10-01,29.038503646850582
2004-10-04,28.825902938842773
2004-10-05,29.05817031860352
2004-10-06,29.36919403076172
2004-10-07,29.483379364013672
2004-10-08,28.89678382873535
2004-10-11,28.837730407714844
2004-10-12,28.573959350585938
2004-10-13,28.349544525146484
2004-10-14,28.605445861816406
2004-10-15,28.877092361450195
2004-10-18,28.877092361450195
2004-10-19,26.18031311035156
2004-10-20,27.50311851501465
2004-10-21,26.86928367614746
2004-10-22,27.50311851501465
2004-10-25,27.2432804107666
2004-10-26,27.955860137939453
2004-10-27,28.66056251525879
2004-10-28,28.60150146484375
2004-10-29,28.50309181213379
2004-11-01,28.432207107543945
2004-11-02,28.31804847717285
2004-11-03,29.73533058166504
2004-11-04,30.60932731628418
2004-11-05,31.290395736694336
2004-11-08,31.282506942749023
2004-11-09,31.22347450256348
2004-11-10,31.87305450439453
2004-11-11,32.16438293457031
2004-11-12,32.08564758300781
2004-11-15,32.14863967895508
2004-11-16,31.798240661621094
2004-11-17,32.00299835205078
2004-11-18,32.49114990234375
2004-11-19,32.17228317260742
2004-11-22,32.274627685546875
2004-11-23,32.4832878112793
2004-11-24,32.384864807128906
2004-11-26,33.02265548706055
2004-11-29,32.668312072753906
2004-11-30,32.61714172363281
2004-12-01,32.337615966796875
2004-12-02,32.22344207763672
2004-12-03,32.40456008911133
2004-12-06,31.979352951049805
2004-12-07,31.37701416015625
2004-12-08,32.495079040527344
2004-12-09,33.36514663696289
2004-12-10,33.37302780151367
2004-12-13,33.75094985961914
2004-12-14,34.211578369140625
2004-12-15,33.94779586791992
2004-12-16,33.876949310302734
2004-12-17,33.60528945922852
2004-12-20,33.36514663696289
2004-12-21,33.550167083740234
2004-12-22,33.652530670166016
2004-12-23,33.46357345581055
2004-12-27,33.727325439453125
2004-12-28,34.24306106567383
2004-12-29,34.38873672485352
2004-12-30,34.58556365966797
2004-12-31,34.65644454956055
2005-01-03,34.1013298034668
2005-01-04,33.75094985961914
2005-01-05,33.869075775146484
2005-01-06,34.61708068847656
2005-01-07,34.341495513916016
2005-01-10,34.48716354370117
2005-01-11,34.451717376708984
2005-01-12,34.6800422668457
2005-01-13,34.8021125793457
2005-01-14,35.2588005065918
2005-01-18,34.95957946777344
2005-01-19,34.7548713684082
2005-01-20,34.10527420043945
2005-01-21,34.97926712036133
2005-01-24,34.7430534362793
2005-01-25,34.546226501464844
2005-01-26,34.56590270996094
2005-01-27,34.82571792602539
2005-01-28,34.70368576049805
2005-01-31,34.99895477294922
2005-02-01,35.699710845947266
2005-02-02,35.432003021240234
2005-02-03,35.652488708496094
2005-02-04,36.12882614135742
2005-02-07,35.01075744628906
2005-02-08,34.987144470214844
2005-02-09,34.321807861328125
2005-02-10,34.65644454956055
2005-02-11,34.546226501464844
2005-02-14,35.01862716674805
2005-02-15,35.5107307434082
2005-02-16,35.38084030151367
2005-02-17,35.04619598388672
2005-02-18,35.058006286621094
2005-02-22,34.211578369140625
2005-02-23,34.782432556152344
2005-02-24,35.15642547607422
2005-02-25,35.979244232177734
2005-02-28,35.88868713378906
2005-03-01,35.754825592041016
2005-03-02,36.002864837646484
2005-03-03,36.077667236328125
2005-03-04,36.72725677490234
2005-03-07,35.90443801879883
2005-03-08,35.56979751586914
2005-03-09,35.53044509887695
2005-03-10,35.99104309082031
2005-03-11,35.54222869873047
2005-03-14,35.61704635620117
2005-03-15,35.46349334716797
2005-03-16,35.46349334716797
2005-03-17,35.86506271362305
2005-03-18,35.924129486083984
2005-03-21,36.073726654052734
2005-03-22,36.23907470703125
2005-03-23,36.36899566650391
2005-03-24,36.55402755737305
2005-03-28,36.66031646728516
2005-03-29,36.65245819091797
2005-03-30,37.69210815429688
2005-03-31,37.562156677246094
2005-04-01,37.739376068115234
2005-04-04,38.00323486328125
2005-04-05,38.566383361816406
2005-04-06,38.609710693359375
2005-04-07,39.01927947998047
2005-04-08,38.75148391723633
2005-04-11,38.2828369140625
2005-04-12,38.27890396118164
2005-04-13,37.79056930541992
2005-04-14,36.98325347900391
2005-04-15,36.731201171875
2005-04-18,35.904197692871094
2005-04-19,36.70365524291992
2005-04-20,36.29014587402344
2005-04-21,36.4004020690918
2005-04-22,35.939640045166016
2005-04-25,35.7387809753418
2005-04-26,35.467037200927734
2005-04-27,36.5027961730957
2005-04-28,36.42402648925781
2005-04-29,37.219539642333984
2005-05-02,37.2864875793457
2005-05-03,38.085933685302734
2005-05-04,38.31828689575195
2005-05-05,38.27890396118164
2005-05-06,38.75542831420898
2005-05-09,38.8263053894043
2005-05-10,38.53883743286133
2005-05-11,38.59395980834961
2005-05-12,38.609710693359375
2005-05-13,37.558231353759766
2005-05-16,38.14106369018555
2005-05-17,38.34587097167969
2005-05-18,37.72756576538086
2005-05-19,38.042625427246094
2005-05-20,38.00323486328125
2005-05-23,38.36160659790039
2005-05-24,38.32221984863281
2005-05-25,38.07411575317383
2005-05-26,38.255279541015625
2005-05-27,38.50338363647461
2005-05-31,38.263160705566406
2005-06-01,38.775123596191406
2005-06-02,39.68088150024414
2005-06-03,39.85416793823242
2005-06-06,40.16133499145508
2005-06-07,40.72844314575195
2005-06-08,40.31100082397461
2005-06-09,40.75994110107422
2005-06-10,40.003814697265625
2005-06-13,40.31888198852539
2005-06-14,40.68907165527344
2005-06-15,40.61817169189453
2005-06-16,40.59455108642578
2005-06-17,40.83871078491211
2005-06-20,40.633934020996094
2005-06-21,40.854469299316406
2005-06-22,40.460636138916016
2005-06-23,40.7205696105957
2005-06-24,40.40550231933594
2005-06-27,40.42126083374024
2005-06-28,41.50030899047852
2005-06-29,41.85475158691406
2005-06-30,41.067115783691406
2005-07-01,41.59484100341797
2005-07-05,41.92565155029297
2005-07-06,42.138309478759766
2005-07-07,42.13042068481445
2005-07-08,41.78385543823242
2005-07-11,41.295536041259766
2005-07-12,40.78359222412109
2005-07-13,40.48427963256836
2005-07-14,39.57850646972656
2005-07-15,40.027442932128906
2005-07-18,40.01957702636719
2005-07-19,39.83842086791992
2005-07-20,39.18467330932617
2005-07-21,38.71996307373047
2005-07-22,40.01170349121094
2005-07-25,40.01170349121094
2005-07-26,40.95684051513672
2005-07-27,40.5000228881836
2005-07-28,41.68146896362305
2005-07-29,41.193145751953125
2005-08-01,41.445194244384766
2005-08-02,41.76812362670898
2005-08-03,41.87049865722656
2005-08-04,41.712982177734375
2005-08-05,41.00412368774414
2005-08-08,40.31100082397461
2005-08-09,40.78359222412109
2005-08-10,40.64966583251953
2005-08-11,41.24828720092773
2005-08-12,41.02774810791016
2005-08-15,40.94110870361328
2005-08-16,40.24799346923828
2005-08-17,40.37400817871094
2005-08-18,40.40550231933594
2005-08-19,40.31100082397461
2005-08-22,40.45276641845703
2005-08-23,40.21648788452149
2005-08-24,39.87781524658203
2005-08-25,39.88568115234375
2005-08-26,39.73603057861328
2005-08-29,40.01170349121094
2005-08-30,39.7596549987793
2005-08-31,40.563026428222656
2005-09-01,40.99624252319336
2005-09-02,41.37429428100586
2005-09-06,41.894142150878906
2005-09-07,42.09892654418945
2005-09-08,42.39822006225586
2005-09-09,42.93380355834961
2005-09-12,42.74478149414063
2005-09-13,41.76812362670898
2005-09-14,41.69723129272461
2005-09-15,42.05953979492188
2005-09-16,42.571510314941406
2005-09-19,42.138309478759766
2005-09-20,41.445194244384766
2005-09-21,41.42155456542969
2005-09-22,42.24069213867188
2005-09-23,43.31976318359375
2005-09-26,43.63479995727539
2005-09-27,43.5245361328125
2005-09-28,43.587528228759766
2005-09-29,43.886844635009766
2005-09-30,44.264915466308594
2005-10-03,44.72174072265625
2005-10-04,44.9422721862793
2005-10-05,44.46181106567383
2005-10-06,44.43030548095703
2005-10-07,44.3988151550293
2005-10-10,44.01286697387695
2005-10-11,43.46151351928711
2005-10-12,43.343379974365234
2005-10-13,42.68964385986328
2005-10-14,44.44606399536133
2005-10-17,44.45393753051758
2005-10-18,44.50905990600586
2005-10-19,45.84016418457031
2005-10-20,44.98165512084961
2005-10-21,45.005279541015625
2005-10-24,45.04466247558594
2005-10-25,44.06011962890625
2005-10-26,42.51635360717773
2005-10-27,43.0125732421875
2005-10-28,44.68235397338867
2005-10-31,45.59600067138672
2005-11-01,46.47027206420898
2005-11-02,46.91922378540039
2005-11-03,45.422733306884766
2005-11-04,45.69839859008789
2005-11-07,46.07646560668945
2005-11-08,45.737789154052734
2005-11-09,45.17856597900391
2005-11-10,46.69868850708008
2005-11-11,46.98223114013672
2005-11-14,46.58055114746094
2005-11-15,47.06100082397461
2005-11-16,47.55720138549805
2005-11-17,48.02978897094727
2005-11-18,48.01403045654297
2005-11-21,47.88802337646485
2005-11-22,47.785621643066406
2005-11-23,47.67535018920898
2005-11-25,47.38392639160156
2005-11-28,45.997703552246094
2005-11-29,47.31303787231445
2005-11-30,47.14764022827149
2005-12-01,48.41572952270508
2005-12-02,48.809547424316406
2005-12-05,49.1009635925293
2005-12-06,49.80984115600586
2005-12-07,49.31362533569336
2005-12-08,49.58929061889648
2005-12-09,50.14851760864258
2005-12-12,49.77831268310547
2005-12-13,49.9594841003418
2005-12-14,49.62080001831055
2005-12-15,49.88072204589844
2005-12-16,49.73107147216797
2005-12-19,48.71502685546875
2005-12-20,49.66806411743164
2005-12-21,50.243045806884766
2005-12-22,50.211524963378906
2005-12-23,50.13275909423828
2005-12-27,50.0933837890625
2005-12-28,49.97524642944336
2005-12-29,49.542030334472656
2005-12-30,48.94343948364258
2006-01-03,48.62052154541016
2006-01-04,48.73867416381836
2006-01-05,48.58900833129883
2006-01-06,49.542030334472656
2006-01-09,48.36060333251953
2006-01-10,49.31362533569336
2006-01-11,48.71502685546875
2006-01-12,49.250614166259766
2006-01-13,47.99827194213867
2006-01-17,48.04553985595703
2006-01-18,48.09278869628906
2006-01-19,48.41572952270508
2006-01-20,46.84834289550781
2006-01-23,45.67476272583008
2006-01-24,45.92680740356445
2006-01-25,45.66689682006836
2006-01-26,45.59600067138672
2006-01-27,46.10797500610352
2006-01-30,45.50150680541992
2006-01-31,46.801082611083984
2006-02-01,46.86408996582031
2006-02-02,46.753814697265625
2006-02-03,46.95860290527344
2006-02-06,46.10797500610352
2006-02-07,45.46998596191406
2006-02-08,45.35971450805664
2006-02-09,45.74566268920898
2006-02-10,46.15522003173828
2006-02-13,46.14735412597656
2006-02-14,46.82470703125
2006-02-15,46.47027206420898
2006-02-16,46.07646560668945
2006-02-17,45.6826286315918
2006-02-21,45.816551208496094
2006-02-22,46.895606994628906
2006-02-23,46.82470703125
2006-02-24,46.383636474609375
2006-02-27,46.42301940917969
2006-02-28,45.8637924194336
2006-03-01,46.02132415771485
2006-03-02,45.35186004638672
2006-03-03,44.579959869384766
2006-03-06,44.65871810913086
2006-03-07,44.43818283081055
2006-03-08,45.05253219604492
2006-03-09,44.37517547607422
2006-03-10,44.24127960205078
2006-03-13,43.89472579956055
2006-03-14,44.80837631225586
2006-03-15,45.16281509399414
2006-03-16,44.55633163452149
2006-03-17,44.65084457397461
2006-03-20,44.52483367919922
2006-03-21,44.27278900146485
2006-03-22,44.61146545410156
2006-03-23,44.3988151550293
2006-03-24,43.934112548828125
2006-03-27,43.26462173461914
2006-03-28,42.78416442871094
2006-03-29,44.091609954833984
2006-03-30,44.33592224121094
2006-03-31,44.02070999145508
2006-04-03,43.71336364746094
2006-04-04,43.57939529418945
2006-04-05,43.57939529418945
2006-04-06,42.95683288574219
2006-04-07,42.31063079833984
2006-04-10,41.31767272949219
2006-04-11,40.62419128417969
2006-04-12,42.12936401367188
2006-04-13,42.1609001159668
2006-04-17,40.71875381469727
2006-04-18,39.14264678955078
2006-04-19,38.75650405883789
2006-04-20,39.49728012084961
2006-04-21,39.063846588134766
2006-04-24,39.52879333496094
2006-04-25,38.89835739135742
2006-04-26,38.59101104736328
2006-04-27,37.629581451416016
2006-04-28,39.19779586791992
2006-05-01,39.24510192871094
2006-05-02,38.28367614746094
2006-05-03,36.731201171875
2006-05-04,36.66817092895508
2006-05-05,36.55782699584961
2006-05-08,35.52547073364258
2006-05-09,34.51677322387695
2006-05-10,36.38445281982422
2006-05-11,34.965946197509766
2006-05-12,36.1243896484375
2006-05-15,36.80214309692383
2006-05-16,37.04642868041992
2006-05-17,36.95184326171875
2006-05-18,35.698856353759766
2006-05-19,35.0053596496582
2006-05-22,34.296119689941406
2006-05-23,33.74448013305664
2006-05-24,33.16919708251953
2006-05-25,33.42926406860352
2006-05-26,33.98090362548828
2006-05-30,34.146392822265625
2006-05-31,34.642845153808594
2006-06-01,36.02983474731445
2006-06-02,37.02277755737305
2006-06-05,36.42387008666992
2006-06-06,36.392337799072266
2006-06-07,36.47114562988281
2006-06-08,36.44750213623047
2006-06-09,36.06923294067383
2006-06-12,35.58850860595703
2006-06-13,35.801292419433594
2006-06-14,35.44668197631836
2006-06-15,35.26540756225586
2006-06-16,34.902931213378906
2006-06-19,34.280357360839844
2006-06-20,34.44582748413086
2006-06-21,34.72953414916992
2006-06-22,35.01324462890625
2006-06-23,35.64369201660156
2006-06-26,35.41515350341797
2006-06-27,34.84775161743164
2006-06-28,35.01324462890625
2006-06-29,35.47032165527344
2006-06-30,35.28905487060547
2006-07-03,35.47032165527344
2006-07-05,35.54912185668945
2006-07-06,35.32846450805664
2006-07-07,35.7697868347168
2006-07-10,36.89669799804688
2006-07-11,37.89752197265625
2006-07-12,37.87386703491211
2006-07-13,37.8344612121582
2006-07-14,37.47196578979492
2006-07-17,37.55076599121094
2006-07-18,38.14181137084961
2006-07-19,40.13560485839844
2006-07-20,39.56818771362305
2006-07-21,39.4027099609375
2006-07-24,40.03313827514648
2006-07-25,40.576904296875
2006-07-26,39.82035827636719
2006-07-27,38.97715759277344
2006-07-28,37.70838928222656
2006-07-31,37.692630767822266
2006-08-01,37.68474578857422
2006-08-02,38.27578353881836
2006-08-03,37.64535140991211
2006-08-04,38.26790618896485
2006-08-07,38.21274185180664
2006-08-08,38.94564056396485
2006-08-09,38.59889602661133
2006-08-10,37.35376739501953
2006-08-11,37.487735748291016
2006-08-14,37.55865859985352
2006-08-15,37.92905426025391
2006-08-16,37.93693542480469
2006-08-17,38.64616775512695
2006-08-18,39.00867462158203
2006-08-21,39.05595779418945
2006-08-22,39.11901473999024
2006-08-23,39.11901473999024
2006-08-24,40.31686019897461
2006-08-25,40.09621047973633
2006-08-28,40.4508171081543
2006-08-29,40.21438980102539
2006-08-30,40.78180313110352
2006-08-31,40.93940734863281
2006-09-01,40.82120513916016
2006-09-05,39.95433044433594
2006-09-06,39.73369598388672
2006-09-07,39.56818771362305
2006-09-08,40.111961364746094
2006-09-11,40.6635856628418
2006-09-12,41.396484375
2006-09-13,41.01820755004883
2006-09-14,40.8290901184082
2006-09-15,41.1442985534668
2006-09-18,41.04973983764648
2006-09-19,40.87636947631836
2006-09-20,40.60841751098633
2006-09-21,39.6312255859375
2006-09-22,38.59101104736328
2006-09-25,38.472801208496094
2006-09-26,38.31519317626953
2006-09-27,38.67771530151367
2006-09-28,38.97715759277344
2006-09-29,38.77226257324219
2006-10-02,38.95350646972656
2006-10-03,39.07171630859375
2006-10-04,39.05595779418945
2006-10-05,39.93070602416992
2006-10-06,40.58476638793945
2006-10-09,39.970096588134766
2006-10-10,39.12688827514648
2006-10-11,39.48151016235352
2006-10-12,39.10324478149414
2006-10-13,38.41764068603516
2006-10-16,37.46408462524414
2006-10-17,36.82576370239258
2006-10-18,37.82659912109375
2006-10-19,39.91493988037109
2006-10-20,39.95433044433594
2006-10-23,39.90704727172852
2006-10-24,39.276611328125
2006-10-25,38.32306289672852
2006-10-26,38.906227111816406
2006-10-27,38.937744140625
2006-10-30,38.63829040527344
2006-10-31,38.44128036499024
2006-11-01,38.06301498413086
2006-11-02,38.31519317626953
2006-11-03,37.692630767822266
2006-11-06,38.14970016479492
2006-11-07,39.063846588134766
2006-11-08,37.82659912109375
2006-11-09,35.67521286010742
2006-11-10,36.337158203125
2006-11-13,36.84152221679688
2006-11-14,37.385292053222656
2006-11-15,37.79507446289063
2006-11-16,37.527130126953125
2006-11-17,37.23556518554688
2006-11-20,36.888816833496094
2006-11-21,36.51054763793945
2006-11-22,36.691802978515625
2006-11-24,36.80999755859375
2006-11-27,36.392337799072266
2006-11-28,37.30648422241211
2006-11-29,37.47983932495117
2006-11-30,38.67771530151367
2006-12-01,38.48068237304688
2006-12-04,38.543724060058594
2006-12-05,38.52007675170898
2006-12-06,38.62251663208008
2006-12-07,39.00079345703125
2006-12-08,39.33176803588867
2006-12-11,39.47361755371094
2006-12-12,39.43423461914063
2006-12-13,39.17417144775391
2006-12-14,39.16629409790039
2006-12-15,39.47361755371094
2006-12-18,39.71792984008789
2006-12-19,41.238887786865234
2006-12-20,42.20819091796875
2006-12-21,42.49976348876953
2006-12-22,42.12150573730469
2006-12-26,41.94811630249024
2006-12-27,42.06632995605469
2006-12-28,42.28697967529297
2006-12-29,42.34215927124024
2007-01-03,41.42799758911133
2007-01-04,41.695945739746094
2007-01-05,41.41224670410156
2007-01-08,42.0190315246582
2007-01-09,41.514686584472656
2007-01-10,41.632911682128906
2007-01-11,42.90956115722656
2007-01-12,43.42177963256836
2007-01-16,43.93402862548828
2007-01-17,43.8552131652832
2007-01-18,42.39732360839844
2007-01-19,41.92449569702149
2007-01-22,41.128536224365234
2007-01-23,40.561134338378906
2007-01-24,40.82120513916016
2007-01-25,41.0576171875
2007-01-26,40.61631393432617
2007-01-29,40.76605224609375
2007-01-30,41.1442985534668
2007-01-31,41.1837043762207
2007-02-01,41.6092643737793
2007-02-02,41.695945739746094
2007-02-05,41.238887786865234
2007-02-06,40.18286895751953
2007-02-07,40.38779067993164
2007-02-08,40.37989044189453
2007-02-09,40.09621047973633
2007-02-12,40.67936325073242
2007-02-13,40.67147064208984
2007-02-14,40.69511413574219
2007-02-15,42.2475814819336
2007-02-16,42.51551055908203
2007-02-20,42.41307067871094
2007-02-21,42.18453598022461
2007-02-22,42.33427047729492
2007-02-23,41.790523529052734
2007-02-26,41.93236541748047
2007-02-27,40.75027847290039
2007-02-28,41.12067413330078
2007-03-01,41.56198120117188
2007-03-02,42.69678115844727
2007-03-05,41.73534393310547
2007-03-06,42.539161682128906
2007-03-07,42.39732360839844
2007-03-08,42.02693939208984
2007-03-09,41.76686096191406
2007-03-12,41.97964859008789
2007-03-13,41.76686096191406
2007-03-14,42.058441162109375
2007-03-15,42.594329833984375
2007-03-16,41.86931228637695
2007-03-19,42.79132843017578
2007-03-20,42.63371658325195
2007-03-21,43.36661911010742
2007-03-22,43.8867301940918
2007-03-23,44.53295135498047
2007-03-26,44.82452392578125
2007-03-27,44.0128288269043
2007-03-28,43.1932373046875
2007-03-29,41.6635856628418
2007-03-30,41.76608276367188
2007-04-02,42.36534118652344
2007-04-03,43.0592155456543
2007-04-04,43.41402816772461
2007-04-05,43.62690734863281
2007-04-09,43.2721061706543
2007-04-10,42.76746368408203
2007-04-11,41.90013885498047
2007-04-12,41.88435363769531
2007-04-13,41.75033187866211
2007-04-16,42.45995330810547
2007-04-17,43.067081451416016
2007-04-18,42.743797302246094
2007-04-19,41.04066848754883
2007-04-20,41.94745635986328
2007-04-23,42.53879165649414
2007-04-24,42.75957489013672
2007-04-25,41.74243927001953
2007-04-26,41.56108474731445
2007-04-27,41.90802383422852
2007-04-30,41.8370475769043
2007-05-01,41.59262466430664
2007-05-02,42.41265869140625
2007-05-03,41.939552307128906
2007-05-04,42.23917007446289
2007-05-07,41.98686218261719
2007-05-08,41.87645721435547
2007-05-09,41.8607177734375
2007-05-10,41.80550765991211
2007-05-11,42.25494766235352
2007-05-14,41.65569305419922
2007-05-15,41.53742218017578
2007-05-16,42.420536041259766
2007-05-17,42.3022575378418
2007-05-18,42.16032028198242
2007-05-21,42.18398284912109
2007-05-22,42.491485595703125
2007-05-23,42.52303695678711
2007-05-24,42.743797302246094
2007-05-25,42.9014892578125
2007-05-29,43.02765655517578
2007-05-30,43.02765655517578
2007-05-31,43.18536376953125
2007-06-01,43.53228378295898
2007-06-04,43.5244140625
2007-06-05,43.130157470703125
2007-06-06,42.5545654296875
2007-06-07,42.07360458374024
2007-06-08,42.31803894042969
2007-06-11,41.939552307128906
2007-06-12,41.78185272216797
2007-06-13,41.87645721435547
2007-06-14,41.75033187866211
2007-06-15,41.71089553833008
2007-06-18,41.68724822998047
2007-06-19,41.584739685058594
2007-06-20,40.60700607299805
2007-06-21,40.81990432739258
2007-06-22,40.449317932128906
2007-06-25,40.60700607299805
2007-06-26,40.83566665649414
2007-06-27,40.80414581298828
2007-06-28,41.0801010131836
2007-06-29,40.32317352294922
2007-07-02,41.17472457885742
2007-07-03,41.11164474487305
2007-07-05,41.35606384277344
2007-07-06,41.80550765991211
2007-07-09,40.97760772705078
2007-07-10,40.64644241333008
2007-07-11,40.53604888916016
2007-07-12,41.8607177734375
2007-07-13,41.773956298828125
2007-07-16,41.75033187866211
2007-07-17,41.789737701416016
2007-07-18,42.24705505371094
2007-07-19,40.914527893066406
2007-07-20,40.4650764465332
2007-07-23,40.34680938720703
2007-07-24,40.21276473999024
2007-07-25,40.37835693359375
2007-07-26,39.589881896972656
2007-07-27,38.7383041381836
2007-07-30,38.58848190307617
2007-07-31,38.186370849609375
2007-08-01,37.83942413330078
2007-08-02,38.13117980957031
2007-08-03,37.45307159423828
2007-08-06,38.2415657043457
2007-08-07,37.83942413330078
2007-08-08,37.50826644897461
2007-08-09,36.53053665161133
2007-08-10,37.43730926513672
2007-08-13,38.66733932495117
2007-08-14,38.225772857666016
2007-08-15,38.730411529541016
2007-08-16,38.525421142578125
2007-08-17,39.26659393310547
2007-08-20,39.06946563720703
2007-08-21,39.077335357666016
2007-08-22,38.359840393066406
2007-08-23,38.3361701965332
2007-08-24,39.11677169799805
2007-08-27,38.78561782836914
2007-08-28,38.34405517578125
2007-08-29,38.39137649536133
2007-08-30,38.67521667480469
2007-08-31,39.43216323852539
2007-09-04,39.57408905029297
2007-09-05,38.86446762084961
2007-09-06,39.1088752746582
2007-09-07,38.78561782836914
2007-09-10,38.730411529541016
2007-09-11,39.08524703979492
2007-09-12,39.00639724731445
2007-09-13,39.06946563720703
2007-09-14,39.353309631347656
2007-09-17,39.3848762512207
2007-09-18,39.50313568115234
2007-09-19,39.29813003540039
2007-09-20,39.27447128295898
2007-09-21,39.353309631347656
2007-09-24,39.077335357666016
2007-09-25,39.0142822265625
2007-09-26,38.88022613525391
2007-09-27,38.8408088684082
2007-09-28,38.186370849609375
2007-10-01,37.95771408081055
2007-10-02,37.76057434082031
2007-10-03,37.09825134277344
2007-10-04,37.35845184326172
2007-10-05,37.61075973510742
2007-10-08,37.697486877441406
2007-10-09,38.23367691040039
2007-10-10,38.89600372314453
2007-10-11,38.90388107299805
2007-10-12,39.17985153198242
2007-10-15,38.580596923828125
2007-10-16,38.2415657043457
2007-10-17,38.32040023803711
2007-10-18,37.9261589050293
2007-10-19,37.41364288330078
2007-10-22,37.949825286865234
2007-10-23,38.5096321105957
2007-10-24,38.217899322509766
2007-10-25,38.26521301269531
2007-10-26,37.83942413330078
2007-10-29,37.807891845703125
2007-10-30,37.768463134765625
2007-10-31,38.75405883789063
2007-11-01,38.28098678588867
2007-11-02,38.58848190307617
2007-11-05,38.730411529541016
2007-11-06,39.10100555419922
2007-11-07,39.3060188293457
2007-11-08,39.6529426574707
2007-11-09,40.74104309082031
2007-11-12,41.50588607788086
2007-11-13,42.02629089355469
2007-11-14,41.8212776184082
2007-11-15,41.80550765991211
2007-11-16,42.12089157104492
2007-11-19,42.17610931396485
2007-11-20,42.63343048095703
2007-11-21,42.1130256652832
2007-11-23,42.63343048095703
2007-11-26,42.08937454223633
2007-11-27,42.80689239501953
2007-11-28,43.145938873291016
2007-11-29,43.177467346191406
2007-11-30,43.36671447753906
2007-12-03,43.074974060058594
2007-12-04,42.83842468261719
2007-12-05,43.11439895629883
2007-12-06,44.13943862915039
2007-12-07,44.66772079467773
2007-12-10,45.629669189453125
2007-12-11,44.99888610839844
2007-12-12,45.31428146362305
2007-12-13,44.96733474731445
2007-12-14,44.73079299926758
2007-12-17,44.620399475097656
2007-12-18,45.10138702392578
2007-12-19,45.22754287719727
2007-12-20,45.81889343261719
2007-12-21,46.512786865234375
2007-12-24,46.4260368347168
2007-12-26,46.48123550415039
2007-12-27,46.01603317260742
2007-12-28,45.95294570922852
2007-12-31,45.88986206054688
2008-01-02,44.68349456787109
2008-01-03,44.88849639892578
2008-01-04,44.15519714355469
2008-01-07,44.849063873291016
2008-01-08,44.32078170776367
2008-01-09,44.30501174926758
2008-01-10,44.22615051269531
2008-01-11,44.08425521850586
2008-01-14,43.697879791259766
2008-01-15,43.32729721069336
2008-01-16,43.58747863769531
2008-01-17,42.86207962036133
2008-01-18,42.89363098144531
2008-01-22,40.38622283935547
2008-01-23,39.70026397705078
2008-01-24,39.2823600769043
2008-01-25,39.42428207397461
2008-01-28,41.00127029418945
2008-01-29,40.039310455322266
2008-01-30,39.55044174194336
2008-01-31,40.08659744262695
2008-02-01,39.50313568115234
2008-02-04,39.34543991088867
2008-02-05,38.95119094848633
2008-02-06,38.9354248046875
2008-02-07,38.65944290161133
2008-02-08,38.005008697509766
2008-02-11,38.02077865600586
2008-02-12,38.0601921081543
2008-02-13,37.03517532348633
2008-02-14,36.75130081176758
2008-02-15,37.642311096191406
2008-02-19,37.91038513183594
2008-02-20,37.9261589050293
2008-02-21,37.68960571289063
2008-02-22,37.34267425537109
2008-02-25,37.83154296875
2008-02-26,38.580596923828125
2008-02-27,38.76983642578125
2008-02-28,37.85518264770508
2008-02-29,36.648807525634766
2008-03-03,36.54631423950195
2008-03-04,36.86958312988281
2008-03-05,37.232303619384766
2008-03-06,36.12052154541016
2008-03-07,35.64744186401367
2008-03-10,35.53703308105469
2008-03-11,30.15168571472168
2008-03-12,28.921649932861328
2008-03-13,30.1832218170166
2008-03-14,29.32378578186035
2008-03-17,26.682353973388672
2008-03-18,27.644302368164062
2008-03-19,28.030670166015625
2008-03-20,27.84931945800781
2008-03-24,28.156822204589844
2008-03-25,27.817771911621094
2008-03-26,26.88736915588379
2008-03-27,26.80851936340332
2008-03-28,27.123910903930664
2008-03-31,27.11602783203125
2008-04-01,28.6075496673584
2008-04-02,28.37870216369629
2008-04-03,28.52863121032715
2008-04-04,28.80484390258789
2008-04-07,28.93900680541992
2008-04-08,30.05174446105957
2008-04-09,29.42040061950684
2008-04-10,28.88376235961914
2008-04-11,28.30767059326172
2008-04-14,28.639142990112305
2008-04-15,29.38883781433105
2008-04-16,28.25243186950684
2008-04-17,28.962690353393555
2008-04-18,29.3967227935791
2008-04-21,29.83867454528809
2008-04-22,26.950288772583008
2008-04-23,27.40801239013672
2008-04-24,26.50835418701172
2008-04-25,26.82402229309082
2008-04-28,26.54781150817871
2008-04-29,26.35841178894043
2008-04-30,25.75074958801269
2008-05-01,25.963817596435547
2008-05-02,26.413658142089844
2008-05-05,26.097984313964844
2008-05-06,25.884906768798828
2008-05-07,25.7744197845459
2008-05-08,26.042739868164062
2008-05-09,25.99538993835449
2008-05-12,25.86911392211914
2008-05-13,25.687612533569336
2008-05-14,25.26934814453125
2008-05-15,25.01681327819824
2008-05-16,25.506103515625
2008-05-19,26.38996315002441
2008-05-20,26.871362686157227
2008-05-21,26.95818519592285
2008-05-22,27.85783767700196
2008-05-23,27.42378807067871
2008-05-27,27.63687515258789
2008-05-28,27.013416290283203
2008-05-29,27.226505279541016
2008-05-30,26.99764633178711
2008-06-02,26.82402229309082
2008-06-03,26.792461395263672
2008-06-04,26.68985939025879
2008-06-05,26.78456115722656
2008-06-06,26.06641387939453
2008-06-09,25.98749732971192
2008-06-10,25.72706413269043
2008-06-11,25.21410369873047
2008-06-12,24.4722843170166
2008-06-13,24.259206771850582
2008-06-16,23.83304786682129
2008-06-17,23.67521476745605
2008-06-18,23.848833084106445
2008-06-19,22.01006126403809
2008-06-20,21.40239524841309
2008-06-23,20.8262996673584
2008-06-24,20.85787010192871
2008-06-25,21.14197158813477
2008-06-26,20.49484634399414
2008-06-27,20.526411056518555
2008-06-30,20.71581649780273
2008-07-01,20.22653007507324
2008-07-02,19.824050903320312
2008-07-03,18.11943626403809
2008-07-07,18.39564323425293
2008-07-08,18.37197494506836
2008-07-09,18.09575843811035
2008-07-10,17.819543838500977
2008-07-11,17.48809242248535
2008-07-14,17.503873825073242
2008-07-15,17.62225341796875
2008-07-16,17.780094146728516
2008-07-17,18.608720779418945
2008-07-18,18.86125373840332
2008-07-21,18.80600929260254
2008-07-22,20.68424415588379
2008-07-23,21.90746688842773
2008-07-24,21.323484420776367
2008-07-25,21.66282081604004
2008-07-28,21.134078979492188
2008-07-29,21.72595977783203
2008-07-30,21.52866744995117
2008-07-31,22.160005569458008
2008-08-01,22.199462890625
2008-08-04,22.85448265075684
2008-08-05,24.03034400939941
2008-08-06,23.56473159790039
2008-08-07,23.01230812072754
2008-08-08,24.46438980102539
2008-08-11,24.66168212890625
2008-08-12,24.84318733215332
2008-08-13,24.94579124450684
2008-08-14,25.1667537689209
2008-08-15,26.05062866210937
2008-08-18,25.356164932250977
2008-08-19,24.440723419189453
2008-08-20,23.8646240234375
2008-08-21,23.91197204589844
2008-08-22,24.156618118286133
2008-08-25,23.13068962097168
2008-08-26,23.24906349182129
2008-08-27,23.22538948059082
2008-08-28,23.72256851196289
2008-08-29,24.03034400939941
2008-09-02,23.10702133178711
2008-09-03,23.42267799377441
2008-09-04,22.144216537475582
2008-09-05,21.868009567260746
2008-09-08,23.01230812072754
2008-09-09,22.475669860839844
2008-09-10,23.13068962097168
2008-09-11,23.64365196228028
2008-09-12,23.36743927001953
2008-09-15,22.104755401611328
2008-09-16,21.134078979492188
2008-09-17,20.13182258605957
2008-09-18,20.968351364135746
2008-09-19,21.14197158813477
2008-09-22,20.92888832092285
2008-09-23,20.51852226257324
2008-09-24,19.80826759338379
2008-09-25,20.12393379211425
2008-09-26,20.36857795715332
2008-09-29,16.572649002075195
2008-09-30,20.03713035583496
2008-10-01,19.7924861907959
2008-10-02,19.53994941711425
2008-10-03,19.026987075805664
2008-10-06,17.567014694213867
2008-10-07,16.19385528564453
2008-10-08,15.152144432067873
2008-10-09,14.047290802001951
2008-10-10,13.692167282104492
2008-10-13,18.450889587402344
2008-10-14,18.14310646057129
2008-10-15,17.10140609741211
2008-10-16,17.8590030670166
2008-10-17,19.247953414916992
2008-10-20,20.13182258605957
2008-10-21,19.926647186279297
2008-10-22,18.98751449584961
2008-10-23,18.88493156433105
2008-10-24,18.07997703552246
2008-10-27,16.12282371520996
2008-10-28,17.716947555541992
2008-10-29,16.825183868408203
2008-10-30,17.669605255126953
2008-10-31,18.72709274291992
2008-11-03,18.53769302368164
2008-11-04,18.008947372436523
2008-11-05,17.969491958618164
2008-11-06,17.48809242248535
2008-11-07,17.701173782348633
2008-11-10,16.919885635375977
2008-11-11,15.909747123718262
2008-11-12,14.89171314239502
2008-11-13,16.446392059326172
2008-11-14,15.7992582321167
2008-11-17,14.907496452331545
2008-11-18,15.017985343933104
2008-11-19,13.992053985595703
2008-11-20,12.863532066345217
2008-11-21,13.53432559967041
2008-11-24,15.049546241760254
2008-11-25,16.359577178955078
2008-11-26,16.55687141418457
2008-11-28,16.58054542541504
2008-12-01,15.878183364868164
2008-12-02,16.0360164642334
2008-12-03,16.083358764648438
2008-12-04,15.70456314086914
2008-12-05,16.896215438842773
2008-12-08,16.927776336669922
2008-12-09,16.39902687072754
2008-12-10,17.022480010986328
2008-12-11,18.53769302368164
2008-12-12,18.577157974243164
2008-12-15,18.766551971435547
2008-12-16,19.216384887695312
2008-12-17,18.86125373840332
2008-12-18,19.658334732055664
2008-12-19,20.90522003173828
2008-12-22,20.31333923339844
2008-12-23,20.50273895263672
2008-12-24,20.48695945739746
2008-12-26,20.755268096923828
2008-12-29,20.179180145263672
2008-12-30,21.33927345275879
2008-12-31,20.99203491210937
2009-01-02,21.773303985595703
2009-01-05,21.41817855834961
2009-01-06,20.91311454772949
2009-01-07,20.755268096923828
2009-01-08,21.07883644104004
2009-01-09,20.8736515045166
2009-01-12,20.218637466430664
2009-01-13,20.01344490051269
2009-01-14,19.003307342529297
2009-01-15,19.642539978027344
2009-01-16,20.12393379211425
2009-01-20,19.06644058227539
2009-01-21,19.7688102722168
2009-01-22,21.457637786865234
2009-01-23,22.128442764282227
2009-01-26,22.21523666381836
2009-01-27,22.94917869567871
2009-01-28,23.667329788208008
2009-01-29,22.641401290893555
2009-01-30,22.3572998046875
2009-02-02,23.00442695617676
2009-02-03,23.470029830932617
2009-02-04,22.870264053344727
2009-02-05,22.72820472717285
2009-02-06,22.83868980407715
2009-02-09,23.29641532897949
2009-02-10,22.073192596435547
2009-02-11,22.530912399291992
2009-02-12,23.26485061645508
2009-02-13,22.85448265075684
2009-02-17,22.428327560424805
2009-02-18,22.3572998046875
2009-02-19,22.609834671020508
2009-02-20,22.08108329772949
2009-02-23,18.7981185913086
2009-02-24,19.105907440185547
2009-02-25,18.174671173095703
2009-02-26,15.83872890472412
2009-02-27,15.507277488708496
2009-03-02,13.794759750366213
2009-03-03,14.047290802001951
2009-03-04,14.17356777191162
2009-03-05,12.902997016906738
2009-03-06,14.126215934753418
2009-03-09,14.039408683776855
2009-03-10,15.238946914672852
2009-03-11,15.089003562927246
2009-03-12,16.10704231262207
2009-03-13,16.856760025024414
2009-03-16,16.320119857788086
2009-03-17,16.998804092407227
2009-03-18,17.322364807128906
2009-03-19,16.809406280517578
2009-03-20,16.280658721923828
2009-03-23,17.401275634765625
2009-03-24,16.667354583740234
2009-03-25,16.71469497680664
2009-03-26,17.061939239501953
2009-03-27,16.635786056518555
2009-03-30,16.209632873535156
2009-03-31,16.541566848754883
2009-04-01,16.343994140625
2009-04-02,16.652217864990234
2009-04-03,16.233341217041016
2009-04-06,17.3319091796875
2009-04-07,18.533203125
2009-04-08,18.06690788269043
2009-04-09,18.857234954833984
2009-04-13,19.260303497314453
2009-04-14,19.36304473876953
2009-04-15,19.84514236450196
2009-04-16,19.25239944458008
2009-04-17,19.07852554321289
2009-04-20,19.133848190307617
2009-04-21,18.019481658935547
2009-04-22,18.027387619018555
2009-04-23,18.304004669189453
2009-04-24,18.224971771240234
2009-04-27,18.185449600219727
2009-04-28,18.88094139099121
2009-04-29,18.86513900756836
2009-04-30,18.58852195739746
2009-05-01,18.15384292602539
2009-05-04,18.74658203125
2009-05-05,20.200794219970703
2009-05-06,20.49321174621582
2009-05-07,22.43741607666016
2009-05-08,22.8167781829834
2009-05-11,21.805150985717773
2009-05-12,21.591772079467773
2009-05-13,21.86047744750977
2009-05-14,21.97112464904785
2009-05-15,21.741931915283203
2009-05-18,21.97902107238769
2009-05-19,21.70241355895996
2009-05-20,21.9553165435791
2009-05-21,21.27564811706543
2009-05-22,20.785633087158203
2009-05-26,21.489023208618164
2009-05-27,21.726123809814453
2009-05-28,21.489023208618164
2009-05-29,21.02273368835449
2009-06-01,21.73402404785156
2009-06-02,22.208223342895508
2009-06-03,21.73402404785156
2009-06-04,21.55224800109864
2009-06-05,21.41789627075196
2009-06-08,20.588048934936523
2009-06-09,20.532730102539062
2009-06-10,20.33514213562012
2009-06-11,19.00739288330078
2009-06-12,19.133848190307617
2009-06-15,18.580612182617188
2009-06-16,18.98368453979492
2009-06-17,18.98368453979492
2009-06-18,20.113859176635746
2009-06-19,20.09804916381836
2009-06-22,19.41046524047852
2009-06-23,19.39465713500977
2009-06-24,19.608051300048828
2009-06-25,19.750307083129883
2009-06-26,19.5764274597168
2009-06-29,19.85304832458496
2009-06-30,19.742401123046875
2009-07-01,19.884660720825195
2009-07-02,18.89674949645996
2009-07-06,19.03900909423828
2009-07-07,19.89255714416504
2009-07-08,19.497392654418945
2009-07-09,19.71077537536621
2009-07-10,19.497392654418945
2009-07-13,19.76610374450684
2009-07-14,19.5764274597168
2009-07-15,19.68708038330078
2009-07-16,19.955795288085938
2009-07-17,19.829330444335938
2009-07-20,19.63174819946289
2009-07-21,20.22450065612793
2009-07-22,20.54853820800781
2009-07-23,21.378374099731445
2009-07-24,21.591772079467773
2009-07-27,21.82885932922364
2009-07-28,22.98274803161621
2009-07-29,22.45322799682617
2009-07-30,22.208223342895508
2009-07-31,22.176607131958008
2009-08-03,21.623384475708008
2009-08-04,21.28353309631348
2009-08-05,20.690793991088867
2009-08-06,20.532730102539062
2009-08-07,20.951602935791016
2009-08-10,21.394187927246094
2009-08-11,21.98692512512207
2009-08-12,21.96322631835937
2009-08-13,22.42160987854004
2009-08-14,22.176607131958008
2009-08-17,22.5085506439209
2009-08-18,22.271448135375977
2009-08-19,22.271448135375977
2009-08-20,22.43741607666016
2009-08-21,22.85629844665528
2009-08-24,23.4648494720459
2009-08-25,23.646623611450195
2009-08-26,22.864192962646484
2009-08-27,22.87209701538086
2009-08-28,22.271448135375977
2009-08-31,22.12919044494629
2009-09-01,21.599672317504883
2009-09-02,22.65080642700196
2009-09-03,22.8167781829834
2009-09-04,22.824676513671875
2009-09-08,22.00274085998535
2009-09-09,22.445322036743164
2009-09-10,23.00645446777344
2009-09-11,22.97484588623047
2009-09-14,22.729841232299805
2009-09-15,21.892093658447266
2009-09-16,23.14871406555176
2009-09-17,23.188230514526367
2009-09-18,22.587587356567383
2009-09-21,22.59548759460449
2009-09-22,21.797252655029297
2009-09-23,21.08596420288086
2009-09-24,20.57224464416504
2009-09-25,20.026918411254883
2009-09-28,20.39046669006348
2009-09-29,20.295635223388672
2009-09-30,19.78981590270996
2009-10-01,19.59223747253418
2009-10-02,19.189172744750977
2009-10-05,18.999486923217773
2009-10-06,19.26820182800293
2009-10-07,19.79773330688477
2009-10-08,19.094327926635746
2009-10-09,19.497392654418945
2009-10-12,19.93998146057129
2009-10-13,19.19707489013672
2009-10-14,19.65545463562012
2009-10-15,19.40256118774414
2009-10-16,19.323530197143555
2009-10-19,19.694982528686523
2009-10-20,20.516923904418945
2009-10-21,19.85304832458496
2009-10-22,20.31934356689453
2009-10-23,20.42998313903809
2009-10-26,20.003219604492188
2009-10-27,20.94369888305664
2009-10-28,20.45369529724121
2009-10-29,20.91998672485352
2009-10-30,20.509021759033203
2009-11-02,20.880470275878903
2009-11-03,21.267736434936523
2009-11-04,22.026445388793945
2009-11-05,22.2951602935791
2009-11-06,22.65871238708496
2009-11-09,23.022266387939453
2009-11-10,22.89580345153809
2009-11-11,23.21194267272949
2009-11-12,22.729841232299805
2009-11-13,22.98274803161621
2009-11-16,23.03807640075684
2009-11-17,22.89580345153809
2009-11-18,22.8167781829834
2009-11-19,22.62709045410156
2009-11-20,22.57177734375
2009-11-23,22.98274803161621
2009-11-24,23.362104415893555
2009-11-25,23.34628868103028
2009-11-27,23.26727104187012
2009-11-30,22.65871238708496
2009-12-01,22.682418823242188
2009-12-02,22.35838508605957
2009-12-03,21.599672317504883
2009-12-04,21.70241355895996
2009-12-07,22.36629104614257
2009-12-08,22.49274253845215
2009-12-09,22.52435302734375
2009-12-10,23.9548397064209
2009-12-11,24.089200973510746
2009-12-14,24.460657119750977
2009-12-15,24.753082275390625
2009-12-16,25.44856643676757
2009-12-17,25.148237228393555
2009-12-18,24.92695999145508
2009-12-21,25.42486000061035
2009-12-22,25.54341125488281
2009-12-23,24.99017143249512
2009-12-24,25.03759765625
2009-12-28,24.808406829833984
2009-12-29,24.38162422180176
2009-12-30,24.5080795288086
2009-12-31,24.089200973510746
2010-01-04,24.91904640197754
2010-01-05,24.879535675048828
2010-01-06,25.12453842163086
2010-01-07,26.088735580444336
2010-01-08,25.843732833862305
2010-01-11,26.0176010131836
2010-01-12,25.33001708984375
2010-01-13,25.71727752685547
2010-01-14,26.333738327026367
2010-01-15,26.6735782623291
2010-01-19,27.764236450195312
2010-01-20,27.305837631225582
2010-01-21,26.15986633300781
2010-01-22,26.207284927368164
2010-01-25,26.08083724975586
2010-01-26,25.638246536254883
2010-01-27,26.2705192565918
2010-01-28,26.4206657409668
2010-01-29,26.08083724975586
2010-02-01,26.18358039855957
2010-02-02,26.91067123413086
2010-02-03,26.333738327026367
2010-02-04,25.654056549072266
2010-02-05,25.71727752685547
2010-02-08,25.614540100097656
2010-02-09,26.08083724975586
2010-02-10,25.85162925720215
2010-02-11,26.175668716430664
2010-02-12,25.43275260925293
2010-02-16,24.998083114624023
2010-02-17,25.725181579589844
2010-02-18,25.83583068847656
2010-02-19,25.24308013916016
2010-02-22,26.144058227539062
2010-02-23,25.93066596984864
2010-02-24,26.570825576782227
2010-02-25,26.436479568481445
2010-02-26,26.76051139831543
2010-03-01,26.902782440185547
2010-03-02,26.83164596557617
2010-03-03,26.9501895904541
2010-03-04,26.041318893432617
2010-03-05,26.66567611694336
2010-03-08,26.15986633300781
2010-03-09,26.144058227539062
2010-03-10,26.2705192565918
2010-03-11,26.475997924804688
2010-03-12,26.009708404541016
2010-03-15,25.70937728881836
2010-03-16,26.120346069335938
2010-03-17,25.883243560791016
2010-03-18,26.5471305847168
2010-03-19,27.179386138916016
2010-03-22,26.31792449951172
2010-03-23,26.207284927368164
2010-03-24,25.859539031982425
2010-03-25,26.175668716430664
2010-03-26,25.788406372070312
2010-03-29,25.95438003540039
2010-03-30,26.128246307373047
2010-03-31,25.82002067565918
2010-04-01,26.096885681152344
2010-04-05,26.21555519104004
2010-04-06,26.429149627685547
2010-04-07,26.049428939819336
2010-04-08,25.8042049407959
2010-04-09,25.51941680908203
2010-04-12,25.51941680908203
2010-04-13,25.4403133392334
2010-04-14,24.562240600585938
2010-04-15,24.229995727539062
2010-04-16,24.30910873413086
2010-04-19,24.704633712768555
2010-04-20,24.506874084472656
2010-04-21,23.937318801879883
2010-04-22,24.095518112182617
2010-04-23,24.48314094543457
2010-04-26,23.61298179626465
2010-04-27,23.573427200317383
2010-04-28,24.079708099365234
2010-04-29,24.760019302368164
2010-04-30,23.97686767578125
2010-05-03,23.937318801879883
2010-05-04,23.32820701599121
2010-05-05,23.73163604736328
2010-05-06,23.130430221557617
2010-05-07,22.956403732299805
2010-05-10,23.6367130279541
2010-05-11,23.61298179626465
2010-05-12,23.984769821166992
2010-05-13,23.87402534484864
2010-05-14,24.04014587402344
2010-05-17,24.079708099365234
2010-05-18,23.87402534484864
2010-05-19,23.72373008728028
2010-05-20,22.908939361572266
2010-05-21,22.703266143798828
2010-05-24,22.80610656738281
2010-05-25,22.83774948120117
2010-05-26,22.77446556091309
2010-05-27,23.1937255859375
2010-05-28,22.995962142944336
2010-06-01,22.92476272583008
2010-06-02,23.66044235229492
2010-06-03,24.196643829345703
2010-06-04,24.10132026672364
2010-06-07,24.196643829345703
2010-06-08,24.53822326660156
2010-06-09,24.252254486083984
2010-06-10,24.38729858398437
2010-06-11,24.36347198486328
2010-06-14,24.2999210357666
2010-06-15,24.776535034179688
2010-06-16,24.9354190826416
2010-06-17,25.02280044555664
2010-06-18,24.887752532958984
2010-06-21,24.74476432800293
2010-06-22,24.339637756347656
2010-06-23,23.998044967651367
2010-06-24,23.64058494567871
2010-06-25,23.73590850830078
2010-06-28,23.187793731689453
2010-06-29,22.742944717407227
2010-06-30,22.56023597717285
2010-07-01,22.123334884643555
2010-07-02,22.48080444335937
2010-07-06,22.9494743347168
2010-07-07,23.195735931396484
2010-07-08,23.577028274536133
2010-07-09,23.80740165710449
2010-07-12,23.86301612854004
2010-07-13,23.94244766235352
2010-07-14,24.08543586730957
2010-07-15,24.5302848815918
2010-07-16,24.10132026672364
2010-07-19,24.48262596130371
2010-07-20,24.49057006835937
2010-07-21,24.38729858398437
2010-07-22,24.62560272216797
2010-07-23,24.562061309814453
2010-07-26,24.998964309692383
2010-07-27,24.450841903686523
2010-07-28,24.09337615966797
2010-07-29,24.18076705932617
2010-07-30,24.188695907592773
2010-08-02,24.975133895874023
2010-08-03,25.753618240356445
2010-08-04,26.142860412597656
2010-08-05,26.547992706298828
2010-08-06,26.571826934814453
2010-08-09,26.60360336303711
2010-08-10,26.47650146484375
2010-08-11,25.41204071044922
2010-08-12,25.523250579833984
2010-08-13,25.44380760192871
2010-08-16,25.34054374694824
2010-08-17,25.698017120361328
2010-08-18,25.848953247070312
2010-08-19,25.25316429138184
2010-08-20,25.11017799377441
2010-08-23,25.02280044555664
2010-08-24,24.65738868713379
2010-08-25,25.388208389282227
2010-08-26,25.300825119018555
2010-08-27,25.713891983032227
2010-08-30,25.348487854003903
2010-08-31,25.19755172729492
2010-09-01,25.88866424560547
2010-09-02,26.103145599365234
2010-09-03,26.937240600585938
2010-09-07,26.83397102355957
2010-09-08,26.88957595825196
2010-09-09,27.024614334106445
2010-09-10,27.49902534484864
2010-09-13,27.68239974975586
2010-09-14,27.59468078613281
2010-09-15,27.323606491088867
2010-09-16,27.299694061279297
2010-09-17,27.211986541748047
2010-09-20,27.849830627441406
2010-09-21,28.11294174194336
2010-09-22,28.44779586791992
2010-09-23,28.25644874572754
2010-09-24,28.48768615722656
2010-09-27,28.184701919555664
2010-09-28,27.93752861022949
2010-09-29,28.065105438232425
2010-09-30,27.99334716796875
2010-10-01,28.24847984313965
2010-10-04,27.538877487182617
2010-10-05,27.96145439147949
2010-10-06,27.068477630615234
2010-10-07,27.37942123413086
2010-10-08,27.38738250732422
2010-10-11,27.626585006713867
2010-10-12,27.921586990356445
2010-10-13,28.16077995300293
2010-10-14,28.527530670166016
2010-10-15,28.68700218200684
2010-10-18,28.90228271484375
2010-10-19,28.14483642578125
2010-10-20,29.284971237182617
2010-10-21,29.09361267089844
2010-10-22,29.707544326782227
2010-10-25,29.946739196777344
2010-10-26,29.95470428466797
2010-10-27,28.647140502929688
2010-10-28,28.90228271484375
2010-10-29,28.742815017700195
2010-11-01,28.7906436920166
2010-11-02,29.50025177001953
2010-11-03,29.22916030883789
2010-11-04,29.34078788757324
2010-11-05,29.388635635375977
2010-11-08,29.595932006835938
2010-11-09,29.484310150146484
2010-11-10,29.627819061279297
2010-11-11,29.875
2010-11-12,29.23714256286621
2010-11-15,28.28037452697754
2010-11-16,27.91361618041992
2010-11-17,28.168760299682617
2010-11-18,28.40794944763184
2010-11-19,28.702938079833984
2010-11-22,29.0697078704834
2010-11-23,28.742815017700195
2010-11-24,28.846454620361328
2010-11-26,28.60727310180664
2010-11-29,29.17333984375
2010-11-30,29.117549896240234
2010-12-01,30.03444480895996
2010-12-02,30.337421417236328
2010-12-03,30.2534236907959
2010-12-06,29.8294734954834
2010-12-07,29.41350555419922
2010-12-08,29.46949005126953
2010-12-09,29.31751251220703
2010-12-10,29.33350372314453
2010-12-13,29.51749038696289
2010-12-14,29.197513580322266
2010-12-15,28.35758781433105
2010-12-16,28.48558807373047
2010-12-17,28.03761863708496
2010-12-20,28.141605377197266
2010-12-21,28.26160430908203
2010-12-22,28.66956329345703
2010-12-23,28.61356735229492
2010-12-27,28.429584503173828
2010-12-28,28.573564529418945
2010-12-29,28.72556495666504
2010-12-30,28.74955368041992
2010-12-31,28.885534286499023
2011-01-03,29.70148086547852
2011-01-04,29.973451614379883
2011-01-05,30.06943893432617
2011-01-06,30.69338607788086
2011-01-07,30.757387161254883
2011-01-10,30.757387161254883
2011-01-11,31.26133346557617
2011-01-12,31.08534240722656
2011-01-13,31.67729759216309
2011-01-14,32.61322784423828
2011-01-18,32.70122146606445
2011-01-19,32.44523239135742
2011-01-20,32.24525833129883
2011-01-21,32.32526016235352
2011-01-24,31.845293045043945
2011-01-25,32.49323272705078
2011-01-26,32.19725036621094
2011-01-27,33.82911682128906
2011-01-28,32.7412109375
2011-01-31,32.83721923828125
2011-02-01,33.65312957763672
2011-02-02,33.55714416503906
2011-02-03,34.429073333740234
2011-02-04,33.98910903930664
2011-02-07,33.44514846801758
2011-02-08,33.57314682006836
2011-02-09,33.65312957763672
2011-02-10,33.94111251831055
2011-02-11,33.901123046875
2011-02-14,33.96510314941406
2011-02-15,33.62113571166992
2011-02-16,33.997108459472656
2011-02-17,34.069091796875
2011-02-18,34.26908874511719
2011-02-22,34.36507034301758
2011-02-23,34.32508087158203
2011-02-24,34.19709014892578
2011-02-25,34.01309967041016
2011-02-28,34.06110382080078
2011-03-01,33.95711135864258
2011-03-02,34.84503555297852
2011-03-03,35.93206024169922
2011-03-04,35.65931701660156
2011-03-07,34.945316314697266
2011-03-08,35.16192626953125
2011-03-09,35.69139099121094
2011-03-10,35.12982940673828
2011-03-11,34.96937561035156
2011-03-14,34.62441635131836
2011-03-15,34.32760238647461
2011-03-16,33.581520080566406
2011-03-17,33.91044998168945
2011-03-18,34.175174713134766
2011-03-21,34.64848709106445
2011-03-22,34.2874755859375
2011-03-23,34.295501708984375
2011-03-24,35.13785934448242
2011-03-25,35.097740173339844
2011-03-28,35.19400787353516
2011-03-29,35.68336486816406
2011-03-30,36.421417236328125
2011-03-31,36.260963439941406
2011-04-01,36.58989715576172
2011-04-04,36.58186721801758
2011-04-05,36.172733306884766
2011-04-06,36.06844329833984
2011-04-07,35.64327621459961
2011-04-08,35.60313415527344
2011-04-11,35.55501174926758
2011-04-12,35.948116302490234
2011-04-13,35.563045501708984
2011-04-14,35.95612335205078
2011-04-15,36.08449935913086
2011-04-18,34.93729782104492
2011-04-19,35.26620864868164
2011-04-20,35.49082565307617
2011-04-21,38.35480880737305
2011-04-25,38.27458190917969
2011-04-26,37.98577880859375
2011-04-27,38.67570877075195
2011-04-28,39.38969421386719
2011-04-29,39.49398040771485
2011-05-02,40.01543045043945
2011-05-03,39.85498046875
2011-05-04,39.75872421264648
2011-05-05,39.7747688293457
2011-05-06,40.20798110961914
2011-05-09,40.48875045776367
2011-05-10,40.52083587646485
2011-05-11,40.12776184082031
2011-05-12,40.175880432128906
2011-05-13,40.07160568237305
2011-05-16,40.2480697631836
2011-05-17,40.10368347167969
2011-05-18,40.601070404052734
2011-05-19,40.55292510986328
2011-05-20,39.90312194824219
2011-05-23,39.43782043457031
2011-05-24,38.47514724731445
2011-05-25,38.40294647216797
2011-05-26,38.266563415527344
2011-05-27,38.74790191650391
2011-05-31,39.26936340332031
2011-06-01,38.78802108764648
2011-06-02,39.62233352661133
2011-06-03,39.31889724731445
2011-06-06,38.7554817199707
2011-06-07,38.61058044433594
2011-06-08,38.79572296142578
2011-06-09,40.72745513916016
2011-06-10,39.76962661743164
2011-06-13,39.52817153930664
2011-06-14,39.92256927490234
2011-06-15,39.72133255004883
2011-06-16,39.97085952758789
2011-06-17,40.21233749389648
2011-06-20,41.26673126220703
2011-06-21,42.0313835144043
2011-06-22,41.67721176147461
2011-06-23,41.17012786865234
2011-06-24,40.61476135253906
2011-06-27,41.07354736328125
2011-06-28,41.66917037963867
2011-06-29,41.48404693603516
2011-06-30,41.516258239746094
2011-07-01,42.76383209228516
2011-07-05,42.538455963134766
2011-07-06,42.76383209228516
2011-07-07,42.36138916015625
2011-07-08,41.91868591308594
2011-07-11,41.001102447509766
2011-07-12,41.37939834594727
2011-07-13,41.636985778808594
2011-07-14,42.07163238525391
2011-07-15,41.83016204833984
2011-07-18,41.814064025878906
2011-07-19,41.411617279052734
2011-07-20,41.459903717041016
2011-07-21,41.97503662109375
2011-07-22,42.457969665527344
2011-07-25,41.556488037109375
2011-07-26,41.25868225097656
2011-07-27,40.155982971191406
2011-07-28,40.18012619018555
2011-07-29,39.94670104980469
2011-08-01,38.65083694458008
2011-08-02,37.813743591308594
2011-08-03,37.97472381591797
2011-08-04,36.27640151977539
2011-08-05,36.67081451416016
2011-08-08,33.749046325683594
2011-08-09,36.00275039672852
2011-08-10,33.684654235839844
2011-08-11,35.35884094238281
2011-08-12,36.067142486572266
2011-08-15,36.976661682128906
2011-08-16,36.62251281738281
2011-08-17,36.64666748046875
2011-08-18,35.32663345336914
2011-08-19,34.867855072021484
2011-08-22,35.101261138916016
2011-08-23,36.11542510986328
2011-08-24,36.9525146484375
2011-08-25,36.29251480102539
2011-08-26,36.79958724975586
2011-08-29,37.636680603027344
2011-08-30,38.05521774291992
2011-08-31,38.24839401245117
2011-09-01,37.97472381591797
2011-09-02,36.93524169921875
2011-09-06,36.91908645629883
2011-09-07,38.13061141967773
2011-09-08,38.122535705566406
2011-09-09,36.76562881469727
2011-09-12,37.36331558227539
2011-09-13,38.76061630249024
2011-09-14,39.317909240722656
2011-09-15,40.8201904296875
2011-09-16,40.99788284301758
2011-09-19,40.34366226196289
2011-09-20,40.24673461914063
2011-09-21,38.77675628662109
2011-09-22,38.03368377685547
2011-09-23,38.44561004638672
2011-09-26,39.42290878295898
2011-09-27,39.9398193359375
2011-09-28,38.47791290283203
2011-09-29,37.621768951416016
2011-09-30,37.25022888183594
2011-10-03,34.665653228759766
2011-10-04,34.552581787109375
2011-10-05,35.90140914916992
2011-10-06,36.297176361083984
2011-10-07,36.25679016113281
2011-10-10,37.57331085205078
2011-10-11,37.67024230957031
2011-10-12,37.460243225097656
2011-10-13,37.58138656616211
2011-10-14,38.1386947631836
2011-10-17,37.6379280090332
2011-10-18,36.62023162841797
2011-10-19,37.51677322387695
2011-10-20,37.86407852172852
2011-10-21,38.704063415527344
2011-10-24,39.6005859375
2011-10-25,39.38249969482422
2011-10-26,39.38249969482422
2011-10-27,39.72175979614258
2011-10-28,39.45520782470703
2011-10-31,38.76061630249024
2011-11-01,37.33102035522461
2011-11-02,37.444095611572266
2011-11-03,37.2986946105957
2011-11-04,36.81410598754883
2011-11-07,36.48294448852539
2011-11-08,37.27449417114258
2011-11-09,36.78179168701172
2011-11-10,37.258331298828125
2011-11-11,38.06599426269531
2011-11-14,37.91253662109375
2011-11-15,37.5975456237793
2011-11-16,36.272945404052734
2011-11-17,35.957942962646484
2011-11-18,35.98217010498047
2011-11-21,35.89332962036133
2011-11-22,35.8771858215332
2011-11-23,35.182579040527344
2011-11-25,35.27141571044922
2011-11-28,36.36986923217773
2011-11-29,37.05638122558594
2011-11-30,39.39059829711914
2011-12-01,39.18867874145508
2011-12-02,38.95444488525391
2011-12-05,39.118953704833984
2011-12-06,39.13516998291016
2011-12-07,39.98611068725586
2011-12-08,39.029815673828125
2011-12-09,39.63761901855469
2011-12-12,39.06224060058594
2011-12-13,38.84340286254883
2011-12-14,38.70565414428711
2011-12-15,39.32156753540039
2011-12-16,39.71056365966797
2011-12-19,39.68626022338867
2011-12-20,40.375125885009766
2011-12-21,40.51289367675781
2011-12-22,41.11259460449219
2011-12-23,41.61505126953125
2011-12-27,41.61505126953125
2011-12-28,41.096378326416016
2011-12-29,41.47727584838867
2011-12-30,41.072078704833984
2012-01-03,41.728511810302734
2012-01-04,42.33631896972656
2012-01-05,42.61996078491211
2012-01-06,42.7739486694336
2012-01-09,42.72532272338867
2012-01-10,42.64428329467773
2012-01-11,42.960357666015625
2012-01-12,42.84688568115234
2012-01-13,42.709110260009766
2012-01-17,43.41417694091797
2012-01-18,43.71403884887695
2012-01-19,42.401161193847656
2012-01-20,42.360652923583984
2012-01-23,42.49030685424805
2012-01-24,41.59884643554688
2012-01-25,41.79334259033203
2012-01-26,40.80464553833008
2012-01-27,41.34762954711914
2012-01-30,41.388145446777344
2012-01-31,41.97164916992188
2012-02-01,43.162967681884766
2012-02-02,42.57944869995117
2012-02-03,41.5826301574707
2012-02-06,41.56643295288086
2012-02-07,42.1661376953125
2012-02-08,42.25529098510742
2012-02-09,43.00088882446289
2012-02-10,43.21158218383789
2012-02-13,43.64111709594727
2012-02-14,44.13545989990234
2012-02-15,44.26511764526367
2012-02-16,44.40290832519531
2012-02-17,44.313743591308594
2012-02-21,44.83242034912109
2012-02-22,44.71895980834961
2012-02-23,44.52446365356445
2012-02-24,45.099853515625
2012-02-27,45.164695739746094
2012-02-28,45.25383758544922
2012-02-29,45.180908203125
2012-03-01,45.50846862792969
2012-03-02,45.38654708862305
2012-03-05,44.73630905151367
2012-03-06,44.2648811340332
2012-03-07,44.20797729492188
2012-03-08,45.1995964050293
2012-03-09,45.33776473999024
2012-03-12,44.72005081176758
2012-03-13,44.972015380859375
2012-03-14,45.33776473999024
2012-03-15,45.2808723449707
2012-03-16,45.1833381652832
2012-03-19,45.62226486206055
2012-03-20,44.52497100830078
2012-03-21,43.866607666015625
2012-03-22,43.79346466064453
2012-03-23,43.61463928222656
2012-03-26,44.78507614135742
2012-03-27,45.05329513549805
2012-03-28,45.06142044067383
2012-03-29,47.2315788269043
2012-03-30,47.906211853027344
2012-04-02,48.05250930786133
2012-04-03,48.28010177612305
2012-04-04,48.00374603271485
2012-04-05,47.96310043334961
2012-04-09,47.25597381591797
2012-04-10,46.78455352783203
2012-04-11,47.15843963623047
2012-04-12,47.51605987548828
2012-04-13,47.18281936645508
2012-04-16,46.62199783325195
2012-04-17,47.22344970703125
2012-04-18,46.589473724365234
2012-04-19,47.71925735473633
2012-04-20,48.3694953918457
2012-04-23,48.109413146972656
2012-04-24,47.72739028930664
2012-04-25,47.84930419921875
2012-04-26,47.442901611328125
2012-04-27,47.06900787353516
2012-04-30,45.63850784301758
2012-05-01,46.43505096435547
2012-05-02,46.05302810668945
2012-05-03,45.28900909423828
2012-05-04,44.47620391845703
2012-05-07,44.9069938659668
2012-05-08,45.37028121948242
2012-05-09,44.88261032104492
2012-05-10,44.93951034545898
2012-05-11,44.86635208129883
2012-05-14,44.833831787109375
2012-05-15,44.65500259399414
2012-05-16,44.622501373291016
2012-05-17,44.60624694824219
2012-05-18,43.88287353515625
2012-05-21,45.15081405639648
2012-05-22,45.28900909423828
2012-05-23,44.99639129638672
2012-05-24,45.69539642333984
2012-05-25,45.61411666870117
2012-05-29,45.63850784301758
2012-05-30,45.65475082397461
2012-05-31,45.32965469360352
2012-06-01,44.73630905151367
2012-06-04,44.6306266784668
2012-06-05,45.549095153808594
2012-06-06,46.89833450317383
2012-06-07,46.69514083862305
2012-06-08,47.14217376708984
2012-06-11,46.70328903198242
2012-06-12,47.01212692260742
2012-06-13,47.32457733154297
2012-06-14,48.33616638183594
2012-06-15,48.05063629150391
2012-06-18,48.47486114501953
2012-06-19,49.16011047363281
2012-06-20,48.621700286865234
2012-06-21,47.59379196166992
2012-06-22,48.189334869384766
2012-06-25,47.063514709472656
2012-06-26,47.96904754638672
2012-06-27,48.36881256103516
2012-06-28,48.621700286865234
2012-06-29,47.72431564331055
2012-07-02,45.89693069458008
2012-07-03,44.77112579345703
2012-07-05,45.529823303222656
2012-07-06,45.53798294067383
2012-07-09,45.75823974609375
2012-07-10,45.44007873535156
2012-07-11,45.71745300292969
2012-07-12,44.51823425292969
2012-07-13,45.03218078613281
2012-07-16,44.999549865722656
2012-07-17,45.60324478149414
2012-07-18,45.97035217285156
2012-07-19,44.86087417602539
2012-07-20,45.20351028442383
2012-07-23,44.469276428222656
2012-07-24,44.78743362426758
2012-07-25,42.813209533691406
2012-07-26,42.42977523803711
2012-07-27,43.514793395996094
2012-07-30,43.44953536987305
2012-07-31,41.67924499511719
2012-08-01,41.77714920043945
2012-08-02,41.68741226196289
2012-08-03,42.10346221923828
2012-08-06,41.60581970214844
2012-08-07,42.86215591430664
2012-08-08,43.01713943481445
2012-08-09,42.437931060791016
2012-08-10,42.34003829956055
2012-08-13,42.34003829956055
2012-08-14,42.39714050292969
2012-08-15,43.090576171875
2012-08-16,43.55559158325195
2012-08-17,43.34347534179688
2012-08-20,43.40057373046875
2012-08-21,43.58006286621094
2012-08-22,44.02874374389648
2012-08-23,43.98797607421875
2012-08-24,44.18374252319336
2012-08-27,44.55086898803711
2012-08-28,44.32243728637695
2012-08-29,44.57535171508789
2012-08-30,44.61611557006836
2012-08-31,44.2979621887207
2012-09-04,44.510066986083984
2012-09-05,44.281646728515625
2012-09-06,44.77927780151367
2012-09-07,44.77112579345703
2012-09-10,43.84111404418945
2012-09-11,43.07426071166992
2012-09-12,43.26510620117188
2012-09-13,44.14155578613281
2012-09-14,44.43642425537109
2012-09-17,44.624813079833984
2012-09-18,45.1572494506836
2012-09-19,45.00981140136719
2012-09-20,45.00160217285156
2012-09-21,46.017311096191406
2012-09-24,45.85348129272461
2012-09-25,46.03369140625
2012-09-26,45.68965911865234
2012-09-27,46.06645202636719
2012-09-28,45.386600494384766
2012-10-01,46.24665832519531
2012-10-02,46.52516174316406
2012-10-03,46.57429504394531
2012-10-04,47.48351287841797
2012-10-05,46.79545593261719
2012-10-08,47.18043518066406
2012-10-09,47.07396697998047
2012-10-10,46.77907180786133
2012-10-11,47.22957992553711
2012-10-12,46.74629974365234
2012-10-15,47.09033966064453
2012-10-16,46.59067535400391
2012-10-17,45.86168670654297
2012-10-18,45.87805938720703
2012-10-19,45.59136962890625
2012-10-22,46.31218338012695
2012-10-23,46.017311096191406
2012-10-24,45.8043327331543
2012-10-25,46.04188919067383
2012-10-26,45.68965911865234
2012-10-31,45.8698616027832
2012-11-01,46.64802169799805
2012-11-02,45.91082000732422
2012-11-05,45.28011703491211
2012-11-06,46.1893196105957
2012-11-07,44.444618225097656
2012-11-08,43.77295303344727
2012-11-09,43.33065032958984
2012-11-12,42.75726318359375
2012-11-13,42.74906921386719
2012-11-14,41.9791259765625
2012-11-15,41.9791259765625
2012-11-16,42.51153945922852
2012-11-19,43.33881759643555
2012-11-20,43.527225494384766
2012-11-21,43.84666442871094
2012-11-23,44.166133880615234
2012-11-26,43.84666442871094
2012-11-27,43.07672500610352
2012-11-28,43.20777893066406
2012-11-29,44.52652740478516
2012-11-30,44.55110549926758
2012-12-03,44.14155578613281
2012-12-04,43.8548698425293
2012-12-05,44.10058975219727
2012-12-06,43.94496536254883
2012-12-07,44.301048278808594
2012-12-10,44.56420135498047
2012-12-11,45.032962799072266
2012-12-12,45.43593215942383
2012-12-13,44.72047424316406
2012-12-14,44.44908142089844
2012-12-17,44.704010009765625
2012-12-18,45.18922424316406
2012-12-19,44.81092834472656
2012-12-20,45.60862350463867
2012-12-21,45.254981994628906
2012-12-24,45.1069564819336
2012-12-26,44.58887481689453
2012-12-27,44.76979446411133
2012-12-28,44.29283905029297
2012-12-31,44.60533905029297
2013-01-02,44.85205841064453
2013-01-03,42.75499725341797
2013-01-04,42.837249755859375
2013-01-07,42.837249755859375
2013-01-08,42.269798278808594
2013-01-09,43.06749725341797
2013-01-10,43.67604446411133
2013-01-11,43.43756484985352
2013-01-14,43.88165283203125
2013-01-15,44.09545135498047
2013-01-16,44.12835311889648
2013-01-17,44.73691940307617
2013-01-18,44.868499755859375
2013-01-22,46.069149017333984
2013-01-23,45.97868347167969
2013-01-24,46.23362731933594
2013-01-25,46.08560180664063
2013-01-28,45.89645385742188
2013-01-29,46.282962799072266
2013-01-30,46.11849212646485
2013-01-31,45.40303802490234
2013-02-01,45.86357116699219
2013-02-04,45.847110748291016
2013-02-05,47.508296966552734
2013-02-06,47.18757247924805
2013-02-07,46.916202545166016
2013-02-08,47.4836311340332
2013-02-11,46.973758697509766
2013-02-12,46.88329315185547
2013-02-13,47.064212799072266
2013-02-14,46.916202545166016
2013-02-15,47.138221740722656
2013-02-19,46.59547424316406
2013-02-20,45.40303802490234
2013-02-21,45.42770004272461
2013-02-22,44.794471740722656
2013-02-25,43.83229446411133
2013-02-26,43.62670135498047
2013-02-27,44.301048278808594
2013-02-28,43.95567321777344
2013-03-01,44.013221740722656
2013-03-04,43.84874725341797
2013-03-05,43.99679946899414
2013-03-06,44.08724594116211
2013-03-07,44.24348449707031
2013-03-08,44.25172424316406
2013-03-11,44.580657958984375
2013-03-12,45.09053039550781
2013-03-13,44.97658920288086
2013-03-14,45.1829948425293
2013-03-15,45.1829948425293
2013-03-18,45.40590286254883
2013-03-19,45.546234130859375
2013-03-20,45.30683135986328
2013-03-21,45.45542907714844
2013-03-22,44.960105895996094
2013-03-25,45.29030227661133
2013-03-26,45.94252014160156
2013-03-27,46.74331283569336
2013-03-28,47.23038864135742
2013-04-01,48.683380126953125
2013-04-02,50.97018051147461
2013-04-03,50.91239929199219
2013-04-04,51.2095947265625
2013-04-05,51.26738739013672
2013-04-08,51.09402084350586
2013-04-09,51.33343124389648
2013-04-10,51.52330017089844
2013-04-11,51.99388885498047
2013-04-12,52.0351448059082
2013-04-15,50.84635162353516
2013-04-16,51.85353088378906
2013-04-17,51.2095947265625
2013-04-18,49.277774810791016
2013-04-19,49.56673049926758
2013-04-22,48.889766693115234
2013-04-23,48.32840347290039
2013-04-24,48.5347785949707
2013-04-25,48.98883438110352
2013-04-26,49.10442352294922
2013-04-29,49.541954040527344
2013-04-30,49.475921630859375
2013-05-01,49.30255508422852
2013-05-02,49.10442352294922
2013-05-03,48.64209365844727
2013-05-06,49.69881057739258
2013-05-07,49.94649124145508
2013-05-08,51.60587310791016
2013-05-09,51.19308090209961
2013-05-10,51.93609619140625
2013-05-13,51.50680541992188
2013-05-14,50.96192932128906
2013-05-15,50.86286544799805
2013-05-16,51.300411224365234
2013-05-17,51.8783073425293
2013-05-20,51.64715576171875
2013-05-21,51.9030647277832
2013-05-22,51.41598129272461
2013-05-23,51.482032775878906
2013-05-24,51.234375
2013-05-28,52.29109191894531
2013-05-29,52.2993278503418
2013-05-30,53.38084411621094
2013-05-31,51.70493316650391
2013-06-03,51.84528350830078
2013-06-04,51.482032775878906
2013-06-05,50.97844696044922
2013-06-06,51.1187858581543
2013-06-07,51.65540313720703
2013-06-10,52.57177734375
2013-06-11,52.778167724609375
2013-06-12,52.695594787597656
2013-06-13,53.193119049072266
2013-06-14,52.90291595458984
2013-06-17,53.37555313110352
2013-06-18,54.46181869506836
2013-06-19,54.11354064941406
2013-06-20,52.90291595458984
2013-06-21,52.98583984375
2013-06-24,53.607723236083984
2013-06-25,52.84486389160156
2013-06-26,53.71551132202149
2013-06-27,54.80176544189453
2013-06-28,54.29597091674805
2013-07-01,54.42034149169922
2013-07-02,54.12183380126953
2013-07-03,54.34572219848633
2013-07-05,54.86811065673828
2013-07-08,56.02069091796875
2013-07-09,56.36067581176758
2013-07-10,56.12847137451172
2013-07-11,56.68405151367188
2013-07-12,56.385536193847656
2013-07-15,56.07045364379883
2013-07-16,55.48171615600586
2013-07-17,54.91786956787109
2013-07-18,58.500030517578125
2013-07-19,59.246280670166016
2013-07-22,59.851593017578125
2013-07-23,60.27450180053711
2013-07-24,60.141788482666016
2013-07-25,60.21645736694336
2013-07-26,59.87644577026367
2013-07-29,60.357421875
2013-07-30,59.926212310791016
2013-07-31,60.40715789794922
2013-08-01,60.66419982910156
2013-08-02,59.91795349121094
2013-08-05,60.81348419189453
2013-08-06,60.73057174682617
2013-08-07,60.4651985168457
2013-08-08,60.680809020996094
2013-08-09,60.4734992980957
2013-08-12,60.02572250366211
2013-08-13,60.82176208496094
2013-08-14,60.10865783691406
2013-08-15,59.20481872558594
2013-08-16,59.22970199584961
2013-08-19,59.46186828613281
2013-08-20,60.083770751953125
2013-08-21,59.57797622680664
2013-08-22,59.67747497558594
2013-08-23,60.15010452270508
2013-08-26,60.01745223999024
2013-08-27,59.304317474365234
2013-08-28,59.3209114074707
2013-08-29,60.06719970703125
2013-08-30,59.48675155639648
2013-09-03,60.16667938232422
2013-09-04,60.82176208496094
2013-09-05,61.39388275146485
2013-09-06,61.41048431396485
2013-09-09,61.56803512573242
2013-09-10,61.88312911987305
2013-09-11,62.5739631652832
2013-09-12,62.20773315429688
2013-09-13,61.991329193115234
2013-09-16,62.52400970458984
2013-09-17,61.8498649597168
2013-09-18,60.79276657104492
2013-09-19,58.961669921875
2013-09-20,58.73695755004883
2013-09-23,59.77735900878906
2013-09-24,60.1934928894043
2013-09-25,59.910526275634766
2013-09-26,60.06034469604492
2013-09-27,59.9188346862793
2013-09-30,59.60255813598633
2013-10-01,60.409912109375
2013-10-02,60.401588439941406
2013-10-03,60.3599739074707
2013-10-04,60.751163482666016
2013-10-07,60.06866455078125
2013-10-08,59.49437713623047
2013-10-09,59.41114044189453
2013-10-10,61.57516860961914
2013-10-11,61.81654357910156
2013-10-14,62.19111633300781
2013-10-15,61.483619689941406
2013-10-16,62.5822868347168
2013-10-17,59.4028205871582
2013-10-18,57.23042678833008
2013-10-21,56.764347076416016
2013-10-22,57.31367874145508
2013-10-23,56.60621643066406
2013-10-24,56.273284912109375
2013-10-25,56.28160858154297
2013-10-28,55.71562194824219
2013-10-29,56.66449737548828
2013-10-30,56.60621643066406
2013-10-31,56.81429290771485
2013-11-01,57.12225341796875
2013-11-04,57.38859558105469
2013-11-05,57.197174072265625
2013-11-06,58.5039176940918
2013-11-07,58.062782287597656
2013-11-08,58.67868041992188
2013-11-11,58.67868041992188
2013-11-12,58.22090148925781
2013-11-13,59.10316467285156
2013-11-14,59.46109008789063
2013-11-15,59.8189811706543
2013-11-18,59.660831451416016
2013-11-19,59.60255813598633
2013-11-20,59.910526275634766
2013-11-21,60.68460464477539
2013-11-22,61.37541961669922
2013-11-25,61.65007019042969
2013-11-26,62.02459716796875
2013-11-27,61.89144134521485
2013-11-29,61.991329193115234
2013-12-02,61.72502136230469
2013-12-03,61.36708450317383
2013-12-04,61.53419494628906
2013-12-05,60.7822494506836
2013-12-06,61.40890502929688
2013-12-09,61.59267425537109
2013-12-10,61.86837768554688
2013-12-11,60.27260971069336
2013-12-12,59.32847213745117
2013-12-13,58.88567733764648
2013-12-16,59.37027740478516
2013-12-17,59.09455490112305
2013-12-18,60.47310256958008
2013-12-19,60.48144912719727
2013-12-20,61.28353118896485
2013-12-23,62.11902618408203
2013-12-24,61.93523025512695
2013-12-26,62.53678894042969
2013-12-27,62.40312957763672
2013-12-30,62.47830581665039
2013-12-31,62.91277313232422
2014-01-02,62.3028450012207
2014-01-03,62.74565887451172
2014-01-06,62.02711868286133
2014-01-07,63.9237060546875
2014-01-08,63.180118560791016
2014-01-09,63.56445693969727
2014-01-10,62.41146469116211
2014-01-13,61.77649688720703
2014-01-14,61.84331893920898
2014-01-15,62.52840423583984
2014-01-16,60.79059982299805
2014-01-17,60.59008407592773
2014-01-21,61.12480163574219
2014-01-22,61.32534790039063
2014-01-23,61.15822982788086
2014-01-24,59.82144165039063
2014-01-27,59.86320877075195
2014-01-28,59.913330078125
2014-01-29,59.53736114501953
2014-01-30,60.82404708862305
2014-01-31,60.38954162597656
2014-02-03,59.10291290283203
2014-02-04,58.91072845458984
2014-02-05,59.16973114013672
2014-02-06,59.21152114868164
2014-02-07,59.62091445922852
2014-02-10,58.26739883422852
2014-02-11,59.00264739990234
2014-02-12,58.68516159057617
2014-02-13,59.49558639526367
2014-02-14,61.42556381225586
2014-02-18,61.68458557128906
2014-02-19,61.45063018798828
2014-02-20,61.392181396484375
2014-02-21,61.667877197265625
2014-02-24,63.50597381591797
2014-02-25,62.9294548034668
2014-02-26,63.54772567749024
2014-02-27,63.51432037353516
2014-02-28,64.55870056152344
2014-03-03,64.41664123535156
2014-03-04,65.27721405029297
2014-03-05,65.1602554321289
2014-03-06,64.86781311035156
2014-03-07,64.66730499267578
2014-03-10,65.0683364868164
2014-03-11,64.98480224609375
2014-03-12,65.06863403320312
2014-03-13,64.57389068603516
2014-03-14,63.4754638671875
2014-03-17,64.36429595947266
2014-03-18,65.40403747558594
2014-03-19,67.04753112792969
2014-03-20,68.36397552490234
2014-03-21,68.20466613769531
2014-03-24,68.15436553955078
2014-03-25,68.00343322753906
2014-03-26,68.37238311767578
2014-03-27,67.93633270263672
2014-03-28,68.43946075439453
2014-03-31,68.74971008300781
2014-04-01,68.62391662597656
2014-04-02,68.43108367919922
2014-04-03,68.96772003173828
2014-04-04,68.36397552490234
2014-04-07,67.98664855957031
2014-04-08,67.6344985961914
2014-04-09,68.24661254882812
2014-04-10,67.07266235351562
2014-04-11,66.20063781738281
2014-04-14,66.39350891113281
2014-04-15,66.67020416259766
2014-04-16,65.56336212158203
2014-04-17,63.54254150390625
2014-04-21,62.84655380249024
2014-04-22,63.52577209472656
2014-04-23,63.16521835327149
2014-04-24,64.22175598144531
2014-04-25,63.44194030761719
2014-04-28,63.50897979736328
2014-04-29,63.056182861328125
2014-04-30,62.92206573486328
2014-05-01,62.84655380249024
2014-05-02,62.91365432739258
2014-05-05,63.08137130737305
2014-05-06,63.10650634765625
2014-05-07,65.32857513427734
2014-05-08,64.4732894897461
2014-05-09,64.52360534667969
2014-05-12,65.18605041503906
2014-05-13,65.43759155273438
2014-05-14,64.70808410644531
2014-05-15,64.1294937133789
2014-05-16,64.27204895019531
2014-05-19,64.73320770263672
2014-05-20,64.28044128417969
2014-05-21,65.16926574707031
2014-05-22,65.68915557861328
2014-05-23,66.04969787597656
2014-05-27,66.33477783203125
2014-05-28,65.89039611816406
2014-05-29,66.55282592773438
2014-05-30,66.77082061767578
2014-06-02,66.63666534423828
2014-06-03,66.98046112060547
2014-06-04,67.50869750976562
2014-06-05,66.91336822509766
2014-06-06,67.02240753173828
2014-06-09,66.87981414794922
2014-06-10,66.92172241210938
2014-06-11,67.2236099243164
2014-06-12,66.92454528808594
2014-06-13,66.70551300048828
2014-06-16,65.71141052246094
2014-06-17,65.8546142578125
2014-06-18,66.73078155517578
2014-06-19,67.82598876953125
2014-06-20,68.58417510986328
2014-06-23,68.65158081054688
2014-06-24,68.86219024658203
2014-06-25,69.36766815185547
2014-06-26,69.32554626464844
2014-06-27,69.08122253417969
2014-06-30,68.8706283569336
2014-07-01,68.98856353759766
2014-07-02,69.49402618408203
2014-07-03,70.21855926513672
2014-07-07,69.26656341552734
2014-07-08,69.0222396850586
2014-07-09,69.70464324951172
2014-07-10,69.14865112304688
2014-07-11,69.81415557861328
2014-07-14,70.99360656738281
2014-07-15,70.681884765625
2014-07-16,70.56394958496094
2014-07-17,71.70124816894531
2014-07-18,72.04666900634766
2014-07-21,71.65914916992188
2014-07-22,72.49317932128906
2014-07-23,72.4005126953125
2014-07-24,72.18146514892578
2014-07-25,71.3389892578125
2014-07-28,72.24042510986328
2014-07-29,70.99360656738281
2014-07-30,69.88155364990234
2014-07-31,68.28091430664062
2014-08-01,68.65158081054688
2014-08-04,69.30867767333984
2014-08-05,68.23035430908203
2014-08-06,68.65996551513672
2014-08-07,66.77291107177734
2014-08-08,67.49739837646484
2014-08-11,67.28680419921875
2014-08-12,67.58165740966797
2014-08-13,68.66842651367188
2014-08-14,68.92961120605469
2014-08-15,68.63471221923828
2014-08-18,69.36766815185547
2014-08-19,70.31964874267578
2014-08-20,70.28596496582031
2014-08-21,70.57237243652344
2014-08-22,70.58080291748047
2014-08-25,70.96830749511719
2014-08-26,71.70967102050781
2014-08-27,72.77118682861328
2014-08-28,72.73746490478516
2014-08-29,73.02388000488281
2014-09-02,72.77962493896484
2014-09-03,73.11659240722656
2014-09-04,73.34403991699219
2014-09-05,73.92530822753906
2014-09-08,74.06012725830078
2014-09-09,74.60769653320312
2014-09-10,73.81665802001953
2014-09-11,73.67288208007812
2014-09-12,72.91143798828125
2014-09-15,72.78453826904297
2014-09-16,73.74053955078125
2014-09-17,73.59671020507812
2014-09-18,74.13818359375
2014-09-19,74.28202056884766
2014-09-22,74.256591796875
2014-09-23,73.25830841064453
2014-09-24,74.62886810302734
2014-09-25,72.91143798828125
2014-09-26,73.2667465209961
2014-09-29,73.19059753417969
2014-09-30,72.97064971923828
2014-10-01,71.81156158447266
2014-10-02,71.8285140991211
2014-10-03,72.77606201171875
2014-10-06,71.98924255371094
2014-10-07,71.22781372070312
2014-10-08,73.2836685180664
2014-10-09,71.86231994628906
2014-10-10,72.2430648803711
2014-10-13,71.02477264404297
2014-10-14,70.06874084472656
2014-10-15,69.51036834716797
2014-10-16,72.2430648803711
2014-10-17,74.6034927368164
2014-10-20,74.9081039428711
2014-10-21,76.94698333740234
2014-10-22,75.94866180419922
2014-10-23,76.70166778564453
2014-10-24,77.5307846069336
2014-10-27,77.94532775878906
2014-10-28,78.3768081665039
2014-10-29,78.6475601196289
2014-10-30,79.42589569091797
2014-10-31,80.38190460205078
2014-11-03,80.2550277709961
2014-11-04,80.35655212402344
2014-11-05,81.05029296875
2014-11-06,81.3971939086914
2014-11-07,79.19744110107422
2014-11-10,80.16195678710938
2014-11-11,80.95721435546875
2014-11-12,80.94876098632812
2014-11-13,81.13488006591797
2014-11-14,80.46652221679688
2014-11-17,81.61714172363281
2014-11-18,83.07232666015625
2014-11-19,81.94706726074219
2014-11-20,81.93861389160156
2014-11-21,81.8202133178711
2014-11-24,81.9809341430664
2014-11-25,82.82696533203125
2014-11-26,83.00463104248047
2014-11-28,83.44457244873047
2014-12-01,83.8083724975586
2014-12-02,84.45982360839844
2014-12-03,85.60205078125
2014-12-04,84.64239501953125
2014-12-05,85.20289611816406
2014-12-08,84.8547134399414
2014-12-09,85.78887176513672
2014-12-10,84.1498794555664
2014-12-11,84.69334411621094
2014-12-12,83.8696060180664
2014-12-15,83.4534912109375
2014-12-16,81.39836120605469
2014-12-17,84.19231414794922
2014-12-18,86.82491302490234
2014-12-19,87.03722381591797
2014-12-22,87.5042953491211
2014-12-23,87.34296417236328
2014-12-24,87.19859313964844
2014-12-26,87.08816528320312
2014-12-29,86.90135955810547
2014-12-30,87.34296417236328
2014-12-31,85.84829711914062
2015-01-02,85.58504486083984
2015-01-05,84.17532348632812
2015-01-06,84.00550079345703
2015-01-07,84.86320495605469
2015-01-08,88.91400146484375
2015-01-09,88.08177947998047
2015-01-12,87.08816528320312
2015-01-13,87.52978515625
2015-01-14,87.7505874633789
2015-01-15,88.710205078125
2015-01-16,89.82267761230469
2015-01-20,89.69532775878906
2015-01-21,92.8374252319336
2015-01-22,96.68444061279295
2015-01-23,95.11334991455078
2015-01-26,94.78215789794922
2015-01-27,93.42337799072266
2015-01-28,92.10710144042967
2015-01-29,92.89688110351562
2015-01-30,90.2303237915039
2015-02-02,91.11351776123048
2015-02-03,91.55511474609376
2015-02-04,91.6485366821289
2015-02-05,92.41281127929688
2015-02-06,91.37677001953124
2015-02-09,90.43411254882812
2015-02-10,92.54019927978516
2015-02-11,93.2875518798828
2015-02-12,93.2790298461914
2015-02-13,92.9393539428711
2015-02-17,93.21112060546876
2015-02-18,93.21956634521484
2015-02-19,93.44039916992188
2015-02-20,95.639892578125
2015-02-23,98.84998321533205
2015-02-24,98.02621459960938
2015-02-25,96.85428619384766
2015-02-26,96.5230941772461
2015-02-27,96.49758911132812
2015-03-02,97.15150451660156
2015-03-03,95.84371185302734
2015-03-04,96.6589584350586
2015-03-05,97.48270416259766
2015-03-06,95.86068725585938
2015-03-09,97.5761489868164
2015-03-10,95.50399780273438
2015-03-11,96.04508209228516
2015-03-12,97.8855438232422
2015-03-13,98.2008056640625
2015-03-16,100.98704528808594
2015-03-17,100.20316314697266
2015-03-18,102.21405792236328
2015-03-19,102.89568328857422
2015-03-20,101.5153579711914
2015-03-23,101.4301300048828
2015-03-24,100.646240234375
2015-03-25,99.29999542236328
2015-03-26,99.0528793334961
2015-03-27,100.5525131225586
2015-03-30,103.10020446777344
2015-03-31,100.7910614013672
2015-04-01,100.07535552978516
2015-04-02,99.99864959716795
2015-04-06,100.2883758544922
2015-04-07,99.99016571044922
2015-04-08,100.70587921142578
2015-04-09,101.01262664794922
2015-04-10,101.39604949951172
2015-04-13,101.71134948730467
2015-04-14,102.17993927001952
2015-04-15,99.96458435058594
2015-04-16,103.6114501953125
2015-04-17,101.14895629882812
2015-04-20,101.03817749023438
2015-04-21,101.6346435546875
2015-04-22,100.38211059570312
2015-04-23,100.76553344726562
2015-04-24,101.13191986083984
2015-04-27,99.04435729980467
2015-04-28,100.19464111328124
2015-04-29,96.80341339111328
2015-04-30,94.9203643798828
2015-05-01,96.45407104492188
2015-05-04,97.61288452148438
2015-05-05,96.59893035888672
2015-05-06,96.7011489868164
2015-05-07,97.7833023071289
2015-05-08,98.56717681884766
2015-05-11,97.79181671142578
2015-05-12,97.68104553222656
2015-05-13,98.7205810546875
2015-05-14,100.99559020996094
2015-05-15,101.67724609375
2015-05-18,102.07771301269533
2015-05-19,102.71676635742188
2015-05-20,103.30474090576172
2015-05-21,102.64008331298828
2015-05-22,101.89877319335938
2015-05-26,100.74846649169922
2015-05-27,101.77948760986328
2015-05-28,101.92433166503906
2015-05-29,102.42705535888672
2015-06-01,102.12883758544922
2015-06-02,100.33097839355467
2015-06-03,100.84219360351562
2015-06-04,99.39369201660156
2015-06-05,99.29141998291016
2015-06-08,99.61524963378906
2015-06-09,99.6833953857422
2015-06-10,101.01262664794922
2015-06-11,102.0993423461914
2015-06-12,100.67034912109376
2015-06-15,101.8083953857422
2015-06-16,104.00749969482422
2015-06-17,102.45870208740234
2015-06-18,103.44276428222656
2015-06-19,102.96356964111328
2015-06-22,102.89513397216795
2015-06-23,105.02576446533205
2015-06-24,101.9709701538086
2015-06-25,104.6749267578125
2015-06-26,105.46214294433594
2015-06-29,103.699462890625
2015-06-30,104.39253997802734
2015-07-01,105.5733871459961
2015-07-02,104.2299575805664
2015-07-06,104.52950286865234
2015-07-07,103.2801513671875
2015-07-08,101.63726806640624
2015-07-09,102.1164321899414
2015-07-10,104.52088928222656
2015-07-13,104.77762603759766
2015-07-14,106.95956420898438
2015-07-15,107.69544219970705
2015-07-16,106.8996810913086
2015-07-17,105.9755630493164
2015-07-20,104.94874572753906
2015-07-21,103.4170913696289
2015-07-22,103.2031707763672
2015-07-23,102.10791015625
2015-07-24,100.9184799194336
2015-07-27,100.86715698242188
2015-07-28,103.98181915283205
2015-07-29,103.98181915283205
2015-07-30,103.16039276123048
2015-07-31,103.87915802001952
2015-08-03,103.44276428222656
2015-08-04,103.39996337890624
2015-08-05,106.0354461669922
2015-08-06,104.42676544189452
2015-08-07,104.23854064941406
2015-08-10,104.80328369140624
2015-08-11,104.61499786376952
2015-08-12,103.70800018310548
2015-08-13,103.12614440917967
2015-08-14,103.55399322509766
2015-08-17,105.94987487792967
2015-08-18,107.3874282836914
2015-08-19,105.4364776611328
2015-08-20,102.5015106201172
2015-08-21,99.49808502197266
2015-08-24,94.49237823486328
2015-08-25,94.10733032226562
2015-08-26,97.08509063720705
2015-08-27,100.77303314208984
2015-08-28,100.353759765625
2015-08-31,99.00177764892578
2015-09-01,96.37487030029295
2015-09-02,97.74395751953124
2015-09-03,97.53858184814452
2015-09-04,96.14380645751952
2015-09-08,99.33548736572266
2015-09-09,98.89720916748048
2015-09-10,100.3495635986328
2015-09-11,102.00814056396484
2015-09-14,101.2347412109375
2015-09-15,103.15113830566406
2015-09-16,104.11363983154295
2015-09-17,105.9269561767578
2015-09-18,105.24803161621094
2015-09-21,106.51129150390624
2015-09-22,105.64331817626952
2015-09-23,105.9441146850586
2015-09-24,104.06208038330078
2015-09-25,100.00582885742188
2015-09-28,96.85189819335938
2015-09-29,98.15816497802734
2015-09-30,99.69644165039062
2015-10-01,100.21206665039062
2015-10-02,102.11990356445312
2015-10-05,102.8245849609375
2015-10-06,99.73082733154295
2015-10-07,100.05738830566406
2015-10-08,99.75659942626952
2015-10-09,102.4980239868164
2015-10-12,105.28239440917967
2015-10-13,106.55428314208984
2015-10-14,104.90426635742188
2015-10-15,103.2714614868164
2015-10-16,103.1081771850586
2015-10-19,103.7527084350586
2015-10-20,103.4863052368164
2015-10-21,101.50115203857422
2015-10-22,97.80579376220705
2015-10-23,99.6190948486328
2015-10-26,100.143310546875
2015-10-27,102.58397674560548
2015-10-28,102.9363021850586
2015-10-29,102.87614440917967
2015-10-30,101.217529296875
2015-11-02,101.99958038330078
2015-11-03,101.11441802978516
2015-11-04,98.51910400390624
2015-11-05,99.88551330566406
2015-11-06,98.66519165039062
2015-11-09,98.19254302978516
2015-11-10,99.59331512451172
2015-11-11,98.43316650390624
2015-11-12,96.95504760742188
2015-11-13,95.74332427978516
2015-11-16,97.81442260742188
2015-11-17,98.30425262451172
2015-11-18,100.76207733154295
2015-11-19,95.0729751586914
2015-11-20,97.0839614868164
2015-11-23,96.38786315917967
2015-11-24,97.2729949951172
2015-11-25,98.3214340209961
2015-11-27,98.26128387451172
2015-11-30,96.8604965209961
2015-12-01,99.91128540039062
2015-12-02,101.53389739990234
2015-12-03,99.25533294677734
2015-12-04,101.6202163696289
2015-12-07,100.04077911376952
2015-12-08,100.01483917236328
2015-12-09,99.29850006103516
2015-12-10,100.2996826171875
2015-12-11,100.10118865966795
2015-12-14,99.98896026611328
2015-12-15,101.50799560546876
2015-12-16,102.56098175048828
2015-12-17,102.8976058959961
2015-12-18,99.96308135986328
2015-12-21,101.33538055419922
2015-12-22,101.36126708984376
2015-12-23,102.44015502929688
2015-12-24,102.1380844116211
2015-12-28,102.12944793701172
2015-12-29,103.41543579101562
2015-12-30,102.63863372802734
2015-12-31,101.53389739990234
2016-01-04,100.51547241210938
2016-01-05,100.70535278320312
2016-01-06,99.6782455444336
2016-01-07,96.7437515258789
2016-01-08,95.07799530029295
2016-01-11,94.5774154663086
2016-01-12,96.89046478271484
2016-01-13,94.27531433105467
2016-01-14,95.59583282470705
2016-01-15,94.30982208251952
2016-01-19,97.16667175292967
2016-01-20,99.07408905029295
2016-01-21,97.9607162475586
2016-01-22,98.67707824707033
2016-01-25,97.8571319580078
2016-01-26,98.35770416259766
2016-01-27,96.9509048461914
2016-01-28,96.13096618652344
2016-01-29,99.3934326171875
2016-02-01,100.02350616455078
2016-02-02,98.28868865966795
2016-02-03,97.31340026855467
2016-02-04,98.56486511230467
2016-02-05,96.42440795898438
2016-02-08,94.9571533203125
2016-02-09,95.94109344482422
2016-02-10,97.30476379394533
2016-02-11,95.47501373291016
2016-02-12,96.5107192993164
2016-02-16,99.38479614257812
2016-02-17,102.1035385131836
2016-02-18,101.3698959350586
2016-02-19,101.56842803955078
2016-02-22,104.6668930053711
2016-02-23,104.56333923339844
2016-02-24,103.74341583251952
2016-02-25,104.60652923583984
2016-02-26,104.71871185302734
2016-02-29,102.79400634765624
2016-03-01,105.01213836669922
2016-03-02,104.6668930053711
2016-03-03,105.14163208007812
2016-03-04,105.12435150146484
2016-03-07,105.08982849121094
2016-03-08,105.00352478027344
2016-03-09,104.95152282714844
2016-03-10,105.80948638916016
2016-03-11,108.4181137084961
2016-03-14,108.5221176147461
2016-03-15,108.2014617919922
2016-03-16,108.24481964111328
2016-03-17,107.92412567138672
2016-03-18,109.82209777832033
2016-03-21,109.83942413330078
2016-03-22,110.94874572753906
2016-03-23,112.4826889038086
2016-03-24,111.44271850585938
2016-03-28,111.7287368774414
2016-03-29,112.51739501953124
2016-03-30,112.38736724853516
2016-03-31,111.71139526367188
2016-04-01,112.59539031982422
2016-04-04,112.22274017333984
2016-04-05,110.09944152832033
2016-04-06,110.9574203491211
2016-04-07,109.95211791992188
2016-04-08,108.9207763671875
2016-04-11,109.4841079711914
2016-04-12,109.89144134521484
2016-04-13,110.72345733642578
2016-04-14,110.91407775878906
2016-04-15,110.35076141357422
2016-04-18,110.76673889160156
2016-04-19,113.0980453491211
2016-04-20,116.07064056396484
2016-04-21,115.23003387451172
2016-04-22,116.24402618408205
2016-04-25,115.94064331054688
2016-04-26,116.33935546875
2016-04-27,115.09139251708984
2016-04-28,114.45868682861328
2016-04-29,114.12067413330078
2016-05-02,114.48471069335938
2016-05-03,114.79669189453124
2016-05-04,114.42400360107422
2016-05-05,114.6667022705078
2016-05-06,114.4326629638672
2016-05-09,114.97869110107422
2016-05-10,115.75870513916016
2016-05-11,113.26272583007812
2016-05-12,112.43939208984376
2016-05-13,111.7980499267578
2016-05-16,113.21936798095705
2016-05-17,112.28337860107422
2016-05-18,113.10671997070312
2016-05-19,112.66472625732422
2016-05-20,113.4793701171875
2016-05-23,113.02870178222656
2016-05-24,114.90934753417967
2016-05-25,115.62865447998048
2016-05-26,115.24736785888672
2016-05-27,116.13130950927734
2016-05-31,115.84532165527344
2016-06-01,116.59061431884766
2016-06-02,117.8992691040039
2016-06-03,118.59261322021484
2016-06-06,119.72789764404295
2016-06-07,118.67931365966795
2016-06-08,121.67789459228516
2016-06-09,121.92057037353516
2016-06-10,120.67259979248048
2016-06-13,119.67593383789062
2016-06-14,119.48527526855467
2016-06-15,119.49829864501952
2016-06-16,120.71719360351562
2016-06-17,119.8727035522461
2016-06-20,120.5953140258789
2016-06-21,120.30799102783205
2016-06-22,120.05548095703124
2016-06-23,121.17857360839844
2016-06-24,119.52442169189452
2016-06-27,119.36771392822266
2016-06-28,120.76073455810548
2016-06-29,122.3365249633789
2016-06-30,122.928466796875
2016-07-01,122.63248443603516
2016-07-05,123.24188232421876
2016-07-06,123.955810546875
2016-07-07,122.58021545410156
2016-07-08,122.98938751220705
2016-07-11,122.1623764038086
2016-07-12,121.76190185546876
2016-07-13,123.17225646972656
2016-07-14,122.61505889892578
2016-07-15,123.04166412353516
2016-07-18,122.53668975830078
2016-07-19,124.13861846923828
2016-07-20,124.51300048828124
2016-07-21,124.38240051269533
2016-07-22,125.09626007080078
2016-07-25,123.38990020751952
2016-07-26,123.36376953125
2016-07-27,123.34635162353516
2016-07-28,124.28662872314452
2016-07-29,124.66966247558594
2016-08-01,124.93955993652344
2016-08-02,124.6435317993164
2016-08-03,124.3910675048828
2016-08-04,124.24309539794922
2016-08-05,124.4868621826172
2016-08-08,123.73815155029295
2016-08-09,123.46820831298828
2016-08-10,123.7904052734375
2016-08-11,124.17345428466795
2016-08-12,124.3910675048828
2016-08-15,123.29413604736328
2016-08-16,122.82400512695312
2016-08-17,123.37250518798828
2016-08-18,123.77293395996094
2016-08-19,123.65975952148438
2016-08-22,123.70331573486328
2016-08-23,123.63369750976562
2016-08-24,121.77059936523438
2016-08-25,119.53314208984376
2016-08-26,118.94110870361328
2016-08-29,119.50702667236328
2016-08-30,119.15878295898438
2016-08-31,118.44490051269533
2016-09-01,118.17504119873048
2016-09-02,118.93244171142578
2016-09-06,118.37527465820312
2016-09-07,118.06478881835938
2016-09-08,118.4583511352539
2016-09-09,116.86653900146484
2016-09-12,118.53705596923828
2016-09-13,117.15514373779295
2016-09-14,116.9277572631836
2016-09-15,118.60704040527344
2016-09-16,121.10845184326172
2016-09-19,120.41748809814452
2016-09-20,120.23381042480467
2016-09-21,122.3678970336914
2016-09-22,123.35619354248048
2016-09-23,122.8926773071289
2016-09-26,122.20171356201172
2016-09-27,123.13756561279295
2016-09-28,122.80516815185548
2016-09-29,120.97722625732422
2016-09-30,122.44662475585938
2016-10-03,121.12590789794922
2016-10-04,120.8373031616211
2016-10-05,120.3475112915039
2016-10-06,119.35919952392578
2016-10-07,119.52537536621094
2016-10-10,120.7673568725586
2016-10-11,117.85481262207033
2016-10-12,118.16097259521484
2016-10-13,117.36506652832033
2016-10-14,117.12892150878906
2016-10-17,117.31260681152344
2016-10-18,125.41159057617188
2016-10-19,126.2686767578125
2016-10-20,126.88092041015624
2016-10-21,127.14329528808594
2016-10-24,126.54854583740234
2016-10-25,125.75265502929688
2016-10-26,124.39700317382812
2016-10-27,124.14338684082033
2016-10-28,122.75272369384766
2016-10-31,123.60983276367188
2016-11-01,121.94806671142578
2016-11-02,121.55445861816406
2016-11-03,120.5486831665039
2016-11-04,120.4437255859375
2016-11-07,124.13463592529295
2016-11-08,124.98301696777344
2016-11-09,124.10836791992188
2016-11-10,127.80801391601562
2016-11-11,128.06163024902344
2016-11-14,133.18690490722656
2016-11-15,133.14317321777344
2016-11-16,132.5047149658203
2016-11-17,131.86619567871094
2016-11-18,130.7117462158203
2016-11-21,131.55137634277344
2016-11-22,133.1693878173828
2016-11-23,134.28892517089844
2016-11-25,133.65049743652344
2016-11-28,133.03822326660156
2016-11-29,137.83114624023438
2016-11-30,139.02098083496094
2016-12-01,141.32162475585938
2016-12-02,141.13720703125
2016-12-05,138.41510009765625
2016-12-06,138.14285278320312
2016-12-07,139.9693145751953
2016-12-08,139.8990478515625
2016-12-09,140.60153198242188
2016-12-12,140.04830932617188
2016-12-13,140.97039794921875
2016-12-14,140.37326049804688
2016-12-15,141.04061889648438
2016-12-16,143.9558868408203
2016-12-19,141.8484344482422
2016-12-20,141.89231872558594
2016-12-21,141.66403198242188
2016-12-22,141.88356018066406
2016-12-23,143.15684509277344
2016-12-27,142.81436157226562
2016-12-28,141.76063537597656
2016-12-29,141.40940856933594
2016-12-30,140.5312957763672
2017-01-03,141.76942443847656
2017-01-04,142.17337036132812
2017-01-05,142.410400390625
2017-01-06,142.6124267578125
2017-01-09,142.20848083496094
2017-01-10,141.88356018066406
2017-01-11,142.15576171875
2017-01-12,142.56854248046875
2017-01-13,142.07676696777344
2017-01-17,141.07574462890625
2017-01-18,138.5116729736328
2017-01-19,139.3546142578125
2017-01-20,139.3195343017578
2017-01-23,139.6795196533203
2017-01-24,140.87374877929688
2017-01-25,141.5850372314453
2017-01-26,142.91094970703125
2017-01-27,143.1216583251953
2017-01-30,142.33140563964844
2017-01-31,142.34014892578125
2017-02-01,142.87582397460938
2017-02-02,141.16357421875
2017-02-03,142.1382293701172
2017-02-06,140.94403076171875
2017-02-07,140.96156311035156
2017-02-08,140.7683563232422
2017-02-09,140.88255310058594
2017-02-10,141.15476989746094
2017-02-13,142.24362182617188
2017-02-14,143.24461364746094
2017-02-15,144.2632293701172
2017-02-16,143.70126342773438
2017-02-17,138.40628051757812
2017-02-21,140.99667358398438
2017-02-22,140.99667358398438
2017-02-23,142.77926635742188
2017-02-24,143.18319702148438
2017-02-27,145.22036743164062
2017-02-28,145.22036743164062
2017-03-01,147.46829223632812
2017-03-02,146.91513061523438
2017-03-03,147.69662475585938
2017-03-06,148.13563537597656
2017-03-07,147.78443908691406
2017-03-08,147.99154663085938
2017-03-09,148.07965087890625
2017-03-10,149.8159942626953
2017-03-13,150.01864624023438
2017-03-14,149.00511169433594
2017-03-15,151.40243530273438
2017-03-16,150.97940063476562
2017-03-17,149.5692138671875
2017-03-20,148.0708465576172
2017-03-21,147.80645751953125
2017-03-22,147.21591186523438
2017-03-23,145.68235778808594
2017-03-24,145.4268035888672
2017-03-27,145.07415771484375
2017-03-28,145.7352294921875
2017-03-29,144.0518341064453
2017-03-30,145.41790771484375
2017-03-31,144.5541534423828
2017-04-03,145.94671630859375
2017-04-04,145.40028381347656
2017-04-05,145.75286865234375
2017-04-06,145.72640991210938
2017-04-07,146.32571411132812
2017-04-10,145.8497772216797
2017-04-11,146.1582794189453
2017-04-12,145.9203338623047
2017-04-13,145.3915252685547
2017-04-17,147.34814453125
2017-04-18,148.59088134765625
2017-04-19,149.1725616455078
2017-04-20,151.1908721923828
2017-04-21,150.85606384277344
2017-04-24,151.88722229003906
2017-04-25,153.3943634033203
2017-04-26,153.69406127929688
2017-04-27,153.91432189941406
2017-04-28,154.13473510742188
2017-05-01,153.87908935546875
2017-05-02,153.4824981689453
2017-05-03,152.07229614257812
2017-05-04,153.37673950195312
2017-05-05,153.4648895263672
2017-05-08,153.74688720703125
2017-05-09,152.6892547607422
2017-05-10,152.8214569091797
2017-05-11,152.75979614257812
2017-05-12,151.42889404296875
2017-05-15,151.18211364746094
2017-05-16,148.1765899658203
2017-05-17,148.828857421875
2017-05-18,151.11158752441406
2017-05-19,152.11639404296875
2017-05-22,153.97605895996094
2017-05-23,154.4343719482422
2017-05-24,154.76052856445312
2017-05-25,156.9286651611328
2017-05-26,156.4438934326172
2017-05-30,155.64187622070312
2017-05-31,154.3990936279297
2017-06-01,158.277099609375
2017-06-02,158.10963439941406
2017-06-05,158.0920867919922
2017-06-06,159.37005615234375
2017-06-07,161.47659301757812
2017-06-08,160.1368865966797
2017-06-09,159.93417358398438
2017-06-12,157.9862823486328
2017-06-13,159.5727996826172
2017-06-14,160.7273406982422
2017-06-15,159.63885498046875
2017-06-16,160.74508666992188
2017-06-19,161.97523498535156
2017-06-20,162.1964874267578
2017-06-21,163.65679931640625
2017-06-22,165.0550994873047
2017-06-23,163.94883728027344
2017-06-26,163.8337860107422
2017-06-27,163.3735809326172
2017-06-28,164.3470916748047
2017-06-29,163.9665069580078
2017-06-30,164.09930419921875
2017-07-03,165.18783569335938
2017-07-05,166.60391235351562
2017-07-06,165.44451904296875
2017-07-07,166.3472137451172
2017-07-10,165.45338439941406
2017-07-11,164.56832885742188
2017-07-12,165.2232666015625
2017-07-13,164.1524200439453
2017-07-14,165.40914916992188
2017-07-17,164.92234802246094
2017-07-18,165.36483764648438
2017-07-19,167.435791015625
2017-07-20,169.48016357421875
2017-07-21,169.7279815673828
2017-07-24,168.94029235839844
2017-07-25,168.50669860839844
2017-07-26,168.81642150878906
2017-07-27,167.2056884765625
2017-07-28,169.17041015625
2017-07-31,169.7545166015625
2017-08-01,170.126220703125
2017-08-02,170.80770874023438
2017-08-03,172.3741912841797
2017-08-04,172.47154235839844
2017-08-07,172.3830108642578
2017-08-08,172.4892120361328
2017-08-09,172.42727661132812
2017-08-10,170.42715454101562
2017-08-11,170.8253936767578
2017-08-14,171.43605041503906
2017-08-15,172.13526916503906
2017-08-16,171.48915100097656
2017-08-17,170.54220581054688
2017-08-18,168.8783721923828
2017-08-21,169.94927978515625
2017-08-22,172.39187622070312
2017-08-23,171.90512084960938
2017-08-24,172.3564910888672
2017-08-25,172.0113067626953
2017-08-28,172.6573944091797
2017-08-29,174.10879516601562
2017-08-30,173.35653686523438
2017-08-31,176.0292510986328
2017-09-01,176.78155517578125
2017-09-05,176.3921356201172
2017-09-06,175.569091796875
2017-09-07,176.04876708984375
2017-09-08,175.6757049560547
2017-09-11,177.30140686035156
2017-09-12,175.42694091796875
2017-09-13,176.19091796875
2017-09-14,175.65789794921875
2017-09-15,176.05772399902344
2017-09-18,176.06655883789062
2017-09-19,172.92169189453125
2017-09-20,173.89894104003906
2017-09-21,173.41925048828125
2017-09-22,171.48257446289062
2017-09-25,170.34542846679688
2017-09-26,171.18939208984375
2017-09-27,172.77960205078125
2017-09-28,174.20986938476562
2017-09-29,173.98777770996094
2017-10-02,175.40032958984375
2017-10-03,176.45741271972656
2017-10-04,178.10092163085938
2017-10-05,175.8089141845703
2017-10-06,175.95103454589844
2017-10-09,174.3875274658203
2017-10-10,172.9483642578125
2017-10-11,173.463623046875
2017-10-12,171.38485717773438
2017-10-13,171.02951049804688
2017-10-16,171.6335906982422
2017-10-17,181.1302795410156
2017-10-18,182.3207092285156
2017-10-19,180.56170654296875
2017-10-20,184.32843017578125
2017-10-23,183.9019927978516
2017-10-24,184.914779663086
2017-10-25,184.39059448242188
2017-10-26,185.8031616210937
2017-10-27,188.86802673339844
2017-10-30,186.0162811279297
2017-10-31,186.753662109375
2017-11-01,186.1406707763672
2017-11-02,187.53546142578125
2017-11-03,189.1078643798828
2017-11-06,188.44158935546875
2017-11-07,188.95687866210932
2017-11-08,187.2422790527344
2017-11-09,187.944076538086
2017-11-10,187.50880432128903
2017-11-13,188.9213409423828
2017-11-14,188.0773162841797
2017-11-15,186.43389892578125
2017-11-16,187.56211853027344
2017-11-17,186.4693603515625
2017-11-20,186.7803192138672
2017-11-21,188.86802673339844
2017-11-22,187.6420440673828
2017-11-24,188.78805541992188
2017-11-27,188.6903533935547
2017-11-28,192.0128631591797
2017-11-29,198.0004272460937
2017-11-30,203.3843688964844
2017-12-01,202.14537048339844
2017-12-04,197.3676147460937
2017-12-05,196.1820526123047
2017-12-06,196.04840087890625
2017-12-07,196.2355499267578
2017-12-08,199.58712768554688
2017-12-11,198.5709686279297
2017-12-12,198.3213348388672
2017-12-13,199.9793243408203
2017-12-14,197.216049194336
2017-12-15,197.7241668701172
2017-12-18,198.4818115234375
2017-12-19,197.92022705078125
2017-12-20,198.22332763671875
2017-12-21,197.60829162597656
2017-12-22,196.10183715820312
2017-12-26,195.7453155517578
2017-12-27,196.47625732421875
2017-12-28,198.5709686279297
2017-12-29,196.511947631836
2018-01-02,197.1358642578125
2018-01-03,199.20379638671875
2018-01-04,200.0684509277344
2018-01-05,203.883544921875
2018-01-08,200.3448181152344
2018-01-09,201.34310913085932
2018-01-10,199.84559631347656
2018-01-11,200.9063415527344
2018-01-12,203.80328369140625
2018-01-16,207.60055541992188
2018-01-17,212.5298614501953
2018-01-18,216.7460479736328
2018-01-19,216.9154357910156
2018-01-22,217.1025390625
2018-01-23,218.5733642578125
2018-01-24,218.25244140625
2018-01-25,218.54660034179688
2018-01-26,221.47921752929688
2018-01-29,220.534408569336
2018-01-30,210.94320678710932
2018-01-31,211.05908203125
2018-02-01,209.6685333251953
2018-02-02,206.6913452148437
2018-02-05,196.11968994140625
2018-02-06,200.7191619873047
2018-02-07,201.2896423339844
2018-02-08,192.9463806152344
2018-02-09,196.95762634277344
2018-02-12,201.1737823486328
2018-02-13,202.02056884765625
2018-02-14,203.9281463623047
2018-02-15,201.4678955078125
2018-02-16,204.4540100097656
2018-02-20,202.0384063720703
2018-02-21,200.67459106445312
2018-02-22,202.42169189453125
2018-02-23,205.15821838378903
2018-02-26,208.63455200195312
2018-02-27,207.2618103027344
2018-02-28,201.5926971435547
2018-03-01,200.0684509277344
2018-03-02,200.7280731201172
2018-03-05,203.5716094970703
2018-03-06,201.61056518554688
2018-03-07,202.58213806152344
2018-03-08,200.9812774658203
2018-03-09,201.60728454589844
2018-03-12,199.22840881347656
2018-03-13,202.957748413086
2018-03-14,201.5626220703125
2018-03-15,205.2292938232422
2018-03-16,203.780502319336
2018-03-19,201.2674865722656
2018-03-20,202.8146514892578
2018-03-21,199.2731475830078
2018-03-22,192.4673309326172
2018-03-23,190.08843994140625
2018-03-26,195.9193725585937
2018-03-27,194.9267120361328
2018-03-28,195.40963745117188
2018-03-29,191.38522338867188
2018-04-02,194.2470245361328
2018-04-03,200.84716796875
2018-04-04,204.61219787597656
2018-04-05,204.86268615722656
2018-04-06,200.29269409179688
2018-04-09,199.192626953125
2018-04-10,202.82354736328125
2018-04-11,198.45034790039065
2018-04-12,200.5430908203125
2018-04-13,200.578857421875
2018-04-16,205.9805603027344
2018-04-17,213.34083557128903
2018-04-18,211.4180450439453
2018-04-19,210.8456878662109
2018-04-20,210.2196350097656
2018-04-23,209.5757293701172
2018-04-24,209.46841430664065
2018-04-25,210.0765380859375
2018-04-26,211.9814910888672
2018-04-27,214.7985076904297
2018-04-30,211.4180450439453
2018-05-01,211.82049560546875
2018-05-02,208.78878784179688
2018-05-03,209.40582275390625
2018-05-04,210.9708709716797
2018-05-07,209.07492065429688
2018-05-08,207.5098419189453
2018-05-09,204.9878387451172
2018-05-10,209.0122985839844
2018-05-11,213.099349975586
2018-05-14,217.2311553955078
2018-05-15,214.19046020507807
2018-05-16,216.17588806152344
2018-05-17,217.2848052978516
2018-05-18,218.78726196289065
2018-05-21,221.7027740478516
2018-05-22,219.27017211914065
2018-05-23,218.44737243652344
2018-05-24,217.07913208007807
2018-05-25,219.0644989013672
2018-05-29,216.5782928466797
2018-05-30,219.05555725097656
2018-05-31,215.98800659179688
2018-06-01,217.63363647460932
2018-06-04,218.7783203125
2018-06-05,218.59947204589844
2018-06-06,222.37350463867188
2018-06-07,222.66860961914065
2018-06-08,224.1889495849609
2018-06-11,226.9613800048828
2018-06-12,226.7825164794922
2018-06-13,226.1475524902344
2018-06-14,228.3475646972656
2018-06-15,229.7386779785156
2018-06-18,228.74249267578125
2018-06-19,227.0821228027344
2018-06-20,226.8936462402344
2018-06-21,226.0679626464844
2018-06-22,228.29373168945312
2018-06-25,225.0089569091797
2018-06-26,224.165267944336
2018-06-27,222.72933959960932
2018-06-28,219.7945098876953
2018-06-29,220.18942260742188
2018-07-02,222.1100616455078
2018-07-03,221.66131591796875
2018-07-05,224.8204498291016
2018-07-06,225.0537872314453
2018-07-09,227.6654815673828
2018-07-10,229.34378051757807
2018-07-11,228.49118041992188
2018-07-12,229.801513671875
2018-07-13,232.17987060546875
2018-07-16,230.63619995117188
2018-07-17,224.6320037841797
2018-07-18,229.23611450195312
2018-07-19,227.00131225585932
2018-07-20,226.7949676513672
2018-07-23,226.830810546875
2018-07-24,227.74630737304688
2018-07-25,228.7335205078125
2018-07-26,230.65411376953125
2018-07-27,229.71180725097656
2018-07-30,227.8180694580078
2018-07-31,227.26161193847656
2018-08-01,227.396240234375
2018-08-02,229.82843017578125
2018-08-03,230.8516082763672
2018-08-06,230.438720703125
2018-08-07,231.23745727539065
2018-08-08,232.2785797119141
2018-08-09,234.7735595703125
2018-08-10,233.669662475586
2018-08-13,234.163330078125
2018-08-14,236.4698486328125
2018-08-15,233.89405822753903
2018-08-16,236.1288299560547
2018-08-17,235.437744140625
2018-08-20,235.50054931640625
2018-08-21,234.86338806152344
2018-08-22,234.0106811523437
2018-08-23,234.62106323242188
2018-08-24,237.1879119873047
2018-08-27,239.70074462890625
2018-08-28,240.98422241210932
2018-08-29,241.42388916015625
2018-08-30,240.8765869140625
2018-08-31,240.9393615722656
2018-09-04,240.98422241210932
2018-09-05,240.2033843994141
2018-09-06,242.823959350586
2018-09-07,241.5901336669922
2018-09-10,233.8907623291016
2018-09-11,235.07041931152344
2018-09-12,236.53826904296875
2018-09-13,239.0777130126953
2018-09-14,238.91558837890625
2018-09-17,237.61892700195312
2018-09-18,237.09657287597656
2018-09-19,238.9336395263672
2018-09-20,239.8882293701172
2018-09-21,240.140365600586
2018-09-24,240.7617645263672
2018-09-25,237.29470825195312
2018-09-26,236.75440979003903
2018-09-27,238.32125854492188
2018-09-28,239.57302856445312
2018-10-01,242.32861328125
2018-10-02,243.7063751220703
2018-10-03,243.9495391845703
2018-10-04,241.6261749267578
2018-10-05,242.41867065429688
2018-10-08,242.24752807617188
2018-10-09,243.2381134033203
2018-10-10,236.9075164794922
2018-10-11,231.5404052734375
2018-10-12,233.7826690673828
2018-10-15,234.3590545654297
2018-10-16,245.4533843994141
2018-10-17,240.70770263671875
2018-10-18,240.26646423339844
2018-10-19,238.9066467285156
2018-10-22,236.1060028076172
2018-10-23,238.5103759765625
2018-10-24,230.82000732421875
2018-10-25,237.9520568847656
2018-10-26,232.49496459960932
2018-10-29,231.0000915527344
2018-10-30,232.5850372314453
2018-10-31,235.34963989257807
2018-11-01,234.97137451171875
2018-11-02,235.04345703125
2018-11-05,235.04345703125
2018-11-06,237.3217315673828
2018-11-07,247.3085021972656
2018-11-08,249.12747192382807
2018-11-09,249.03746032714844
2018-11-12,245.2823181152344
2018-11-13,242.4366607666016
2018-11-14,238.6004638671875
2018-11-15,238.5824737548828
2018-11-16,244.1386260986328
2018-11-19,239.5819854736328
2018-11-20,235.48471069335932
2018-11-21,234.6291961669922
2018-11-23,235.5927276611328
2018-11-26,239.68104553222656
2018-11-27,244.17466735839844
2018-11-28,252.9997711181641
2018-11-29,254.4405975341797
2018-11-30,254.17857360839844
2018-12-03,258.6684265136719
2018-12-04,251.63995361328125
2018-12-06,250.104232788086
2018-12-07,243.17515563964844
2018-12-10,240.78121948242188
2018-12-11,241.4045562744141
2018-12-12,244.49415588378903
2018-12-13,245.8582763671875
2018-12-14,239.41709899902344
2018-12-17,233.13851928710932
2018-12-18,228.5312347412109
2018-12-19,226.128158569336
2018-12-20,219.0184783935547
2018-12-21,215.3145751953125
2018-12-24,210.4362335205078
2018-12-26,219.8406219482422
2018-12-27,222.20748901367188
2018-12-28,222.451400756836
2018-12-31,225.05311584472656
2019-01-02,219.9670562744141
2019-01-03,213.96853637695312
2019-01-04,216.4709625244141
2019-01-07,216.8865203857422
2019-01-08,219.786376953125
2019-01-09,220.10260009765625
2019-01-10,221.21372985839844
2019-01-11,223.7432403564453
2019-01-14,224.0955352783203
2019-01-15,232.05450439453125
2019-01-16,236.20101928710932
2019-01-17,234.67428588867188
2019-01-18,239.85073852539065
2019-01-22,240.0224151611328
2019-01-23,241.2238922119141
2019-01-24,240.41989135742188
2019-01-25,242.1543426513672
2019-01-28,240.9979858398437
2019-01-29,241.512939453125
2019-01-30,244.25018310546875
2019-01-31,244.09669494628903
2019-02-01,242.7596740722656
2019-02-04,242.2988739013672
2019-02-05,240.5824432373047
2019-02-06,243.46432495117188
2019-02-07,243.0125732421875
2019-02-08,236.59848022460932
2019-02-11,232.29837036132807
2019-02-12,238.0438995361328
2019-02-13,238.31497192382807
2019-02-14,239.6970977783203
2019-02-15,244.9368438720703
2019-02-19,244.286361694336
2019-02-20,243.4733428955078
2019-02-21,240.6637420654297
2019-02-22,241.30523681640625
2019-02-25,239.0376739501953
2019-02-26,237.57421875
2019-02-27,225.92044067382807
2019-02-28,218.8197479248047
2019-03-01,222.3701019287109
2019-03-04,213.2186889648437
2019-03-05,218.10606384277344
2019-03-06,215.9740600585937
2019-03-07,213.8330535888672
2019-03-08,215.1842041015625
2019-03-11,220.4983062744141
2019-03-12,222.97398376464844
2019-03-13,228.75054931640625
2019-03-14,229.675537109375
2019-03-15,227.979736328125
2019-03-18,231.244369506836
2019-03-19,233.17596435546875
2019-03-20,227.16354370117188
2019-03-21,228.5419769287109
2019-03-22,224.07125854492188
2019-03-25,223.8627166748047
2019-03-26,220.71600341796875
2019-03-27,219.1924591064453
2019-03-28,219.6640472412109
2019-03-29,224.2254180908203
2019-04-01,222.6656494140625
2019-04-02,221.6409912109375
2019-04-03,222.93771362304688
2019-04-04,224.34332275390625
2019-04-05,225.6038360595703
2019-04-08,225.5766448974609
2019-04-09,225.6128692626953
2019-04-10,223.11001586914065
2019-04-11,213.4884185791016
2019-04-12,202.4249725341797
2019-04-15,208.75469970703125
2019-04-16,200.3755340576172
2019-04-17,196.6392974853516
2019-04-18,201.0919189453125
2019-04-22,205.9525909423828
2019-04-23,209.09933471679688
2019-04-24,208.8907623291016
2019-04-25,209.2897491455078
2019-04-26,214.92127990722656
2019-04-29,215.3292999267578
2019-04-30,211.3573608398437
2019-05-01,210.34165954589844
2019-05-02,210.7951202392578
2019-05-03,210.34165954589844
2019-05-06,218.09523010253903
2019-05-07,215.8734436035156
2019-05-08,216.8709259033203
2019-05-09,215.8009033203125
2019-05-10,218.17677307128903
2019-05-13,217.23367309570312
2019-05-14,214.40435791015625
2019-05-15,214.0869140625
2019-05-16,214.73080444335932
2019-05-17,218.89324951171875
2019-05-20,223.0737152099609
2019-05-21,226.65576171875
2019-05-22,226.11163330078125
2019-05-23,223.5362243652344
2019-05-24,224.5609741210937
2019-05-28,219.5099029541016
2019-05-29,219.8181915283203
2019-05-30,220.8156890869141
2019-05-31,219.2740478515625
2019-06-03,214.522216796875
2019-06-04,218.33087158203125
2019-06-05,220.1537170410156
2019-06-06,219.292236328125
2019-06-07,223.7810821533203
2019-06-10,225.02349853515625
2019-06-11,222.9649353027344
2019-06-12,221.7225646972656
2019-06-13,222.1397247314453
2019-06-14,223.49688720703125
2019-06-17,224.0434112548828
2019-06-18,223.7974395751953
2019-06-19,227.88720703125
2019-06-20,225.67385864257807
2019-06-21,229.79086303710932
2019-06-24,227.38624572753903
2019-06-25,225.58273315429688
2019-06-26,221.76626586914065
2019-06-27,224.38040161132807
2019-06-28,222.2581024169922
2019-07-01,221.01026916503903
2019-07-02,222.22164916992188
2019-07-03,223.3511657714844
2019-07-05,224.9724884033203
2019-07-08,225.7466583251953
2019-07-09,224.07069396972656
2019-07-10,225.4187774658203
2019-07-11,237.8793182373047
2019-07-12,242.1967620849609
2019-07-15,242.2513885498047
2019-07-16,241.06727600097656
2019-07-17,242.87989807128903
2019-07-18,237.36920166015625
2019-07-19,233.77133178710932
2019-07-22,232.55990600585932
2019-07-23,232.27752685546875
2019-07-24,228.743392944336
2019-07-25,226.530014038086
2019-07-26,230.39205932617188
2019-07-29,231.193603515625
2019-07-30,232.2046661376953
2019-07-31,226.8123779296875
2019-08-01,227.030990600586
2019-08-02,227.7597198486328
2019-08-05,223.2144927978516
2019-08-06,226.1474456787109
2019-08-07,224.4806060791016
2019-08-08,225.5462646484375
2019-08-09,226.4662475585937
2019-08-12,221.52032470703125
2019-08-13,227.0036773681641
2019-08-14,221.52032470703125
2019-08-15,222.4766998291016
2019-08-16,223.78839111328125
2019-08-19,222.8957061767578
2019-08-20,218.75131225585932
2019-08-21,218.9243621826172
2019-08-22,212.1749420166016
2019-08-23,210.09820556640625
2019-08-26,210.48074340820312
2019-08-27,203.05723571777344
2019-08-28,207.083236694336
2019-08-29,210.061767578125
2019-08-30,213.14048767089844
2019-09-03,210.061767578125
2019-09-04,206.5185089111328
2019-09-05,209.1235198974609
2019-09-06,208.58615112304688
2019-09-09,210.11642456054688
2019-09-10,211.7376708984375
2019-09-11,213.3317413330078
2019-09-12,209.5880889892578
2019-09-13,213.78860473632807
2019-09-16,214.5390472412109
2019-09-17,212.79112243652344
2019-09-18,211.043212890625
2019-09-19,213.09312438964844
2019-09-20,213.12974548339844
2019-09-23,209.3592834472656
2019-09-24,205.90919494628903
2019-09-25,203.3192749023437
2019-09-26,197.1969451904297
2019-09-27,196.99560546875
2019-09-30,198.8807983398437
2019-10-01,198.78013610839844
2019-10-02,198.3591766357422
2019-10-03,197.0871124267578
2019-10-04,201.150390625
2019-10-07,202.4682159423828
2019-10-08,201.43408203125
2019-10-09,203.2369537353516
2019-10-10,204.74691772460932
2019-10-11,203.227783203125
2019-10-14,201.87339782714844
2019-10-15,218.3460998535156
2019-10-16,216.88180541992188
2019-10-17,222.9950714111328
2019-10-18,224.52340698242188
2019-10-21,223.22384643554688
2019-10-22,228.3121032714844
2019-10-23,226.7746124267578
2019-10-24,223.76377868652344
2019-10-25,224.12985229492188
2019-10-28,226.0883178710937
2019-10-29,230.8836975097656
2019-10-30,233.1807098388672
2019-10-31,231.25889587402344
2019-11-01,230.8104705810547
2019-11-04,229.93194580078125
2019-11-05,229.06253051757807
2019-11-06,229.263900756836
2019-11-07,234.6998748779297
2019-11-08,235.1666259765625
2019-11-11,232.5309600830078
2019-11-12,233.592529296875
2019-11-13,232.0550842285156
2019-11-14,234.12332153320312
2019-11-15,246.5419464111328
2019-11-18,249.77243041992188
2019-11-19,250.9621124267578
2019-11-20,252.17926025390625
2019-11-21,253.08517456054688
2019-11-22,253.35064697265625
2019-11-25,258.6859741210937
2019-11-26,257.52374267578125
2019-11-27,256.8557434082031
2019-11-29,256.12359619140625
2019-12-02,255.9314117431641
2019-12-03,253.4055633544922
2019-12-04,255.6203155517578
2019-12-05,258.07281494140625
2019-12-06,257.4021911621094
2019-12-09,254.9677276611328
2019-12-10,256.7867126464844
2019-12-11,257.6869812011719
2019-12-12,260.5440368652344
2019-12-13,262.2619934082031
2019-12-16,268.2792053222656
2019-12-17,266.8461608886719
2019-12-18,269.0785827636719
2019-12-19,270.6586303710937
2019-12-20,268.7937316894531
2019-12-23,271.0903015136719
2019-12-24,270.58514404296875
2019-12-26,271.6048889160156
2019-12-27,271.8988952636719
2019-12-30,269.9512634277344
2019-12-31,270.0707397460937
2020-01-02,268.71099853515625
2020-01-03,265.99169921875
2020-01-06,267.8382263183594
2020-01-07,266.221435546875
2020-01-08,271.83453369140625
2020-01-09,270.2911071777344
2020-01-10,271.1272277832031
2020-01-13,262.6018981933594
2020-01-14,264.7974853515625
2020-01-15,272.3031005859375
2020-01-16,276.28082275390625
2020-01-17,274.1954650878906
2020-01-21,276.0880126953125
2020-01-22,276.14306640625
2020-01-23,275.1049499511719
2020-01-24,268.995849609375
2020-01-27,260.9849548339844
2020-01-28,262.6202697753906
2020-01-29,259.8918151855469
2020-01-30,258.12799072265625
2020-01-31,250.291732788086
2020-02-03,251.7339782714844
2020-02-04,257.99932861328125
2020-02-05,271.6783142089844
2020-02-06,268.6742553710937
2020-02-07,265.69781494140625
2020-02-10,263.6859130859375
2020-02-11,267.14013671875
2020-02-12,278.7980651855469
2020-02-13,277.6221618652344
2020-02-14,274.48028564453125
2020-02-18,277.5670166015625
2020-02-19,280.4792785644531
2020-02-20,277.557861328125
2020-02-21,276.9147644042969
2020-02-24,255.1973876953125
2020-02-25,241.9685516357422
2020-02-26,241.6103057861328
2020-02-27,233.26873779296875
2020-02-28,234.22413635253903
2020-03-02,250.89794921875
2020-03-03,240.1404266357422
2020-03-04,265.8815612792969
2020-03-05,259.9468994140625
2020-03-06,260.78289794921875
2020-03-09,251.20123291015625
2020-03-10,257.2276306152344
2020-03-11,255.188217163086
2020-03-12,230.04421997070312
2020-03-13,250.99758911132807
2020-03-16,207.633056640625
2020-03-17,225.32948303222656
2020-03-18,200.27029418945312
2020-03-19,202.7984161376953
2020-03-20,190.6101531982422
2020-03-23,179.78749084472656
2020-03-24,202.7984161376953
2020-03-25,216.3520965576172
2020-03-26,235.635482788086
2020-03-27,223.6963653564453
2020-03-30,231.84336853027344
2020-03-31,230.09034729003903
2020-04-01,218.9632110595703
2020-04-02,221.8418731689453
2020-04-03,211.7388610839844
2020-04-06,229.1307830810547
2020-04-07,228.85397338867188
2020-04-08,247.1131896972656
2020-04-09,243.699447631836
2020-04-13,243.1273651123047
2020-04-14,249.5767059326172
2020-04-15,259.89190673828125
2020-04-16,275.3462219238281
2020-04-17,268.0850524902344
2020-04-20,260.3163146972656
2020-04-21,252.98126220703125
2020-04-22,255.5924072265625
2020-04-23,263.2596130371094
2020-04-24,268.7585754394531
2020-04-27,271.240478515625
2020-04-28,266.05523681640625
2020-04-29,265.4001770019531
2020-04-30,269.8472900390625
2020-05-01,262.5030212402344
2020-05-04,265.29864501953125
2020-05-05,270.3731994628906
2020-05-06,266.4335632324219
2020-05-07,262.95513916015625
2020-05-08,264.8004455566406
2020-05-11,266.3597412109375
2020-05-12,265.4462890625
2020-05-13,256.49658203125
2020-05-14,268.1311950683594
2020-05-15,268.4540710449219
2020-05-18,270.66851806640625
2020-05-19,266.6918334960937
2020-05-20,265.7138366699219
2020-05-21,264.7173767089844
2020-05-22,267.5130310058594
2020-05-26,272.08013916015625
2020-05-27,280.27325439453125
2020-05-28,280.4577331542969
2020-05-29,281.26971435546875
2020-06-01,282.2662048339844
2020-06-02,282.6168212890625
2020-06-03,281.7310485839844
2020-06-04,275.0233764648437
2020-06-05,287.7282409667969
2020-06-08,285.54156494140625
2020-06-09,285.29248046875
2020-06-10,282.10009765625
2020-06-11,261.78338623046875
2020-06-12,263.093505859375
2020-06-15,264.1361389160156
2020-06-16,270.3363647460937
2020-06-17,269.96728515625
2020-06-18,268.93389892578125
2020-06-19,269.8697509765625
2020-06-22,271.19488525390625
2020-06-23,275.7630920410156
2020-06-24,267.9609069824219
2020-06-25,274.484375
2020-06-26,265.8296813964844
2020-06-29,268.4984436035156
2020-06-30,273.3075866699219
2020-07-01,275.88348388671875
2020-07-02,276.3746337890625
2020-07-06,280.5908508300781
2020-07-07,274.8828125
2020-07-08,276.46734619140625
2020-07-09,269.79559326171875
2020-07-10,269.8604736328125
2020-07-13,277.7182922363281
2020-07-14,285.8817138671875
2020-07-15,281.7583312988281
2020-07-16,284.6123352050781
2020-07-17,284.037841796875
2020-07-20,281.1930847167969
2020-07-21,282.72198486328125
2020-07-22,284.20465087890625
2020-07-23,280.7391052246094
2020-07-24,278.7191162109375
2020-07-27,276.68975830078125
2020-07-28,277.922119140625
2020-07-29,284.1768493652344
2020-07-30,282.833251953125
2020-07-31,280.5630187988281
2020-08-03,281.3320617675781
2020-08-04,282.15673828125
2020-08-05,289.5419616699219
2020-08-06,291.0152893066406
2020-08-07,293.76739501953125
2020-08-10,295.6854553222656
2020-08-11,292.3960266113281
2020-08-12,298.6228942871094
2020-08-13,297.927978515625
2020-08-14,299.9480285644531
2020-08-17,296.9920654296875
2020-08-18,293.5635070800781
2020-08-19,292.2569885253906
2020-08-20,290.3388977050781
2020-08-21,291.0895080566406
2020-08-24,286.17840576171875
2020-08-25,289.3103332519531
2020-08-26,286.1597595214844
2020-08-27,288.8006896972656
2020-08-28,291.30255126953125
2020-08-31,289.6161193847656
2020-09-01,289.8756408691406
2020-09-02,296.7418518066406
2020-09-03,293.026123046875
2020-09-04,289.10650634765625
2020-09-08,284.7050170898437
2020-09-09,289.1249389648437
2020-09-10,282.2493896484375
2020-09-11,280.509521484375
2020-09-14,287.1063842773437
2020-09-15,285.8595275878906
2020-09-16,285.198974609375
2020-09-17,283.7660827636719
2020-09-18,286.5946044921875
2020-09-21,278.3788757324219
2020-09-22,273.7917175292969
2020-09-23,271.8192138671875
2020-09-24,272.30303955078125
2020-09-25,281.45855712890625
2020-09-28,282.1378479003906
2020-09-29,282.99383544921875
2020-09-30,290.0838317871094
2020-10-01,291.2933654785156
2020-10-02,290.2791442871094
2020-10-05,296.0199890136719
2020-10-06,292.57733154296875
2020-10-07,300.6907958984375
2020-10-08,299.98370361328125
2020-10-09,305.0360107421875
2020-10-12,307.01788330078125
2020-10-13,308.36700439453125
2020-10-14,299.4626159667969
2020-10-15,301.993408203125
2020-10-16,306.9526672363281
2020-10-19,301.6678161621094
2020-10-20,300.91412353515625
2020-10-21,300.3372802734375
2020-10-22,303.0726928710937
2020-10-23,307.6039733886719
2020-10-26,300.5884094238281
2020-10-27,298.21588134765625
2020-10-28,286.57598876953125
2020-10-29,282.55645751953125
2020-10-30,283.9150085449219
2020-11-02,290.3908386230469
2020-11-03,298.9974365234375
2020-11-04,329.8973388671875
2020-11-05,329.7484436035156
2020-11-06,323.29119873046875
2020-11-09,325.6545715332031
2020-11-10,329.0878601074219
2020-11-11,327.2362670898437
2020-11-12,329.7577209472656
2020-11-13,330.93023681640625
2020-11-16,332.0001525878906
2020-11-17,327.6084899902344
2020-11-18,320.54644775390625
2020-11-19,313.5588684082031
2020-11-20,311.41876220703125
2020-11-23,311.75372314453125
2020-11-24,312.6376342773437
2020-11-25,310.01385498046875
2020-11-27,314.4333801269531
2020-11-30,312.9447326660156
2020-12-01,317.4574279785156
2020-12-02,323.38427734375
2020-12-03,324.4263916015625
2020-12-04,326.7235107421875
2020-12-07,324.827880859375
2020-12-08,324.827880859375
2020-12-09,321.6063842773437
2020-12-10,317.1614990234375
2020-12-11,314.7522888183594
2020-12-14,313.8745422363281
2020-12-15,317.18017578125
2020-12-16,316.8719787597656
2020-12-17,319.0477294921875
2020-12-18,315.9755554199219
2020-12-21,313.8278503417969
2020-12-22,312.82867431640625
2020-12-23,315.2378845214844
2020-12-24,318.2259521484375
2020-12-28,323.0443725585937
2020-12-29,324.3516845703125
2020-12-30,322.1478881835937
2020-12-31,327.461181640625
2021-01-04,326.3593444824219
2021-01-05,321.9704895019531
2021-01-06,335.4823913574219
2021-01-07,340.86102294921875
2021-01-08,339.3296203613281
2021-01-11,336.8644104003906
2021-01-12,333.7081604003906
2021-01-13,331.53253173828125
2021-01-14,327.3211364746094
2021-01-15,328.0400695800781
2021-01-19,328.8711853027344
2021-01-20,327.610595703125
2021-01-21,331.4951171875
2021-01-22,324.53839111328125
2021-01-25,324.78125
2021-01-26,320.39239501953125
2021-01-27,310.9425048828125
2021-01-28,315.7607727050781
2021-01-29,311.493408203125
2021-02-01,311.88555908203125
2021-02-02,316.2930603027344
2021-02-03,315.5180358886719
2021-02-04,307.5154113769531
2021-02-05,303.0238647460937
2021-02-08,302.8651428222656
2021-02-09,307.8049011230469
2021-02-10,311.3252868652344
2021-02-11,311.0172424316406
2021-02-12,306.5069274902344
2021-02-16,303.1266174316406
2021-02-17,305.2182312011719
2021-02-18,306.665771484375
2021-02-19,303.0892639160156
2021-02-22,305.9467163085937
2021-02-23,307.69287109375
2021-02-24,310.21405029296875
2021-02-25,307.09521484375
2021-02-26,310.2233581542969
2021-03-01,312.49249267578125
2021-03-02,312.4831848144531
2021-03-03,310.8304138183594
2021-03-04,311.7081298828125
2021-03-05,324.11822509765625
2021-03-08,326.9849548339844
2021-03-09,328.675048828125
2021-03-10,326.4527282714844
2021-03-11,329.720947265625
2021-03-12,333.6286315917969
2021-03-15,331.62335205078125
2021-03-16,332.2979736328125
2021-03-17,330.0301513671875
2021-03-18,339.2794189453125
2021-03-19,342.5874328613281
2021-03-22,343.7868957519531
2021-03-23,345.32373046875
2021-03-24,347.2916564941406
2021-03-25,347.7508850097656
2021-03-26,352.8018798828125
2021-03-29,355.2196044921875
2021-03-30,350.0655517578125
2021-03-31,348.6692810058594
2021-04-01,343.9837341308594
2021-04-05,346.8981018066406
2021-04-06,341.4535217285156
2021-04-07,342.6436767578125
2021-04-08,341.9407958984375
2021-04-09,352.6332092285156
2021-04-12,352.61444091796875
2021-04-13,350.9464416503906
2021-04-14,352.00537109375
2021-04-15,365.4810180664063
2021-04-16,366.4180603027344
2021-04-19,365.3216857910156
2021-04-20,371.5908508300781
2021-04-21,373.7273864746094
2021-04-22,371.6002807617188
2021-04-23,375.1331481933594
2021-04-26,370.9630432128906
2021-04-27,369.6885070800781
2021-04-28,369.7728576660156
2021-04-29,376.2951354980469
2021-04-30,373.7181091308594
2021-05-03,380.3715515136719
2021-05-04,385.4693908691406
2021-05-05,386.5565490722656
2021-05-06,388.87109375
2021-05-07,391.3825988769531
2021-05-10,394.4187927246094
2021-05-11,385.80670166015625
2021-05-12,379.8748779296875
2021-05-13,382.86431884765625
2021-05-14,384.0262756347656
2021-05-17,382.9299621582031
2021-05-18,384.56976318359375
2021-05-19,383.7450866699219
2021-05-20,382.939208984375
2021-05-21,385.7412109375
2021-05-24,385.10394287109375
2021-05-25,387.0718688964844
2021-05-26,387.2217712402344
2021-05-27,386.743896484375
2021-05-28,386.0129089355469
2021-06-01,381.1399841308594
2021-06-02,380.3247375488281
2021-06-03,382.3019714355469
2021-06-04,380.1279296875
2021-06-07,375.0768737792969
2021-06-08,376.4732055664063
2021-06-09,375.87347412109375
2021-06-10,376.2388916015625
2021-06-11,372.8653564453125
2021-06-14,374.0554504394531
2021-06-15,375.1050109863281
2021-06-16,372.2655944824219
2021-06-17,372.3593444824219
2021-06-18,366.217529296875
2021-06-21,374.4002685546875
2021-06-22,374.9834289550781
2021-06-23,372.03955078125
2021-06-24,375.1527404785156
2021-06-25,380.87115478515625
2021-06-28,377.5887145996094
2021-06-29,374.4284973144531
2021-06-30,376.6293029785156
2021-07-01,380.8147583007813
2021-07-02,385.0189208984375
2021-07-06,385.8653869628906
2021-07-07,387.1821899414063
2021-07-08,385.5738830566406
2021-07-09,387.6054382324219
2021-07-12,391.3017578125
2021-07-13,393.6531372070313
2021-07-14,390.0790710449219
2021-07-15,395.07330322265625
2021-07-16,394.7441101074219
2021-07-19,384.73681640625
2021-07-20,388.4143371582031
2021-07-21,389.9849853515625
2021-07-22,391.04779052734375
2021-07-23,392.8630981445313
2021-07-26,388.9504699707031
2021-07-27,390.4176330566406
2021-07-28,384.8403015136719
2021-07-29,387.5771484375
2021-07-30,387.70892333984375
2021-08-02,390.8597106933594
2021-08-03,396.8132934570313
2021-08-04,396.47467041015625
2021-08-05,386.7402038574219
2021-08-06,390.4364318847656
2021-08-09,386.439208984375
2021-08-10,387.2950439453125
2021-08-11,383.4952697753906
2021-08-12,381.8210754394531
2021-08-13,385.3105163574219
2021-08-16,392.4021606445313
2021-08-17,396.7004089355469
2021-08-18,392.505615234375
2021-08-19,402.44720458984375
2021-08-20,404.158935546875
2021-08-23,400.0675048828125
2021-08-24,398.2335815429688
2021-08-25,394.7817687988281
2021-08-26,392.0636291503906
2021-08-27,393.8600463867188
2021-08-30,393.4273681640625
2021-08-31,391.51806640625
2021-09-01,392.5338439941406
2021-09-02,398.5156555175781
2021-09-03,397.7161560058594
2021-09-07,396.1925354003906
2021-09-08,390.6904296875
2021-09-09,389.9003601074219
2021-09-10,381.2265319824219
2021-09-13,391.2406311035156
2021-09-14,389.3718566894531
2021-09-15,394.0721130371094
2021-09-16,393.4303283691406
2021-09-17,396.5638427734375
2021-09-20,389.5227966308594
2021-09-21,389.1830749511719
2021-09-22,385.7474365234375
2021-09-23,385.1151428222656
2021-09-24,384.2184448242188
2021-09-27,382.5100708007813
2021-09-28,376.2335205078125
2021-09-29,377.9230346679688
2021-09-30,368.7960205078125
2021-10-01,370.3911743164063
2021-10-04,365.275634765625
2021-10-05,371.33502197265625
2021-10-06,372.1089782714844
2021-10-07,381.97210693359375
2021-10-08,385.5209655761719
2021-10-11,382.2458190917969
2021-10-12,380.5940551757813
2021-10-13,380.88665771484375
2021-10-14,396.7526550292969
2021-10-15,404.0296630859375
2021-10-18,400.7734069824219
2021-10-19,400.5469055175781
2021-10-20,410.6554260253906
2021-10-21,417.4415893554688
2021-10-22,423.9352722167969
2021-10-25,424.2467041015625
2021-10-26,429.1074523925781
2021-10-27,428.0126037597656
2021-10-28,429.8625183105469
2021-10-29,434.6100463867188
2021-11-01,428.6072692871094
2021-11-02,426.6535034179688
2021-11-03,431.6463623046875
2021-11-04,431.10845947265625
2021-11-05,430.2117614746094
2021-11-08,436.6393737792969
2021-11-09,438.2721862792969
2021-11-10,434.0720825195313
2021-11-11,431.70306396484375
2021-11-12,433.2131652832031
2021-11-15,425.4831237792969
2021-11-16,424.3694152832031
2021-11-17,423.7370300292969
2021-11-18,424.2277526855469
2021-11-19,415.2896118164063
2021-11-22,412.9677734375
2021-11-23,422.0192260742188
2021-11-24,424.8790283203125
2021-11-26,415.2047119140625
2021-11-29,426.6157531738281
2021-11-30,419.272705078125
2021-12-01,419.3858947753906
2021-12-02,420.9715881347656
2021-12-03,425.469482421875
2021-12-06,435.6866149902344
2021-12-07,440.0614318847656
2021-12-08,443.9722595214844
2021-12-09,448.1954956054688
2021-12-10,452.8448486328125
2021-12-13,452.75970458984375
2021-12-14,454.0095825195313
2021-12-15,468.1375427246094
2021-12-16,466.6982727050781
2021-12-17,461.2629699707031
2021-12-20,458.0529479980469
2021-12-21,461.3481140136719
2021-12-22,467.90087890625
2021-12-23,469.08447265625
2021-12-27,472.9857482910156
2021-12-28,476.2431640625
2021-12-29,478.7430725097656
2021-12-30,477.6541137695313
2021-12-31,475.4856567382813
2022-01-03,475.6182861328125
2022-01-04,464.8422546386719
2022-01-05,463.6965637207031
2022-01-06,444.7202758789063
2022-01-07,434.2568664550781
2022-01-10,440.3171081542969
2022-01-11,444.1048278808594
2022-01-12,448.57421875
2022-01-13,442.6180725097656
2022-01-14,443.8111877441406
2022-01-18,436.51995849609375
2022-01-19,437.9687805175781
2022-01-20,438.42327880859375
2022-01-21,436.6903991699219
2022-01-24,437.7320251464844
2022-01-25,432.5902404785156
2022-01-26,434.0958557128906
2022-01-27,437.09759521484375
2022-01-28,441.3208312988281
2022-01-31,447.48529052734375
2022-02-01,443.5461730957031
2022-02-02,454.3126220703125
2022-02-03,462.8253784179688
2022-02-04,457.5226440429688
2022-02-07,458.0245056152344
2022-02-08,467.2190246582031
2022-02-09,471.6601257324219
2022-02-10,460.8841552734375
2022-02-11,452.7502136230469
2022-02-14,449.2181091308594
2022-02-15,452.8448486328125
2022-02-16,454.5682373046875
2022-02-17,445.3736267089844
2022-02-18,442.9779357910156
2022-02-22,437.9593505859375
2022-02-23,435.22265625
2022-02-24,431.6907043457031
2022-02-25,450.4964294433594
2022-02-28,450.6101379394531
2022-03-01,450.9699401855469
2022-03-02,459.6153259277344
2022-03-03,460.7611083984375
2022-03-04,472.1808776855469
2022-03-07,461.0262145996094
2022-03-08,448.3280029296875
2022-03-09,459.7952270507813
2022-03-10,465.3536071777344
2022-03-11,458.5916137695313
2022-03-14,463.38775634765625
2022-03-15,472.87542724609375
2022-03-16,473.2078247070313
2022-03-17,481.52734375
2022-03-18,480.6726379394531
2022-03-21,482.1351318359375
2022-03-22,479.912841796875
2022-03-23,477.9279479980469
2022-03-24,487.6435852050781
2022-03-25,487.2352294921875
2022-03-28,487.3966369628906
2022-03-29,485.05084228515625
2022-03-30,494.6334838867188
2022-03-31,484.32904052734375
2022-04-01,486.8173522949219
2022-04-04,484.3765258789063
2022-04-05,491.7273559570313
2022-04-06,505.0140075683594
2022-04-07,509.9524536132813
2022-04-08,518.5096435546875
2022-04-11,510.41796875
2022-04-12,506.8753662109375
2022-04-13,510.00006103515625
2022-04-14,507.9295654296875
2022-04-18,507.2269287109375
2022-04-19,510.6648559570313
2022-04-20,518.5570068359375
2022-04-21,510.41796875
2022-04-22,494.7474365234375
2022-04-25,497.9100646972656
2022-04-26,487.9475402832031
2022-04-27,487.9759521484375
2022-04-28,498.0525207519531
2022-04-29,482.9803771972656
2022-05-02,475.9525451660156
2022-05-03,474.4993896484375
2022-05-04,482.09716796875
2022-05-05,469.8457946777344
2022-05-06,474.4993896484375
2022-05-09,461.9631958007813
2022-05-10,463.4731750488281
2022-05-11,461.7066650390625
2022-05-12,454.7262573242188
2022-05-13,460.994384765625
2022-05-16,464.6223449707031
2022-05-17,467.765869140625
2022-05-18,447.6792907714844
2022-05-19,454.48876953125
2022-05-20,461.307861328125
2022-05-23,467.3385620117188
2022-05-24,472.5429992675781
2022-05-25,473.04632568359375
2022-05-26,476.9781799316406
2022-05-27,481.6128540039063
2022-05-31,471.80224609375
2022-06-01,467.784912109375
2022-06-02,467.509521484375
2022-06-03,461.1938781738281
2022-06-06,465.5340576171875
2022-06-07,472.1060791015625
2022-06-08,468.7156066894531
2022-06-09,464.82177734375
2022-06-10,460.2630920410156
2022-06-13,446.0838012695313
2022-06-14,438.5335083007813
2022-06-15,440.9837951660156
2022-06-16,434.7028198242188
2022-06-17,430.8617858886719
2022-06-21,457.7966003417969
2022-06-22,466.7177429199219
2022-06-23,476.3726806640625
2022-06-24,472.3982238769531
2022-06-27,481.9483337402344
2022-06-28,484.5980224609375
2022-06-29,491.5270690917969
2022-06-30,489.5445861816406
2022-07-01,493.1379089355469
2022-07-05,481.5480651855469
2022-07-06,491.1267395019531
2022-07-07,490.259521484375
2022-07-08,494.3101806640625
2022-07-11,492.708984375
2022-07-12,490.297607421875
2022-07-13,477.7356262207031
2022-07-14,478.8698425292969
2022-07-15,504.9086608886719
2022-07-18,495.0154418945313
2022-07-19,508.4351196289063
2022-07-20,495.1106872558594
2022-07-21,497.9605712890625
2022-07-22,496.9597473144531
2022-07-25,504.6418151855469
2022-07-26,506.6623840332031
2022-07-27,509.5408325195313
2022-07-28,516.09814453125
2022-07-29,516.9083862304688
2022-08-01,510.274658203125
2022-08-02,510.35101318359375
2022-08-03,515.2976684570312
2022-08-04,508.72113037109375
2022-08-05,509.96966552734375
2022-08-08,511.4374084472656
2022-08-09,512.0665283203125
2022-08-10,512.5049438476562
2022-08-11,507.872802734375
2022-08-12,518.2045288085938
2022-08-15,519.1004638671875
2022-08-16,520.5111083984375
2022-08-17,519.443603515625
2022-08-18,519.6533203125
2022-08-19,522.6080322265625
2022-08-22,519.0337524414062
2022-08-23,510.6750183105469
2022-08-24,511.3040466308594
2022-08-25,516.1744384765625
2022-08-26,504.43206787109375
2022-08-29,504.927734375
2022-08-30,498.3227233886719
2022-08-31,494.9773864746094
2022-09-01,499.4284057617188
2022-09-02,492.1370239257813
2022-09-06,493.4046936035156
2022-09-07,497.2171020507813
2022-09-08,502.7737731933594
2022-09-09,501.3204956054688
2022-09-12,507.9271240234375
2022-09-13,491.396240234375
2022-09-14,487.39013671875
2022-09-15,499.9532470703125
2022-09-16,498.1463317871094
2022-09-19,500.5651550292969
2022-09-20,499.84814453125
2022-09-21,489.5987854003906
2022-09-22,494.7425842285156
2022-09-23,491.0615234375
2022-09-26,486.0420227050781
2022-09-27,486.0516662597656
2022-09-28,491.3771057128906
2022-09-29,486.4913940429688
2022-09-30,482.8678283691406
2022-10-03,492.8781433105469
2022-10-04,500.2018737792969
2022-10-05,503.93072509765625
2022-10-06,496.3393249511719
2022-10-07,482.6861267089844
2022-10-10,476.9590759277344
2022-10-11,477.867431640625
2022-10-12,478.0107727050781
2022-10-13,487.5239868164063
2022-10-14,490.60260009765625
2022-10-17,498.9684448242188
2022-10-18,499.2840576171875
2022-10-19,497.47705078125
2022-10-20,498.0123901367188
2022-10-21,510.2982482910156
2022-10-24,517.82275390625
2022-10-25,516.50341796875
2022-10-26,519.3237915039062
2022-10-27,518.0140380859375
2022-10-28,527.0396118164062
2022-10-31,530.7779541015625
2022-11-01,523.2821044921875
2022-11-02,519.572509765625
2022-11-03,519.7445068359375
2022-11-04,514.5433349609375
2022-11-07,521.0927124023438
2022-11-08,528.77001953125
2022-11-09,516.9240112304688
2022-11-10,520.2799682617188
2022-11-11,499.1597900390625
2022-11-14,491.1954345703125
2022-11-15,480.9269104003906
2022-11-16,489.0633544921875
2022-11-17,492.68695068359375
2022-11-18,506.7319641113281
2022-11-21,494.4844055175781
2022-11-22,500.1253356933594
2022-11-23,506.4547729492188
2022-11-25,514.0175170898438
2022-11-28,508.90240478515625
2022-11-29,504.8197937011719
2022-11-30,523.7122802734375
2022-12-01,513.3385620117188
2022-12-02,514.2017211914062
2022-12-05,513.1276245117188
2022-12-06,517.2323608398438
2022-12-07,520.6753540039062
2022-12-08,525.4801635742188
2022-12-09,517.1172485351562
2022-12-12,523.5045166015625
2022-12-13,516.1773681640625
2022-12-14,516.3116455078125
2022-12-15,506.0690612792969
2022-12-16,502.2521362304688
2022-12-19,502.1561279296875
2022-12-20,498.9050903320313
2022-12-21,505.934814453125
2022-12-22,505.5032958984375
2022-12-23,509.5504760742188
2022-12-27,510.2026672363281
2022-12-28,506.8074951171875
2022-12-29,508.178955078125
2022-12-30,508.46673583984375
2023-01-03,497.39935302734375
2023-01-04,483.8384094238281
2023-01-05,469.8939208984375
2023-01-06,469.9323120117188
2023-01-09,469.9898071289063
2023-01-10,466.09613037109375
2023-01-11,473.1929931640625
2023-01-12,475.3700256347656
2023-01-13,469.5198974609375
2023-01-17,465.2137756347656
2023-01-18,456.73577880859375
2023-01-19,464.5232238769531
2023-01-20,466.78656005859375
2023-01-23,465.9138793945313
2023-01-24,471.46673583984375
2023-01-25,472.3298950195313
2023-01-26,472.3107299804688
2023-01-27,466.1440124511719
2023-01-30,465.8946838378906
2023-01-31,478.7458801269531
2023-02-01,476.6455993652344
2023-02-02,451.54730224609375
2023-02-03,452.6886291503906
2023-02-06,455.7767333984375
2023-02-07,457.3495788574219
2023-02-08,463.4299011230469
2023-02-09,465.837158203125
2023-02-10,474.0081787109375
2023-02-13,475.0631713867188
2023-02-14,472.6463623046875
2023-02-15,471.1310729980469
2023-02-16,467.3908081054688
2023-02-17,478.6404113769531
2023-02-21,471.1885986328125
2023-02-22,468.8677673339844
2023-02-23,471.5530395507813
2023-02-24,464.4944763183594
2023-02-27,463.5258483886719
2023-02-28,456.4481201171875
2023-03-01,455.757568359375
2023-03-02,458.1360473632813
2023-03-03,458.9607849121094
2023-03-06,461.08984375
2023-03-07,454.4725036621094
2023-03-08,451.3268127441406
2023-03-09,445.8697814941406
2023-03-10,443.0497131347656
2023-03-13,446.2740173339844
2023-03-14,447.1402282714844
2023-03-15,447.9583740234375
2023-03-16,454.3009948730469
2023-03-17,451.8755798339844
2023-03-20,459.0555419921875
2023-03-21,462.0776977539063
2023-03-22,457.6695861816406
2023-03-23,452.2702331542969
2023-03-24,458.1219482421875
2023-03-27,463.8101196289063
2023-03-28,454.8399658203125
2023-03-29,449.0748291015625
2023-03-30,452.41455078125
2023-03-31,454.84954833984375
2023-04-03,475.63873291015625
2023-04-04,474.7340087890625
2023-04-05,490.1141662597656
2023-04-06,493.559814453125
2023-04-10,495.84075927734375
2023-04-11,501.41351318359375
2023-04-12,501.6251525878906
2023-04-13,506.47601318359375
2023-04-14,492.57806396484375
2023-04-17,486.3798522949219
2023-04-18,485.5425109863281
2023-04-19,467.94873046875
2023-04-20,469.1613464355469
2023-04-21,465.6580810546875
2023-04-24,470.5858459472656
2023-04-25,473.4539794921875
2023-04-26,464.8206787109375
2023-04-27,472.0583801269531
2023-04-28,473.6175842285156
2023-05-01,477.0921020507813
2023-05-02,474.8687744140625
2023-05-03,471.0670776367188
2023-05-04,468.9881591796875
2023-05-05,475.7253723144531
2023-05-08,474.127685546875
2023-05-09,471.9718017578125
2023-05-10,471.6734313964844
2023-05-11,470.4126281738281
2023-05-12,472.7898864746094
2023-05-15,468.5838623046875
2023-05-16,461.71197509765625
2023-05-17,466.6108703613281
2023-05-18,461.2403564453125
2023-05-19,460.8457336425781
2023-05-22,462.5781555175781
2023-05-23,461.4424743652344
2023-05-24,462.7802734375
2023-05-25,459.7677917480469
2023-05-26,463.44439697265625
2023-05-30,461.8370666503906
2023-05-31,468.9496154785156
2023-06-01,475.0997924804688
2023-06-02,480.8263854980469
2023-06-05,479.4886169433594
2023-06-06,469.2672424316406
2023-06-07,464.031494140625
2023-06-08,471.827392578125
2023-06-09,475.0901794433594
2023-06-12,474.0988464355469
2023-06-13,472.8668823242188
2023-06-14,442.5974426269531
2023-06-15,450.2418212890625
2023-06-16,443.09033203125
2023-06-20,453.6242370605469
2023-06-21,460.7370300292969
2023-06-22,462.9597473144531
2023-06-23,460.9786376953125
2023-06-26,462.9694519042969
2023-06-27,466.3518981933594
2023-06-28,458.5143127441406
2023-06-29,460.4373779296875
2023-06-30,464.4963684082031
2023-07-03,461.8291015625
2023-07-05,455.3927612304688
2023-07-06,453.5952453613281
2023-07-07,446.0765380859375
2023-07-10,447.4971923828125
2023-07-11,447.3425598144531
2023-07-12,436.5284118652344
2023-07-13,432.7110900878906
2023-07-14,464.0421447753906
2023-07-17,467.8208618164063
2023-07-18,483.20611572265625
2023-07-19,486.7818603515625
2023-07-20,487.3036804199219
2023-07-21,489.5167541503906
2023-07-24,491.5945739746094
2023-07-25,493.76898193359375
2023-07-26,490.93743896484375
2023-07-27,488.2604675292969
2023-07-28,486.0183715820313
2023-07-31,489.3621520996094
2023-08-01,487.786865234375
2023-08-02,487.8449096679688
2023-08-03,487.9028625488281
2023-08-04,485.8444519042969
2023-08-07,493.58538818359375
2023-08-08,488.8692321777344
2023-08-09,485.2452087402344
2023-08-10,486.5692443847656
2023-08-11,490.9470520019531
2023-08-14,493.76898193359375
2023-08-15,489.6714172363281
2023-08-16,486.6465148925781
2023-08-17,477.3689575195313
2023-08-18,481.698486328125
2023-08-21,480.9640502929688
2023-08-22,475.8033752441406
2023-08-23,473.0008239746094
2023-08-24,471.7058410644531
2023-08-25,472.6915283203125
2023-08-28,474.7789916992188
2023-08-29,476.2769470214844
2023-08-30,475.0205993652344
2023-08-31,460.5727233886719
2023-09-01,460.2441711425781
2023-09-05,464.66058349609375
2023-09-06,460.9206237792969
2023-09-07,468.52630615234375
2023-09-08,466.43072509765625
2023-09-11,465.0821838378906
2023-09-12,465.586669921875
2023-09-13,465.5285034179688
2023-09-14,469.1763305664063
2023-09-15,472.1838989257813
2023-09-18,471.5629577636719
2023-09-19,466.3240051269531
2023-09-20,477.451904296875
2023-09-21,486.1932373046875
2023-09-22,491.0052795410156
2023-09-25,495.0605773925781
2023-09-26,490.3746643066406
2023-09-27,488.7059631347656
2023-09-28,494.8859558105469
2023-09-29,489.1522521972656
2023-10-02,499.22265625
2023-10-03,494.2747192382813
2023-10-04,495.3904418945313
2023-10-05,500.8330993652344
2023-10-06,509.1572265625
2023-10-09,510.8064880371094
2023-10-10,508.6041870117188
2023-10-11,508.49749755859375
2023-10-12,509.8654174804688
2023-10-13,523.3120727539062
2023-10-16,521.9829711914062
2023-10-17,520.64404296875
2023-10-18,520.0716552734375
2023-10-19,515.7738037109375
2023-10-20,511.31103515625
2023-10-23,506.0138244628906
2023-10-24,509.3414916992188
2023-10-25,514.3961791992188
2023-10-26,512.6012573242188
2023-10-27,509.0116882324219
2023-10-30,514.1827392578125
2023-10-31,519.586669921875
2023-11-01,515.7446899414062
2023-11-02,520.1395263671875
2023-11-03,515.0654907226562
2023-11-06,517.5491333007812
2023-11-07,521.788818359375
2023-11-08,520.7216796875
2023-11-09,522.9239501953125
2023-11-10,525.068115234375
2023-11-13,526.3875732421875
2023-11-14,524.3404541015625
2023-11-15,522.3515625
2023-11-16,523.719482421875
2023-11-17,520.2947998046875
2023-11-20,519.1403198242188
2023-11-21,523.4963989257812
2023-11-22,527.5420532226562
2023-11-24,530.7823486328125
2023-11-27,527.3770751953125
2023-11-28,524.4083862304688
2023-11-29,519.0238647460938
2023-11-30,536.477294921875
2023-12-01,532.6515502929688
2023-12-04,533.7418212890625
2023-12-05,535.6693115234375
2023-12-06,534.9588012695312
2023-12-07,533.732177734375
2023-12-08,535.1923828125
2023-12-11,529.263916015625
2023-12-12,531.2496948242188
2023-12-13,534.4525146484375
2023-12-14,520.0740966796875
2023-12-15,517.0368041992188
2023-12-18,512.5880126953125
2023-12-19,510.14453125
2023-12-20,502.2496032714844
2023-12-21,506.0948791503906
2023-12-22,506.5134582519531
2023-12-26,506.2409973144531
2023-12-27,508.9277038574219
2023-12-28,510.9818420410156
2023-12-29,512.5101928710938
2024-01-02,525.0389404296875
2024-01-03,527.6575927734375
2024-01-04,530.9576416015625
2024-01-05,523.130859375
2024-01-08,522.293701171875
2024-01-09,524.0946044921875
2024-01-10,523.3839721679688
2024-01-11,525.369873046875
2024-01-12,507.6817321777344
2024-01-16,505.3843383789063
2024-01-17,511.020751953125
2024-01-18,502.6487731933594
2024-01-19,490.2076110839844
2024-01-22,499.3876037597656
2024-01-23,501.8505554199219
2024-01-24,499.6212158203125
2024-01-25,480.3170166015625
2024-01-26,489.8572082519531
2024-01-29,491.1616821289063
2024-01-30,490.25628662109375
2024-01-31,498.1707458496094
2024-02-01,493.6927490234375
2024-02-02,496.7007751464844
2024-02-05,489.62353515625
2024-02-06,497.1291198730469
2024-02-07,505.6178894042969
2024-02-08,506.2994079589844
2024-02-09,504.4788818359375
2024-02-12,503.9143371582031
2024-02-13,503.1452026367188
2024-02-14,503.23291015625
2024-02-15,507.0683898925781
2024-02-16,507.7206115722656
2024-02-20,507.24359130859375
2024-02-21,508.1294250488281
2024-02-22,512.5393676757812
2024-02-23,513.259765625
2024-02-26,511.39068603515625
2024-02-27,499.80615234375
2024-02-28,485.0676574707031
2024-02-29,480.5117492675781
2024-03-01,476.5496826171875
2024-03-04,469.0928039550781
2024-03-05,460.60400390625
2024-03-06,460.0685729980469
2024-03-07,466.0846862792969
2024-03-08,465.7621765136719
2024-03-11,478.056884765625
2024-03-12,478.25238037109375
2024-03-13,476.9329528808594
2024-03-14,477.9103088378906
2024-03-15,479.6890258789063
2024-03-18,476.0045166015625
2024-03-19,482.13232421875
2024-03-20,483.0216979980469
2024-03-21,480.5392761230469
2024-03-22,478.9560546875
2024-03-25,474.861083984375
2024-03-26,481.1452331542969
2024-03-27,481.9172973632813
2024-03-28,483.4810180664063
2024-04-01,478.5944213867188
2024-04-02,447.7501525878906
2024-04-03,449.3138732910156
2024-04-04,445.052734375
2024-04-05,445.4045715332031
2024-04-08,445.65869140625
2024-04-09,449.2943115234375
2024-04-10,439.8435974121094
2024-04-11,431.7025146484375
2024-04-12,429.2397155761719
2024-04-15,435.5238342285156
2024-04-16,458.2563781738281
2024-04-17,468.1272583007813
2024-04-18,481.9954833984375
2024-04-19,489.7652587890625
2024-04-22,480.0897521972656
2024-04-23,475.1542053222656
2024-04-24,476.2488098144531
2024-04-25,482.66009521484375
2024-04-26,484.1163330078125
2024-04-29,477.9396362304688
2024-04-30,472.73046875
2024-05-01,473.1311950683594
2024-05-02,481.7902526855469
2024-05-03,481.2820739746094
2024-05-06,483.1683044433594
2024-05-07,489.5990295410156
2024-05-08,491.7980346679688
2024-05-09,495.5313720703125
2024-05-10,501.1803283691406
2024-05-13,500.1345520019531
2024-05-14,502.2261047363281
2024-05-15,505.8128051757813
2024-05-16,509.448486328125
2024-05-17,512.7322998046875
2024-05-20,505.50006103515625
2024-05-21,511.6767578125
2024-05-22,509.526611328125
2024-05-23,505.1091613769531
2024-05-24,496.64556884765625
2024-05-28,492.2573852539063
2024-05-29,473.7273559570313
2024-05-30,470.7269592285156
2024-05-31,484.1358337402344
2024-06-03,486.1588745117188
2024-06-04,494.0263366699219
2024-06-05,491.7100524902344
2024-06-06,490.5373229980469
2024-06-07,479.56195068359375
2024-06-10,483.7742309570313
2024-06-11,484.966552734375
2024-06-12,481.8880004882813
2024-06-13,486.0220642089844
2024-06-14,485.8461608886719
2024-06-17,480.1634521484375
2024-06-18,472.135009765625
2024-06-20,475.5407409667969
2024-06-21,473.646484375
2024-06-24,480.8995971679688
2024-06-25,475.5211181640625
2024-06-26,475.0696411132813
2024-06-27,477.4251708984375
2024-06-28,499.822265625
2024-07-01,485.4830322265625
2024-07-02,489.0064697265625
2024-07-03,480.8112182617188
2024-07-05,478.9660949707031
2024-07-08,480.2714538574219
2024-07-09,482.9900817871094
2024-07-10,491.6466064453125
2024-07-11,495.0130615234375
2024-07-12,502.0502014160156
2024-07-15,505.8190002441406
2024-07-16,538.6981811523438
2024-07-17,562.6558227539062
2024-07-18,553.8815307617188
2024-07-19,554.8532104492188
2024-07-22,548.17919921875
2024-07-23,544.420166015625
2024-07-24,549.3765869140625
2024-07-25,549.307861328125
2024-07-26,559.1618041992188
2024-07-29,556.246826171875
2024-07-30,565.6492919921875
2024-07-31,565.482421875
2024-08-01,562.1553344726562
2024-08-02,578.899169921875
2024-08-05,559.3973999023438
2024-08-06,557.817138671875
2024-08-07,555.5892333984375
2024-08-08,555.7462768554688
2024-08-09,548.4049072265625
2024-08-12,554.8138427734375
2024-08-13,563.5979614257812
2024-08-14,568.9273681640625
2024-08-15,568.8684692382812
2024-08-16,566.9742431640625
2024-08-19,568.0538940429688
2024-08-20,569.8892822265625
2024-08-21,567.3570556640625
2024-08-22,567.9949951171875
2024-08-23,573.677734375
2024-08-26,576.2491455078125
2024-08-27,576.465087890625
2024-08-28,577.6329345703125
2024-08-29,580.6068115234375
2024-08-30,579.2622680664062
2024-09-03,587.5851440429688
2024-09-04,592.983154296875
2024-09-05,584.4541625976562
2024-09-06,585.8185424804688
2024-09-09,583.0899658203125
2024-09-10,587.9285888671875
2024-09-11,578.8206176757812
2024-09-12,577.5151977539062
2024-09-13,583.305908203125
2024-09-16,580.272216796875
2024-09-17,569.2605590820312
2024-09-18,571.9100952148438
2024-09-19,568.3839111328125
2024-09-20,566.3450317382812
2024-09-23,564.7789916992188
2024-09-24,566.5322875976562
2024-09-25,567.6353759765625
2024-09-26,566.1578979492188
2024-09-27,573.0919799804688
2024-09-30,575.8793334960938
2024-10-01,574.5201416015625
2024-10-02,583.39453125
2024-10-03,583.827880859375
2024-10-04,582.30126953125
2024-10-07,574.7762451171875
2024-10-08,572.8260498046875
2024-10-09,582.3209228515625
2024-10-10,588.703369140625
2024-10-11,589.0481567382812
2024-10-14,596.2875366210938
2024-10-15,547.916748046875
2024-10-16,562.7401733398438
2024-10-17,557.5101318359375
2024-10-18,561.0361938476562
2024-10-21,562.8681640625
2024-10-22,561.2824096679688
2024-10-23,556.1410522460938
2024-10-24,552.36865234375
2024-10-25,556.062255859375
2024-10-28,556.7320556640625
2024-10-29,553.6687622070312
2024-10-30,554.486328125
2024-10-31,556.0031127929688
2024-11-01,559.01708984375
2024-11-04,549.3744506835938
2024-11-05,558.4951171875
2024-11-06,587.7086181640625
2024-11-07,596.3367919921875
2024-11-08,606.5408325195312
2024-11-11,615.8387451171875
2024-11-12,605.41796875
2024-11-13,596.7504272460938
2024-11-14,584.221923828125
2024-11-15,583.3157348632812
2024-11-18,580.774658203125
2024-11-19,568.3150024414062
2024-11-20,591.4612426757812
2024-11-21,588.4965209960938
2024-11-22,581.9761962890625
2024-11-25,596.7110595703125
2024-11-26,597.6566162109375
2024-11-27,599.22265625
2024-11-29,601.0153198242188
2024-12-02,599.360595703125
2024-12-03,596.1199951171875
2024-12-04,601.5963745117188
2024-12-05,570.2553100585938
2024-12-06,541.3471069335938
2024-12-09,554.2994384765625
2024-12-10,558.81787109375
2024-12-11,527.5148315429688
2024-12-12,509.9451599121094
2024-12-13,514.6119384765625
2024-12-16,492.8797607421875
2024-12-17,480.0460815429688
2024-12-18,494.0860290527344
2024-12-19,483.7340698242188
2024-12-20,494.4913940429688
2024-12-23,500.6313781738281
2024-12-24,500.3941040039063
2024-12-26,505.3871765136719
2024-12-27,504.240234375
2024-12-30,502.0749206542969
2024-12-31,500.1567687988281
2025-01-02,498.822021484375
2025-01-03,507.21630859375
2025-01-06,507.8787231445313
2025-01-07,508.4522399902344
2025-01-08,518.6064453125
2025-01-10,514.8196411132812
2025-01-13,535.0390625
2025-01-14,537.6097412109375
2025-01-15,537.2933349609375
2025-01-16,504.83349609375
2025-01-17,504.0128173828125
2025-01-21,519.0711059570312
2025-01-22,513.8604736328125
2025-01-23,523.7973022460938
2025-01-24,526.5064086914062
2025-01-27,537.3922119140625
2025-01-28,536.3638916015625
2025-01-29,532.0333251953125
2025-01-30,539.4191284179688
2025-01-31,536.3738403320312
2025-02-03,541.9996948242188
2025-02-04,539.3004760742188
2025-02-05,533.7240600585938
2025-02-06,524.064208984375
2025-02-07,521.0881958007812
2025-02-10,527.356689453125
2025-02-11,527.900390625
2025-02-12,521.4539794921875
2025-02-13,525.1913452148438
2025-02-14,517.6078491210938
2025-02-18,495.0846557617188
2025-02-19,505.2784118652344
2025-02-20,496.755615234375
2025-02-21,461.1614685058594
2025-02-24,456.3166809082031
2025-02-25,465.0768127441406
2025-02-26,458.36334228515625
2025-02-27,463.2773132324219
2025-02-28,469.6051635742188
2025-03-03,461.7843322753906
2025-03-04,469.2591247558594
2025-03-05,470.61370849609375
2025-03-06,482.2213134765625
2025-03-07,487.9163818359375
2025-03-10,476.83502197265625
2025-03-11,482.614013671875
2025-03-12,477.71875
2025-03-13,478.1258544921875
2025-03-14,485.2055969238281
2025-03-17,495.5025024414063
2025-03-18,500.2488098144531
2025-03-19,499.653076171875
2025-03-20,507.6959533691406
2025-03-21,513.206787109375
2025-03-24,512.8593139648438
2025-03-25,509.8109436035156
2025-03-26,514.5473022460938
2025-03-27,512.0847778320312
2025-03-28,512.4025268554688
2025-03-31,520.0582275390625
2025-04-01,519.4326171875
2025-04-02,519.5120849609375
2025-04-03,536.6305541992188
2025-04-04,521.3489990234375
2025-04-07,521.0015258789062
2025-04-08,549.1814575195312
2025-04-09,574.4223022460938
2025-04-10,590.210205078125
2025-04-11,595.2444458007812
2025-04-14,582.9219360351562
2025-04-15,579.4764404296875
2025-04-16,580.9161376953125
2025-04-17,450.9090576171875
2025-04-21,422.3319396972656
2025-04-22,424.16888427734375
2025-04-23,424.9433898925781
2025-04-24,421.2595520019531
2025-04-25,415.6891174316406
2025-04-28,417.0395202636719
2025-04-29,406.3454284667969
2025-04-30,408.5398559570313
2025-05-01,397.8556823730469
2025-05-02,397.10107421875
2025-05-05,401.9565734863281
2025-05-06,391.7291870117188
2025-05-07,388.3034973144531
2025-05-08,382.8323364257813
2025-05-09,377.95697021484375
2025-05-12,376.0802612304688
2025-05-13,309.1851501464844
2025-05-14,305.83892822265625
2025-05-15,272.4161682128906
2025-05-16,289.8523864746094
2025-05-19,313.6633605957031
2025-05-20,319.313232421875
2025-05-21,300.8443603515625
2025-05-22,294.578857421875
2025-05-23,293.4866027832031
2025-05-27,292.92059326171875
2025-05-28,296.0086669921875
2025-05-29,296.0682678222656
2025-05-30,299.7818908691406
2025-06-02,302.57208251953125
2025-06-03,299.0967712402344
2025-06-04,298.2626953125
2025-06-05,293.7546691894531
2025-06-06,301.0826721191406
2025-06-09,301.0528869628906
2025-06-10,301.6486511230469
2025-06-11,308.3709411621094
2025-06-12,316.2549743652344
2025-06-13,311.32000732421875
2025-06-16,307.6600036621094
2025-06-17,308.8699951171875
2025-06-18,307.20001220703125
2025-06-20,302.010009765625
2025-06-23,300.67999267578125
2025-06-24,305.6199951171875
2025-06-25,302.0199890136719
2025-06-26,302.6199951171875
2025-06-27,309.1099853515625
