Date,Close
2000-01-04,4349.55810546875
2000-01-05,3972.26416015625
2000-01-06,4000.7392578125
2000-01-07,3943.790283203125
2000-01-10,4107.51953125
2000-01-11,4107.51953125
2000-01-12,4071.92822265625
2000-01-13,4064.8076171875
2000-01-14,4150.2353515625
2000-01-17,4342.44140625
2000-01-18,4342.44140625
2000-01-19,4242.7783203125
2000-01-20,4299.728515625
2000-01-21,4185.82666015625
2000-01-24,4057.69091796875
2000-01-25,3872.60302734375
2000-01-26,3901.07568359375
2000-01-27,3929.55126953125
2000-01-28,4143.11572265625
2000-01-31,3972.26416015625
2000-02-01,3787.176513671875
2000-02-02,3737.346923828125
2000-02-03,3651.921142578125
2000-02-04,3651.921142578125
2000-02-07,3730.2275390625
2000-02-08,3865.482666015625
2000-02-09,4071.92822265625
2000-02-10,4100.40234375
2000-02-11,4057.69091796875
2000-02-14,3829.89013671875
2000-02-15,3701.752197265625
2000-02-16,3559.376220703125
2000-02-17,3616.32666015625
2000-02-18,3772.9404296875
2000-02-21,3609.208251953125
2000-02-22,3644.802001953125
2000-02-23,3659.03955078125
2000-02-24,3609.208251953125
2000-02-25,3644.802001953125
2000-02-28,3417.00244140625
2000-02-29,3644.802001953125
2000-03-01,3644.802001953125
2000-03-02,4185.82666015625
2000-03-03,4271.2529296875
2000-03-06,4014.9765625
2000-03-07,4000.7392578125
2000-03-08,4214.3017578125
2000-03-09,4000.7392578125
2000-03-10,3943.790283203125
2000-03-13,3687.51318359375
2000-03-14,3708.87158203125
2000-03-15,3844.1279296875
2000-03-16,3844.1279296875
2000-03-17,3901.07568359375
2000-03-20,4029.215576171875
2000-03-21,4185.82666015625
2000-03-22,4413.626953125
2000-03-23,4413.626953125
2000-03-24,4840.75146484375
2000-03-27,4840.75146484375
2000-03-28,5004.484375
2000-03-29,5452.96630859375
2000-03-30,5018.7216796875
2000-03-31,4769.56591796875
2000-04-03,5054.314453125
2000-04-04,4840.75146484375
2000-04-05,4840.75146484375
2000-04-06,4755.3271484375
2000-04-07,5125.5029296875
2000-04-10,5196.6904296875
2000-04-11,5054.314453125
2000-04-12,4919.0595703125
2000-04-13,4919.0595703125
2000-04-14,4456.33984375
2000-04-17,3929.55126953125
2000-04-18,4299.728515625
2000-04-19,4271.2529296875
2000-04-20,4285.4912109375
2000-04-21,4306.84619140625
2000-04-24,4128.87744140625
2000-04-25,4014.9765625
2000-04-26,3986.500732421875
2000-04-27,3844.1279296875
2000-04-28,4271.2529296875
2000-05-01,4271.2529296875
2000-05-02,4470.57666015625
2000-05-03,4399.388671875
2000-05-04,4399.388671875
2000-05-05,4399.388671875
2000-05-08,4669.9033203125
2000-05-09,4669.9033203125
2000-05-10,4520.40869140625
2000-05-11,4520.40869140625
2000-05-12,4385.15185546875
2000-05-15,4584.478515625
2000-05-16,4840.75146484375
2000-05-17,4926.17724609375
2000-05-18,4840.75146484375
2000-05-19,4911.94140625
2000-05-22,4748.20947265625
2000-05-23,4541.76513671875
2000-05-24,4413.626953125
2000-05-25,4271.2529296875
2000-05-26,3986.500732421875
2000-05-29,3886.839111328125
2000-05-30,3886.839111328125
2000-05-31,4385.15185546875
2000-06-01,4484.81494140625
2000-06-02,4712.6142578125
2000-06-05,4798.03955078125
2000-06-06,4798.03955078125
2000-06-07,4840.75146484375
2000-06-08,4648.5478515625
2000-06-09,4997.365234375
2000-06-12,5118.38623046875
2000-06-13,5025.83984375
2000-06-14,5438.72802734375
2000-06-15,4983.12890625
2000-06-16,4798.03955078125
2000-06-19,4769.56591796875
2000-06-20,5082.79052734375
2000-06-21,5040.0791015625
2000-06-22,5011.60205078125
2000-06-23,4983.12890625
2000-06-26,5132.62109375
2000-06-27,5203.8076171875
2000-06-28,5353.30224609375
2000-06-29,5331.94921875
2000-06-30,5253.63916015625
2000-07-03,5339.0673828125
2000-07-04,5232.28564453125
2000-07-05,5289.23388671875
2000-07-06,5196.6904296875
2000-07-07,5239.4033203125
2000-07-10,5410.25341796875
2000-07-11,5303.47216796875
2000-07-12,5438.72802734375
2000-07-13,5524.15234375
2000-07-14,5374.65966796875
2000-07-17,5374.65966796875
2000-07-18,5310.59033203125
2000-07-19,5310.59033203125
2000-07-20,4911.94140625
2000-07-21,4926.17724609375
2000-07-24,4541.76513671875
2000-07-25,4470.57666015625
2000-07-26,4662.78369140625
2000-07-27,4434.984375
2000-07-28,4079.046875
2000-07-31,4200.064453125
2000-08-01,4427.86669921875
2000-08-02,4321.08251953125
2000-08-03,4292.6083984375
2000-08-04,4214.3017578125
2000-08-07,3972.26416015625
2000-08-08,3972.26416015625
2000-08-09,4271.2529296875
2000-08-10,4385.15185546875
2000-08-11,4242.7783203125
2000-08-14,4285.4912109375
2000-08-15,4285.4912109375
2000-08-16,4570.24072265625
2000-08-17,4584.478515625
2000-08-18,4413.626953125
2000-08-21,4463.45947265625
2000-08-22,4598.7158203125
2000-08-23,4406.5078125
2000-08-24,4427.86669921875
2000-08-25,4556.00244140625
2000-08-28,4506.171875
2000-08-29,4427.86669921875
2000-08-30,4292.6083984375
2000-08-31,3893.95751953125
2000-09-01,3943.790283203125
2000-09-04,3801.41455078125
2000-09-05,3666.159423828125
2000-09-06,3666.159423828125
2000-09-07,3409.883056640625
2000-09-08,3473.9521484375
2000-09-11,3473.9521484375
2000-09-12,3473.9521484375
2000-09-13,3473.9521484375
2000-09-14,3352.933837890625
2000-09-15,3096.65771484375
2000-09-18,2826.1455078125
2000-09-19,2961.402099609375
2000-09-20,3274.626953125
2000-09-21,3132.25146484375
2000-09-22,2705.126708984375
2000-09-25,2911.57080078125
2000-09-26,2847.50048828125
2000-09-27,2868.858154296875
2000-09-28,2890.21484375
2000-09-29,2875.976318359375
2000-10-02,2712.2451171875
2000-10-03,2712.2451171875
2000-10-04,2769.196044921875
2000-10-05,2804.789306640625
2000-10-06,2776.313720703125
2000-10-09,2626.819580078125
2000-10-10,2605.46337890625
2000-10-11,2292.2392578125
2000-10-12,2235.288330078125
2000-10-13,2156.98291015625
2000-10-16,2156.98291015625
2000-10-17,1950.537841796875
2000-10-18,1943.4195556640625
2000-10-19,2064.438720703125
2000-10-20,2370.544921875
2000-10-23,2278.001220703125
2000-10-24,2377.66357421875
2000-10-25,2285.120361328125
2000-10-26,2057.320556640625
2000-10-27,2057.320556640625
2000-10-30,1957.6571044921875
2000-10-31,2028.845458984375
2000-11-01,2320.714111328125
2000-11-02,2363.426513671875
2000-11-03,2448.850830078125
2000-11-06,2498.6826171875
2000-11-07,2448.850830078125
2000-11-08,2427.49609375
2000-11-09,2420.375732421875
2000-11-10,2406.14013671875
2000-11-13,2242.407470703125
2000-11-14,2342.070068359375
2000-11-15,2413.25732421875
2000-11-16,2334.95166015625
2000-11-17,2292.2392578125
2000-11-20,2206.8134765625
2000-11-21,2249.5263671875
2000-11-22,2235.288330078125
2000-11-23,2285.120361328125
2000-11-24,2420.375732421875
2000-11-27,2690.88916015625
2000-11-28,2505.801025390625
2000-11-29,2292.2392578125
2000-11-30,2306.477294921875
2000-12-01,2263.763916015625
2000-12-04,2206.8134765625
2000-12-05,2306.477294921875
2000-12-06,2285.120361328125
2000-12-07,2320.714111328125
2000-12-08,2399.019775390625
2000-12-11,2548.513916015625
2000-12-12,2491.564453125
2000-12-13,2690.88916015625
2000-12-14,2576.990234375
2000-12-15,2484.4453125
2000-12-18,2534.277099609375
2000-12-19,2512.919921875
2000-12-20,2377.66357421875
2000-12-21,2306.477294921875
2000-12-22,2235.288330078125
2000-12-25,2235.288330078125
2000-12-26,2249.5263671875
2000-12-27,2249.5263671875
2000-12-28,2249.5263671875
2000-12-29,2249.5263671875
2001-01-01,2249.5263671875
2001-01-02,2384.782958984375
2001-01-03,2399.019775390625
2001-01-04,2690.88916015625
2001-01-05,2776.313720703125
2001-01-08,2762.076171875
2001-01-09,2733.601806640625
2001-01-10,2641.05908203125
2001-01-11,2591.226318359375
2001-01-12,2733.601806640625
2001-01-15,2790.5517578125
2001-01-16,2947.16455078125
2001-01-17,3004.114990234375
2001-01-18,3132.25146484375
2001-01-19,3274.626953125
2001-01-22,3239.033203125
2001-01-23,3239.033203125
2001-01-24,3239.033203125
2001-01-25,3239.033203125
2001-01-26,2833.264892578125
2001-01-29,2861.73876953125
2001-01-30,2925.808349609375
2001-01-31,3132.25146484375
2001-02-01,3039.707763671875
2001-02-02,3053.94482421875
2001-02-05,2868.858154296875
2001-02-06,2854.62060546875
2001-02-07,2776.313720703125
2001-02-08,2890.21484375
2001-02-09,2897.333984375
2001-02-12,2826.1455078125
2001-02-13,2833.264892578125
2001-02-14,2833.264892578125
2001-02-15,2940.045166015625
2001-02-16,3025.470458984375
2001-02-19,2982.7578125
2001-02-20,3018.352294921875
2001-02-21,2961.402099609375
2001-02-22,2854.62060546875
2001-02-23,2733.601806640625
2001-02-26,2733.601806640625
2001-02-27,2698.0078125
2001-02-28,2662.413818359375
2001-03-01,2662.413818359375
2001-03-02,2569.8701171875
2001-03-05,2648.1767578125
2001-03-06,2705.126708984375
2001-03-07,2847.50048828125
2001-03-08,2854.62060546875
2001-03-09,2733.601806640625
2001-03-12,2612.582763671875
2001-03-13,2591.226318359375
2001-03-14,2591.226318359375
2001-03-15,2790.5517578125
2001-03-16,2769.196044921875
2001-03-19,2705.126708984375
2001-03-20,2719.364013671875
2001-03-21,2754.9580078125
2001-03-22,2833.264892578125
2001-03-23,3061.064453125
2001-03-26,3089.539306640625
2001-03-27,2954.28271484375
2001-03-28,2954.28271484375
2001-03-29,2911.57080078125
2001-03-30,2961.402099609375
2001-04-02,2840.383056640625
2001-04-03,2705.126708984375
2001-04-04,2605.46337890625
2001-04-05,2605.46337890625
2001-04-06,2733.601806640625
2001-04-09,2641.05908203125
2001-04-10,2591.226318359375
2001-04-11,2648.1767578125
2001-04-12,2854.62060546875
2001-04-13,2890.21484375
2001-04-16,2804.789306640625
2001-04-17,2826.1455078125
2001-04-18,3046.82666015625
2001-04-19,3345.81396484375
2001-04-20,3196.320556640625
2001-04-23,3231.913818359375
2001-04-24,3132.25146484375
2001-04-25,3217.676025390625
2001-04-26,3217.676025390625
2001-04-27,3089.539306640625
2001-04-30,3260.3896484375
2001-05-01,3260.3896484375
2001-05-02,3260.3896484375
2001-05-03,3274.626953125
2001-05-04,3174.965087890625
2001-05-07,3274.626953125
2001-05-08,3267.50830078125
2001-05-09,3203.43896484375
2001-05-10,3203.43896484375
2001-05-11,3139.37060546875
2001-05-14,3153.608154296875
2001-05-15,3089.539306640625
2001-05-16,2996.99560546875
2001-05-17,3153.608154296875
2001-05-18,3139.37060546875
2001-05-21,3260.3896484375
2001-05-22,3288.8642578125
2001-05-23,3345.81396484375
2001-05-24,3224.795654296875
2001-05-25,3160.726318359375
2001-05-28,3167.845947265625
2001-05-29,3303.1025390625
2001-05-30,3182.082763671875
2001-05-31,3018.352294921875
2001-06-01,3018.352294921875
2001-06-04,3018.352294921875
2001-06-05,2890.21484375
2001-06-06,2890.21484375
2001-06-07,3046.82666015625
2001-06-08,3182.082763671875
2001-06-11,3046.82666015625
2001-06-12,3004.114990234375
2001-06-13,3046.82666015625
2001-06-14,3011.233154296875
2001-06-15,2982.7578125
2001-06-18,2918.688720703125
2001-06-19,2925.808349609375
2001-06-20,2847.50048828125
2001-06-21,2819.026611328125
2001-06-22,2754.9580078125
2001-06-25,2754.9580078125
2001-06-26,2690.88916015625
2001-06-27,2648.1767578125
2001-06-28,2669.53369140625
2001-06-29,2733.601806640625
2001-07-02,2747.839111328125
2001-07-03,2769.196044921875
2001-07-04,2804.789306640625
2001-07-05,2747.839111328125
2001-07-06,2612.582763671875
2001-07-09,2434.614501953125
2001-07-10,2420.375732421875
2001-07-11,2406.14013671875
2001-07-12,2505.801025390625
2001-07-13,2420.375732421875
2001-07-16,2377.66357421875
2001-07-17,2377.66357421875
2001-07-18,2384.782958984375
2001-07-19,2520.03955078125
2001-07-20,2505.801025390625
2001-07-23,2463.088623046875
2001-07-24,2470.20703125
2001-07-25,2541.395263671875
2001-07-26,2584.10791015625
2001-07-27,2641.05908203125
2001-07-30,2641.05908203125
2001-07-31,2698.0078125
2001-08-01,2819.026611328125
2001-08-02,2783.432861328125
2001-08-03,2840.383056640625
2001-08-06,2833.264892578125
2001-08-07,2747.839111328125
2001-08-08,2705.126708984375
2001-08-09,2605.46337890625
2001-08-10,2655.295166015625
2001-08-13,2726.483154296875
2001-08-14,2811.907470703125
2001-08-15,2811.907470703125
2001-08-16,2776.313720703125
2001-08-17,2790.5517578125
2001-08-20,2705.126708984375
2001-08-21,2648.1767578125
2001-08-22,2740.720703125
2001-08-23,2740.720703125
2001-08-24,2733.601806640625
2001-08-27,2833.264892578125
2001-08-28,2804.789306640625
2001-08-29,2797.669189453125
2001-08-30,2790.5517578125
2001-08-31,2705.126708984375
2001-09-03,2676.651123046875
2001-09-04,2797.669189453125
2001-09-05,2698.0078125
2001-09-06,2683.770263671875
2001-09-07,2719.364013671875
2001-09-10,2726.483154296875
2001-09-11,2662.413818359375
2001-09-12,2299.35791015625
2001-09-13,2441.733154296875
2001-09-14,2413.25732421875
2001-09-17,2334.95166015625
2001-09-18,2384.782958984375
2001-09-19,2334.95166015625
2001-09-20,2192.575927734375
2001-09-21,2028.845458984375
2001-09-24,2028.845458984375
2001-09-25,2035.964111328125
2001-09-26,2014.6077880859375
2001-09-27,2000.36962890625
2001-09-28,2000.36962890625
2001-10-01,2000.36962890625
2001-10-02,2000.36962890625
2001-10-03,2000.36962890625
2001-10-04,2071.557861328125
2001-10-05,2100.0322265625
2001-10-08,2078.67626953125
2001-10-09,2156.98291015625
2001-10-10,2121.38916015625
2001-10-11,2263.763916015625
2001-10-12,2320.714111328125
2001-10-15,2278.001220703125
2001-10-16,2263.763916015625
2001-10-17,2334.95166015625
2001-10-18,2320.714111328125
2001-10-19,2420.375732421875
2001-10-22,2413.25732421875
2001-10-23,2477.326904296875
2001-10-24,2641.05908203125
2001-10-25,2605.46337890625
2001-10-26,2576.990234375
2001-10-29,2619.70166015625
2001-10-30,2477.326904296875
2001-10-31,2470.20703125
2001-11-01,2548.513916015625
2001-11-02,2605.46337890625
2001-11-05,2633.938720703125
2001-11-06,2705.126708984375
2001-11-07,2712.2451171875
2001-11-08,2747.839111328125
2001-11-09,2747.839111328125
2001-11-12,2847.50048828125
2001-11-13,2847.50048828125
2001-11-14,3061.064453125
2001-11-15,2982.7578125
2001-11-16,2975.639404296875
2001-11-19,3110.894775390625
2001-11-20,3039.707763671875
2001-11-21,3004.114990234375
2001-11-22,3075.30224609375
2001-11-23,3160.726318359375
2001-11-26,3274.626953125
2001-11-27,3288.8642578125
2001-11-28,3118.01513671875
2001-11-29,2989.875732421875
2001-11-30,3103.777099609375
2001-12-03,3196.320556640625
2001-12-04,3274.626953125
2001-12-05,3765.82080078125
2001-12-06,3915.314208984375
2001-12-07,4036.33349609375
2001-12-10,3701.752197265625
2001-12-11,3680.39501953125
2001-12-12,3844.1279296875
2001-12-13,3772.9404296875
2001-12-14,3630.565673828125
2001-12-17,3566.495849609375
2001-12-18,3708.87158203125
2001-12-19,3758.701904296875
2001-12-20,3772.9404296875
2001-12-21,3580.733154296875
2001-12-24,3594.970458984375
2001-12-25,3594.970458984375
2001-12-26,3673.27734375
2001-12-27,3844.1279296875
2001-12-28,3972.26416015625
2001-12-31,3972.26416015625
2002-01-01,3972.26416015625
2002-01-02,4385.15185546875
2002-01-03,4385.15185546875
2002-01-04,4541.76513671875
2002-01-07,4527.52783203125
2002-01-08,4434.984375
2002-01-09,4591.59814453125
2002-01-10,4385.15185546875
2002-01-11,4356.67822265625
2002-01-14,4698.37841796875
2002-01-15,4442.10302734375
2002-01-16,4292.6083984375
2002-01-17,4271.2529296875
2002-01-18,4214.3017578125
2002-01-21,4143.11572265625
2002-01-22,4271.2529296875
2002-01-23,4385.15185546875
2002-01-24,4413.626953125
2002-01-25,4598.7158203125
2002-01-28,4534.6484375
2002-01-29,4484.81494140625
2002-01-30,4313.9658203125
2002-01-31,4313.9658203125
2002-02-01,4399.388671875
2002-02-04,4442.10302734375
2002-02-05,4598.7158203125
2002-02-06,4541.76513671875
2002-02-07,4484.81494140625
2002-02-08,4570.24072265625
2002-02-11,4570.24072265625
2002-02-12,4570.24072265625
2002-02-13,4570.24072265625
2002-02-14,5054.314453125
2002-02-15,4862.109375
2002-02-18,4883.46630859375
2002-02-19,4876.3466796875
2002-02-20,4840.75146484375
2002-02-21,4812.2802734375
2002-02-22,4748.20947265625
2002-02-25,4726.85302734375
2002-02-26,4798.03955078125
2002-02-27,4983.12890625
2002-02-28,4883.46630859375
2002-03-01,4883.46630859375
2002-03-04,4983.12890625
2002-03-05,5139.740234375
2002-03-06,5168.2158203125
2002-03-07,5068.55419921875
2002-03-08,4968.890625
2002-03-11,4961.7724609375
2002-03-12,5025.83984375
2002-03-13,4954.65380859375
2002-03-14,4897.70166015625
2002-03-15,4698.37841796875
2002-03-18,4726.85302734375
2002-03-19,4968.890625
2002-03-20,4968.890625
2002-03-21,4862.109375
2002-03-22,4990.24609375
2002-03-25,4840.75146484375
2002-03-26,4968.890625
2002-03-27,5175.33544921875
2002-03-28,5089.90966796875
2002-03-29,5239.4033203125
2002-04-01,5324.82763671875
2002-04-02,5673.6474609375
2002-04-03,5751.95263671875
2002-04-04,5538.39208984375
2002-04-05,5538.39208984375
2002-04-08,5253.63916015625
2002-04-09,5253.63916015625
2002-04-10,5068.55419921875
2002-04-11,5118.38623046875
2002-04-12,5253.63916015625
2002-04-15,5481.44140625
2002-04-16,5538.39208984375
2002-04-17,5780.4296875
2002-04-18,5787.54833984375
2002-04-19,5638.05322265625
2002-04-22,5837.37744140625
2002-04-23,6079.41552734375
2002-04-24,6150.6044921875
2002-04-25,5880.09033203125
2002-04-26,5695.0009765625
2002-04-29,5424.490234375
2002-04-30,5438.72802734375
2002-05-01,5438.72802734375
2002-05-02,5403.13330078125
2002-05-03,5267.87744140625
2002-05-06,4954.65380859375
2002-05-07,5011.60205078125
2002-05-08,5161.09716796875
2002-05-09,5153.98046875
2002-05-10,4755.3271484375
2002-05-13,4776.68310546875
2002-05-14,5097.02783203125
2002-05-15,5353.30224609375
2002-05-16,5267.87744140625
2002-05-17,5445.8486328125
2002-05-20,5267.87744140625
2002-05-21,5068.55419921875
2002-05-22,5267.87744140625
2002-05-23,5125.5029296875
2002-05-24,5210.9267578125
2002-05-27,5146.8583984375
2002-05-28,5260.75732421875
2002-05-29,5153.98046875
2002-05-30,5054.314453125
2002-05-31,4869.22900390625
2002-06-03,4997.365234375
2002-06-04,5011.60205078125
2002-06-05,5061.43505859375
2002-06-06,5061.43505859375
2002-06-07,4911.94140625
2002-06-10,4983.12890625
2002-06-11,4983.12890625
2002-06-12,5011.60205078125
2002-06-13,5011.60205078125
2002-06-14,5118.38623046875
2002-06-17,5111.265625
2002-06-18,5168.2158203125
2002-06-19,4961.7724609375
2002-06-20,4854.9921875
2002-06-21,4840.75146484375
2002-06-24,4826.5146484375
2002-06-25,4819.3974609375
2002-06-26,4399.388671875
2002-06-27,4456.33984375
2002-06-28,4684.14013671875
2002-07-01,4684.14013671875
2002-07-02,4805.15869140625
2002-07-03,4812.2802734375
2002-07-04,4983.12890625
2002-07-05,5097.02783203125
2002-07-08,5111.265625
2002-07-09,5153.98046875
2002-07-10,4940.4140625
2002-07-11,4719.73388671875
2002-07-12,5011.60205078125
2002-07-15,5025.83984375
2002-07-16,5040.0791015625
2002-07-17,5040.0791015625
2002-07-18,5082.79052734375
2002-07-19,4862.109375
2002-07-22,4698.37841796875
2002-07-23,4911.94140625
2002-07-24,4769.56591796875
2002-07-25,4826.5146484375
2002-07-26,4556.00244140625
2002-07-29,4627.19091796875
2002-07-30,4741.08984375
2002-07-31,4733.970703125
2002-08-01,4620.072265625
2002-08-02,4548.88330078125
2002-08-05,4399.388671875
2002-08-06,4271.2529296875
2002-08-07,4442.10302734375
2002-08-08,4463.45947265625
2002-08-09,4541.76513671875
2002-08-12,4513.2880859375
2002-08-13,4620.072265625
2002-08-14,4584.478515625
2002-08-15,4584.478515625
2002-08-16,4634.310546875
2002-08-19,4741.08984375
2002-08-20,4926.17724609375
2002-08-21,4983.12890625
2002-08-22,4947.53271484375
2002-08-23,4947.53271484375
2002-08-26,4847.87255859375
2002-08-27,4741.08984375
2002-08-28,4669.9033203125
2002-08-29,4669.9033203125
2002-08-30,4712.6142578125
2002-09-02,4840.75146484375
2002-09-03,4748.20947265625
2002-09-04,4612.95458984375
2002-09-05,4570.24072265625
2002-09-06,4584.478515625
2002-09-09,4605.833984375
2002-09-10,4698.37841796875
2002-09-11,4790.919921875
2002-09-12,4883.46630859375
2002-09-13,4719.73388671875
2002-09-16,4662.78369140625
2002-09-17,4869.22900390625
2002-09-18,4741.08984375
2002-09-19,4769.56591796875
2002-09-20,4769.56591796875
2002-09-23,4577.3583984375
2002-09-24,4541.76513671875
2002-09-25,4370.9150390625
2002-09-26,4470.57666015625
2002-09-27,4406.5078125
2002-09-30,4249.89697265625
2002-10-01,4235.65673828125
2002-10-02,4264.1328125
2002-10-03,4264.1328125
2002-10-04,4356.67822265625
2002-10-07,4214.3017578125
2002-10-08,4271.2529296875
2002-10-09,4235.65673828125
2002-10-10,3893.95751953125
2002-10-11,3893.95751953125
2002-10-14,4100.40234375
2002-10-15,4271.2529296875
2002-10-16,4342.44140625
2002-10-17,4378.03466796875
2002-10-18,4648.5478515625
2002-10-21,4612.95458984375
2002-10-22,4548.88330078125
2002-10-23,4669.9033203125
2002-10-24,4755.3271484375
2002-10-25,4840.75146484375
2002-10-28,5139.740234375
2002-10-29,5025.83984375
2002-10-30,4812.2802734375
2002-10-31,4911.94140625
2002-11-01,4854.9921875
2002-11-04,5232.28564453125
2002-11-05,5146.8583984375
2002-11-06,5203.8076171875
2002-11-07,5218.04638671875
2002-11-08,5118.38623046875
2002-11-11,4968.890625
2002-11-12,4933.29736328125
2002-11-13,4968.890625
2002-11-14,4840.75146484375
2002-11-15,5097.02783203125
2002-11-18,4997.365234375
2002-11-19,5018.7216796875
2002-11-20,5125.5029296875
2002-11-21,5253.63916015625
2002-11-22,5310.59033203125
2002-11-25,5388.89697265625
2002-11-26,5388.89697265625
2002-11-27,5410.25341796875
2002-11-28,5481.44140625
2002-11-29,5509.916015625
2002-12-02,5509.916015625
2002-12-03,5595.33837890625
2002-12-04,5317.70849609375
2002-12-05,5317.70849609375
2002-12-06,5296.353515625
2002-12-09,5303.47216796875
2002-12-10,5189.57373046875
2002-12-11,5210.9267578125
2002-12-12,5239.4033203125
2002-12-13,5153.98046875
2002-12-16,4961.7724609375
2002-12-17,5032.958984375
2002-12-18,5089.90966796875
2002-12-19,5089.90966796875
2002-12-20,5097.02783203125
2002-12-23,4954.65380859375
2002-12-24,4876.3466796875
2002-12-25,4876.3466796875
2002-12-26,4833.63427734375
2002-12-27,4783.80322265625
2002-12-30,4470.57666015625
2002-12-31,4470.57666015625
2003-01-01,4470.57666015625
2003-01-02,4577.3583984375
2003-01-03,4897.70166015625
2003-01-06,4976.00927734375
2003-01-07,4876.3466796875
2003-01-08,4840.75146484375
2003-01-09,4598.7158203125
2003-01-10,4612.95458984375
2003-01-13,4762.447265625
2003-01-14,4677.01904296875
2003-01-15,4612.95458984375
2003-01-16,4698.37841796875
2003-01-17,4563.11962890625
2003-01-20,4556.00244140625
2003-01-21,4541.76513671875
2003-01-22,4434.984375
2003-01-23,4499.052734375
2003-01-24,4456.33984375
2003-01-27,4257.0146484375
2003-01-28,4370.9150390625
2003-01-29,4150.2353515625
2003-01-30,4150.2353515625
2003-01-31,4150.2353515625
2003-02-03,4171.59033203125
2003-02-04,4185.82666015625
2003-02-05,4143.11572265625
2003-02-06,4029.215576171875
2003-02-07,3901.07568359375
2003-02-10,3837.009033203125
2003-02-11,3865.482666015625
2003-02-12,3986.500732421875
2003-02-13,3865.482666015625
2003-02-14,3886.839111328125
2003-02-17,4135.99658203125
2003-02-18,4171.59033203125
2003-02-19,4228.54052734375
2003-02-20,4306.84619140625
2003-02-21,4299.728515625
2003-02-24,4406.5078125
2003-02-25,4121.759765625
2003-02-26,4043.45458984375
2003-02-27,4036.33349609375
2003-02-28,3979.383056640625
2003-03-03,4200.064453125
2003-03-04,4057.69091796875
2003-03-05,3929.55126953125
2003-03-06,3929.55126953125
2003-03-07,4000.7392578125
2003-03-10,4079.046875
2003-03-11,4093.283447265625
2003-03-12,4128.87744140625
2003-03-13,4128.87744140625
2003-03-14,4221.4208984375
2003-03-17,4100.40234375
2003-03-18,4257.0146484375
2003-03-19,4214.3017578125
2003-03-20,4434.984375
2003-03-21,4484.81494140625
2003-03-24,4449.220703125
2003-03-25,4356.67822265625
2003-03-26,4328.2021484375
2003-03-27,4249.89697265625
2003-03-28,4370.9150390625
2003-03-31,4043.45458984375
2003-04-01,4043.45458984375
2003-04-02,3972.26416015625
2003-04-03,3972.26416015625
2003-04-04,4036.33349609375
2003-04-07,4257.0146484375
2003-04-08,4257.0146484375
2003-04-09,4079.046875
2003-04-10,4100.40234375
2003-04-11,4057.69091796875
2003-04-14,4064.8076171875
2003-04-15,4214.3017578125
2003-04-16,4420.7470703125
2003-04-17,4299.728515625
2003-04-18,4484.81494140625
2003-04-21,4399.388671875
2003-04-22,4249.89697265625
2003-04-23,4271.2529296875
2003-04-24,4200.064453125
2003-04-25,4093.283447265625
2003-04-28,4057.69091796875
2003-04-29,4278.3701171875
2003-04-30,4342.44140625
2003-05-01,4342.44140625
2003-05-02,4370.9150390625
2003-05-05,4370.9150390625
2003-05-06,4456.33984375
2003-05-07,4548.88330078125
2003-05-08,4548.88330078125
2003-05-09,4513.2880859375
2003-05-12,4655.66455078125
2003-05-13,4499.052734375
2003-05-14,4406.5078125
2003-05-15,4484.81494140625
2003-05-16,4370.9150390625
2003-05-19,4285.4912109375
2003-05-20,4363.7958984375
2003-05-21,4328.2021484375
2003-05-22,4271.2529296875
2003-05-23,4442.10302734375
2003-05-26,4513.2880859375
2003-05-27,4470.57666015625
2003-05-28,4570.24072265625
2003-05-29,4620.072265625
2003-05-30,4612.95458984375
2003-06-02,4755.3271484375
2003-06-03,4605.833984375
2003-06-04,4684.14013671875
2003-06-05,4748.20947265625
2003-06-06,4748.20947265625
2003-06-09,4897.70166015625
2003-06-10,4897.70166015625
2003-06-11,4911.94140625
2003-06-12,4983.12890625
2003-06-13,4990.24609375
2003-06-16,4854.9921875
2003-06-17,5082.79052734375
2003-06-18,5040.0791015625
2003-06-19,5267.87744140625
2003-06-20,5182.45263671875
2003-06-23,5082.79052734375
2003-06-24,5004.484375
2003-06-25,5118.38623046875
2003-06-26,5189.57373046875
2003-06-27,5139.740234375
2003-06-30,5054.314453125
2003-07-01,5153.98046875
2003-07-02,5282.1181640625
2003-07-03,5438.72802734375
2003-07-04,5467.20361328125
2003-07-07,5495.67822265625
2003-07-08,5673.6474609375
2003-07-09,5645.17138671875
2003-07-10,5581.103515625
2003-07-11,5609.57861328125
2003-07-14,5830.25927734375
2003-07-15,5808.90185546875
2003-07-16,5951.27880859375
2003-07-17,5951.27880859375
2003-07-18,5751.95263671875
2003-07-21,5794.66796875
2003-07-22,5865.8525390625
2003-07-23,5744.83447265625
2003-07-24,5787.54833984375
2003-07-25,5808.90185546875
2003-07-28,5951.27880859375
2003-07-29,6029.583984375
2003-07-30,6001.1103515625
2003-07-31,5922.80419921875
2003-08-01,6065.1787109375
2003-08-04,6001.1103515625
2003-08-05,6093.6533203125
2003-08-06,5880.09033203125
2003-08-07,5837.37744140625
2003-08-08,5780.4296875
2003-08-11,5808.90185546875
2003-08-12,5695.0009765625
2003-08-13,5872.97265625
2003-08-14,6050.94091796875
2003-08-15,6050.94091796875
2003-08-18,5965.515625
2003-08-19,6122.12890625
2003-08-20,6193.3154296875
2003-08-21,6285.8603515625
2003-08-22,6349.93017578125
2003-08-25,6307.21630859375
2003-08-26,6342.80859375
2003-08-27,6307.21630859375
2003-08-28,6236.0302734375
2003-08-29,6193.3154296875
2003-09-01,6221.78955078125
2003-09-02,6129.24658203125
2003-09-03,6157.72265625
2003-09-04,6207.55419921875
2003-09-05,6307.21630859375
2003-09-08,6428.236328125
2003-09-09,6577.728515625
2003-09-10,6577.728515625
2003-09-11,6577.728515625
2003-09-12,6577.728515625
2003-09-15,6228.91162109375
2003-09-16,6328.57373046875
2003-09-17,6399.759765625
2003-09-18,6321.45263671875
2003-09-19,6122.12890625
2003-09-22,5737.71630859375
2003-09-23,5659.41015625
2003-09-24,5766.19189453125
2003-09-25,5709.2412109375
2003-09-26,5524.15234375
2003-09-29,5502.7958984375
2003-09-30,5581.103515625
2003-10-01,5695.0009765625
2003-10-02,5816.0224609375
2003-10-03,5816.0224609375
2003-10-06,5993.9912109375
2003-10-07,6065.1787109375
2003-10-08,6036.70458984375
2003-10-09,6100.771484375
2003-10-10,6335.69189453125
2003-10-13,6335.69189453125
2003-10-14,6449.59130859375
2003-10-15,6421.1142578125
2003-10-16,6542.13427734375
2003-10-17,6435.35205078125
2003-10-20,6520.779296875
2003-10-21,6577.728515625
2003-10-22,6691.6279296875
2003-10-23,6371.28369140625
2003-10-24,6221.78955078125
2003-10-27,6378.4052734375
2003-10-28,6577.728515625
2003-10-29,6648.9169921875
2003-10-30,6705.86767578125
2003-10-31,6691.6279296875
2003-11-03,6755.6962890625
2003-11-04,6819.76611328125
2003-11-05,6834.0048828125
2003-11-06,6620.44140625
2003-11-07,6791.29150390625
2003-11-10,6634.67822265625
2003-11-11,6563.490234375
2003-11-12,6691.6279296875
2003-11-13,6791.29150390625
2003-11-14,6677.39013671875
2003-11-17,6563.490234375
2003-11-18,6641.796875
2003-11-19,6499.42333984375
2003-11-20,6392.64111328125
2003-11-21,6492.30419921875
2003-11-24,6314.33544921875
2003-11-25,6428.236328125
2003-11-26,6478.06640625
2003-11-27,6485.1845703125
2003-11-28,6620.44140625
2003-12-01,6634.67822265625
2003-12-02,6670.2724609375
2003-12-03,6705.86767578125
2003-12-04,6563.490234375
2003-12-05,6428.236328125
2003-12-08,6406.8779296875
2003-12-09,6335.69189453125
2003-12-10,6449.59130859375
2003-12-11,6442.47216796875
2003-12-12,6478.06640625
2003-12-15,6563.490234375
2003-12-16,6463.82763671875
2003-12-17,6300.09814453125
2003-12-18,6300.09814453125
2003-12-19,6385.5234375
2003-12-22,6292.97802734375
2003-12-23,6292.97802734375
2003-12-24,6250.267578125
2003-12-25,6250.267578125
2003-12-26,6285.8603515625
2003-12-29,6264.5029296875
2003-12-30,6421.1142578125
2003-12-31,6421.1142578125
2004-01-01,6421.1142578125
2004-01-02,6392.64111328125
2004-01-05,6513.6630859375
2004-01-06,6549.25390625
2004-01-07,6620.44140625
2004-01-08,6677.39013671875
2004-01-09,7232.6533203125
2004-01-12,7189.94091796875
2004-01-13,7161.46630859375
2004-01-14,7040.4482421875
2004-01-15,7068.92138671875
2004-01-16,7204.18017578125
2004-01-19,7417.7431640625
2004-01-20,7488.9296875
2004-01-21,7488.9296875
2004-01-22,7488.9296875
2004-01-23,7488.9296875
2004-01-26,7759.443359375
2004-01-27,7617.06396484375
2004-01-28,7659.7802734375
2004-01-29,7588.59326171875
2004-01-30,7460.455078125
2004-02-02,7545.880859375
2004-02-03,7360.7900390625
2004-02-04,7246.89013671875
2004-02-05,7289.60400390625
2004-02-06,7503.16455078125
2004-02-09,7730.96533203125
2004-02-10,7773.67822265625
2004-02-11,7887.58056640625
2004-02-12,7816.3935546875
2004-02-13,7901.8173828125
2004-02-16,8015.71728515625
2004-02-17,7973.00146484375
2004-02-18,7816.3935546875
2004-02-19,7901.8173828125
2004-02-20,7816.3935546875
2004-02-23,7787.9150390625
2004-02-24,7560.11962890625
2004-02-25,7474.69384765625
2004-02-26,7488.9296875
2004-02-27,7759.443359375
2004-03-01,7759.443359375
2004-03-02,7887.58056640625
2004-03-03,7887.58056640625
2004-03-04,8101.1435546875
2004-03-05,8029.953125
2004-03-08,7816.3935546875
2004-03-09,7674.01806640625
2004-03-10,7560.11962890625
2004-03-11,7588.59326171875
2004-03-12,7460.455078125
2004-03-15,7474.69384765625
2004-03-16,7517.40380859375
2004-03-17,7759.443359375
2004-03-18,7745.2060546875
2004-03-19,7901.8173828125
2004-03-22,7745.2060546875
2004-03-23,7702.49169921875
2004-03-24,7716.72900390625
2004-03-25,7617.06396484375
2004-03-26,7759.443359375
2004-03-29,7901.8173828125
2004-03-30,7973.00146484375
2004-03-31,8143.8564453125
2004-04-01,8186.56689453125
2004-04-02,8044.19482421875
2004-04-05,8044.19482421875
2004-04-06,8471.3134765625
2004-04-07,8542.505859375
2004-04-08,8613.6923828125
2004-04-09,8471.3134765625
2004-04-12,8684.8828125
2004-04-13,8770.3037109375
2004-04-14,8756.0693359375
2004-04-15,8756.0693359375
2004-04-16,8457.0810546875
2004-04-19,8528.265625
2004-04-20,8756.0693359375
2004-04-21,8898.44140625
2004-04-22,8827.25390625
2004-04-23,9069.296875
2004-04-26,8912.6796875
2004-04-27,8798.77734375
2004-04-28,8570.982421875
2004-04-29,8200.8046875
2004-04-30,7930.2958984375
2004-05-03,7916.05322265625
2004-05-04,7901.8173828125
2004-05-05,7901.8173828125
2004-05-06,7517.40380859375
2004-05-07,7688.255859375
2004-05-10,7246.89013671875
2004-05-11,7132.99169921875
2004-05-12,7474.69384765625
2004-05-13,7218.41650390625
2004-05-14,6997.736328125
2004-05-17,6520.779296875
2004-05-18,6741.4599609375
2004-05-19,7118.75244140625
2004-05-20,7040.4482421875
2004-05-21,7147.22900390625
2004-05-24,7275.3662109375
2004-05-25,7004.85546875
2004-05-26,7004.85546875
2004-05-27,7204.18017578125
2004-05-28,7403.50439453125
2004-05-31,7204.18017578125
2004-06-01,7332.31884765625
2004-06-02,7147.22900390625
2004-06-03,6741.4599609375
2004-06-04,6848.24072265625
2004-06-07,7061.80615234375
2004-06-08,7090.2763671875
2004-06-09,6876.7177734375
2004-06-10,6663.154296875
2004-06-11,6214.6708984375
2004-06-14,6100.771484375
2004-06-15,6243.14697265625
2004-06-16,6207.55419921875
2004-06-17,6292.97802734375
2004-06-18,6200.43603515625
2004-06-21,6349.93017578125
2004-06-22,6321.45263671875
2004-06-23,6392.64111328125
2004-06-24,6684.51171875
2004-06-25,6862.4794921875
2004-06-28,6663.154296875
2004-06-29,6705.86767578125
2004-06-30,6791.29150390625
2004-07-01,6620.44140625
2004-07-02,6321.45263671875
2004-07-05,6307.21630859375
2004-07-06,6278.7412109375
2004-07-07,6221.78955078125
2004-07-08,5979.75146484375
2004-07-09,6036.70458984375
2004-07-12,6022.46630859375
2004-07-13,6171.9580078125
2004-07-14,5951.27880859375
2004-07-15,5816.0224609375
2004-07-16,6022.46630859375
2004-07-19,6072.2978515625
2004-07-20,5937.04052734375
2004-07-21,6115.00830078125
2004-07-22,5944.1591796875
2004-07-23,5951.27880859375
2004-07-26,5951.27880859375
2004-07-27,5979.75146484375
2004-07-28,6022.46630859375
2004-07-29,5851.61669921875
2004-07-30,5937.04052734375
2004-08-02,5808.90185546875
2004-08-03,5880.09033203125
2004-08-04,5880.09033203125
2004-08-05,6022.46630859375
2004-08-06,5972.634765625
2004-08-09,5965.515625
2004-08-10,6036.70458984375
2004-08-11,6058.06103515625
2004-08-12,6136.36572265625
2004-08-13,6236.0302734375
2004-08-16,6122.12890625
2004-08-17,6058.06103515625
2004-08-18,6122.12890625
2004-08-19,6285.8603515625
2004-08-20,6179.07861328125
2004-08-23,6236.0302734375
2004-08-24,6335.69189453125
2004-08-25,6421.1142578125
2004-08-26,6492.30419921875
2004-08-27,6527.89697265625
2004-08-30,6520.779296875
2004-08-31,6421.1142578125
2004-09-01,6449.59130859375
2004-09-02,6435.35205078125
2004-09-03,6214.6708984375
2004-09-06,6171.9580078125
2004-09-07,6179.07861328125
2004-09-08,6171.9580078125
2004-09-09,6250.267578125
2004-09-10,6513.6630859375
2004-09-13,6762.81591796875
2004-09-14,6883.8349609375
2004-09-15,6805.529296875
2004-09-16,6834.0048828125
2004-09-17,6684.51171875
2004-09-20,6677.39013671875
2004-09-21,6748.57861328125
2004-09-22,6584.85009765625
2004-09-23,6549.25390625
2004-09-24,6535.0166015625
2004-09-27,6535.0166015625
2004-09-28,6535.0166015625
2004-09-29,6535.0166015625
2004-09-30,6520.779296875
2004-10-01,6563.490234375
2004-10-04,6976.38037109375
2004-10-05,6947.904296875
2004-10-06,7040.4482421875
2004-10-07,6947.904296875
2004-10-08,6784.17333984375
2004-10-11,6641.796875
2004-10-12,6349.93017578125
2004-10-13,6392.64111328125
2004-10-14,6321.45263671875
2004-10-15,6221.78955078125
2004-10-18,6157.72265625
2004-10-19,6243.14697265625
2004-10-20,6100.771484375
2004-10-21,6107.8896484375
2004-10-22,6228.91162109375
2004-10-25,6093.6533203125
2004-10-26,6122.12890625
2004-10-27,6107.8896484375
2004-10-28,6257.384765625
2004-10-29,6257.384765625
2004-11-01,6257.384765625
2004-11-02,6264.5029296875
2004-11-03,6478.06640625
2004-11-04,6378.4052734375
2004-11-05,6442.47216796875
2004-11-08,6264.5029296875
2004-11-09,6136.36572265625
2004-11-10,6250.267578125
2004-11-11,6221.78955078125
2004-11-12,6385.5234375
2004-11-15,6499.42333984375
2004-11-16,6485.1845703125
2004-11-17,6570.61083984375
2004-11-18,6599.08447265625
2004-11-19,6463.82763671875
2004-11-22,6264.5029296875
2004-11-23,6278.7412109375
2004-11-24,6257.384765625
2004-11-25,6278.7412109375
2004-11-26,6164.84130859375
2004-11-29,6065.1787109375
2004-11-30,6186.19677734375
2004-12-01,6107.8896484375
2004-12-02,6100.771484375
2004-12-03,6065.1787109375
2004-12-06,5951.27880859375
2004-12-07,5851.61669921875
2004-12-08,5972.634765625
2004-12-09,5880.09033203125
2004-12-10,5780.4296875
2004-12-13,5723.4775390625
2004-12-14,5872.97265625
2004-12-15,6100.771484375
2004-12-16,6264.5029296875
2004-12-17,6321.45263671875
2004-12-20,6335.69189453125
2004-12-21,6349.93017578125
2004-12-22,6300.09814453125
2004-12-23,6186.19677734375
2004-12-24,6164.84130859375
2004-12-27,6228.91162109375
2004-12-28,6207.55419921875
2004-12-29,6328.57373046875
2004-12-30,6413.99658203125
2004-12-31,6413.99658203125
2005-01-03,6421.1142578125
2005-01-04,6364.16552734375
2005-01-05,6307.21630859375
2005-01-06,6193.3154296875
2005-01-07,6271.623046875
2005-01-10,6236.0302734375
2005-01-11,6292.97802734375
2005-01-12,6292.97802734375
2005-01-13,6321.45263671875
2005-01-14,6712.98583984375
2005-01-17,7011.97119140625
2005-01-18,6919.43115234375
2005-01-19,6834.0048828125
2005-01-20,6834.0048828125
2005-01-21,6919.43115234375
2005-01-24,6947.904296875
2005-01-25,6883.8349609375
2005-01-26,6983.4990234375
2005-01-27,7004.85546875
2005-01-28,6962.1435546875
2005-01-31,7047.5654296875
2005-02-01,6997.736328125
2005-02-02,6983.4990234375
2005-02-03,7061.80615234375
2005-02-04,7054.68603515625
2005-02-07,7261.13134765625
2005-02-08,7261.13134765625
2005-02-09,7261.13134765625
2005-02-10,7261.13134765625
2005-02-11,7204.18017578125
2005-02-14,7360.7900390625
2005-02-15,7389.263671875
2005-02-16,7403.50439453125
2005-02-17,7360.7900390625
2005-02-18,7503.16455078125
2005-02-21,7517.40380859375
2005-02-22,7431.97802734375
2005-02-23,7275.3662109375
2005-02-24,7389.263671875
2005-02-25,7431.97802734375
2005-02-28,7503.16455078125
2005-03-01,7503.16455078125
2005-03-02,7360.7900390625
2005-03-03,7389.263671875
2005-03-04,7261.13134765625
2005-03-07,7218.41650390625
2005-03-08,7147.22900390625
2005-03-09,7118.75244140625
2005-03-10,7111.63525390625
2005-03-11,7389.263671875
2005-03-14,7261.13134765625
2005-03-15,7147.22900390625
2005-03-16,7161.46630859375
2005-03-17,7061.80615234375
2005-03-18,7047.5654296875
2005-03-21,7004.85546875
2005-03-22,7061.80615234375
2005-03-23,7097.3984375
2005-03-24,7161.46630859375
2005-03-25,7189.94091796875
2005-03-28,7261.13134765625
2005-03-29,7147.22900390625
2005-03-30,7090.2763671875
2005-03-31,7147.22900390625
2005-04-01,7289.60400390625
2005-04-04,7360.7900390625
2005-04-05,7360.7900390625
2005-04-06,7375.0263671875
2005-04-07,7375.0263671875
2005-04-08,7431.97802734375
2005-04-11,7360.7900390625
2005-04-12,7403.50439453125
2005-04-13,7375.0263671875
2005-04-14,7147.22900390625
2005-04-15,6997.736328125
2005-04-18,6777.0537109375
2005-04-19,6748.57861328125
2005-04-20,6691.6279296875
2005-04-21,6634.67822265625
2005-04-22,6648.9169921875
2005-04-25,6755.6962890625
2005-04-26,6705.86767578125
2005-04-27,6606.205078125
2005-04-28,6549.25390625
2005-04-29,6435.35205078125
2005-05-02,6485.1845703125
2005-05-03,6478.06640625
2005-05-04,6613.32177734375
2005-05-05,6613.32177734375
2005-05-06,6748.57861328125
2005-05-09,6762.81591796875
2005-05-10,6791.29150390625
2005-05-11,6720.10302734375
2005-05-12,6762.81591796875
2005-05-13,6855.361328125
2005-05-16,6947.904296875
2005-05-17,6969.26025390625
2005-05-18,6969.26025390625
2005-05-19,7097.3984375
2005-05-20,7097.3984375
2005-05-23,7090.2763671875
2005-05-24,7047.5654296875
2005-05-25,6898.07421875
2005-05-26,6862.4794921875
2005-05-27,6976.38037109375
2005-05-30,7026.21044921875
2005-05-31,6962.1435546875
2005-06-01,6962.1435546875
2005-06-02,6940.78759765625
2005-06-03,6947.904296875
2005-06-06,6947.904296875
2005-06-07,6841.12060546875
2005-06-08,6798.4091796875
2005-06-09,6834.0048828125
2005-06-10,6997.736328125
2005-06-13,7090.2763671875
2005-06-14,7068.92138671875
2005-06-15,7118.75244140625
2005-06-16,7097.3984375
2005-06-17,7026.21044921875
2005-06-20,6983.4990234375
2005-06-21,6947.904296875
2005-06-22,7019.09375
2005-06-23,7090.2763671875
2005-06-24,6990.6162109375
2005-06-27,6955.02294921875
2005-06-28,6969.26025390625
2005-06-29,6976.38037109375
2005-06-30,7033.32958984375
2005-07-01,7132.99169921875
2005-07-04,7161.46630859375
2005-07-05,7147.22900390625
2005-07-06,7175.70703125
2005-07-07,7346.5546875
2005-07-08,7346.5546875
2005-07-11,7588.59326171875
2005-07-12,7702.49169921875
2005-07-13,7787.9150390625
2005-07-14,7787.9150390625
2005-07-15,7716.72900390625
2005-07-18,7816.3935546875
2005-07-19,7987.24462890625
2005-07-20,7944.5283203125
2005-07-21,8015.71728515625
2005-07-22,7859.1025390625
2005-07-25,7901.8173828125
2005-07-26,7844.86376953125
2005-07-27,7844.86376953125
2005-07-28,7973.00146484375
2005-07-29,8044.19482421875
2005-08-01,8101.1435546875
2005-08-02,8086.9091796875
2005-08-03,8086.9091796875
2005-08-04,8058.43115234375
2005-08-05,7873.3427734375
2005-08-08,7844.86376953125
2005-08-09,7830.62841796875
2005-08-10,7901.8173828125
2005-08-11,8072.6669921875
2005-08-12,8229.2822265625
2005-08-15,8229.2822265625
2005-08-16,8143.8564453125
2005-08-17,8143.8564453125
2005-08-18,7901.8173828125
2005-08-19,7873.3427734375
2005-08-22,8015.71728515625
2005-08-23,8001.478515625
2005-08-24,7916.05322265625
2005-08-25,7859.1025390625
2005-08-26,7816.3935546875
2005-08-29,7688.255859375
2005-08-30,7702.49169921875
2005-08-31,7745.2060546875
2005-09-01,7816.3935546875
2005-09-02,7887.58056640625
2005-09-05,7987.24462890625
2005-09-06,8101.1435546875
2005-09-07,8243.51953125
2005-09-08,8357.4150390625
2005-09-09,8385.89453125
2005-09-12,8385.89453125
2005-09-13,8627.931640625
2005-09-14,8727.591796875
2005-09-15,8642.1650390625
2005-09-16,8442.841796875
2005-09-19,8442.841796875
2005-09-20,8442.841796875
2005-09-21,8556.740234375
2005-09-22,8542.505859375
2005-09-23,8328.939453125
2005-09-26,8499.7939453125
2005-09-27,8442.841796875
2005-09-28,8514.029296875
2005-09-29,8442.841796875
2005-09-30,8371.6533203125
2005-10-03,8371.6533203125
2005-10-04,8585.216796875
2005-10-05,8556.740234375
2005-10-06,8357.4150390625
2005-10-07,8300.470703125
2005-10-10,8442.841796875
2005-10-11,8514.029296875
2005-10-12,8229.2822265625
2005-10-13,8044.19482421875
2005-10-14,8044.19482421875
2005-10-17,8015.71728515625
2005-10-18,8058.43115234375
2005-10-19,7859.1025390625
2005-10-20,7916.05322265625
2005-10-21,8029.953125
2005-10-24,8058.43115234375
2005-10-25,8044.19482421875
2005-10-26,8015.71728515625
2005-10-27,7944.5283203125
2005-10-28,7773.67822265625
2005-10-31,7873.3427734375
2005-11-01,8044.19482421875
2005-11-02,8186.56689453125
2005-11-03,8357.4150390625
2005-11-04,8528.265625
2005-11-07,8514.029296875
2005-11-08,8570.982421875
2005-11-09,8542.505859375
2005-11-10,8613.6923828125
2005-11-11,8798.77734375
2005-11-14,8912.6796875
2005-11-15,8827.25390625
2005-11-16,8969.6298828125
2005-11-17,8884.2060546875
2005-11-18,8912.6796875
2005-11-21,8798.77734375
2005-11-22,8428.603515625
2005-11-23,8642.1650390625
2005-11-24,8656.404296875
2005-11-25,8542.505859375
2005-11-28,8556.740234375
2005-11-29,8457.0810546875
2005-11-30,8542.505859375
2005-12-01,8613.6923828125
2005-12-02,8784.54296875
2005-12-05,8869.96875
2005-12-06,8969.6298828125
2005-12-07,9097.7666015625
2005-12-08,8998.10546875
2005-12-09,8841.494140625
2005-12-12,8798.77734375
2005-12-13,8827.25390625
2005-12-14,8699.1162109375
2005-12-15,8670.642578125
2005-12-16,8542.505859375
2005-12-19,8670.642578125
2005-12-20,8713.3564453125
2005-12-21,8941.1533203125
2005-12-22,9026.576171875
2005-12-23,9183.1962890625
2005-12-26,9311.3291015625
2005-12-27,9410.9921875
2005-12-28,9410.9921875
2005-12-29,9368.2802734375
2006-01-02,9396.7568359375
2006-01-03,9453.7060546875
2006-01-04,9923.544921875
2006-01-05,9667.2685546875
2006-01-06,9738.4580078125
2006-01-09,9781.166015625
2006-01-10,9980.4921875
2006-01-11,9738.4580078125
2006-01-12,9766.9326171875
2006-01-13,9852.3544921875
2006-01-16,10051.6796875
2006-01-17,9923.544921875
2006-01-18,9681.5029296875
2006-01-19,9823.8828125
2006-01-20,9781.166015625
2006-01-23,9752.693359375
2006-01-24,9923.544921875
2006-01-25,10122.8701171875
2006-01-26,10208.294921875
2006-01-27,10251.005859375
2006-01-31,10535.7548828125
2006-02-01,10379.1474609375
2006-02-02,10322.1943359375
2006-02-03,10023.2041015625
2006-02-06,10051.6796875
2006-02-07,10051.6796875
2006-02-08,9838.119140625
2006-02-09,9866.5947265625
2006-02-10,9781.166015625
2006-02-13,9610.3173828125
2006-02-14,9581.83984375
2006-02-15,9311.3291015625
2006-02-16,9354.0380859375
2006-02-17,9581.83984375
2006-02-20,9724.21875
2006-02-21,9581.83984375
2006-02-22,9539.1318359375
2006-02-23,9695.7451171875
2006-02-24,9638.794921875
2006-02-27,9838.119140625
2006-02-28,9781.166015625
2006-03-02,9866.5947265625
2006-03-03,9311.3291015625
2006-03-06,9368.2802734375
2006-03-07,8969.6298828125
2006-03-08,8869.96875
2006-03-09,8798.77734375
2006-03-10,8855.7333984375
2006-03-13,8998.10546875
2006-03-14,8884.2060546875
2006-03-15,8969.6298828125
2006-03-16,8998.10546875
2006-03-17,9069.296875
2006-03-20,9097.7666015625
2006-03-21,9026.576171875
2006-03-22,8741.830078125
2006-03-23,8656.404296875
2006-03-24,8670.642578125
2006-03-27,8898.44140625
2006-03-28,8941.1533203125
2006-03-29,8912.6796875
2006-03-30,8869.96875
2006-03-31,8969.6298828125
2006-04-03,9168.95703125
2006-04-04,9297.095703125
2006-04-05,9240.14453125
2006-04-06,9368.2802734375
2006-04-07,9311.3291015625
2006-04-10,9140.4814453125
2006-04-11,9040.8173828125
2006-04-12,8969.6298828125
2006-04-13,9069.296875
2006-04-14,9339.806640625
2006-04-17,9240.14453125
2006-04-18,9368.2802734375
2006-04-19,9467.94140625
2006-04-20,9439.4677734375
2006-04-21,9823.8828125
2006-04-24,9581.83984375
2006-04-25,9396.7568359375
2006-04-26,9510.654296875
2006-04-27,9453.7060546875
2006-04-28,9168.95703125
2006-05-02,9240.14453125
2006-05-03,9097.7666015625
2006-05-04,9197.431640625
2006-05-08,9325.5673828125
2006-05-09,9410.9921875
2006-05-10,9325.5673828125
2006-05-11,9439.4677734375
2006-05-12,9311.3291015625
2006-05-15,9254.3818359375
2006-05-16,9126.2392578125
2006-05-17,9325.5673828125
2006-05-18,9126.2392578125
2006-05-19,9083.5302734375
2006-05-22,9083.5302734375
2006-05-23,8969.6298828125
2006-05-24,8969.6298828125
2006-05-25,8756.0693359375
2006-05-26,8841.494140625
2006-05-29,8855.7333984375
2006-05-30,8727.591796875
2006-05-31,8855.7333984375
2006-06-01,8627.931640625
2006-06-02,8741.830078125
2006-06-05,8727.591796875
2006-06-07,8542.505859375
2006-06-08,8215.0390625
2006-06-09,8186.56689453125
2006-06-12,8172.33154296875
2006-06-13,7816.3935546875
2006-06-14,7873.3427734375
2006-06-15,7901.8173828125
2006-06-16,8129.615234375
2006-06-19,8044.19482421875
2006-06-20,7916.05322265625
2006-06-21,7930.2958984375
2006-06-22,8058.43115234375
2006-06-23,8086.9091796875
2006-06-26,8286.2314453125
2006-06-27,8300.470703125
2006-06-28,8257.7548828125
2006-06-29,8407.376953125
2006-06-30,8592.6240234375
2006-07-03,8621.125
2006-07-04,8564.1240234375
2006-07-05,8592.6240234375
2006-07-06,8521.375
2006-07-07,8564.1240234375
2006-07-10,8635.3759765625
2006-07-11,8663.8740234375
2006-07-12,8663.8740234375
2006-07-13,8549.876953125
2006-07-14,8321.8798828125
2006-07-18,8293.37890625
2006-07-19,8264.8798828125
2006-07-20,8521.375
2006-07-21,8464.3779296875
2006-07-24,8407.376953125
2006-07-25,8521.375
2006-07-26,8535.6240234375
2006-07-27,8606.87890625
2006-07-28,8564.1240234375
2006-07-31,8663.8740234375
2006-08-01,8621.125
2006-08-02,8663.8740234375
2006-08-03,8692.3759765625
2006-08-04,8763.625
2006-08-07,8635.3759765625
2006-08-08,8763.625
2006-08-09,8777.87109375
2006-08-10,8720.875
2006-08-11,8649.6220703125
2006-08-14,8621.125
2006-08-16,8806.369140625
2006-08-17,9176.8662109375
2006-08-18,9347.865234375
2006-08-21,9362.1103515625
2006-08-22,9376.36328125
2006-08-23,9205.3662109375
2006-08-24,9062.869140625
2006-08-25,9205.3662109375
2006-08-28,9162.615234375
2006-08-29,9390.6142578125
2006-08-30,9333.61328125
2006-08-31,9262.3671875
2006-09-01,9305.1171875
2006-09-04,9376.36328125
2006-09-05,9376.36328125
2006-09-06,9319.3642578125
2006-09-07,9248.1162109375
2006-09-08,9219.6162109375
2006-09-11,9062.869140625
2006-09-12,9005.8681640625
2006-09-13,9148.3681640625
2006-09-14,9333.61328125
2006-09-15,9347.865234375
2006-09-18,9590.107421875
2006-09-19,9575.8623046875
2006-09-20,9504.6123046875
2006-09-21,9476.1103515625
2006-09-22,9319.3642578125
2006-09-25,9305.1171875
2006-09-26,9276.619140625
2006-09-27,9447.6123046875
2006-09-28,9518.861328125
2006-09-29,9461.86328125
2006-10-02,9476.1103515625
2006-10-04,9233.869140625
2006-10-09,9048.6181640625
2006-10-10,9148.3681640625
2006-10-11,9134.11328125
2006-10-12,9105.6162109375
2006-10-13,9176.8662109375
2006-10-16,9262.3671875
2006-10-17,9219.6162109375
2006-10-18,9148.3681640625
2006-10-19,9062.869140625
2006-10-20,9005.8681640625
2006-10-23,8906.119140625
2006-10-24,8934.62109375
2006-10-25,8906.119140625
2006-10-26,8963.1220703125
2006-10-27,8834.8701171875
2006-10-30,8678.125
2006-10-31,8706.6220703125
2006-11-01,8763.625
2006-11-02,8749.3720703125
2006-11-03,8706.6220703125
2006-11-06,8621.125
2006-11-07,8678.125
2006-11-08,8763.625
2006-11-09,8991.6181640625
2006-11-10,8963.1220703125
2006-11-13,9119.8662109375
2006-11-14,9219.6162109375
2006-11-15,9433.361328125
2006-11-16,9362.1103515625
2006-11-17,9362.1103515625
2006-11-20,9290.865234375
2006-11-21,9262.3671875
2006-11-22,9404.8642578125
2006-11-23,9319.3642578125
2006-11-24,9290.865234375
2006-11-27,9148.3681640625
2006-11-28,9020.1201171875
2006-11-29,8991.6181640625
2006-11-30,9119.8662109375
2006-12-01,9119.8662109375
2006-12-04,9134.11328125
2006-12-05,9091.3671875
2006-12-06,9048.6181640625
2006-12-07,8920.3701171875
2006-12-08,8720.875
2006-12-11,8606.87890625
2006-12-12,8549.876953125
2006-12-13,8621.125
2006-12-14,8735.12109375
2006-12-15,8678.125
2006-12-18,8692.3759765625
2006-12-19,8678.125
2006-12-20,8792.12109375
2006-12-21,8792.12109375
2006-12-22,8706.6220703125
2006-12-26,8649.6220703125
2006-12-27,8822.0419921875
2006-12-28,8807.6728515625
2007-01-02,8994.458984375
2007-01-03,8822.0419921875
2007-01-04,8707.095703125
2007-01-05,8549.0458984375
2007-01-08,8390.9970703125
2007-01-09,8419.7353515625
2007-01-10,8304.791015625
2007-01-11,8376.630859375
2007-01-12,8707.095703125
2007-01-15,8793.3056640625
2007-01-16,8807.6728515625
2007-01-17,8649.625
2007-01-18,8534.6796875
2007-01-19,8405.3623046875
2007-01-22,8491.576171875
2007-01-23,8534.6796875
2007-01-24,8649.625
2007-01-25,8663.990234375
2007-01-26,8448.4697265625
2007-01-29,8304.791015625
2007-01-30,8405.3623046875
2007-01-31,8333.5263671875
2007-02-01,8319.1572265625
2007-02-02,8448.4697265625
2007-02-05,8419.7353515625
2007-02-06,8434.1015625
2007-02-07,8419.7353515625
2007-02-08,8376.630859375
2007-02-09,8376.630859375
2007-02-12,8218.5810546875
2007-02-13,8074.8984375
2007-02-14,8146.73876953125
2007-02-15,8261.6865234375
2007-02-16,8505.94140625
2007-02-20,8620.8896484375
2007-02-21,8707.095703125
2007-02-22,8649.625
2007-02-23,8505.94140625
2007-02-26,8376.630859375
2007-02-27,8347.89453125
2007-02-28,8189.84375
2007-03-01,8146.73876953125
2007-03-05,8118.00439453125
2007-03-06,8204.2080078125
2007-03-07,8189.84375
2007-03-08,8290.4189453125
2007-03-09,8434.1015625
2007-03-12,8649.625
2007-03-13,8620.8896484375
2007-03-14,8390.9970703125
2007-03-15,8419.7353515625
2007-03-16,8462.8408203125
2007-03-19,8434.1015625
2007-03-20,8319.1572265625
2007-03-21,8319.1572265625
2007-03-22,8362.2626953125
2007-03-23,8333.5263671875
2007-03-26,8390.9970703125
2007-03-27,8333.5263671875
2007-03-28,8218.5810546875
2007-03-29,8175.4765625
2007-03-30,8089.26611328125
2007-04-02,8132.37158203125
2007-04-03,8247.318359375
2007-04-04,8549.0458984375
2007-04-05,8520.3115234375
2007-04-06,8434.1015625
2007-04-09,8390.9970703125
2007-04-10,8304.791015625
2007-04-11,8606.517578125
2007-04-12,8678.3623046875
2007-04-13,8649.625
2007-04-16,8520.3115234375
2007-04-17,8520.3115234375
2007-04-18,8376.630859375
2007-04-19,8218.5810546875
2007-04-20,8232.9482421875
2007-04-23,8189.84375
2007-04-24,8204.2080078125
2007-04-25,8103.6328125
2007-04-26,8333.5263671875
2007-04-27,8333.5263671875
2007-04-30,8247.318359375
2007-05-02,8261.6865234375
2007-05-03,8247.318359375
2007-05-04,8276.05078125
2007-05-07,8434.1015625
2007-05-08,8362.2626953125
2007-05-09,8333.5263671875
2007-05-10,8261.6865234375
2007-05-11,8232.9482421875
2007-05-14,8247.318359375
2007-05-15,8232.9482421875
2007-05-16,8189.84375
2007-05-17,8132.37158203125
2007-05-18,7959.9541015625
2007-05-21,7931.2138671875
2007-05-22,8118.00439453125
2007-05-23,8074.8984375
2007-05-25,7931.2138671875
2007-05-28,7873.74072265625
2007-05-29,7715.6953125
2007-05-30,7643.8525390625
2007-05-31,7686.955078125
2007-06-01,7988.6884765625
2007-06-04,8218.5810546875
2007-06-05,8204.2080078125
2007-06-07,8175.4765625
2007-06-08,8218.5810546875
2007-06-11,8304.791015625
2007-06-12,8304.791015625
2007-06-13,8232.9482421875
2007-06-14,8347.89453125
2007-06-15,8247.318359375
2007-06-18,8462.8408203125
2007-06-19,8405.3623046875
2007-06-20,8290.4189453125
2007-06-21,8462.8408203125
2007-06-22,8491.576171875
2007-06-25,8448.4697265625
2007-06-26,8448.4697265625
2007-06-27,8347.89453125
2007-06-28,8311.9404296875
2007-06-29,8139.37451171875
2007-07-02,8139.37451171875
2007-07-03,8211.2763671875
2007-07-04,8311.9404296875
2007-07-05,8498.8876953125
2007-07-06,9016.58984375
2007-07-09,9246.6767578125
2007-07-10,9045.349609375
2007-07-11,9131.634765625
2007-07-12,9289.81640625
2007-07-13,9879.416015625
2007-07-16,9347.3408203125
2007-07-18,9203.5341796875
2007-07-19,9146.01171875
2007-07-20,9505.5263671875
2007-07-23,9462.3837890625
2007-07-24,9404.8623046875
2007-07-25,9318.5751953125
2007-07-26,9002.20703125
2007-07-27,8570.791015625
2007-07-30,8772.1181640625
2007-07-31,8829.6396484375
2007-08-01,8355.080078125
2007-08-02,8484.5078125
2007-08-03,8484.5078125
2007-08-06,8398.224609375
2007-08-07,8398.224609375
2007-08-08,8657.072265625
2007-08-09,8930.3037109375
2007-08-10,8671.4541015625
2007-08-13,8815.259765625
2007-08-14,8800.880859375
2007-08-16,8340.7021484375
2007-08-17,8225.6591796875
2007-08-20,8484.5078125
2007-08-21,8513.2685546875
2007-08-22,8542.029296875
2007-08-23,8613.9326171875
2007-08-24,8426.9833984375
2007-08-27,8297.5625
2007-08-28,8283.1806640625
2007-08-29,8081.8525390625
2007-08-30,8225.6591796875
2007-08-31,8498.8876953125
2007-09-03,8283.1806640625
2007-09-04,8268.8017578125
2007-09-05,8182.51904296875
2007-09-06,8268.8017578125
2007-09-07,8268.8017578125
2007-09-10,8096.232421875
2007-09-11,8153.75830078125
2007-09-12,8053.09375
2007-09-13,8081.8525390625
2007-09-14,7995.56982421875
2007-09-17,7837.3857421875
2007-09-18,7794.24658203125
2007-09-19,7938.05126953125
2007-09-20,7851.76708984375
2007-09-21,7679.19775390625
2007-09-27,8024.33203125
2007-09-28,8268.8017578125
2007-10-01,8240.037109375
2007-10-02,8326.3232421875
2007-10-04,8124.99658203125
2007-10-05,7952.4296875
2007-10-08,7923.6669921875
2007-10-09,7722.3427734375
2007-10-10,7938.05126953125
2007-10-11,7981.1875
2007-10-12,8009.9501953125
2007-10-15,7794.24658203125
2007-10-16,7405.97265625
2007-10-17,7405.97265625
2007-10-18,7506.62939453125
2007-10-19,7765.48291015625
2007-10-22,7506.62939453125
2007-10-23,7506.62939453125
2007-10-24,7377.20751953125
2007-10-25,7290.92236328125
2007-10-26,7650.4375
2007-10-29,7837.3857421875
2007-10-30,7823.00439453125
2007-10-31,7909.28515625
2007-11-01,7894.90673828125
2007-11-02,7765.48291015625
2007-11-05,7592.91650390625
2007-11-06,7880.52685546875
2007-11-07,8196.8974609375
2007-11-08,7707.9599609375
2007-11-09,7765.48291015625
2007-11-12,7650.4375
2007-11-13,7650.4375
2007-11-14,7866.14599609375
2007-11-15,8196.8974609375
2007-11-16,8009.9501953125
2007-11-19,7779.86279296875
2007-11-20,7636.0576171875
2007-11-21,7405.97265625
2007-11-22,7751.10302734375
2007-11-23,8009.9501953125
2007-11-26,8096.232421875
2007-11-27,7751.10302734375
2007-11-28,7823.00439453125
2007-11-29,8153.75830078125
2007-11-30,8124.99658203125
2007-12-03,8139.37451171875
2007-12-04,8268.8017578125
2007-12-05,8369.462890625
2007-12-06,8800.880859375
2007-12-07,8743.359375
2007-12-10,8829.6396484375
2007-12-11,8671.4541015625
2007-12-12,8599.5517578125
2007-12-13,8484.5078125
2007-12-14,8355.080078125
2007-12-17,8053.09375
2007-12-18,8053.09375
2007-12-20,8038.7109375
2007-12-21,8053.09375
2007-12-24,8311.9404296875
2007-12-26,8283.1806640625
2007-12-27,8305.03515625
2007-12-28,8101.05517578125
2008-01-02,7926.21044921875
2008-01-03,7955.3515625
2008-01-04,7853.35888671875
2008-01-07,7561.95361328125
2008-01-08,7518.24560546875
2008-01-09,7649.37451171875
2008-01-10,7518.24560546875
2008-01-11,7518.24560546875
2008-01-14,7649.37451171875
2008-01-15,7751.3671875
2008-01-16,7722.22705078125
2008-01-17,8159.333984375
2008-01-18,8261.326171875
2008-01-21,8217.6171875
2008-01-22,7809.6484375
2008-01-23,7867.9287109375
2008-01-24,8101.05517578125
2008-01-25,8173.90673828125
2008-01-28,7853.35888671875
2008-01-29,8130.193359375
2008-01-30,8319.6044921875
2008-01-31,8669.29296875
2008-02-01,8538.1591796875
2008-02-04,8916.98828125
2008-02-05,8931.5546875
2008-02-11,8509.01953125
2008-02-12,8348.7431640625
2008-02-13,8363.314453125
2008-02-14,8640.1513671875
2008-02-15,8538.1591796875
2008-02-18,8407.029296875
2008-02-19,8552.7294921875
2008-02-20,8421.5986328125
2008-02-21,8654.7236328125
2008-02-22,8479.87890625
2008-02-25,8465.3046875
2008-02-26,8319.6044921875
2008-02-27,8421.5986328125
2008-02-28,8450.740234375
2008-02-29,8159.333984375
2008-03-03,7999.06298828125
2008-03-04,8042.77392578125
2008-03-05,8188.47265625
2008-03-06,8188.47265625
2008-03-07,8013.630859375
2008-03-10,8071.9111328125
2008-03-11,8086.48095703125
2008-03-12,8159.333984375
2008-03-13,8013.630859375
2008-03-14,7969.92041015625
2008-03-17,8013.630859375
2008-03-18,8275.896484375
2008-03-19,8611.0078125
2008-03-20,8829.5654296875
2008-03-21,8844.1357421875
2008-03-24,8727.5732421875
2008-03-25,8887.8447265625
2008-03-26,8916.98828125
2008-03-27,8814.994140625
2008-03-28,8931.5546875
2008-03-31,9077.255859375
2008-04-01,9266.671875
2008-04-02,9630.9296875
2008-04-03,9645.4951171875
2008-04-04,9470.65625
2008-04-07,9470.65625
2008-04-08,9412.373046875
2008-04-10,9558.078125
2008-04-11,9907.7626953125
2008-04-14,9878.623046875
2008-04-15,9587.216796875
2008-04-16,9485.2265625
2008-04-17,9630.9296875
2008-04-18,9689.2119140625
2008-04-21,9820.3388671875
2008-04-22,9834.908203125
2008-04-23,9514.3662109375
2008-04-24,9630.9296875
2008-04-25,10053.4619140625
2008-04-28,10432.291015625
2008-04-29,10344.8701171875
2008-04-30,10359.439453125
2008-05-01,10359.439453125
2008-05-02,10650.841796875
2008-05-05,10650.841796875
2008-05-06,10854.828125
2008-05-07,10796.548828125
2008-05-08,10607.1337890625
2008-05-09,10330.298828125
2008-05-12,10330.298828125
2008-05-13,10709.126953125
2008-05-14,10752.8310546875
2008-05-15,11131.662109375
2008-05-16,11073.3818359375
2008-05-19,10607.1337890625
2008-05-20,10388.580078125
2008-05-21,10461.43359375
2008-05-22,10388.580078125
2008-05-23,10301.158203125
2008-05-26,9893.19140625
2008-05-27,10228.3017578125
2008-05-28,10082.60546875
2008-05-29,10636.2724609375
2008-05-30,10796.548828125
2008-06-02,10577.9951171875
2008-06-03,10257.4501953125
2008-06-04,10388.580078125
2008-06-05,10330.298828125
2008-06-06,10330.298828125
2008-06-09,9995.185546875
2008-06-10,9703.7783203125
2008-06-11,9922.3330078125
2008-06-12,9660.06640625
2008-06-13,9820.3388671875
2008-06-16,10068.0341796875
2008-06-17,10024.3232421875
2008-06-18,10257.4501953125
2008-06-19,9834.908203125
2008-06-20,9732.919921875
2008-06-23,9587.216796875
2008-06-24,9601.7841796875
2008-06-25,9543.50390625
2008-06-26,9689.2119140625
2008-06-27,9375.7109375
2008-06-30,9113.2509765625
2008-07-01,9273.64453125
2008-07-02,9186.15625
2008-07-03,9229.8994140625
2008-07-04,8982.021484375
2008-07-07,8952.857421875
2008-07-08,8646.65234375
2008-07-09,8384.1923828125
2008-07-10,8165.47314453125
2008-07-11,8282.123046875
2008-07-14,8267.5419921875
2008-07-15,8063.40576171875
2008-07-16,8180.05712890625
2008-07-17,8515.421875
2008-07-18,8486.259765625
2008-07-21,8734.1396484375
2008-07-22,8602.9091796875
2008-07-23,8559.1650390625
2008-07-24,8952.857421875
2008-07-25,8398.76953125
2008-07-28,8165.47314453125
2008-07-29,7932.17431640625
2008-07-30,7990.49755859375
2008-07-31,8223.7998046875
2008-08-01,8238.380859375
2008-08-04,8238.380859375
2008-08-05,8267.5419921875
2008-08-06,8559.1650390625
2008-08-07,8427.935546875
2008-08-08,8355.025390625
2008-08-11,8530.0048828125
2008-08-12,8675.8154296875
2008-08-13,8559.1650390625
2008-08-14,8457.0986328125
2008-08-15,8457.0986328125
2008-08-18,8442.5166015625
2008-08-19,8223.7998046875
2008-08-20,8165.47314453125
2008-08-21,8063.40576171875
2008-08-22,8121.7294921875
2008-08-25,8165.47314453125
2008-08-26,7873.8486328125
2008-08-27,7728.03759765625
2008-08-28,7596.80419921875
2008-08-29,7523.90234375
2008-09-01,7378.09033203125
2008-09-02,7538.48095703125
2008-09-03,7684.2939453125
2008-09-04,7494.7373046875
2008-09-05,7611.384765625
2008-09-08,7917.58935546875
2008-09-09,7815.5244140625
2008-09-10,7903.01171875
2008-09-11,7830.1064453125
2008-09-12,7917.58935546875
2008-09-15,7917.58935546875
2008-09-16,7655.1298828125
2008-09-17,7655.1298828125
2008-09-18,7538.48095703125
2008-09-19,8136.310546875
2008-09-22,8136.310546875
2008-09-23,8165.47314453125
2008-09-24,8223.7998046875
2008-09-25,8267.5419921875
2008-09-26,8063.40576171875
2008-09-29,7932.17431640625
2008-09-30,7859.26806640625
2008-10-01,7771.77880859375
2008-10-02,7698.87548828125
2008-10-03,7698.87548828125
2008-10-06,7538.48095703125
2008-10-07,7742.61767578125
2008-10-08,7698.87548828125
2008-10-09,7888.43115234375
2008-10-10,7596.80419921875
2008-10-13,7640.5478515625
2008-10-14,8165.47314453125
2008-10-15,7975.9169921875
2008-10-16,7348.92578125
2008-10-17,7305.18310546875
2008-10-20,7596.80419921875
2008-10-21,7567.6435546875
2008-10-22,7407.2509765625
2008-10-23,6889.61767578125
2008-10-24,5861.6435546875
2008-10-27,6386.56640625
2008-10-28,6758.384765625
2008-10-29,6926.07080078125
2008-10-30,7830.1064453125
2008-10-31,7684.2939453125
2008-11-03,7523.90234375
2008-11-04,7494.7373046875
2008-11-05,7509.3212890625
2008-11-06,7166.658203125
2008-11-07,7137.49609375
2008-11-10,6918.7802734375
2008-11-11,6860.45263671875
2008-11-12,7006.267578125
2008-11-13,6911.48974609375
2008-11-14,6751.09619140625
2008-11-17,6568.83154296875
2008-11-18,6342.82177734375
2008-11-19,6386.56640625
2008-11-20,6167.8505859375
2008-11-21,6474.052734375
2008-11-24,6415.7294921875
2008-11-25,6583.412109375
2008-11-26,6896.908203125
2008-11-27,7071.88330078125
2008-11-28,7086.4638671875
2008-12-01,6947.94580078125
2008-12-02,6619.8662109375
2008-12-03,6430.30859375
2008-12-04,6277.20654296875
2008-12-05,6226.1728515625
2008-12-08,6765.673828125
2008-12-09,6845.87646484375
2008-12-10,7013.55859375
2008-12-11,7035.4296875
2008-12-12,6714.64208984375
2008-12-15,6882.32666015625
2008-12-16,6663.60888671875
2008-12-17,6700.06396484375
2008-12-18,6824.00244140625
2008-12-19,7137.49609375
2008-12-22,7086.4638671875
2008-12-23,6656.31787109375
2008-12-24,6707.35302734375
2008-12-25,6707.35302734375
2008-12-26,6649.02783203125
2008-12-29,6693.25830078125
2008-12-30,6649.025390625
2008-12-31,6649.025390625
2009-01-02,6929.14453125
2009-01-05,7017.6005859375
2009-01-06,7341.94091796875
2009-01-07,7725.2529296875
2009-01-08,7489.37158203125
2009-01-09,7268.22705078125
2009-01-12,7216.625
2009-01-13,7246.111328125
2009-01-14,7216.625
2009-01-15,6774.34423828125
2009-01-16,6899.65771484375
2009-01-19,7002.85546875
2009-01-20,6840.6826171875
2009-01-21,6612.17138671875
2009-01-22,6796.45751953125
2009-01-23,6516.341796875
2009-01-28,7201.8857421875
2009-01-29,7349.3125
2009-01-30,7209.2568359375
2009-02-02,6980.74267578125
2009-02-03,7223.99853515625
2009-02-04,7636.7998046875
2009-02-05,7681.0263671875
2009-02-06,8034.8564453125
2009-02-09,7769.48388671875
2009-02-10,7666.28515625
2009-02-11,7563.0849609375
2009-02-12,7666.28515625
2009-02-13,7577.828125
2009-02-16,7430.3984375
2009-02-17,7231.36962890625
2009-02-18,7047.08349609375
2009-02-19,7083.94189453125
2009-02-20,6892.28564453125
2009-02-23,7150.287109375
2009-02-24,6892.28564453125
2009-02-25,7047.08349609375
2009-02-26,7032.34326171875
2009-02-27,7032.34326171875
2009-03-02,6811.1982421875
2009-03-03,7010.2265625
2009-03-04,7209.2568359375
2009-03-05,7415.65478515625
2009-03-06,7371.427734375
2009-03-09,7592.5732421875
2009-03-10,7430.3984375
2009-03-11,7739.99853515625
2009-03-12,7902.171875
2009-03-13,7784.22802734375
2009-03-16,7710.5146484375
2009-03-17,7872.68212890625
2009-03-18,7961.14208984375
2009-03-19,7975.8857421875
2009-03-20,7990.62939453125
2009-03-23,8108.56787109375
2009-03-24,8241.2548828125
2009-03-25,8197.02734375
2009-03-26,8403.4306640625
2009-03-27,8609.828125
2009-03-30,8359.2001953125
2009-03-31,8373.9423828125
2009-04-01,8403.4306640625
2009-04-02,8713.0263671875
2009-04-03,8742.5146484375
2009-04-06,8757.2568359375
2009-04-07,8609.828125
2009-04-08,8211.767578125
2009-04-09,8550.857421875
2009-04-10,8889.94140625
2009-04-13,8595.083984375
2009-04-14,8477.142578125
2009-04-15,8624.5703125
2009-04-16,8565.59765625
2009-04-17,8801.484375
2009-04-20,8727.7685546875
2009-04-21,8713.0263671875
2009-04-22,8978.3974609375
2009-04-23,9243.7734375
2009-04-24,8727.7685546875
2009-04-27,8624.5703125
2009-04-28,8477.142578125
2009-04-29,8639.3134765625
2009-04-30,8727.7685546875
2009-05-04,8580.34375
2009-05-06,8329.7138671875
2009-05-07,8344.453125
2009-05-08,8388.6884765625
2009-05-11,8300.2265625
2009-05-12,8270.7421875
2009-05-13,8255.9990234375
2009-05-14,8138.05859375
2009-05-15,8182.283203125
2009-05-18,8197.02734375
2009-05-19,8403.4306640625
2009-05-20,8491.8857421875
2009-05-21,8300.2265625
2009-05-22,8108.56787109375
2009-05-25,8034.8564453125
2009-05-26,7931.65869140625
2009-05-27,7887.42626953125
2009-05-28,8241.2548828125
2009-05-29,8226.5126953125
2009-06-01,8226.5126953125
2009-06-02,8197.02734375
2009-06-03,8138.05859375
2009-06-04,8182.283203125
2009-06-05,8388.6884765625
2009-06-08,8477.142578125
2009-06-09,8329.7138671875
2009-06-10,8654.056640625
2009-06-11,8624.5703125
2009-06-12,8609.828125
2009-06-15,8536.1142578125
2009-06-16,8329.7138671875
2009-06-17,8477.142578125
2009-06-18,8329.7138671875
2009-06-19,8285.4814453125
2009-06-22,8477.142578125
2009-06-23,8477.142578125
2009-06-24,8550.857421875
2009-06-25,8668.7978515625
2009-06-26,8786.7421875
2009-06-29,8823.6298828125
2009-06-30,8735.0986328125
2009-07-01,8897.404296875
2009-07-02,8882.6484375
2009-07-03,8867.8955078125
2009-07-06,9354.8203125
2009-07-07,9590.9033203125
2009-07-08,9664.6767578125
2009-07-09,9590.9033203125
2009-07-10,9517.125
2009-07-13,9148.2470703125
2009-07-14,9354.8203125
2009-07-15,9826.9853515625
2009-07-16,9945.025390625
2009-07-17,9886.0087890625
2009-07-20,10181.111328125
2009-07-21,10210.6240234375
2009-07-22,10151.6015625
2009-07-23,10004.05078125
2009-07-24,10077.826171875
2009-07-27,10313.9072265625
2009-07-28,10328.666015625
2009-07-29,10284.3984375
2009-07-30,10535.2333984375
2009-07-31,10682.787109375
2009-08-03,10549.9912109375
2009-08-04,10697.5439453125
2009-08-05,10815.583984375
2009-08-06,10549.9912109375
2009-08-07,10564.748046875
2009-08-10,10476.2177734375
2009-08-11,10402.44140625
2009-08-12,10225.37890625
2009-08-13,10358.1767578125
2009-08-14,10786.0751953125
2009-08-17,10520.4833984375
2009-08-18,10771.3193359375
2009-08-19,10889.3603515625
2009-08-20,10918.8720703125
2009-08-21,11169.712890625
2009-08-24,11553.34765625
2009-08-25,11435.30859375
2009-08-26,11464.8173828125
2009-08-27,11317.2646484375
2009-08-28,11273.0009765625
2009-08-31,11376.2841796875
2009-09-01,11789.4306640625
2009-09-02,11568.1015625
2009-09-03,11435.30859375
2009-09-04,11317.2646484375
2009-09-07,11405.7958984375
2009-09-08,11523.83984375
2009-09-09,11523.83984375
2009-09-10,11671.3896484375
2009-09-11,11700.900390625
2009-09-14,11273.0009765625
2009-09-15,11346.7734375
2009-09-16,11730.4111328125
2009-09-17,11951.7392578125
2009-09-18,11892.7197265625
2009-09-21,11774.673828125
2009-09-22,12173.0703125
2009-09-23,12099.294921875
2009-09-24,11848.4521484375
2009-09-25,11730.4111328125
2009-09-28,11745.1650390625
2009-09-29,11981.25
2009-09-30,12025.515625
2009-10-01,11686.14453125
2009-10-05,11022.1611328125
2009-10-06,10992.6494140625
2009-10-07,10653.2783203125
2009-10-08,10623.76953125
2009-10-09,11140.2021484375
2009-10-12,11051.673828125
2009-10-13,11169.712890625
2009-10-14,11346.7734375
2009-10-15,11435.30859375
2009-10-16,11007.4052734375
2009-10-19,11081.1787109375
2009-10-20,11095.9345703125
2009-10-21,10845.0986328125
2009-10-22,10712.2998046875
2009-10-23,10992.6494140625
2009-10-26,11110.689453125
2009-10-27,10948.3818359375
2009-10-28,10623.76953125
2009-10-29,10594.2568359375
2009-10-30,10668.0322265625
2009-11-02,10594.2568359375
2009-11-03,10756.5673828125
2009-11-04,10815.583984375
2009-11-05,10505.724609375
2009-11-06,10653.2783203125
2009-11-09,10682.787109375
2009-11-10,10727.0576171875
2009-11-11,10845.0986328125
2009-11-12,10623.76953125
2009-11-13,10535.2333984375
2009-11-16,10815.583984375
2009-11-17,10741.8125
2009-11-18,11066.427734375
2009-11-19,11199.220703125
2009-11-20,11140.2021484375
2009-11-23,11199.220703125
2009-11-24,10948.3818359375
2009-11-25,11051.673828125
2009-11-26,10963.134765625
2009-11-27,10505.724609375
2009-11-30,10623.76953125
2009-12-01,10874.607421875
2009-12-02,11022.1611328125
2009-12-03,11199.220703125
2009-12-04,11243.4892578125
2009-12-07,11376.2841796875
2009-12-08,11391.0400390625
2009-12-09,11479.5703125
2009-12-10,11627.1259765625
2009-12-11,11582.859375
2009-12-14,11494.330078125
2009-12-15,11464.8173828125
2009-12-16,11509.08203125
2009-12-17,11287.7568359375
2009-12-18,11405.7958984375
2009-12-21,11376.2841796875
2009-12-22,11523.83984375
2009-12-23,11568.1015625
2009-12-24,11656.6337890625
2009-12-28,11612.37109375
2009-12-29,11709.2021484375
2009-12-30,11902.8662109375
2010-01-04,12051.8369140625
2010-01-05,12245.5029296875
2010-01-06,12528.55078125
2010-01-07,12111.4248046875
2010-01-08,12230.60546875
2010-01-11,11873.0693359375
2010-01-12,12051.8369140625
2010-01-13,11873.0693359375
2010-01-14,12319.984375
2010-01-15,12543.443359375
2010-01-18,12558.3427734375
2010-01-19,12260.396484375
2010-01-20,12424.2685546875
2010-01-21,12662.6240234375
2010-01-22,12290.1962890625
2010-01-25,12543.443359375
2010-01-26,12141.220703125
2010-01-27,11917.7587890625
2010-01-28,12036.9345703125
2010-01-29,11679.4033203125
2010-02-01,11575.126953125
2010-02-02,11500.640625
2010-02-03,11575.126953125
2010-02-04,11560.2275390625
2010-02-05,11172.9052734375
2010-02-08,11143.107421875
2010-02-09,11336.76953125
2010-02-10,11247.3896484375
2010-02-11,11366.56640625
2010-02-12,11172.9052734375
2010-02-16,11262.28515625
2010-02-17,11604.923828125
2010-02-18,11545.3330078125
2010-02-19,11321.8779296875
2010-02-22,11515.537109375
2010-02-23,11426.1533203125
2010-02-24,11202.697265625
2010-02-25,10964.3427734375
2010-02-26,11083.5205078125
2010-03-02,11470.8447265625
2010-03-03,11485.744140625
2010-03-04,11336.76953125
2010-03-05,11545.3330078125
2010-03-08,11709.2021484375
2010-03-09,11709.2021484375
2010-03-10,11679.4033203125
2010-03-11,11590.0224609375
2010-03-12,11590.0224609375
2010-03-15,11441.052734375
2010-03-16,11396.3623046875
2010-03-17,11887.9677734375
2010-03-18,11873.0693359375
2010-03-19,11977.3505859375
2010-03-22,11932.6591796875
2010-03-23,12051.8369140625
2010-03-24,12200.8095703125
2010-03-25,12200.8095703125
2010-03-26,12215.70703125
2010-03-29,12185.912109375
2010-03-30,12126.3271484375
2010-03-31,12185.912109375
2010-04-01,12588.1357421875
2010-04-02,12766.9013671875
2010-04-05,12960.5634765625
2010-04-06,12945.666015625
2010-04-07,12796.6953125
2010-04-08,12856.28515625
2010-04-09,12752.0048828125
2010-04-12,12364.6806640625
2010-04-13,12334.8798828125
2010-04-14,12588.1357421875
2010-04-15,12737.109375
2010-04-16,12632.830078125
2010-04-19,12319.984375
2010-04-20,12334.8798828125
2010-04-21,12692.4169921875
2010-04-22,12528.55078125
2010-04-23,12364.6806640625
2010-04-26,12424.2685546875
2010-04-27,12439.1650390625
2010-04-28,12290.1962890625
2010-04-29,12290.1962890625
2010-04-30,12647.7265625
2010-05-03,12349.78125
2010-05-04,12424.2685546875
2010-05-06,12126.3271484375
2010-05-07,11828.37890625
2010-05-10,11962.4541015625
2010-05-11,11783.6865234375
2010-05-12,11753.8935546875
2010-05-13,12111.4248046875
2010-05-14,12066.734375
2010-05-17,11679.4033203125
2010-05-18,11798.5830078125
2010-05-19,11515.537109375
2010-05-20,11262.28515625
2010-05-24,11292.080078125
2010-05-25,11038.828125
2010-05-26,11172.9052734375
2010-05-27,11500.640625
2010-05-28,11590.0224609375
2010-05-31,11560.2275390625
2010-06-01,11441.052734375
2010-06-03,11575.126953125
2010-06-04,11813.4814453125
2010-06-07,11724.099609375
2010-06-08,11694.3037109375
2010-06-09,11470.8447265625
2010-06-10,11515.537109375
2010-06-11,11873.0693359375
2010-06-14,12022.04296875
2010-06-15,11887.9677734375
2010-06-16,12200.8095703125
2010-06-17,12171.013671875
2010-06-18,12245.5029296875
2010-06-21,12364.6806640625
2010-06-22,12156.119140625
2010-06-23,11992.2490234375
2010-06-24,12215.70703125
2010-06-25,11992.2490234375
2010-06-28,11858.1748046875
2010-06-29,11873.166015625
2010-06-30,11603.318359375
2010-07-01,11483.390625
2010-07-02,11498.3828125
2010-07-05,11498.3828125
2010-07-06,11618.3125
2010-07-07,11528.365234375
2010-07-08,11618.3125
2010-07-09,11933.1298828125
2010-07-12,12023.078125
2010-07-13,11933.1298828125
2010-07-14,12352.8876953125
2010-07-15,12292.9248046875
2010-07-16,12023.078125
2010-07-19,11918.140625
2010-07-20,11963.11328125
2010-07-21,12247.9501953125
2010-07-22,12113.0263671875
2010-07-23,12158.001953125
2010-07-26,12262.94140625
2010-07-27,12427.8447265625
2010-07-28,12547.7783203125
2010-07-29,12397.8603515625
2010-07-30,12143.01171875
2010-08-02,12143.01171875
2010-08-03,12217.966796875
2010-08-04,12083.0458984375
2010-08-05,12053.060546875
2010-08-06,12008.0869140625
2010-08-09,12023.078125
2010-08-10,11888.15625
2010-08-11,11678.27734375
2010-08-12,11483.390625
2010-08-13,11708.259765625
2010-08-16,11723.248046875
2010-08-17,11723.248046875
2010-08-18,11663.2880859375
2010-08-19,11828.1904296875
2010-08-20,11753.2333984375
2010-08-23,11843.1826171875
2010-08-24,11738.2412109375
2010-08-25,11573.3369140625
2010-08-26,11588.328125
2010-08-27,11483.390625
2010-08-30,11633.30078125
2010-08-31,11333.474609375
2010-09-01,11273.509765625
2010-09-02,11378.451171875
2010-09-03,11408.4326171875
2010-09-06,11693.2705078125
2010-09-07,11813.2001953125
2010-09-08,11558.3447265625
2010-09-09,11333.474609375
2010-09-10,11483.390625
2010-09-13,11543.35546875
2010-09-14,11393.4404296875
2010-09-15,11348.4697265625
2010-09-16,11348.4697265625
2010-09-17,11588.328125
2010-09-20,11693.2705078125
2010-09-24,11423.423828125
2010-09-27,11318.4833984375
2010-09-28,11168.568359375
2010-09-29,11573.3369140625
2010-09-30,11648.29296875
2010-10-01,11648.29296875
2010-10-04,11693.2705078125
2010-10-05,11588.328125
2010-10-06,11888.15625
2010-10-07,11543.35546875
2010-10-08,11363.4580078125
2010-10-11,11288.4990234375
2010-10-12,11183.5634765625
2010-10-13,11153.583984375
2010-10-14,11243.52734375
2010-10-15,11303.4931640625
2010-10-18,11258.5205078125
2010-10-19,11108.6064453125
2010-10-20,11168.568359375
2010-10-21,11468.400390625
2010-10-22,11648.29296875
2010-10-25,11558.3447265625
2010-10-26,11438.4150390625
2010-10-27,11288.4990234375
2010-10-28,11453.4091796875
2010-10-29,11168.568359375
2010-11-01,11198.5498046875
2010-11-02,11093.6123046875
2010-11-03,11093.6123046875
2010-11-04,11438.4150390625
2010-11-05,11633.30078125
2010-11-08,11663.2880859375
2010-11-09,11603.318359375
2010-11-10,11843.1826171875
2010-11-11,11498.3828125
2010-11-12,11663.2880859375
2010-11-15,12113.0263671875
2010-11-16,12158.001953125
2010-11-17,11918.140625
2010-11-18,11978.1064453125
2010-11-19,12262.94140625
2010-11-22,12712.68359375
2010-11-23,12592.7490234375
2010-11-24,12757.658203125
2010-11-25,12667.7099609375
2010-11-26,12547.7783203125
2010-11-29,12532.787109375
2010-11-30,12382.87109375
2010-12-01,12292.9248046875
2010-12-02,12877.58984375
2010-12-03,13402.28125
2010-12-06,13342.3232421875
2010-12-07,13507.224609375
2010-12-08,13312.333984375
2010-12-09,13747.087890625
2010-12-10,13777.0703125
2010-12-13,13941.97265625
2010-12-14,13926.9775390625
2010-12-15,13732.09375
2010-12-16,13657.1396484375
2010-12-17,13882.00390625
2010-12-20,13971.9560546875
2010-12-21,14031.919921875
2010-12-22,14076.8994140625
2010-12-23,14031.919921875
2010-12-24,13867.017578125
2010-12-27,13822.0439453125
2010-12-28,14061.9052734375
2010-12-29,14242.7685546875
2010-12-30,14303.052734375
2011-01-03,14438.6943359375
2011-01-04,14438.6943359375
2011-01-05,14197.55078125
2011-01-06,14016.6884765625
2011-01-07,13881.044921875
2011-01-10,13820.759765625
2011-01-11,13760.4736328125
2011-01-12,14016.6884765625
2011-01-13,13896.1171875
2011-01-14,14061.9052734375
2011-01-17,14303.052734375
2011-01-18,14604.4873046875
2011-01-19,15026.48828125
2011-01-20,14800.4208984375
2011-01-21,14634.6318359375
2011-01-24,14634.6318359375
2011-01-25,14694.919921875
2011-01-26,15041.5693359375
2011-01-27,14981.2783203125
2011-01-28,15222.42578125
2011-01-31,14785.349609375
2011-02-01,14815.486328125
2011-02-07,14649.701171875
2011-02-08,14483.912109375
2011-02-09,14468.84375
2011-02-10,14107.1181640625
2011-02-11,13790.6171875
2011-02-14,14363.3427734375
2011-02-15,14438.6943359375
2011-02-16,14242.7685546875
2011-02-17,14378.412109375
2011-02-18,14468.84375
2011-02-21,14287.9794921875
2011-02-22,14137.263671875
2011-02-23,14016.6884765625
2011-02-24,14001.61328125
2011-02-25,13956.3984375
2011-02-28,13911.189453125
2011-03-02,13835.830078125
2011-03-03,13911.189453125
2011-03-04,14242.7685546875
2011-03-07,13654.97265625
2011-03-08,13549.470703125
2011-03-09,13413.8251953125
2011-03-10,13052.1025390625
2011-03-11,12991.8115234375
2011-03-14,13564.5400390625
2011-03-15,12961.6708984375
2011-03-16,13353.53515625
2011-03-17,13413.8251953125
2011-03-18,13428.892578125
2011-03-21,13413.8251953125
2011-03-22,13187.7490234375
2011-03-23,13157.6015625
2011-03-24,13263.1044921875
2011-03-25,13715.255859375
2011-03-28,13805.6845703125
2011-03-29,13805.6845703125
2011-03-30,13956.3984375
2011-03-31,14046.8330078125
2011-04-01,14167.4072265625
2011-04-04,14242.7685546875
2011-04-05,14242.7685546875
2011-04-06,13911.189453125
2011-04-07,13700.185546875
2011-04-08,13534.4013671875
2011-04-11,13474.10546875
2011-04-12,13293.2470703125
2011-04-13,13579.6103515625
2011-04-14,13564.5400390625
2011-04-15,13383.67578125
2011-04-18,13067.169921875
2011-04-19,13187.7490234375
2011-04-20,13805.6845703125
2011-04-21,13986.544921875
2011-04-22,13624.8232421875
2011-04-25,13398.7509765625
2011-04-26,13519.326171875
2011-04-27,13926.2587890625
2011-04-28,13564.5400390625
2011-04-29,13459.0361328125
2011-05-02,14046.8330078125
2011-05-03,14137.263671875
2011-05-04,13790.6171875
2011-05-06,13549.470703125
2011-05-09,13428.892578125
2011-05-11,13443.9677734375
2011-05-12,13338.46484375
2011-05-13,13805.6845703125
2011-05-16,13579.6103515625
2011-05-17,13413.8251953125
2011-05-18,13459.0361328125
2011-05-19,13263.1044921875
2011-05-20,13293.2470703125
2011-05-23,13157.6015625
2011-05-24,13037.029296875
2011-05-25,12901.384765625
2011-05-26,13248.0302734375
2011-05-27,13428.892578125
2011-05-30,13323.388671875
2011-05-31,13594.6796875
2011-06-01,13730.3291015625
2011-06-02,13308.3212890625
2011-06-03,13338.46484375
2011-06-07,13368.607421875
2011-06-08,13217.888671875
2011-06-09,13037.029296875
2011-06-10,12826.02734375
2011-06-13,12856.171875
2011-06-14,13006.8857421875
2011-06-15,13037.029296875
2011-06-16,12780.8115234375
2011-06-17,12343.73046875
2011-06-20,12057.3662109375
2011-06-21,12268.373046875
2011-06-22,12449.2314453125
2011-06-23,12524.5908203125
2011-06-24,12841.095703125
2011-06-27,12584.876953125
2011-06-28,12539.6611328125
2011-06-29,12562.28515625
2011-06-30,12456.7177734375
2011-07-01,12894.0625
2011-07-04,13240.919921875
2011-07-05,13557.615234375
2011-07-06,13542.5361328125
2011-07-07,13271.080078125
2011-07-08,13346.486328125
2011-07-11,13044.8720703125
2011-07-12,12818.6572265625
2011-07-13,12713.091796875
2011-07-14,12532.1220703125
2011-07-15,12547.19921875
2011-07-18,12260.666015625
2011-07-19,12396.396484375
2011-07-20,12833.73828125
2011-07-21,12698.01171875
2011-07-22,12818.6572265625
2011-07-25,12773.4150390625
2011-07-26,12818.6572265625
2011-07-27,12743.2529296875
2011-07-28,12622.607421875
2011-07-29,12728.1708984375
2011-08-01,13120.2705078125
2011-08-02,12848.818359375
2011-08-03,12562.28515625
2011-08-04,12381.3134765625
2011-08-05,11898.7275390625
2011-08-08,11461.388671875
2011-08-09,10918.4814453125
2011-08-10,10858.1572265625
2011-08-11,10677.1865234375
2011-08-12,10662.1044921875
2011-08-16,11310.580078125
2011-08-17,11340.740234375
2011-08-18,10692.267578125
2011-08-19,10254.92578125
2011-08-22,10420.8125
2011-08-23,10903.396484375
2011-08-24,10677.1865234375
2011-08-25,10933.5576171875
2011-08-26,10948.6416015625
2011-08-29,11054.2080078125
2011-08-30,11189.9326171875
2011-08-31,11220.1005859375
2011-09-01,11627.2744140625
2011-09-02,11597.1162109375
2011-09-05,11024.0439453125
2011-09-06,10963.724609375
2011-09-07,11657.43359375
2011-09-08,12034.453125
2011-09-09,11763.0048828125
2011-09-14,11355.8212890625
2011-09-15,11627.2744140625
2011-09-16,12034.453125
2011-09-19,12185.2626953125
2011-09-20,12230.5068359375
2011-09-21,12260.666015625
2011-09-22,11913.8115234375
2011-09-23,11431.2265625
2011-09-26,11687.599609375
2011-09-27,12124.94140625
2011-09-28,12170.1806640625
2011-09-29,12622.607421875
2011-09-30,12667.8466796875
2011-10-04,12486.8779296875
2011-10-05,12698.01171875
2011-10-06,12894.0625
2011-10-07,12969.462890625
2011-10-10,13180.5947265625
2011-10-11,13286.1591796875
2011-10-12,13542.5361328125
2011-10-13,13421.8916015625
2011-10-14,13361.5625
2011-10-17,13421.8916015625
2011-10-18,13316.3232421875
2011-10-19,13361.5625
2011-10-20,13678.2578125
2011-10-21,13829.068359375
2011-10-24,14191.0048828125
2011-10-25,14251.328125
2011-10-26,14085.4404296875
2011-10-27,13934.6318359375
2011-10-28,14251.328125
2011-10-31,14598.1875
2011-11-01,14929.9599609375
2011-11-02,14643.4306640625
2011-11-03,14583.10546875
2011-11-04,15156.1728515625
2011-11-07,14975.203125
2011-11-08,14628.349609375
2011-11-09,14854.5615234375
2011-11-10,14100.5224609375
2011-11-11,14824.4013671875
2011-11-14,15020.4482421875
2011-11-15,15020.4482421875
2011-11-16,14703.7548828125
2011-11-17,14779.1494140625
2011-11-18,14522.78515625
2011-11-21,14326.736328125
2011-11-22,14522.78515625
2011-11-23,14100.5224609375
2011-11-24,14221.1708984375
2011-11-25,14281.49609375
2011-11-28,14748.99609375
2011-11-29,15156.1728515625
2011-11-30,15141.0947265625
2011-12-01,16196.7548828125
2011-12-02,15834.8115234375
2011-12-05,16076.1025390625
2011-12-06,15744.326171875
2011-12-07,15925.294921875
2011-12-08,16045.9482421875
2011-12-09,15880.05078125
2011-12-12,16347.55859375
2011-12-13,15834.8115234375
2011-12-14,15684.005859375
2011-12-15,15306.982421875
2011-12-16,15759.4033203125
2011-12-19,15186.3359375
2011-12-20,15261.74609375
2011-12-21,15940.376953125
2011-12-22,15864.9755859375
2011-12-23,16106.26171875
2011-12-26,16076.1025390625
2011-12-27,16181.66796875
2011-12-28,16075.6123046875
2011-12-29,16030.146484375
2012-01-02,16363.484375
2012-01-03,16742.26953125
2012-01-04,16363.484375
2012-01-05,15984.7001953125
2012-01-06,15757.4326171875
2012-01-09,15393.794921875
2012-01-10,15545.3173828125
2012-01-11,15469.5576171875
2012-01-12,15575.6083984375
2012-01-13,15848.3427734375
2012-01-16,15605.91796875
2012-01-17,15696.8232421875
2012-01-18,15605.91796875
2012-01-19,16242.279296875
2012-01-20,16742.26953125
2012-01-25,16878.6328125
2012-01-26,16863.486328125
2012-01-27,17045.30078125
2012-01-30,16893.787109375
2012-01-31,16772.568359375
2012-02-01,16348.3359375
2012-02-02,16363.484375
2012-02-03,16151.3662109375
2012-02-06,16272.580078125
2012-02-07,16560.453125
2012-02-08,16545.298828125
2012-02-09,16424.095703125
2012-02-10,16090.7548828125
2012-02-13,16408.94140625
2012-02-14,16363.484375
2012-02-15,17196.8125
2012-02-16,17196.8125
2012-02-17,17818.015625
2012-02-20,17802.865234375
2012-02-21,17878.625
2012-02-22,18136.1953125
2012-02-23,17575.591796875
2012-02-24,17878.625
2012-02-27,17742.2578125
2012-02-28,17954.37890625
2012-02-29,18272.5546875
2012-03-02,17908.92578125
2012-03-05,17787.712890625
2012-03-06,17878.625
2012-03-07,17757.4140625
2012-03-08,17878.625
2012-03-09,18636.1953125
2012-03-12,18333.169921875
2012-03-13,18499.828125
2012-03-14,18939.21875
2012-03-15,18939.21875
2012-03-16,18757.400390625
2012-03-19,19090.73046875
2012-03-20,19196.787109375
2012-03-21,18818.009765625
2012-03-22,19060.427734375
2012-03-23,19105.880859375
2012-03-26,19318.001953125
2012-03-27,19863.45703125
2012-03-28,19727.095703125
2012-03-29,19393.763671875
2012-03-30,19318.001953125
2012-04-02,19681.638671875
2012-04-03,20227.087890625
2012-04-04,19999.81640625
2012-04-05,20151.328125
2012-04-06,20181.630859375
2012-04-09,19954.36328125
2012-04-10,19863.45703125
2012-04-12,19287.69921875
2012-04-13,19211.943359375
2012-04-16,19075.580078125
2012-04-17,18924.0703125
2012-04-18,19590.724609375
2012-04-19,19802.841796875
2012-04-20,19424.0625
2012-04-23,19378.60546875
2012-04-24,19439.2109375
2012-04-25,19772.54296875
2012-04-26,20302.841796875
2012-04-27,20817.984375
2012-04-30,21060.41015625
2012-05-02,21363.447265625
2012-05-03,21227.078125
2012-05-04,20605.87109375
2012-05-07,20333.14453125
2012-05-08,20317.994140625
2012-05-09,20166.474609375
2012-05-10,20105.873046875
2012-05-11,19742.232421875
2012-05-14,19908.91015625
2012-05-15,19863.45703125
2012-05-16,18636.1953125
2012-05-17,18530.134765625
2012-05-18,17666.50390625
2012-05-21,18318.009765625
2012-05-22,18787.708984375
2012-05-23,18499.828125
2012-05-24,18560.43359375
2012-05-25,18560.43359375
2012-05-29,18757.400390625
2012-05-30,18575.58984375
2012-05-31,18348.314453125
2012-06-01,18681.64453125
2012-06-04,18121.044921875
2012-06-05,18227.1015625
2012-06-07,19166.4921875
2012-06-08,18893.76953125
2012-06-11,19211.943359375
2012-06-12,19014.974609375
2012-06-13,19257.400390625
2012-06-14,19105.880859375
2012-06-15,18439.21875
2012-06-18,18833.158203125
2012-06-19,18848.31640625
2012-06-20,18969.517578125
2012-06-21,18590.740234375
2012-06-22,17908.92578125
2012-06-25,17151.34765625
2012-06-26,17257.41796875
2012-06-27,17681.65625
2012-06-28,17704.390625
2012-06-29,18204.607421875
2012-07-02,17795.33984375
2012-07-03,17810.5
2012-07-04,18053.01953125
2012-07-05,17962.07421875
2012-07-06,17598.2890625
2012-07-09,17067.76171875
2012-07-10,17082.919921875
2012-07-11,16946.5
2012-07-12,16537.234375
2012-07-13,17264.814453125
2012-07-16,17461.8671875
2012-07-17,17704.390625
2012-07-18,17492.171875
2012-07-19,18113.654296875
2012-07-20,18053.01953125
2012-07-23,17613.4375
2012-07-24,17734.705078125
2012-07-25,17552.814453125
2012-07-26,17765.025390625
2012-07-27,18689.654296875
2012-07-30,19326.283203125
2012-07-31,19841.65234375
2012-08-01,19705.23046875
2012-08-02,19144.388671875
2012-08-03,18841.23046875
2012-08-06,19674.91796875
2012-08-07,19614.279296875
2012-08-08,20008.3828125
2012-08-09,20311.546875
2012-08-10,20432.8125
2012-08-13,20084.17578125
2012-08-14,20387.330078125
2012-08-16,20387.330078125
2012-08-17,19629.435546875
2012-08-20,19447.544921875
2012-08-21,19432.390625
2012-08-22,19159.546875
2012-08-23,19508.171875
2012-08-24,19326.283203125
2012-08-27,17886.28515625
2012-08-28,18113.654296875
2012-08-29,18644.181640625
2012-08-30,18416.814453125
2012-08-31,18689.654296875
2012-09-03,18462.28515625
2012-09-04,18462.28515625
2012-09-05,18022.7109375
2012-09-06,18128.81640625
2012-09-07,18947.3359375
2012-09-10,18947.3359375
2012-09-11,19038.28515625
2012-09-12,19614.279296875
2012-09-13,19720.392578125
2012-09-14,20250.912109375
2012-09-17,19932.599609375
2012-09-18,19932.599609375
2012-09-19,19917.4375
2012-09-20,19508.171875
2012-09-21,19735.55078125
2012-09-24,20114.490234375
2012-09-25,20114.490234375
2012-09-26,20084.17578125
2012-09-27,20281.23046875
2012-09-28,20402.490234375
2012-10-02,20751.126953125
2012-10-04,20720.810546875
2012-10-05,20766.279296875
2012-10-08,20811.7578125
2012-10-09,20796.6015625
2012-10-10,20084.17578125
2012-10-11,19765.86328125
2012-10-12,19644.599609375
2012-10-15,19705.23046875
2012-10-16,20159.966796875
2012-10-17,20250.912109375
2012-10-18,20266.076171875
2012-10-19,19735.55078125
2012-10-22,19932.599609375
2012-10-23,19902.283203125
2012-10-24,19705.23046875
2012-10-25,20038.708984375
2012-10-26,19508.171875
2012-10-29,19690.072265625
2012-10-30,19674.91796875
2012-10-31,19856.8046875
2012-11-01,19659.75390625
2012-11-02,20114.490234375
2012-11-05,20326.703125
2012-11-06,20447.9609375
2012-11-07,20645.01953125
2012-11-08,20463.123046875
2012-11-09,20326.703125
2012-11-12,20387.330078125
2012-11-13,20447.9609375
2012-11-14,20538.9140625
2012-11-15,20175.119140625
2012-11-16,19811.33203125
2012-11-19,20190.28125
2012-11-20,20675.337890625
2012-11-21,20978.494140625
2012-11-22,21478.701171875
2012-11-23,21781.86328125
2012-11-26,21281.650390625
2012-11-27,21463.54296875
2012-11-28,21418.072265625
2012-11-29,21433.228515625
2012-11-30,21311.962890625
2012-12-03,21675.755859375
2012-12-04,21675.755859375
2012-12-05,22054.701171875
2012-12-06,22039.54296875
2012-12-07,22433.646484375
2012-12-10,22600.380859375
2012-12-11,22373.015625
2012-12-12,22585.22265625
2012-12-13,23237.015625
2012-12-14,22964.173828125
2012-12-17,22782.271484375
2012-12-18,22964.173828125
2012-12-20,22782.271484375
2012-12-21,21857.638671875
2012-12-24,22342.697265625
2012-12-26,22282.06640625
2012-12-27,22792.4609375
2012-12-28,23188.58984375
2013-01-02,24011.310546875
2013-01-03,23508.53515625
2013-01-04,23234.294921875
2013-01-07,23158.119140625
2013-01-08,22853.41015625
2013-01-09,22853.41015625
2013-01-10,23310.474609375
2013-01-11,23356.1796875
2013-01-14,23645.65234375
2013-01-15,23036.2265625
2013-01-16,22731.51953125
2013-01-17,22381.099609375
2013-01-18,22548.693359375
2013-01-21,22152.56640625
2013-01-22,22548.693359375
2013-01-23,22442.041015625
2013-01-24,22137.330078125
2013-01-25,21588.84765625
2013-01-28,20903.25390625
2013-01-29,21466.9609375
2013-01-30,21939.265625
2013-01-31,22061.150390625
2013-02-01,21954.5
2013-02-04,21893.568359375
2013-02-05,21863.087890625
2013-02-06,21741.203125
2013-02-07,21634.552734375
2013-02-08,22274.453125
2013-02-12,22365.865234375
2013-02-13,22655.337890625
2013-02-14,22701.044921875
2013-02-15,22822.93359375
2013-02-18,22701.044921875
2013-02-19,22731.51953125
2013-02-20,23539.00390625
2013-02-21,23615.1796875
2013-02-22,23310.474609375
2013-02-25,23310.474609375
2013-02-26,23264.76953125
2013-02-27,23264.76953125
2013-02-28,23523.767578125
2013-03-04,23447.59375
2013-03-05,23615.1796875
2013-03-06,23767.541015625
2013-03-07,23158.119140625
2013-03-08,22838.16796875
2013-03-11,22975.2890625
2013-03-12,22761.982421875
2013-03-13,23264.76953125
2013-03-14,23158.119140625
2013-03-15,22548.693359375
2013-03-18,22015.443359375
2013-03-19,22472.513671875
2013-03-20,22243.982421875
2013-03-21,22198.275390625
2013-03-22,22167.80078125
2013-03-25,22777.224609375
2013-03-26,22990.529296875
2013-03-27,22914.34375
2013-03-28,23005.75390625
2013-03-29,23264.76953125
2013-04-01,23036.2265625
2013-04-02,23234.294921875
2013-04-03,23173.353515625
2013-04-04,22944.818359375
2013-04-05,22929.578125
2013-04-08,23158.119140625
2013-04-09,23280.0
2013-04-10,23173.353515625
2013-04-11,23462.828125
2013-04-12,23112.4140625
2013-04-15,23203.822265625
2013-04-16,23280.0
2013-04-17,23127.642578125
2013-04-18,22594.39453125
2013-04-19,22472.513671875
2013-04-22,22899.103515625
2013-04-23,22594.39453125
2013-04-24,22640.1015625
2013-04-25,22761.982421875
2013-04-26,22640.1015625
2013-04-29,22563.921875
2013-04-30,23158.119140625
2013-05-02,23280.0
2013-05-03,23386.650390625
2013-05-06,23066.705078125
2013-05-07,22746.75
2013-05-08,22670.5859375
2013-05-09,23081.9375
2013-05-10,22487.74609375
2013-05-13,22502.986328125
2013-05-14,22853.41015625
2013-05-15,22853.41015625
2013-05-16,22975.2890625
2013-05-20,22807.693359375
2013-05-21,22731.51953125
2013-05-22,22990.529296875
2013-05-23,22609.62890625
2013-05-24,22640.1015625
2013-05-27,22685.814453125
2013-05-28,22609.62890625
2013-05-29,23036.2265625
2013-05-30,23523.767578125
2013-05-31,23432.359375
2013-06-03,23340.943359375
2013-06-04,23462.828125
2013-06-05,23173.353515625
2013-06-07,21741.203125
2013-06-10,21710.728515625
2013-06-11,21162.25
2013-06-12,21101.310546875
2013-06-13,20674.705078125
2013-06-14,20857.54296875
2013-06-17,20811.8359375
2013-06-18,21131.77734375
2013-06-19,20857.54296875
2013-06-20,20248.115234375
2013-06-21,20187.171875
2013-06-24,20004.345703125
2013-06-25,19760.57421875
2013-06-26,19212.09375
2013-06-27,20408.560546875
2013-06-28,20454.287109375
2013-07-01,20210.421875
2013-07-02,20347.595703125
2013-07-03,19829.38671875
2013-07-04,20073.248046875
2013-07-05,19311.162109375
2013-07-08,18686.259765625
2013-07-09,18853.919921875
2013-07-10,19021.57421875
2013-07-11,19997.037109375
2013-07-12,19997.037109375
2013-07-15,20012.279296875
2013-07-16,19783.66015625
2013-07-17,20118.970703125
2013-07-18,19692.2109375
2013-07-19,19402.619140625
2013-07-22,19402.619140625
2013-07-23,19920.828125
2013-07-24,20042.763671875
2013-07-25,20042.763671875
2013-07-26,19859.861328125
2013-07-29,19555.03125
2013-07-30,19661.720703125
2013-07-31,19509.306640625
2013-08-01,19509.306640625
2013-08-02,19600.755859375
2013-08-05,19417.859375
2013-08-06,19113.02734375
2013-08-07,18625.291015625
2013-08-08,18549.080078125
2013-08-09,18747.224609375
2013-08-12,18777.708984375
2013-08-13,19661.720703125
2013-08-14,19814.138671875
2013-08-16,19737.927734375
2013-08-19,19600.755859375
2013-08-20,19341.64453125
2013-08-21,19143.505859375
2013-08-22,19128.263671875
2013-08-23,19737.927734375
2013-08-26,19814.138671875
2013-08-27,19875.107421875
2013-08-28,19951.31640625
2013-08-29,20484.771484375
2013-08-30,20850.572265625
2013-09-02,20591.462890625
2013-09-03,20378.083984375
2013-09-04,20423.8046875
2013-09-05,20804.845703125
2013-09-06,20865.81640625
2013-09-09,20926.783203125
2013-09-10,21277.3359375
2013-09-11,21368.787109375
2013-09-12,21490.7265625
2013-09-13,21429.751953125
2013-09-16,21719.33984375
2013-09-17,21124.921875
2013-09-23,20728.63671875
2013-09-24,20926.783203125
2013-09-25,20789.607421875
2013-09-26,20911.544921875
2013-09-27,20820.091796875
2013-09-30,20835.33203125
2013-10-01,21063.953125
2013-10-02,21612.654296875
2013-10-04,21612.654296875
2013-10-07,21887.0078125
2013-10-08,21795.552734375
2013-10-10,21795.552734375
2013-10-11,21993.69921875
2013-10-14,21917.484375
2013-10-15,22207.080078125
2013-10-16,22100.388671875
2013-10-17,22298.529296875
2013-10-18,22435.705078125
2013-10-21,22313.76171875
2013-10-22,22176.591796875
2013-10-23,21978.443359375
2013-10-24,22085.142578125
2013-10-25,22085.142578125
2013-10-28,22588.123046875
2013-10-29,22710.048828125
2013-10-30,22862.47265625
2013-10-31,22329.009765625
2013-11-01,22862.47265625
2013-11-04,22847.2265625
2013-11-05,22633.84375
2013-11-06,22115.625
2013-11-07,21902.251953125
2013-11-08,21490.7265625
2013-11-11,21765.072265625
2013-11-12,22191.833984375
2013-11-13,21627.896484375
2013-11-14,21704.107421875
2013-11-15,22283.287109375
2013-11-18,22466.18359375
2013-11-19,22694.814453125
2013-11-20,22405.21484375
2013-11-21,21947.966796875
2013-11-22,22100.388671875
2013-11-25,22329.009765625
2013-11-26,22542.390625
2013-11-27,22405.21484375
2013-11-28,22771.01171875
2013-11-29,22771.01171875
2013-12-02,22359.4921875
2013-12-03,22268.0390625
2013-12-04,21826.037109375
2013-12-05,21947.966796875
2013-12-06,21765.072265625
2013-12-09,22161.353515625
2013-12-10,21947.966796875
2013-12-11,21643.13671875
2013-12-12,21490.7265625
2013-12-13,21185.884765625
2013-12-16,21338.30859375
2013-12-17,21262.09765625
2013-12-18,21353.544921875
2013-12-19,21749.826171875
2013-12-20,21749.826171875
2013-12-23,21841.27734375
2013-12-24,21566.931640625
2013-12-26,21460.234375
2013-12-27,21487.9453125
2013-12-30,21118.517578125
2014-01-02,20148.796875
2014-01-03,19948.693359375
2014-01-06,20118.009765625
2014-01-07,20071.833984375
2014-01-08,19871.7265625
2014-01-09,19625.4453125
2014-01-10,19579.275390625
2014-01-13,19933.294921875
2014-01-14,20210.3671875
2014-01-15,19994.869140625
2014-01-16,20025.654296875
2014-01-17,19887.119140625
2014-01-20,20256.544921875
2014-01-21,20379.68359375
2014-01-22,20441.248046875
2014-01-23,19994.869140625
2014-01-24,20118.009765625
2014-01-27,19887.119140625
2014-01-28,19748.58984375
2014-01-29,19702.4140625
2014-02-03,19579.275390625
2014-02-04,19225.24609375
2014-02-05,19040.537109375
2014-02-06,19379.166015625
2014-02-07,19625.4453125
2014-02-10,19656.234375
2014-02-11,20179.580078125
2014-02-12,20118.009765625
2014-02-13,19979.47265625
2014-02-14,20025.654296875
2014-02-17,19779.375
2014-02-18,19933.294921875
2014-02-19,19856.33984375
2014-02-20,19794.765625
2014-02-21,20472.041015625
2014-02-24,20441.248046875
2014-02-25,20533.611328125
2014-02-26,20656.74609375
2014-02-27,20641.361328125
2014-02-28,20764.498046875
2014-03-03,20395.07421875
2014-03-04,20241.15625
2014-03-05,20472.041015625
2014-03-06,20410.46484375
2014-03-07,20610.5703125
2014-03-10,20318.111328125
2014-03-11,20348.896484375
2014-03-12,19917.91015625
2014-03-13,19856.33984375
2014-03-14,19625.4453125
2014-03-17,19486.916015625
2014-03-18,19671.630859375
2014-03-19,19533.095703125
2014-03-20,19425.34765625
2014-03-21,19594.66015625
2014-03-24,19594.66015625
2014-03-25,19194.46484375
2014-03-26,19779.375
2014-03-27,20518.21484375
2014-03-28,20549.001953125
2014-03-31,20672.140625
2014-04-01,20610.5703125
2014-04-02,20887.634765625
2014-04-03,21395.5859375
2014-04-04,21241.662109375
2014-04-07,21503.333984375
2014-04-08,21457.158203125
2014-04-09,21103.138671875
2014-04-10,21241.662109375
2014-04-11,21010.7734375
2014-04-14,21087.740234375
2014-04-15,21087.740234375
2014-04-16,21241.662109375
2014-04-17,21087.740234375
2014-04-18,21210.875
2014-04-21,21241.662109375
2014-04-22,21164.705078125
2014-04-23,21380.19140625
2014-04-24,21657.26171875
2014-04-25,21534.123046875
2014-04-28,21364.8046875
2014-04-29,20933.814453125
2014-04-30,20672.140625
2014-05-02,20718.314453125
2014-05-07,20687.533203125
2014-05-08,20779.888671875
2014-05-09,20549.001953125
2014-05-12,21364.8046875
2014-05-13,21549.513671875
2014-05-14,21780.400390625
2014-05-15,21703.439453125
2014-05-16,21980.5
2014-05-19,22288.3515625
2014-05-20,22334.533203125
2014-05-21,22180.60546875
2014-05-22,21949.71875
2014-05-23,21980.5
2014-05-26,21888.154296875
2014-05-27,21657.26171875
2014-05-28,22057.466796875
2014-05-29,22473.068359375
2014-05-30,22211.392578125
2014-06-02,22396.099609375
2014-06-03,22626.98828125
2014-06-05,22426.888671875
2014-06-09,21688.046875
2014-06-10,22103.642578125
2014-06-11,21888.154296875
2014-06-12,21749.619140625
2014-06-13,21041.5546875
2014-06-16,21149.31640625
2014-06-17,21149.31640625
2014-06-18,20903.025390625
2014-06-19,20364.296875
2014-06-20,20025.654296875
2014-06-23,20348.896484375
2014-06-24,20702.923828125
2014-06-25,20318.111328125
2014-06-26,20395.07421875
2014-06-27,20187.197265625
2014-06-30,20356.58203125
2014-07-01,20171.80078125
2014-07-02,20479.76953125
2014-07-03,20294.984375
2014-07-04,20110.2109375
2014-07-07,19894.6328125
2014-07-08,19940.828125
2014-07-09,20141.005859375
2014-07-10,20110.2109375
2014-07-11,19771.44140625
2014-07-14,19802.240234375
2014-07-15,20325.779296875
2014-07-16,20341.1796875
2014-07-17,20479.76953125
2014-07-18,20679.9453125
2014-07-21,20833.931640625
2014-07-22,20756.935546875
2014-07-23,20602.951171875
2014-07-24,20864.7265625
2014-07-25,20864.7265625
2014-07-28,20910.91796875
2014-07-29,21342.07421875
2014-07-30,21480.654296875
2014-07-31,20679.9453125
2014-08-01,19894.6328125
2014-08-04,20279.587890625
2014-08-05,20264.19140625
2014-08-06,20017.81640625
2014-08-07,19863.837890625
2014-08-08,19247.896484375
2014-08-11,19555.8671875
2014-08-12,19494.2734375
2014-08-13,19463.478515625
2014-08-14,19417.279296875
2014-08-18,19247.896484375
2014-08-19,19309.494140625
2014-08-20,19417.279296875
2014-08-21,19016.927734375
2014-08-22,19201.705078125
2014-08-25,18909.142578125
2014-08-26,18816.748046875
2014-08-27,18939.935546875
2014-08-28,19124.70703125
2014-08-29,19001.52734375
2014-09-01,18878.3359375
2014-09-02,18385.59375
2014-09-03,18308.607421875
2014-09-04,18631.96875
2014-09-05,18493.3828125
2014-09-11,18354.79296875
2014-09-12,18493.3828125
2014-09-15,18477.986328125
2014-09-16,18570.373046875
2014-09-17,18878.3359375
2014-09-18,18631.96875
2014-09-19,18631.96875
2014-09-22,18293.205078125
2014-09-23,17877.451171875
2014-09-24,17708.06640625
2014-09-25,17800.4609375
2014-09-26,18247.0078125
2014-09-29,18400.9921875
2014-09-30,18231.61328125
2014-10-01,17800.4609375
2014-10-02,17569.482421875
2014-10-06,17723.46484375
2014-10-07,17892.84375
2014-10-08,17400.1015625
2014-10-10,17015.14453125
2014-10-13,17061.337890625
2014-10-14,17353.904296875
2014-10-15,17323.109375
2014-10-16,17169.126953125
2014-10-17,16768.7734375
2014-10-20,17030.54296875
2014-10-21,16676.380859375
2014-10-22,16999.744140625
2014-10-23,16845.765625
2014-10-24,17122.931640625
2014-10-27,16861.162109375
2014-10-28,16799.564453125
2014-10-29,17400.1015625
2014-10-30,18185.419921875
2014-10-31,19155.51171875
2014-11-03,19016.927734375
2014-11-04,18739.75390625
2014-11-05,18508.78125
2014-11-06,18539.572265625
2014-11-07,18570.373046875
2014-11-10,19525.0703125
2014-11-11,18955.33203125
2014-11-12,18939.935546875
2014-11-13,18477.986328125
2014-11-14,18385.59375
2014-11-17,18554.98046875
2014-11-18,18785.94921875
2014-11-19,18755.158203125
2014-11-20,18631.96875
2014-11-21,18832.1484375
2014-11-24,18785.94921875
2014-11-25,18324.0
2014-11-26,18493.3828125
2014-11-27,19463.478515625
2014-11-28,19817.63671875
2014-12-01,19940.828125
2014-12-02,19940.828125
2014-12-03,19987.015625
2014-12-04,20017.81640625
2014-12-05,20048.619140625
2014-12-08,20310.388671875
2014-12-09,20772.33203125
2014-12-10,20279.587890625
2014-12-11,20094.8046875
2014-12-12,19802.240234375
2014-12-15,19602.05859375
2014-12-16,19694.45703125
2014-12-17,19494.2734375
2014-12-18,19494.2734375
2014-12-19,20448.96875
2014-12-22,20710.73828125
2014-12-23,20618.3515625
2014-12-24,20679.9453125
2014-12-26,20818.529296875
2014-12-29,20763.84375
2014-12-30,20732.599609375
2015-01-02,20779.470703125
2015-01-05,20826.3359375
2015-01-06,20232.640625
2015-01-07,20420.1328125
2015-01-08,20529.48828125
2015-01-09,20529.48828125
2015-01-12,20560.740234375
2015-01-13,20920.0859375
2015-01-14,21013.8203125
2015-01-15,20841.962890625
2015-01-16,20560.740234375
2015-01-19,20982.576171875
2015-01-20,21435.662109375
2015-01-21,21795.009765625
2015-01-22,21529.404296875
2015-01-23,21654.396484375
2015-01-26,21701.263671875
2015-01-27,21873.12109375
2015-01-28,21529.404296875
2015-01-29,21248.173828125
2015-01-30,21326.294921875
2015-02-02,21373.166015625
2015-02-03,21341.92578125
2015-02-04,21232.556640625
2015-02-05,21216.927734375
2015-02-06,21435.662109375
2015-02-09,21795.009765625
2015-02-10,21529.404296875
2015-02-11,21170.05859375
2015-02-12,20998.203125
2015-02-13,21263.802734375
2015-02-16,21466.912109375
2015-02-17,21513.77734375
2015-02-23,21357.544921875
2015-02-24,21357.544921875
2015-02-25,21545.03125
2015-02-26,21482.53515625
2015-02-27,21201.310546875
2015-03-02,22232.474609375
2015-03-03,22154.345703125
2015-03-04,22451.20703125
2015-03-05,22216.849609375
2015-03-06,22529.31640625
2015-03-09,22185.60546875
2015-03-10,22201.22265625
2015-03-11,23029.275390625
2015-03-12,22607.44140625
2015-03-13,22763.677734375
2015-03-16,22966.7890625
2015-03-17,23388.623046875
2015-03-18,23482.3671875
2015-03-19,22966.7890625
2015-03-20,22873.041015625
2015-03-23,22919.9140625
2015-03-24,23060.525390625
2015-03-25,23201.13671875
2015-03-26,22201.22265625
2015-03-27,22201.22265625
2015-03-30,22310.5859375
2015-03-31,22513.689453125
2015-04-01,22232.474609375
2015-04-02,22404.328125
2015-04-03,22404.328125
2015-04-06,22966.7890625
2015-04-07,22841.7890625
2015-04-08,23107.3984375
2015-04-09,23169.890625
2015-04-10,23279.259765625
2015-04-13,23107.3984375
2015-04-14,23029.275390625
2015-04-15,22591.818359375
2015-04-16,23076.146484375
2015-04-17,22654.30859375
2015-04-20,22341.830078125
2015-04-21,22560.568359375
2015-04-22,22826.1640625
2015-04-23,22669.931640625
2015-04-24,22029.37109375
2015-04-27,21795.009765625
2015-04-28,21341.92578125
2015-04-29,21638.775390625
2015-04-30,22029.37109375
2015-05-04,21873.12109375
2015-05-06,21279.431640625
2015-05-07,21404.41796875
2015-05-08,20904.458984375
2015-05-11,20873.208984375
2015-05-12,20795.09375
2015-05-13,20826.3359375
2015-05-14,20935.703125
2015-05-15,20716.9765625
2015-05-18,20623.232421875
2015-05-19,20904.458984375
2015-05-20,21341.92578125
2015-05-21,21123.19140625
2015-05-22,21091.94140625
2015-05-26,21279.431640625
2015-05-27,20529.48828125
2015-05-28,20451.375
2015-05-29,20420.1328125
2015-06-01,20170.14453125
2015-06-02,20357.62890625
2015-06-03,19888.919921875
2015-06-04,20888.833984375
2015-06-05,20951.33203125
2015-06-08,20529.48828125
2015-06-09,20029.533203125
2015-06-10,19717.060546875
2015-06-11,19638.94140625
2015-06-12,19951.41796875
2015-06-15,19842.046875
2015-06-16,19607.6953125
2015-06-17,19592.076171875
2015-06-18,19763.935546875
2015-06-19,19779.560546875
2015-06-22,20013.91796875
2015-06-23,20638.853515625
2015-06-24,20342.005859375
2015-06-25,19826.42578125
2015-06-26,19967.0390625
2015-06-29,20029.58984375
2015-06-30,19826.3125
2015-07-01,20248.490234375
2015-07-02,20311.03515625
2015-07-03,19826.3125
2015-07-06,19232.15625
2015-07-07,19388.515625
2015-07-08,19372.876953125
2015-07-09,19779.41015625
2015-07-10,19685.591796875
2015-07-13,19795.046875
2015-07-14,19153.9765625
2015-07-15,19310.330078125
2015-07-16,20045.220703125
2015-07-17,20404.84375
2015-07-20,19935.76953125
2015-07-21,19748.140625
2015-07-22,19591.77734375
2015-07-23,19294.693359375
2015-07-24,19216.517578125
2015-07-27,19232.15625
2015-07-28,19232.15625
2015-07-29,19748.140625
2015-07-30,18997.615234375
2015-07-31,18528.53515625
2015-08-03,18372.17578125
2015-08-04,18481.62890625
2015-08-05,18122.001953125
2015-08-06,17434.0234375
2015-08-07,17762.376953125
2015-08-10,17840.5546875
2015-08-11,18090.734375
2015-08-12,18043.822265625
2015-08-13,17824.919921875
2015-08-14,17824.919921875
2015-08-17,17262.037109375
2015-08-18,17684.1953125
2015-08-19,18043.822265625
2015-08-20,17809.283203125
2015-08-21,17215.119140625
2015-08-24,16871.13671875
2015-08-25,16871.13671875
2015-08-26,16683.498046875
2015-08-27,16683.498046875
2015-08-28,16902.40625
2015-08-31,17027.4921875
2015-09-01,16964.94140625
2015-09-02,17043.126953125
2015-09-03,17543.4765625
2015-09-04,17652.92578125
2015-09-07,17387.119140625
2015-09-08,17684.1953125
2015-09-09,17934.373046875
2015-09-10,17731.109375
2015-09-11,17434.0234375
2015-09-14,17574.75390625
2015-09-15,17559.11328125
2015-09-16,18012.55078125
2015-09-17,18090.734375
2015-09-18,18606.71875
2015-09-21,17981.283203125
2015-09-22,17903.107421875
2015-09-23,17684.1953125
2015-09-24,17606.01953125
2015-09-25,17387.119140625
2015-09-30,17731.109375
2015-10-01,17731.109375
2015-10-02,17496.5703125
2015-10-05,17434.0234375
2015-10-06,17996.9140625
2015-10-07,19560.501953125
2015-10-08,19857.58984375
2015-10-12,19701.23046875
2015-10-13,19576.146484375
2015-10-14,19607.416015625
2015-10-15,19841.955078125
2015-10-16,19779.41015625
2015-10-19,19638.68359375
2015-10-20,19795.046875
2015-10-21,19857.58984375
2015-10-22,20013.947265625
2015-10-23,20154.669921875
2015-10-26,20201.580078125
2015-10-27,20295.38671875
2015-10-28,20451.755859375
2015-10-29,20717.560546875
2015-10-30,21452.44921875
2015-11-02,21624.447265625
2015-11-03,21139.734375
2015-11-04,20795.744140625
2015-11-05,20983.375
2015-11-06,20920.828125
2015-11-09,21014.64453125
2015-11-10,20655.013671875
2015-11-11,20842.646484375
2015-11-12,20592.48046875
2015-11-13,20326.66796875
2015-11-16,19748.140625
2015-11-17,19857.58984375
2015-11-18,20029.58984375
2015-11-19,20154.669921875
2015-11-20,20092.125
2015-11-23,20045.220703125
2015-11-24,20311.03515625
2015-11-25,20311.03515625
2015-11-26,20873.923828125
2015-11-27,20748.8359375
2015-11-30,20076.498046875
2015-12-01,20655.013671875
2015-12-02,20326.66796875
2015-12-03,20170.306640625
2015-12-04,19841.955078125
2015-12-07,19732.498046875
2015-12-08,19732.498046875
2015-12-09,19748.140625
2015-12-10,20060.85546875
2015-12-11,20076.498046875
2015-12-14,19716.86328125
2015-12-15,19967.041015625
2015-12-16,20311.03515625
2015-12-17,20170.306640625
2015-12-18,19982.677734375
2015-12-21,20013.947265625
2015-12-22,20201.580078125
2015-12-23,20248.490234375
2015-12-24,20092.125
2015-12-28,19795.046875
2015-12-29,19922.142578125
2015-12-30,20017.4609375
2016-01-04,19143.685546875
2016-01-05,19191.341796875
2016-01-06,18667.07421875
2016-01-07,18476.43359375
2016-01-08,18603.529296875
2016-01-11,18301.67578125
2016-01-12,18206.359375
2016-01-13,18238.13671875
2016-01-14,18079.263671875
2016-01-15,17983.9375
2016-01-18,17888.619140625
2016-01-19,18603.529296875
2016-01-20,18079.263671875
2016-01-21,17968.05078125
2016-01-22,18555.873046875
2016-01-25,18460.544921875
2016-01-26,18063.380859375
2016-01-27,18667.07421875
2016-01-28,18190.4765625
2016-01-29,18269.90625
2016-02-01,18476.43359375
2016-02-02,18365.228515625
2016-02-03,18206.359375
2016-02-04,18365.228515625
2016-02-05,18492.3203125
2016-02-11,17952.169921875
2016-02-12,17952.169921875
2016-02-15,18333.44921875
2016-02-16,18555.873046875
2016-02-17,18825.943359375
2016-02-18,18857.71875
2016-02-19,18905.3828125
2016-02-22,18667.07421875
2016-02-23,18762.40234375
2016-02-24,18619.416015625
2016-02-25,18730.625
2016-02-26,18619.416015625
2016-02-29,18714.7421875
2016-03-02,19016.595703125
2016-03-03,19381.990234375
2016-03-04,19302.552734375
2016-03-07,19429.6484375
2016-03-08,18937.15625
2016-03-09,18968.93359375
2016-03-10,19461.423828125
2016-03-11,19842.708984375
2016-03-14,19938.02734375
2016-03-15,19906.25390625
2016-03-16,19953.912109375
2016-03-17,20065.125
2016-03-18,20223.98828125
2016-03-21,20128.66796875
2016-03-22,20160.4453125
2016-03-23,20319.314453125
2016-03-24,20366.974609375
2016-03-25,20462.294921875
2016-03-28,20557.615234375
2016-03-29,20494.068359375
2016-03-30,20780.033203125
2016-03-31,20843.580078125
2016-04-01,20319.314453125
2016-04-04,20732.369140625
2016-04-05,20017.4609375
2016-04-06,20414.6328125
2016-04-07,20160.4453125
2016-04-08,19795.044921875
2016-04-11,20112.783203125
2016-04-12,20255.767578125
2016-04-14,20652.9375
2016-04-15,20652.9375
2016-04-18,20637.0546875
2016-04-19,20462.294921875
2016-04-20,20637.0546875
2016-04-21,20557.615234375
2016-04-22,20335.19921875
2016-04-25,20351.091796875
2016-04-26,20589.3828125
2016-04-27,20652.9375
2016-04-28,20096.896484375
2016-04-29,19779.15625
2016-05-02,19858.59375
2016-05-03,20033.34765625
2016-05-04,20494.068359375
2016-05-09,20637.0546875
2016-05-10,20589.3828125
2016-05-11,20525.841796875
2016-05-12,20351.091796875
2016-05-13,19906.25390625
2016-05-16,19826.818359375
2016-05-17,20081.013671875
2016-05-18,20144.55078125
2016-05-19,20176.330078125
2016-05-20,20160.4453125
2016-05-23,20430.51953125
2016-05-24,20192.2109375
2016-05-25,20573.505859375
2016-05-26,20589.3828125
2016-05-27,20366.974609375
2016-05-30,20335.19921875
2016-05-31,20525.841796875
2016-06-01,21177.201171875
2016-06-02,21685.58203125
2016-06-03,21876.220703125
2016-06-07,22209.845703125
2016-06-08,22336.943359375
2016-06-09,22718.228515625
2016-06-10,22336.943359375
2016-06-13,21780.908203125
2016-06-14,21923.884765625
2016-06-15,22448.15234375
2016-06-16,22384.60546875
2016-06-17,22654.68359375
2016-06-20,22734.12109375
2016-06-21,23004.193359375
2016-06-22,22956.5390625
2016-06-23,22718.228515625
2016-06-24,22241.62109375
2016-06-27,22209.845703125
2016-06-28,22225.734375
2016-06-29,22193.94140625
2016-06-30,22654.986328125
2016-07-01,23306.81640625
2016-07-04,23306.81640625
2016-07-05,23354.515625
2016-07-06,22591.390625
2016-07-07,23052.443359375
2016-07-08,23211.431640625
2016-07-11,23672.47265625
2016-07-12,23275.021484375
2016-07-13,23545.2890625
2016-07-14,23847.35546875
2016-07-15,24133.5234375
2016-07-18,24371.994140625
2016-07-19,24371.994140625
2016-07-20,24483.287109375
2016-07-21,24530.98046875
2016-07-22,24101.73046875
2016-07-25,23879.150390625
2016-07-26,24324.302734375
2016-07-27,24276.607421875
2016-07-28,23958.642578125
2016-07-29,24467.390625
2016-08-01,24928.4375
2016-08-02,24610.46875
2016-08-03,24117.625
2016-08-04,24117.625
2016-08-05,24817.15625
2016-08-08,24944.33203125
2016-08-09,24912.5390625
2016-08-10,24499.1875
2016-08-11,24785.3515625
2016-08-12,24562.7734375
2016-08-16,24928.4375
2016-08-17,24896.642578125
2016-08-18,26073.115234375
2016-08-19,26629.548828125
2016-08-22,26470.56640625
2016-08-23,26820.328125
2016-08-24,26279.787109375
2016-08-25,26057.212890625
2016-08-26,25627.95703125
2016-08-29,26073.115234375
2016-08-30,26152.599609375
2016-08-31,25755.14453125
2016-09-01,25230.505859375
2016-09-02,25389.484375
2016-09-05,25532.5703125
2016-09-06,26120.802734375
2016-09-07,25771.044921875
2016-09-08,26057.212890625
2016-09-09,25039.724609375
2016-09-12,23290.921875
2016-09-13,24276.607421875
2016-09-19,24769.455078125
2016-09-20,25198.70703125
2016-09-21,25309.994140625
2016-09-22,25723.34375
2016-09-23,24976.12890625
2016-09-26,24928.4375
2016-09-27,24944.33203125
2016-09-28,24912.5390625
2016-09-29,25437.1796875
2016-09-30,25405.3828125
2016-10-04,25659.75390625
2016-10-05,25739.2421875
2016-10-06,26883.921875
2016-10-07,27122.396484375
2016-10-10,26709.03515625
2016-10-11,24562.7734375
2016-10-12,24403.791015625
2016-10-13,24753.556640625
2016-10-14,25071.5234375
2016-10-17,25278.201171875
2016-10-18,25262.30078125
2016-10-19,25834.634765625
2016-10-20,25755.14453125
2016-10-21,25262.30078125
2016-10-24,25564.369140625
2016-10-25,25389.484375
2016-10-26,24912.5390625
2016-10-27,25007.927734375
2016-10-28,25659.75390625
2016-10-31,26057.212890625
2016-11-01,26263.884765625
2016-11-02,26120.802734375
2016-11-03,25691.55078125
2016-11-04,25866.431640625
2016-11-07,26073.115234375
2016-11-08,26136.69921875
2016-11-09,25373.58984375
2016-11-10,26216.1953125
2016-11-11,25405.3828125
2016-11-14,24689.96484375
2016-11-15,24467.390625
2016-11-16,24769.455078125
2016-11-17,24928.4375
2016-11-18,25214.603515625
2016-11-21,25325.89453125
2016-11-22,26073.115234375
2016-11-23,26216.1953125
2016-11-24,26232.095703125
2016-11-25,26232.095703125
2016-11-28,26661.33984375
2016-11-29,26661.33984375
2016-11-30,27758.33203125
2016-12-01,27806.017578125
2016-12-02,27456.25
2016-12-05,27313.173828125
2016-12-06,27790.12109375
2016-12-07,28171.67578125
2016-12-08,28457.8515625
2016-12-09,28298.86328125
2016-12-12,27853.712890625
2016-12-13,28076.29296875
2016-12-14,28251.162109375
2016-12-15,27964.998046875
2016-12-16,28505.5390625
2016-12-19,28537.33203125
2016-12-20,28807.609375
2016-12-21,28696.3203125
2016-12-22,28759.912109375
2016-12-23,28330.658203125
2016-12-26,28585.03515625
2016-12-27,28600.927734375
2016-12-28,28867.318359375
2016-12-29,29093.3515625
2017-01-02,29141.7890625
2017-01-03,29448.5390625
2017-01-04,29190.23046875
2017-01-05,28705.873046875
2017-01-06,29222.513671875
2017-01-09,30045.900390625
2017-01-10,30062.0546875
2017-01-11,30901.58984375
2017-01-12,31321.37890625
2017-01-13,30239.6484375
2017-01-16,29593.8515625
2017-01-17,29836.025390625
2017-01-18,29819.8828125
2017-01-19,30255.798828125
2017-01-20,30029.759765625
2017-01-23,30724.009765625
2017-01-24,30804.73046875
2017-01-25,31805.7109375
2017-01-26,32209.333984375
2017-01-31,31854.15234375
2017-02-01,31579.69140625
2017-02-02,31773.423828125
2017-02-03,31854.15234375
2017-02-06,31934.884765625
2017-02-07,31337.517578125
2017-02-08,30998.47265625
2017-02-09,30998.47265625
2017-02-10,30966.166015625
2017-02-13,30643.279296875
2017-02-14,30336.515625
2017-02-15,30449.541015625
2017-02-16,30691.70703125
2017-02-17,30562.548828125
2017-02-20,31208.349609375
2017-02-21,31434.39453125
2017-02-22,31724.994140625
2017-02-23,31628.126953125
2017-02-24,30853.158203125
2017-02-27,30724.009765625
2017-02-28,31030.751953125
2017-03-02,32064.041015625
2017-03-03,31983.318359375
2017-03-06,32354.642578125
2017-03-07,32451.53125
2017-03-08,32451.53125
2017-03-09,32451.53125
2017-03-10,32435.375
2017-03-13,32774.42578125
2017-03-14,33387.92578125
2017-03-15,33420.21484375
2017-03-16,33775.41796875
2017-03-17,34227.484375
2017-03-20,33823.84375
2017-03-21,34356.62890625
2017-03-22,34275.90625
2017-03-23,33743.125
2017-03-24,33500.94140625
2017-03-27,33258.7734375
2017-03-28,33484.80859375
2017-03-29,33726.96484375
2017-03-30,34002.359375
2017-03-31,33370.58984375
2017-04-03,33564.9921875
2017-04-04,34083.3671875
2017-04-05,34131.96484375
2017-04-06,33888.97265625
2017-04-07,33694.5859375
2017-04-10,33969.96875
2017-04-11,33694.5859375
2017-04-12,33937.5703125
2017-04-13,34358.75
2017-04-14,34034.76171875
2017-04-17,33662.1875
2017-04-18,33613.58203125
2017-04-19,33127.59765625
2017-04-20,32625.42578125
2017-04-21,33014.21484375
2017-04-24,33402.99609375
2017-04-25,34585.55078125
2017-04-26,34666.53125
2017-04-27,35508.90625
2017-04-28,36140.6875
2017-05-02,36367.48046875
2017-05-04,36869.6484375
2017-05-08,38084.58984375
2017-05-10,36934.4375
2017-05-11,36853.4375
2017-05-12,37112.6484375
2017-05-15,37339.4296875
2017-05-16,37566.21875
2017-05-17,37533.8203125
2017-05-18,37209.8125
2017-05-19,36221.671875
2017-05-22,36529.45703125
2017-05-23,36383.671875
2017-05-24,36351.26171875
2017-05-25,36999.23828125
2017-05-26,37323.22265625
2017-05-29,36950.640625
2017-05-30,36156.87890625
2017-05-31,36205.47265625
2017-06-01,36189.2734375
2017-06-02,37226.02734375
2017-06-05,37209.8125
2017-06-07,36691.4609375
2017-06-08,36578.0546875
2017-06-09,37339.4296875
2017-06-12,36756.2421875
2017-06-13,36772.4609375
2017-06-14,36740.05859375
2017-06-15,36999.23828125
2017-06-16,36918.2578125
2017-06-19,37712.0078125
2017-06-20,38991.7578125
2017-06-21,38457.1796875
2017-06-22,38845.953125
2017-06-23,38570.578125
2017-06-26,39105.1484375
2017-06-27,39121.34375
2017-06-28,38635.36328125
2017-06-29,38944.0703125
2017-06-30,38619.12890625
2017-07-03,38359.1640625
2017-07-04,38180.45703125
2017-07-05,38651.6171875
2017-07-06,39041.5546875
2017-07-07,38879.07421875
2017-07-10,39528.9609375
2017-07-11,39805.14453125
2017-07-12,40520.02734375
2017-07-13,41072.421875
2017-07-14,41007.4296875
2017-07-17,41137.40625
2017-07-18,41299.87890625
2017-07-19,41218.6328125
2017-07-20,41592.32421875
2017-07-21,41494.84765625
2017-07-24,41316.125
2017-07-25,40617.5078125
2017-07-26,40487.5234375
2017-07-27,40455.03125
2017-07-28,38797.84375
2017-07-31,39155.2734375
2017-08-01,39480.2109375
2017-08-02,39805.14453125
2017-08-03,38814.09375
2017-08-04,38749.10546875
2017-08-07,38651.6171875
2017-08-08,38765.3359375
2017-08-09,37595.5703125
2017-08-10,37286.8671875
2017-08-11,36247.0625
2017-08-14,36555.7578125
2017-08-16,37530.5703125
2017-08-17,38212.9453125
2017-08-18,38099.21875
2017-08-21,38050.48828125
2017-08-22,38180.45703125
2017-08-23,38570.390625
2017-08-24,38602.8828125
2017-08-25,38196.69921875
2017-08-28,37449.33984375
2017-08-29,37433.08984375
2017-08-30,37530.5703125
2017-08-31,37628.0546875
2017-09-01,37758.03515625
2017-09-04,37400.59765625
2017-09-05,37985.484375
2017-09-06,38180.45703125
2017-09-07,39090.28515625
2017-09-08,39870.140625
2017-09-11,40455.03125
2017-09-12,40292.5703125
2017-09-13,40308.81640625
2017-09-14,40861.20703125
2017-09-15,40942.4375
2017-09-18,42632.14453125
2017-09-19,42339.6953125
2017-09-20,42420.92578125
2017-09-21,42892.08203125
2017-09-25,43558.21484375
2017-09-26,43558.21484375
2017-09-27,41982.2578125
2017-09-28,41754.19140625
2017-09-29,41770.4765625
2017-10-10,43008.58984375
2017-10-11,44507.375
2017-10-12,44637.703125
2017-10-13,43986.06640625
2017-10-16,43920.90625
2017-10-17,44637.703125
2017-10-18,44605.12109375
2017-10-19,43155.203125
2017-10-20,43855.73046875
2017-10-23,44230.42578125
2017-10-24,44018.6484375
2017-10-25,43904.60546875
2017-10-26,42682.77734375
2017-10-27,43236.68359375
2017-10-30,44018.6484375
2017-10-31,44865.78125
2017-11-01,46608.92578125
2017-11-02,46478.6171875
2017-11-03,45924.703125
2017-11-06,45924.703125
2017-11-07,45696.62890625
2017-11-08,46234.24609375
2017-11-09,45892.1328125
2017-11-10,45940.99609375
2017-11-13,45924.703125
2017-11-14,45550.00390625
2017-11-15,45077.5703125
2017-11-16,45435.9921875
2017-11-17,45468.5625
2017-11-20,44963.52734375
2017-11-21,45028.6875
2017-11-22,45582.6015625
2017-11-23,45044.984375
2017-11-24,45175.31640625
2017-11-27,42878.265625
2017-11-28,43399.58203125
2017-11-29,42845.6875
2017-11-30,41379.48046875
2017-12-01,41412.0703125
2017-12-04,41819.34375
2017-12-05,41754.19140625
2017-12-06,40744.13671875
2017-12-07,41330.59765625
2017-12-08,42356.95703125
2017-12-11,42177.75390625
2017-12-12,42438.41015625
2017-12-13,41803.05078125
2017-12-14,41591.265625
2017-12-15,41232.86328125
2017-12-18,41705.3203125
2017-12-19,41998.546875
2017-12-21,40027.31640625
2017-12-22,40483.47265625
2017-12-26,39261.640625
2017-12-27,40568.44140625
2017-12-28,41883.45703125
2018-01-02,41932.77734375
2018-01-03,42425.90625
2018-01-04,41982.0859375
2018-01-05,42836.8515625
2018-01-08,42754.66015625
2018-01-09,41423.20703125
2018-01-10,40141.05859375
2018-01-11,39647.91796875
2018-01-12,39615.04296875
2018-01-15,39894.4765625
2018-01-16,41094.4453125
2018-01-17,40782.12890625
2018-01-18,41012.2578125
2018-01-19,40535.5546875
2018-01-22,39647.91796875
2018-01-23,40404.0703125
2018-01-24,40552.0
2018-01-25,41308.140625
2018-01-26,41735.51171875
2018-01-29,42097.1484375
2018-01-30,40930.06640625
2018-01-31,41012.2578125
2018-02-01,40946.51171875
2018-02-02,39204.10546875
2018-02-05,39384.92578125
2018-02-06,38973.97265625
2018-02-07,37642.5234375
2018-02-08,37806.89453125
2018-02-09,36738.42578125
2018-02-12,37576.76171875
2018-02-13,39072.609375
2018-02-14,40272.56640625
2018-02-19,39762.984375
2018-02-20,38957.5390625
2018-02-21,38858.91796875
2018-02-22,38431.53125
2018-02-23,38809.59765625
2018-02-26,38941.1015625
2018-02-27,38941.1015625
2018-02-28,38678.08984375
2018-03-02,37823.3203125
2018-03-05,37149.37890625
2018-03-06,38645.2109375
2018-03-07,39960.23828125
2018-03-08,40436.93359375
2018-03-09,40880.75
2018-03-12,40880.75
2018-03-13,42458.78125
2018-03-14,42540.97265625
2018-03-15,42360.15625
2018-03-16,42031.40234375
2018-03-19,41702.63671875
2018-03-20,42080.70703125
2018-03-21,41965.65234375
2018-03-22,42557.3984375
2018-03-23,40864.3203125
2018-03-26,41324.58203125
2018-03-27,41078.01171875
2018-03-28,40025.984375
2018-03-29,40600.55859375
2018-03-30,40749.578125
2018-04-02,40186.6015625
2018-04-03,39838.875
2018-04-04,38845.3828125
2018-04-05,40352.18359375
2018-04-06,40070.6953125
2018-04-09,40733.0234375
2018-04-10,40468.09765625
2018-04-11,40451.5390625
2018-04-12,40567.4375
2018-04-13,41229.765625
2018-04-16,41676.83203125
2018-04-17,41378.7890625
2018-04-18,42521.296875
2018-04-19,43696.93359375
2018-04-20,42736.55078125
2018-04-23,42968.37109375
2018-04-24,41776.17578125
2018-04-25,41726.5078125
2018-04-26,43167.0625
2018-04-27,43879.06640625
2018-04-30,43879.06640625
2018-05-02,43879.06640625
2018-05-03,43879.06640625
2018-05-04,42968.37109375
2018-05-08,43547.90625
2018-05-09,42140.46484375
2018-05-10,42719.99609375
2018-05-11,42471.62109375
2018-05-14,41478.13671875
2018-05-15,40733.0234375
2018-05-16,41271.16796875
2018-05-17,40898.6015625
2018-05-18,40981.390625
2018-05-21,41395.34765625
2018-05-23,42885.5859375
2018-05-24,42554.41796875
2018-05-25,43630.69921875
2018-05-28,43299.54296875
2018-05-29,42471.62109375
2018-05-30,40981.390625
2018-05-31,41974.8828125
2018-06-01,42471.62109375
2018-06-04,42306.046875
2018-06-05,42471.62109375
2018-06-07,41892.08203125
2018-06-08,41105.5703125
2018-06-11,41312.55859375
2018-06-12,40898.6015625
2018-06-14,39905.1171875
2018-06-15,39449.75390625
2018-06-18,38580.4609375
2018-06-19,38911.625
2018-06-20,38911.625
2018-06-21,38953.01953125
2018-06-22,39118.59765625
2018-06-25,38621.85546875
2018-06-26,38911.625
2018-06-27,39698.140625
2018-06-28,39034.2265625
2018-06-29,38909.109375
2018-07-02,37991.640625
2018-07-03,38492.0859375
2018-07-04,38575.4765625
2018-07-05,38325.2578125
2018-07-06,37449.5
2018-07-09,38033.34765625
2018-07-10,38617.19140625
2018-07-11,38366.96484375
2018-07-12,37949.94921875
2018-07-13,38784.0078125
2018-07-16,38408.671875
2018-07-17,38241.86328125
2018-07-18,38825.71484375
2018-07-19,39117.625
2018-07-20,39576.3671875
2018-07-23,38784.0078125
2018-07-24,38492.0859375
2018-07-25,38492.0859375
2018-07-26,39117.625
2018-07-27,39117.625
2018-07-30,38784.0078125
2018-07-31,38575.4765625
2018-08-01,38825.71484375
2018-08-02,37991.640625
2018-08-03,38158.44921875
2018-08-06,38200.1640625
2018-08-07,38950.8125
2018-08-08,39034.2265625
2018-08-09,39117.625
2018-08-10,37866.53515625
2018-08-13,37574.609375
2018-08-14,37658.01953125
2018-08-16,36907.35546875
2018-08-17,36782.25
2018-08-20,36573.7421875
2018-08-21,37366.09375
2018-08-22,38450.3671875
2018-08-23,38533.78125
2018-08-24,38492.0859375
2018-08-27,38617.19140625
2018-08-28,38825.71484375
2018-08-29,39034.2265625
2018-08-30,39743.1640625
2018-08-31,40410.4375
2018-09-03,39576.3671875
2018-09-04,39743.1640625
2018-09-05,38867.40625
2018-09-06,38450.3671875
2018-09-07,37449.5
2018-09-10,37949.94921875
2018-09-11,37574.609375
2018-09-12,37157.57421875
2018-09-13,36740.546875
2018-09-14,38241.86328125
2018-09-17,37658.01953125
2018-09-18,37949.94921875
2018-09-19,38492.0859375
2018-09-20,39409.55078125
2018-09-21,39534.66796875
2018-09-27,39916.18359375
2018-09-28,39033.8125
2018-10-01,38949.78125
2018-10-02,38403.5625
2018-10-04,37563.2265625
2018-10-05,37563.2265625
2018-10-08,37773.3046875
2018-10-10,38067.41796875
2018-10-11,36218.67578125
2018-10-12,36974.984375
2018-10-15,36806.91015625
2018-10-16,36638.84375
2018-10-17,37101.0390625
2018-10-18,37017.0
2018-10-19,36890.94140625
2018-10-22,36596.8359375
2018-10-23,36176.671875
2018-10-24,35756.4921875
2018-10-25,34453.95703125
2018-10-26,34453.95703125
2018-10-29,34790.09765625
2018-10-30,35588.421875
2018-10-31,35630.4453125
2018-11-01,35420.35546875
2018-11-02,37101.0390625
2018-11-05,36806.91015625
2018-11-06,36764.8984375
2018-11-07,36974.984375
2018-11-08,37017.0
2018-11-09,37227.0859375
2018-11-12,37983.3984375
2018-11-13,37395.16015625
2018-11-14,37059.015625
2018-11-15,37185.0703125
2018-11-16,36974.984375
2018-11-19,36680.859375
2018-11-20,35966.5859375
2018-11-21,35378.328125
2018-11-22,35672.453125
2018-11-23,35630.4453125
2018-11-26,35798.49609375
2018-11-27,36176.671875
2018-11-28,36260.69921875
2018-11-29,36260.69921875
2018-11-30,35168.2578125
2018-12-03,36344.7265625
2018-12-04,35420.35546875
2018-12-05,34832.1171875
2018-12-06,34033.796875
2018-12-07,34411.953125
2018-12-10,33781.69140625
2018-12-11,33823.70703125
2018-12-12,33991.7734375
2018-12-13,33613.62890625
2018-12-14,32731.2578125
2018-12-17,32899.33203125
2018-12-18,32689.244140625
2018-12-19,32857.3125
2018-12-20,32479.16796875
2018-12-21,32479.16796875
2018-12-24,32605.21875
2018-12-26,32227.0546875
2018-12-27,32442.494140625
2018-12-28,32824.171875
2019-01-02,32866.57421875
2019-01-03,31891.185546875
2019-01-04,31763.958984375
2019-01-07,32866.57421875
2019-01-08,32315.26953125
2019-01-09,33587.53515625
2019-01-10,33757.16015625
2019-01-11,34350.8828125
2019-01-14,33969.2109375
2019-01-15,34859.78125
2019-01-16,35156.6328125
2019-01-17,35580.72265625
2019-01-18,35877.5859375
2019-01-21,36259.25
2019-01-22,35750.35546875
2019-01-23,35623.125
2019-01-24,36513.7109375
2019-01-25,37955.6015625
2019-01-28,38210.046875
2019-01-29,38591.734375
2019-01-30,39355.0859375
2019-01-31,39143.046875
2019-02-01,39312.6640625
2019-02-07,39185.453125
2019-02-08,37998.015625
2019-02-11,38167.63671875
2019-02-12,39058.22265625
2019-02-13,39185.453125
2019-02-14,40288.07421875
2019-02-15,39058.22265625
2019-02-18,39185.453125
2019-02-19,38973.40625
2019-02-20,39779.16796875
2019-02-21,39821.58203125
2019-02-22,39991.2109375
2019-02-25,40160.8359375
2019-02-26,39651.9453125
2019-02-27,39651.9453125
2019-02-28,38252.45703125
2019-03-04,38040.41796875
2019-03-05,37531.515625
2019-03-06,37319.46875
2019-03-07,37701.16015625
2019-03-08,37149.8359375
2019-03-11,37022.60546875
2019-03-12,37870.78125
2019-03-13,37192.2421875
2019-03-14,37192.2421875
2019-03-15,37489.11328125
2019-03-18,37065.0234375
2019-03-19,37234.65234375
2019-03-20,37361.875
2019-03-21,38888.59375
2019-03-22,39482.3125
2019-03-25,38591.734375
2019-03-26,38379.68359375
2019-03-27,38464.51171875
2019-03-28,38339.6953125
2019-03-29,38168.7265625
2019-04-01,38510.65625
2019-04-02,39109.05859375
2019-04-03,39835.66015625
2019-04-04,40134.8671875
2019-04-05,40049.3828125
2019-04-08,39878.40625
2019-04-09,39878.40625
2019-04-10,39921.1484375
2019-04-11,39536.46484375
2019-04-12,40049.3828125
2019-04-15,40220.33984375
2019-04-16,40391.3125
2019-04-17,40220.33984375
2019-04-18,38980.82421875
2019-04-19,38724.37109375
2019-04-22,38767.125
2019-04-23,38638.890625
2019-04-24,38254.2109375
2019-04-25,38168.7265625
2019-04-26,38339.6953125
2019-04-29,39450.99609375
2019-04-30,39194.546875
2019-05-02,39237.2734375
2019-05-03,38724.37109375
2019-05-07,38339.6953125
2019-05-08,37826.7890625
2019-05-09,36288.07421875
2019-05-10,36672.75390625
2019-05-13,36459.03515625
2019-05-14,36459.03515625
2019-05-15,36373.5546875
2019-05-16,35518.71875
2019-05-17,35219.51953125
2019-05-20,35903.3828125
2019-05-21,36886.46484375
2019-05-22,37185.6640625
2019-05-23,37484.8515625
2019-05-24,36501.77734375
2019-05-27,36459.03515625
2019-05-28,36373.5546875
2019-05-29,35732.41796875
2019-05-30,36373.5546875
2019-05-31,36330.8125
2019-06-03,37442.1015625
2019-06-04,37142.9140625
2019-06-05,37527.59375
2019-06-07,37784.05859375
2019-06-10,38296.9609375
2019-06-11,38339.6953125
2019-06-12,38125.98046875
2019-06-13,37399.359375
2019-06-14,37613.06640625
2019-06-17,37527.59375
2019-06-18,37912.2734375
2019-06-19,38767.125
2019-06-20,38895.3515625
2019-06-21,39066.3203125
2019-06-24,38895.3515625
2019-06-25,38980.82421875
2019-06-26,39066.3203125
2019-06-27,40060.5
2019-06-28,40491.2578125
2019-07-01,40146.6484375
2019-07-02,39845.1171875
2019-07-03,39112.8359375
2019-07-04,39629.73828125
2019-07-05,39328.20703125
2019-07-08,38251.31640625
2019-07-09,38854.37890625
2019-07-10,39242.05859375
2019-07-11,39802.046875
2019-07-12,39888.1953125
2019-07-15,40017.4140625
2019-07-16,40362.0234375
2019-07-17,39672.81640625
2019-07-18,39715.89453125
2019-07-19,40318.9609375
2019-07-22,40663.5625
2019-07-23,40749.70703125
2019-07-24,39974.34375
2019-07-25,40663.5625
2019-07-26,40620.48828125
2019-07-29,39715.89453125
2019-07-30,40103.58203125
2019-07-31,39069.75390625
2019-08-01,38940.53515625
2019-08-02,38725.15234375
2019-08-05,37863.625
2019-08-06,37475.95703125
2019-08-07,37217.4921875
2019-08-08,36743.66015625
2019-08-09,37174.42578125
2019-08-12,37648.25390625
2019-08-13,37045.19921875
2019-08-14,37648.25390625
2019-08-16,37820.55078125
2019-08-19,37562.1015625
2019-08-20,38294.39453125
2019-08-21,38337.4765625
2019-08-22,37949.78125
2019-08-23,37863.625
2019-08-26,37562.1015625
2019-08-27,37949.78125
2019-08-28,38035.94140625
2019-08-29,37389.796875
2019-08-30,37906.703125
2019-09-02,37734.41015625
2019-09-03,37260.5703125
2019-09-04,37992.86328125
2019-09-05,39371.2890625
2019-09-06,39888.1953125
2019-09-09,40405.10546875
2019-09-10,40491.2578125
2019-09-11,40620.48828125
2019-09-16,40577.4140625
2019-09-17,40405.10546875
2019-09-18,41094.32421875
2019-09-19,42343.51171875
2019-09-20,42386.58984375
2019-09-23,42472.74609375
2019-09-24,42645.05078125
2019-09-25,42128.1328125
2019-09-26,42386.58984375
2019-09-27,41999.56640625
2019-09-30,42563.61328125
2019-10-01,42390.05859375
2019-10-02,41305.359375
2019-10-04,41652.45703125
2019-10-07,41435.53125
2019-10-08,42433.4453125
2019-10-10,42129.73828125
2019-10-11,42650.390625
2019-10-14,43387.98828125
2019-10-15,43474.7578125
2019-10-16,43995.421875
2019-10-17,43821.87109375
2019-10-18,43301.2109375
2019-10-21,43648.3125
2019-10-22,44429.30078125
2019-10-23,44429.30078125
2019-10-24,43995.421875
2019-10-25,44168.96484375
2019-10-28,44516.07421875
2019-10-29,44342.51953125
2019-10-30,43735.09375
2019-10-31,43735.09375
2019-11-01,44429.30078125
2019-11-04,45383.8359375
2019-11-05,45730.93359375
2019-11-06,46251.58984375
2019-11-07,45904.49609375
2019-11-08,45210.2734375
2019-11-11,44776.39453125
2019-11-12,45644.16015625
2019-11-13,45557.37890625
2019-11-14,45817.7109375
2019-11-15,46598.69140625
2019-11-18,46425.140625
2019-11-19,46425.140625
2019-11-20,45123.5078125
2019-11-21,44255.74609375
2019-11-22,44776.39453125
2019-11-25,44949.953125
2019-11-26,44949.953125
2019-11-27,45297.05859375
2019-11-28,44516.07421875
2019-11-29,43648.3125
2019-12-02,43735.09375
2019-12-03,43301.2109375
2019-12-04,42910.70703125
2019-12-05,42954.11328125
2019-12-06,43735.09375
2019-12-09,44429.30078125
2019-12-10,44689.62109375
2019-12-11,45036.734375
2019-12-12,46251.58984375
2019-12-13,47466.44921875
2019-12-16,47466.44921875
2019-12-17,49201.96875
2019-12-18,48854.8671875
2019-12-19,48594.5390625
2019-12-20,48594.5390625
2019-12-23,48160.66796875
2019-12-24,47726.77734375
2019-12-26,48073.890625
2019-12-27,49343.734375
2019-12-30,48732.39453125
2020-01-02,48208.3828125
2020-01-03,48470.38671875
2020-01-06,48470.38671875
2020-01-07,48732.39453125
2020-01-08,49605.73046875
2020-01-09,51177.734375
2020-01-10,51963.74609375
2020-01-13,52400.41796875
2020-01-14,52400.41796875
2020-01-15,51527.06640625
2020-01-16,53011.7578125
2020-01-17,53535.76171875
2020-01-20,54496.421875
2020-01-21,53623.09375
2020-01-22,54409.1015625
2020-01-23,53099.08984375
2020-01-28,51352.41015625
2020-01-29,51614.40625
2020-01-30,49955.0625
2020-01-31,49256.38671875
2020-02-03,49955.0625
2020-02-04,51439.74609375
2020-02-05,51963.74609375
2020-02-06,53361.08984375
2020-02-07,52749.75
2020-02-10,52138.41015625
2020-02-11,52313.078125
2020-02-12,52837.08984375
2020-02-13,53011.7578125
2020-02-14,53972.43359375
2020-02-17,53710.421875
2020-02-18,52225.74609375
2020-02-19,52575.0859375
2020-02-20,52400.41796875
2020-02-21,51701.7421875
2020-02-24,49605.73046875
2020-02-25,50566.40625
2020-02-26,49343.734375
2020-02-27,48819.73046875
2020-02-28,47335.0390625
2020-03-02,48033.70703125
2020-03-03,48383.0546875
2020-03-04,50129.7265625
2020-03-05,50479.07421875
2020-03-06,49343.734375
2020-03-09,49343.734375
2020-03-10,47684.3828125
2020-03-11,45501.0234375
2020-03-12,45501.0234375
2020-03-13,43623.33984375
2020-03-16,42706.3359375
2020-03-17,41308.9921875
2020-03-18,39824.31640625
2020-03-19,37509.96484375
2020-03-20,39649.6484375
2020-03-23,37116.96875
2020-03-24,41003.328125
2020-03-25,42488.00390625
2020-03-26,41745.671875
2020-03-27,42182.3359375
2020-03-30,42097.875
2020-03-31,42009.8984375
2020-04-01,40294.3046875
2020-04-02,41174.09765625
2020-04-03,41350.06640625
2020-04-06,42845.6953125
2020-04-07,43637.49609375
2020-04-08,42757.7109375
2020-04-09,43197.61328125
2020-04-10,43329.578125
2020-04-13,42493.78125
2020-04-14,43109.63671875
2020-04-16,43109.63671875
2020-04-17,45221.125
2020-04-20,44077.40625
2020-04-21,43329.578125
2020-04-22,43857.44921875
2020-04-23,43857.44921875
2020-04-24,43417.5546875
2020-04-27,43857.44921875
2020-04-28,44077.40625
2020-04-29,43989.42578125
2020-05-04,42669.734375
2020-05-06,43285.59375
2020-05-07,42933.67578125
2020-05-08,42933.67578125
2020-05-11,42581.7578125
2020-05-12,42141.87109375
2020-05-13,42713.73828125
2020-05-14,42229.84375
2020-05-15,42097.875
2020-05-18,42933.67578125
2020-05-19,44253.35546875
2020-05-20,43989.42578125
2020-05-21,43945.43359375
2020-05-22,42889.6796875
2020-05-25,42977.6640625
2020-05-26,43329.578125
2020-05-27,43901.4453125
2020-05-28,44341.33203125
2020-05-29,44605.27734375
2020-06-01,45045.171875
2020-06-02,45221.125
2020-06-03,47948.48046875
2020-06-04,48036.44921875
2020-06-05,48828.265625
2020-06-08,48300.3828125
2020-06-09,48828.265625
2020-06-10,48740.26953125
2020-06-11,47772.5078125
2020-06-12,46012.94140625
2020-06-15,43901.4453125
2020-06-16,45836.9765625
2020-06-17,45924.9609375
2020-06-18,46012.94140625
2020-06-19,46540.8125
2020-06-22,45749.0
2020-06-23,45221.125
2020-06-24,46540.8125
2020-06-25,45661.0234375
2020-06-26,46892.71875
2020-06-29,46409.14453125
2020-06-30,46763.4140625
2020-07-01,46586.27734375
2020-07-02,46851.984375
2020-07-03,47471.953125
2020-07-06,48711.8828125
2020-07-07,47294.8203125
2020-07-08,46940.55078125
2020-07-09,46763.4140625
2020-07-10,46674.84375
2020-07-13,47294.8203125
2020-07-14,47649.08203125
2020-07-15,48446.1875
2020-07-16,47649.08203125
2020-07-17,48180.4921875
2020-07-20,48003.35546875
2020-07-21,48977.59375
2020-07-22,48446.1875
2020-07-23,47914.78125
2020-07-24,48003.35546875
2020-07-27,49243.29296875
2020-07-28,51900.30078125
2020-07-29,52254.56640625
2020-07-30,52254.56640625
2020-07-31,51280.33984375
2020-08-03,50306.09765625
2020-08-04,50748.93359375
2020-08-05,50394.6640625
2020-08-06,51368.90234375
2020-08-07,50926.0625
2020-08-10,51191.7734375
2020-08-11,51546.0390625
2020-08-12,52254.56640625
2020-08-13,51988.87109375
2020-08-14,51368.90234375
2020-08-18,51723.16796875
2020-08-19,51191.7734375
2020-08-20,49066.15625
2020-08-21,49509.00390625
2020-08-24,49686.12109375
2020-08-25,49951.828125
2020-08-26,49951.828125
2020-08-27,49243.29296875
2020-08-28,49066.15625
2020-08-31,47826.22265625
2020-09-01,48003.35546875
2020-09-02,48180.4921875
2020-09-03,49951.828125
2020-09-04,49243.29296875
2020-09-07,50040.40234375
2020-09-08,51988.87109375
2020-09-09,51723.16796875
2020-09-10,52431.703125
2020-09-11,52254.56640625
2020-09-14,53494.5078125
2020-09-15,54025.91015625
2020-09-16,54025.91015625
2020-09-17,52697.4140625
2020-09-18,52520.26953125
2020-09-21,52431.703125
2020-09-22,51546.0390625
2020-09-23,51900.30078125
2020-09-24,51191.7734375
2020-09-25,51280.33984375
2020-09-28,51863.1328125
2020-09-29,51863.1328125
2020-10-05,52308.68359375
2020-10-06,52576.015625
2020-10-07,53378.03125
2020-10-08,53199.8046875
2020-10-12,53823.5859375
2020-10-13,54269.1484375
2020-10-14,54269.1484375
2020-10-15,53467.14453125
2020-10-16,53021.58984375
2020-10-19,53467.14453125
2020-10-20,54269.1484375
2020-10-21,54269.1484375
2020-10-22,53556.2578125
2020-10-23,53645.37109375
2020-10-26,53823.5859375
2020-10-27,53288.92578125
2020-10-28,52576.015625
2020-10-29,51774.015625
2020-10-30,50437.3359375
2020-11-02,51150.23046875
2020-11-03,52397.80859375
2020-11-04,52130.4609375
2020-11-05,53734.4765625
2020-11-06,53556.2578125
2020-11-09,53645.37109375
2020-11-10,53645.37109375
2020-11-11,54625.59765625
2020-11-12,54358.2578125
2020-11-13,56318.71875
2020-11-16,59081.1875
2020-11-17,58546.515625
2020-11-18,57744.51171875
2020-11-19,57566.29296875
2020-11-20,57655.40625
2020-11-23,60150.546875
2020-11-24,60328.74609375
2020-11-25,59348.52734375
2020-11-26,60596.09375
2020-11-27,60774.33203125
2020-11-30,59437.64453125
2020-12-01,60417.859375
2020-12-02,61932.7734375
2020-12-03,62110.99609375
2020-12-04,63715.0
2020-12-07,64962.5625
2020-12-08,63893.234375
2020-12-09,65853.6953125
2020-12-10,64962.5625
2020-12-11,65408.16015625
2020-12-14,65764.5703125
2020-12-15,65764.5703125
2020-12-16,65764.5703125
2020-12-17,65319.03515625
2020-12-18,65051.68359375
2020-12-21,65051.68359375
2020-12-22,64427.90625
2020-12-23,65853.6953125
2020-12-24,69329.0625
2020-12-28,70131.0625
2020-12-29,71530.625
2020-12-30,73997.2109375
2021-01-04,75824.3046875
2021-01-05,76646.4765625
2021-01-06,75093.4453125
2021-01-07,75732.9296875
2021-01-08,81122.84375
2021-01-11,83132.65625
2021-01-12,82767.2265625
2021-01-13,81945.0625
2021-01-14,81945.0625
2021-01-15,80392.0234375
2021-01-18,77651.375
2021-01-19,79478.4609375
2021-01-20,79661.1796875
2021-01-21,80483.3515625
2021-01-22,79295.7578125
2021-01-25,81670.984375
2021-01-26,79204.3984375
2021-01-27,78199.515625
2021-01-28,76463.7734375
2021-01-29,74910.7421875
2021-02-01,75824.3046875
2021-02-02,77103.2734375
2021-02-03,77285.953125
2021-02-04,75367.515625
2021-02-05,76281.0625
2021-02-08,75824.3046875
2021-02-09,75550.2265625
2021-02-10,74545.328125
2021-02-15,76920.546875
2021-02-16,77560.03125
2021-02-17,76006.9921875
2021-02-18,75002.0859375
2021-02-19,75458.84375
2021-02-22,75093.4453125
2021-02-23,74910.7421875
2021-02-24,74910.7421875
2021-02-25,77925.4375
2021-02-26,75367.515625
2021-03-02,76372.4140625
2021-03-03,76737.8125
2021-03-04,75276.15625
2021-03-05,75002.0859375
2021-03-08,74910.7421875
2021-03-09,74362.6171875
2021-03-10,73905.8359375
2021-03-11,74910.7421875
2021-03-12,75641.578125
2021-03-15,74728.03125
2021-03-16,75641.578125
2021-03-17,75184.8125
2021-03-18,75732.9296875
2021-03-19,74819.3984375
2021-03-22,74910.7421875
2021-03-23,74728.03125
2021-03-24,73997.2109375
2021-03-25,74179.8984375
2021-03-26,74453.9765625
2021-03-29,74545.328125
2021-03-30,75427.1328125
2021-03-31,74693.0546875
2021-04-01,76069.46875
2021-04-02,77812.921875
2021-04-05,78363.4765625
2021-04-06,78914.03125
2021-04-07,78547.0078125
2021-04-08,77721.1640625
2021-04-09,76711.796875
2021-04-12,76344.75
2021-04-13,77078.8203125
2021-04-14,77078.8203125
2021-04-15,77170.6015625
2021-04-16,76987.0703125
2021-04-19,76436.4921875
2021-04-20,76987.0703125
2021-04-21,75794.1796875
2021-04-22,75610.6640625
2021-04-23,75977.703125
2021-04-26,76620.0390625
2021-04-27,76069.46875
2021-04-28,75335.3828125
2021-04-29,74968.3359375
2021-04-30,74784.828125
2021-05-03,74968.3359375
2021-05-04,75794.1796875
2021-05-06,75518.90625
2021-05-07,75151.8671875
2021-05-10,76344.75
2021-05-11,74509.53125
2021-05-12,73408.421875
2021-05-13,72031.9921875
2021-05-14,73500.171875
2021-05-17,73041.375
2021-05-18,73041.375
2021-05-20,72949.609375
2021-05-21,73500.171875
2021-05-24,73133.125
2021-05-25,73316.6484375
2021-05-26,73224.8984375
2021-05-27,73041.375
2021-05-28,73500.171875
2021-05-31,73867.2109375
2021-06-01,73958.96875
2021-06-02,74142.484375
2021-06-03,75977.703125
2021-06-04,75427.1328125
2021-06-07,75151.8671875
2021-06-08,75151.8671875
2021-06-09,74417.78125
2021-06-10,74326.015625
2021-06-11,74326.015625
2021-06-14,73867.2109375
2021-06-15,74234.25
2021-06-16,75060.1015625
2021-06-17,74234.25
2021-06-18,73867.2109375
2021-06-21,73316.6484375
2021-06-22,73408.421875
2021-06-23,73500.171875
2021-06-24,74509.53125
2021-06-25,74876.5703125
2021-06-28,75151.8671875
2021-06-29,74655.078125
2021-06-30,74378.5859375
2021-07-01,73825.578125
2021-07-02,73733.4296875
2021-07-05,74102.078125
2021-07-06,74839.4140625
2021-07-07,74470.7578125
2021-07-08,73641.25
2021-07-09,73180.3984375
2021-07-12,73456.9296875
2021-07-13,73549.09375
2021-07-14,73272.5625
2021-07-15,74286.390625
2021-07-16,73549.09375
2021-07-19,72811.7421875
2021-07-20,72811.7421875
2021-07-21,72350.90625
2021-07-22,73456.9296875
2021-07-23,73088.2421875
2021-07-26,72627.4140625
2021-07-27,72350.90625
2021-07-28,72996.0859375
2021-07-29,72811.7421875
2021-07-30,72350.90625
2021-08-02,73088.2421875
2021-08-03,75023.7578125
2021-08-04,76406.25
2021-08-05,75668.921875
2021-08-06,75115.921875
2021-08-09,75115.921875
2021-08-10,73917.75
2021-08-11,72350.90625
2021-08-12,70968.421875
2021-08-13,68572.0703125
2021-08-17,68387.75
2021-08-18,68111.2421875
2021-08-19,67373.9140625
2021-08-20,67005.2421875
2021-08-23,67558.2421875
2021-08-24,69678.0703125
2021-08-25,69770.2421875
2021-08-26,68756.40625
2021-08-27,68479.9140625
2021-08-30,68756.40625
2021-08-31,70691.921875
2021-09-01,70784.078125
2021-09-02,70046.7578125
2021-09-03,70599.7421875
2021-09-06,71244.90625
2021-09-07,70138.9140625
2021-09-08,70323.25
2021-09-09,69401.59375
2021-09-10,69401.59375
2021-09-13,70323.25
2021-09-14,70599.7421875
2021-09-15,70968.421875
2021-09-16,70138.9140625
2021-09-17,71152.75
2021-09-23,71337.078125
2021-09-24,71244.90625
2021-09-27,71613.578125
2021-09-28,70323.25
2021-09-29,68620.234375
2021-09-30,68620.234375
2021-10-01,67786.7890625
2021-10-05,66860.7421875
2021-10-06,66027.2890625
2021-10-07,66305.1171875
2021-10-08,66212.515625
2021-10-12,63897.390625
2021-10-13,63712.1875
2021-10-14,64267.8046875
2021-10-15,64916.0546875
2021-10-18,65008.63671875
2021-10-19,65379.06640625
2021-10-20,65101.25
2021-10-21,65008.63671875
2021-10-22,65193.859375
2021-10-25,65008.63671875
2021-10-26,65842.09375
2021-10-27,64916.0546875
2021-10-28,65471.68359375
2021-10-29,64638.234375
2021-11-01,64730.84375
2021-11-02,66212.515625
2021-11-03,65193.859375
2021-11-04,65379.06640625
2021-11-05,65008.63671875
2021-11-08,65379.06640625
2021-11-09,65286.453125
2021-11-10,65008.63671875
2021-11-11,64730.84375
2021-11-12,65379.06640625
2021-11-15,66119.90625
2021-11-16,66027.2890625
2021-11-17,65471.68359375
2021-11-18,65008.63671875
2021-11-19,65934.703125
2021-11-22,69361.0859375
2021-11-23,69731.515625
2021-11-24,69268.46875
2021-11-25,68249.828125
2021-11-26,66953.3671875
2021-11-29,66953.3671875
2021-11-30,66027.2890625
2021-12-01,68898.0546875
2021-12-02,70194.53125
2021-12-03,70009.3125
2021-12-06,70657.5546875
2021-12-07,71676.2109375
2021-12-08,71676.2109375
2021-12-09,72417.03125
2021-12-10,71213.171875
2021-12-13,71120.5703125
2021-12-14,71305.78125
2021-12-15,71861.40625
2021-12-16,72046.625
2021-12-17,72231.8203125
2021-12-20,71398.375
2021-12-21,72324.4375
2021-12-22,73528.3046875
2021-12-23,73991.3203125
2021-12-24,74546.9453125
2021-12-27,74269.1328125
2021-12-28,74361.75
2021-12-29,73302.21875
2021-12-30,72837.09375
2022-01-04,73209.1953125
2022-01-05,71999.8984375
2022-01-06,71534.765625
2022-01-07,72837.09375
2022-01-10,72558.015625
2022-01-11,73395.2265625
2022-01-12,73395.2265625
2022-01-13,72465.0
2022-01-14,71906.859375
2022-01-17,72092.90625
2022-01-18,71627.796875
2022-01-19,70976.6328125
2022-01-20,71162.6796875
2022-01-21,70325.46875
2022-01-24,69860.359375
2022-01-25,68837.1015625
2022-01-26,68837.1015625
2022-01-27,66325.4765625
2022-01-28,68185.9453125
2022-02-03,68185.9453125
2022-02-04,68837.1015625
2022-02-07,67906.8671875
2022-02-08,67906.8671875
2022-02-09,67906.8671875
2022-02-10,70139.421875
2022-02-11,69674.3125
2022-02-14,68558.046875
2022-02-15,68558.046875
2022-02-16,69581.28125
2022-02-17,69767.328125
2022-02-18,69116.1796875
2022-02-21,69116.1796875
2022-02-22,69116.1796875
2022-02-23,69116.1796875
2022-02-24,66511.5234375
2022-02-25,66883.609375
2022-02-28,66883.609375
2022-03-02,66697.5703125
2022-03-03,67813.8515625
2022-03-04,67813.8515625
2022-03-07,65209.20703125
2022-03-08,64651.05078125
2022-03-10,64651.05078125
2022-03-11,65116.18359375
2022-03-14,65302.2109375
2022-03-15,65302.2109375
2022-03-16,65488.2734375
2022-03-17,65488.2734375
2022-03-18,65767.34375
2022-03-21,65023.1640625
2022-03-22,65395.2421875
2022-03-23,65581.2890625
2022-03-24,64930.1328125
2022-03-25,64930.1328125
2022-03-28,64837.09765625
2022-03-29,65302.2109375
2022-03-30,65359.2734375
2022-03-31,65078.7265625
2022-04-01,64611.23046875
2022-04-04,64798.23828125
2022-04-05,64704.73046875
2022-04-06,64050.2109375
2022-04-07,63582.68359375
2022-04-08,63395.6796875
2022-04-11,63489.16796875
2022-04-12,62647.6328125
2022-04-13,64237.2109375
2022-04-14,63115.1640625
2022-04-15,62273.625
2022-04-18,62367.1328125
2022-04-19,62928.16015625
2022-04-20,63021.671875
2022-04-21,63302.17578125
2022-04-22,62647.6328125
2022-04-25,61993.109375
2022-04-26,61806.10546875
2022-04-27,60777.5703125
2022-04-28,60590.55078125
2022-04-29,63021.671875
2022-05-02,62928.16015625
2022-05-03,63115.1640625
2022-05-04,63489.16796875
2022-05-06,62180.12890625
2022-05-10,61432.09765625
2022-05-11,61432.09765625
2022-05-12,60684.06640625
2022-05-13,62180.12890625
2022-05-16,61993.109375
2022-05-17,63208.671875
2022-05-18,63676.1875
2022-05-19,63115.1640625
2022-05-20,63582.68359375
2022-05-23,63489.16796875
2022-05-24,62180.12890625
2022-05-25,62086.61328125
2022-05-26,61619.1015625
2022-05-27,62180.12890625
2022-05-30,63302.17578125
2022-05-31,63021.671875
2022-06-02,62367.1328125
2022-06-03,62460.63671875
2022-06-07,61245.08203125
2022-06-08,61058.08203125
2022-06-09,60964.5703125
2022-06-10,59655.51953125
2022-06-13,58065.953125
2022-06-14,57878.9375
2022-06-15,56756.89453125
2022-06-16,56943.90234375
2022-06-17,55915.36328125
2022-06-20,54886.8125
2022-06-21,54699.80859375
2022-06-22,53858.2734375
2022-06-23,53671.26171875
2022-06-24,54606.30078125
2022-06-27,54980.3203125
2022-06-28,55541.34375
2022-06-29,54563.8984375
2022-06-30,53623.1484375
2022-07-01,52870.54296875
2022-07-04,53717.22265625
2022-07-05,53811.29296875
2022-07-06,53058.6875
2022-07-07,54752.05078125
2022-07-08,55222.42578125
2022-07-11,55316.50390625
2022-07-12,54657.9765625
2022-07-13,54563.8984375
2022-07-14,54093.51953125
2022-07-15,56445.4140625
2022-07-18,58232.84765625
2022-07-19,57292.09375
2022-07-20,56915.7890625
2022-07-21,58138.77734375
2022-07-22,57668.3984375
2022-07-25,57480.24609375
2022-07-26,58044.69921875
2022-07-27,58138.77734375
2022-07-28,58232.84765625
2022-07-29,57762.47265625
2022-08-01,57668.3984375
2022-08-02,58044.69921875
2022-08-03,57668.3984375
2022-08-04,57856.55078125
2022-08-05,57856.55078125
2022-08-08,57198.01953125
2022-08-09,56445.4140625
2022-08-10,55598.73046875
2022-08-11,56351.328125
2022-08-12,56633.5625
2022-08-16,57386.16796875
2022-08-17,56821.71484375
2022-08-18,57856.55078125
2022-08-19,57292.09375
2022-08-22,56445.4140625
2022-08-23,55598.73046875
2022-08-24,55504.66015625
2022-08-25,56163.1875
2022-08-26,56445.4140625
2022-08-29,55128.35546875
2022-08-30,55316.50390625
2022-08-31,56163.1875
2022-09-01,54940.19921875
2022-09-02,54093.51953125
2022-09-05,53717.22265625
2022-09-06,53717.22265625
2022-09-07,52682.38671875
2022-09-08,52306.0859375
2022-09-13,54657.9765625
2022-09-14,53434.98828125
2022-09-15,52682.38671875
2022-09-16,52870.54296875
2022-09-19,53058.6875
2022-09-20,52494.2265625
2022-09-21,52023.859375
2022-09-22,51177.171875
2022-09-23,51271.24609375
2022-09-26,50706.796875
2022-09-27,50989.015625
2022-09-28,49766.03515625
2022-09-29,49823.82421875
2022-09-30,50297.4296875
2022-10-04,52286.59375
2022-10-05,53044.37109375
2022-10-06,53328.53515625
2022-10-07,53233.8125
2022-10-11,52476.04296875
2022-10-12,52854.91796875
2022-10-13,52286.59375
2022-10-14,53328.53515625
2022-10-17,53612.703125
2022-10-18,53517.98046875
2022-10-19,52854.91796875
2022-10-20,52570.76171875
2022-10-21,52949.6484375
2022-10-24,54465.203125
2022-10-25,54654.64453125
2022-10-26,56264.92578125
2022-10-27,56359.64453125
2022-10-28,54275.765625
2022-10-31,56264.92578125
2022-11-01,56833.25390625
2022-11-02,56454.3671875
2022-11-03,56075.48046875
2022-11-04,56264.92578125
2022-11-07,57022.69921875
2022-11-08,58538.25390625
2022-11-09,58727.69921875
2022-11-10,57212.140625
2022-11-11,59580.19140625
2022-11-14,58632.9765625
2022-11-15,59106.58984375
2022-11-16,59390.74609375
2022-11-17,58159.3671875
2022-11-18,58538.25390625
2022-11-21,58159.3671875
2022-11-22,57401.58984375
2022-11-23,57780.4765625
2022-11-24,58159.3671875
2022-11-25,57780.4765625
2022-11-28,56927.96875
2022-11-29,57401.58984375
2022-11-30,58917.140625
2022-12-01,59296.0234375
2022-12-02,57212.140625
2022-12-05,57117.421875
2022-12-06,56075.48046875
2022-12-07,55791.3125
2022-12-08,56075.48046875
2022-12-09,57212.140625
2022-12-12,56359.64453125
2022-12-13,56549.08203125
2022-12-14,57306.87109375
2022-12-15,56170.19921875
2022-12-16,56359.64453125
2022-12-19,56359.64453125
2022-12-20,55507.14453125
2022-12-21,54938.8125
2022-12-22,55980.75390625
2022-12-23,55033.53515625
2022-12-26,54844.09375
2022-12-27,55033.53515625
2022-12-28,53947.90234375
2022-12-29,52708.8203125
2023-01-02,52899.453125
2023-01-03,52804.140625
2023-01-04,55091.67578125
2023-01-05,55472.93359375
2023-01-06,56235.4453125
2023-01-09,57855.79296875
2023-01-10,57569.8515625
2023-01-11,57665.1640625
2023-01-12,57665.1640625
2023-01-13,57951.1015625
2023-01-16,58237.046875
2023-01-17,58141.73828125
2023-01-18,57569.8515625
2023-01-19,58618.30859375
2023-01-20,58904.25390625
2023-01-25,60333.9609375
2023-01-26,60810.53515625
2023-01-27,61573.046875
2023-01-30,60333.9609375
2023-01-31,58522.9921875
2023-02-01,58141.73828125
2023-02-02,60524.58984375
2023-02-03,60524.58984375
2023-02-06,58713.6171875
2023-02-07,59094.875
2023-02-08,60143.33984375
2023-02-09,60333.9609375
2023-02-10,59952.703125
2023-02-13,59952.703125
2023-02-14,60238.65625
2023-02-15,59285.50390625
2023-02-16,60715.22265625
2023-02-17,59666.765625
2023-02-20,59762.07421875
2023-02-21,59190.1953125
2023-02-22,58237.046875
2023-02-23,59094.875
2023-02-24,58427.67578125
2023-02-27,57665.1640625
2023-02-28,57760.4765625
2023-03-02,57951.1015625
2023-03-03,57665.1640625
2023-03-06,58618.30859375
2023-03-07,57855.79296875
2023-03-08,57474.53125
2023-03-09,57283.90234375
2023-03-10,56712.01953125
2023-03-13,57188.58984375
2023-03-14,56235.4453125
2023-03-15,56997.96484375
2023-03-16,57093.27734375
2023-03-17,58427.67578125
2023-03-20,57379.21875
2023-03-21,57474.53125
2023-03-22,58237.046875
2023-03-23,59380.82421875
2023-03-24,60048.0234375
2023-03-27,59190.1953125
2023-03-28,59952.703125
2023-03-29,59762.07421875
2023-03-30,60587.484375
2023-03-31,61354.421875
2023-04-03,60491.62109375
2023-04-04,60970.94921875
2023-04-05,61258.55078125
2023-04-06,59724.6875
2023-04-07,62313.0859375
2023-04-10,62984.1484375
2023-04-11,63175.875
2023-04-12,63271.7421875
2023-04-13,63367.609375
2023-04-14,62408.9453125
2023-04-17,62600.67578125
2023-04-18,62888.27734375
2023-04-19,62792.4140625
2023-04-20,62600.67578125
2023-04-21,62984.1484375
2023-04-24,62504.80859375
2023-04-25,60970.94921875
2023-04-26,61450.28125
2023-04-27,61929.61328125
2023-04-28,62792.4140625
2023-05-02,62984.1484375
2023-05-03,62696.54296875
2023-05-04,62408.9453125
2023-05-08,63175.875
2023-05-09,62600.67578125
2023-05-10,61929.61328125
2023-05-11,61546.1484375
2023-05-12,61450.28125
2023-05-15,61833.7421875
2023-05-16,62696.54296875
2023-05-17,62313.0859375
2023-05-18,63463.47265625
2023-05-19,65572.5390625
2023-05-22,65668.40625
2023-05-23,65572.5390625
2023-05-24,65668.40625
2023-05-25,65956.0078125
2023-05-26,67393.9921875
2023-05-30,69311.328125
2023-05-31,68448.515625
2023-06-01,67969.203125
2023-06-02,69215.453125
2023-06-05,68736.125
2023-06-07,68065.0625
2023-06-08,67969.203125
2023-06-09,69023.7109375
2023-06-12,68065.0625
2023-06-13,69023.7109375
2023-06-14,68927.8515625
2023-06-15,68544.3828125
2023-06-16,68831.9921875
2023-06-19,68256.7734375
2023-06-20,68448.515625
2023-06-21,67585.7265625
2023-06-22,68352.6484375
2023-06-23,68640.25
2023-06-26,69407.1875
2023-06-27,69598.9140625
2023-06-28,69694.78125
2023-06-29,69753.5625
2023-06-30,69560.859375
2023-07-03,70331.625
2023-07-04,70331.625
2023-07-05,69368.171875
2023-07-06,68982.796875
2023-07-07,67344.9375
2023-07-10,66959.5546875
2023-07-11,68886.453125
2023-07-12,69271.8359375
2023-07-13,69271.8359375
2023-07-14,70717.0078125
2023-07-17,70620.6484375
2023-07-18,69368.171875
2023-07-19,69079.140625
2023-07-20,68404.7265625
2023-07-21,67730.3125
2023-07-24,67826.6640625
2023-07-25,67441.28125
2023-07-26,67248.59375
2023-07-27,69079.140625
2023-07-28,68019.3515625
2023-07-31,67248.59375
2023-08-01,68501.078125
2023-08-02,67344.9375
2023-08-03,66285.140625
2023-08-04,65803.4140625
2023-08-07,65996.1015625
2023-08-08,65129.01171875
2023-08-09,66381.484375
2023-08-10,65514.38671875
2023-08-11,65032.6640625
2023-08-14,64839.97265625
2023-08-16,64550.93359375
2023-08-17,64261.9140625
2023-08-18,63876.52734375
2023-08-21,64165.55859375
2023-08-22,64165.55859375
2023-08-23,64647.2890625
2023-08-24,65707.0859375
2023-08-25,64647.2890625
2023-08-28,64358.25
2023-08-29,64358.25
2023-08-30,64647.2890625
2023-08-31,64454.58984375
2023-09-01,68404.7265625
2023-09-04,68597.421875
2023-09-05,68115.6796875
2023-09-06,67441.28125
2023-09-07,67826.6640625
2023-09-08,67730.3125
2023-09-11,68212.03125
2023-09-12,67923.015625
2023-09-13,68308.375
2023-09-14,69079.140625
2023-09-15,69368.171875
2023-09-18,67633.96875
2023-09-19,67248.59375
2023-09-20,67055.9140625
2023-09-21,66381.484375
2023-09-22,66285.140625
2023-09-25,66863.2109375
2023-09-26,66438.0546875
2023-09-27,66244.3515625
2023-10-04,65372.7109375
2023-10-05,64597.9375
2023-10-06,63919.98828125
2023-10-10,64307.375
2023-10-11,66050.65625
2023-10-12,66728.59375
2023-10-13,65856.953125
2023-10-16,65179.015625
2023-10-17,67212.8359375
2023-10-18,68278.1796875
2023-10-19,67309.6875
2023-10-20,66631.75
2023-10-23,66244.3515625
2023-10-24,66341.203125
2023-10-25,65856.953125
2023-10-26,64597.9375
2023-10-27,65179.015625
2023-10-30,65179.015625
2023-10-31,64791.62109375
2023-11-01,66438.0546875
2023-11-02,67503.3828125
2023-11-03,67406.546875
2023-11-06,68665.5625
2023-11-07,68665.5625
2023-11-08,67697.078125
2023-11-09,68084.4765625
2023-11-10,68278.1796875
2023-11-13,68181.3203125
2023-11-14,68568.71875
2023-11-15,69924.5859375
2023-11-16,70505.671875
2023-11-17,70215.1328125
2023-11-20,70408.84375
2023-11-21,70505.671875
2023-11-22,70505.671875
2023-11-23,70118.296875
2023-11-24,69440.3515625
2023-11-27,69052.9453125
2023-11-28,70408.84375
2023-11-29,70408.84375
2023-11-30,70505.671875
2023-12-01,69730.8984375
2023-12-04,70311.9921875
2023-12-05,68956.1171875
2023-12-06,69440.3515625
2023-12-07,69246.6640625
2023-12-08,70311.9921875
2023-12-11,70699.3828125
2023-12-12,71183.6171875
2023-12-13,70505.671875
2023-12-14,70796.2265625
2023-12-15,70989.9296875
2023-12-18,70602.53125
2023-12-19,71086.78125
2023-12-20,72442.65625
2023-12-21,72636.34375
2023-12-22,73507.9921875
2023-12-26,74185.921875
2023-12-27,75899.5078125
2023-12-28,76386.046875
2024-01-02,77456.4140625
2024-01-03,74926.4453125
2024-01-04,74537.1953125
2024-01-05,74537.1953125
2024-01-08,74439.90625
2024-01-09,72688.375
2024-01-10,71617.9921875
2024-01-11,71228.765625
2024-01-12,71131.4609375
2024-01-15,71909.9140625
2024-01-16,70644.9296875
2024-01-17,69088.015625
2024-01-18,69769.1640625
2024-01-19,72688.375
2024-01-22,73077.6015625
2024-01-23,73174.90625
2024-01-24,72007.2265625
2024-01-25,72104.5390625
2024-01-26,71423.3828125
2024-01-29,72396.4453125
2024-01-30,72299.140625
2024-01-31,70742.234375
2024-02-01,71617.9921875
2024-02-02,73174.90625
2024-02-05,72299.140625
2024-02-06,72396.4453125
2024-02-07,72980.296875
2024-02-08,72104.5390625
2024-02-13,73174.90625
2024-02-14,72007.2265625
2024-02-15,71228.765625
2024-02-16,70839.53125
2024-02-19,71812.609375
2024-02-20,71326.0703125
2024-02-21,71034.1484375
2024-02-22,71131.4609375
2024-02-23,70936.84375
2024-02-26,70839.53125
2024-02-27,70936.84375
2024-02-28,71228.765625
2024-02-29,71423.3828125
2024-03-04,72882.984375
2024-03-05,71715.296875
2024-03-06,70936.84375
2024-03-07,70255.6953125
2024-03-08,71326.0703125
2024-03-11,70450.3046875
2024-03-12,71326.0703125
2024-03-13,72104.5390625
2024-03-14,72299.140625
2024-03-15,70353.0
2024-03-18,70839.53125
2024-03-19,70839.53125
2024-03-20,74829.125
2024-03-21,77164.5
2024-03-22,76775.2734375
2024-03-25,76094.125
2024-03-26,77748.3359375
2024-03-27,77651.0390625
2024-03-28,78981.3984375
2024-03-29,80545.390625
2024-04-01,80154.3984375
2024-04-02,83086.8671875
2024-04-03,82207.125
2024-04-04,83380.1171875
2024-04-05,82598.1171875
2024-04-08,82598.1171875
2024-04-09,81718.3828125
2024-04-11,82207.125
2024-04-12,81816.1171875
2024-04-15,80349.890625
2024-04-16,78199.4140625
2024-04-17,77124.171875
2024-04-18,77808.40625
2024-04-19,75853.421875
2024-04-22,74387.1796875
2024-04-23,73800.6953125
2024-04-24,76830.9140625
2024-04-25,74582.6796875
2024-04-26,74973.6796875
2024-04-29,74973.6796875
2024-04-30,75755.671875
2024-05-02,76244.421875
2024-05-03,75853.421875
2024-05-07,79470.1484375
2024-05-08,79470.1484375
2024-05-09,77906.15625
2024-05-10,77417.4140625
2024-05-13,76635.421875
2024-05-14,76537.671875
2024-05-16,76439.921875
2024-05-17,75657.9296875
2024-05-20,77124.171875
2024-05-21,76635.421875
2024-05-22,75951.1796875
2024-05-23,76537.671875
2024-05-24,74191.6875
2024-05-27,75462.421875
2024-05-28,75853.421875
2024-05-29,73507.4375
2024-05-30,71845.703125
2024-05-31,71845.703125
2024-06-03,73996.1796875
2024-06-04,73605.1953125
2024-06-05,75657.9296875
2024-06-07,75560.171875
2024-06-10,73996.1796875
2024-06-11,73507.4375
2024-06-12,74778.1875
2024-06-13,76830.9140625
2024-06-14,77808.40625
2024-06-17,76342.1640625
2024-06-18,78003.9140625
2024-06-19,79372.3984375
2024-06-20,79763.3828125
2024-06-21,78199.4140625
2024-06-24,78785.8984375
2024-06-25,78981.3984375
2024-06-26,79470.1484375
2024-06-27,80119.1484375
2024-06-28,80020.9765625
2024-07-01,80315.5234375
2024-07-02,80315.5234375
2024-07-03,80315.5234375
2024-07-04,83064.7109375
2024-07-05,85519.3359375
2024-07-08,85813.8984375
2024-07-09,86206.640625
2024-07-10,86206.640625
2024-07-11,86010.265625
2024-07-12,82868.34375
2024-07-15,85126.6015625
2024-07-16,86108.453125
2024-07-17,85126.6015625
2024-07-18,85322.9765625
2024-07-19,82868.34375
2024-07-22,81493.7421875
2024-07-23,82377.421875
2024-07-24,80511.8984375
2024-07-25,78940.9296875
2024-07-26,79431.859375
2024-07-29,79726.4140625
2024-07-30,79530.046875
2024-07-31,82377.421875
2024-08-01,81591.9296875
2024-08-02,78155.4453125
2024-08-05,70104.2578125
2024-08-06,71184.296875
2024-08-07,73344.3671875
2024-08-08,72067.96875
2024-08-09,73344.3671875
2024-08-12,74129.859375
2024-08-13,74718.9609375
2024-08-14,75799.0
2024-08-16,78744.5546875
2024-08-19,76879.0390625
2024-08-20,77468.15625
2024-08-21,76879.0390625
2024-08-22,76879.0390625
2024-08-23,76289.9296875
2024-08-26,74718.9609375
2024-08-27,74424.4140625
2024-08-28,75013.5234375
2024-08-29,72657.078125
2024-08-30,72951.6328125
2024-09-02,73049.8125
2024-09-03,71184.296875
2024-09-04,68729.6640625
2024-09-05,67747.8125
2024-09-06,67649.625
2024-09-09,66275.03125
2024-09-10,64998.62890625
2024-09-11,63722.21484375
2024-09-12,65096.80859375
2024-09-13,63231.29296875
2024-09-19,61954.88671875
2024-09-20,61856.6953125
2024-09-23,61463.9609375
2024-09-24,62053.0703125
2024-09-25,61071.21484375
2024-09-26,63525.84765625
2024-09-27,63388.6015625
2024-09-30,60722.7265625
2024-10-02,60525.25390625
2024-10-04,59834.10546875
2024-10-07,60229.046875
2024-10-08,59537.89453125
2024-10-10,58155.58984375
2024-10-11,58550.53515625
2024-10-14,58550.53515625
2024-10-15,60229.046875
2024-10-16,58748.0078125
2024-10-17,58945.4765625
2024-10-18,58451.796875
2024-10-21,58254.32421875
2024-10-22,56970.7578125
2024-10-23,58353.05859375
2024-10-24,55884.66015625
2024-10-25,55193.50390625
2024-10-28,57365.69921875
2024-10-29,58846.73828125
2024-10-30,58353.05859375
2024-10-31,58451.796875
2024-11-01,57563.171875
2024-11-04,57958.1171875
2024-11-05,56872.01953125
2024-11-06,56575.80859375
2024-11-07,56575.80859375
2024-11-08,56279.6015625
2024-11-11,54304.87890625
2024-11-12,52330.15625
2024-11-13,49960.48828125
2024-11-14,49269.3359375
2024-11-15,52823.8359375
2024-11-18,55983.390625
2024-11-19,55588.44921875
2024-11-20,54601.08984375
2024-11-21,55687.18359375
2024-11-22,55292.2421875
2024-11-25,57168.2265625
2024-11-26,57563.171875
2024-11-27,55588.44921875
2024-11-28,54798.5625
2024-11-29,53514.9921875
2024-12-02,52922.57421875
2024-12-03,52922.57421875
2024-12-04,52428.89453125
2024-12-05,53021.30859375
2024-12-06,53416.25390625
2024-12-09,52725.1015625
2024-12-10,53317.515625
2024-12-11,53317.515625
2024-12-12,55193.50390625
2024-12-13,55390.9765625
2024-12-16,54897.29296875
2024-12-17,53514.9921875
2024-12-18,54206.14453125
2024-12-19,52428.89453125
2024-12-20,52330.15625
2024-12-23,52823.8359375
2024-12-24,53712.4609375
2024-12-26,52922.57421875
2024-12-27,53382.83984375
2024-12-30,52885.79296875
2025-01-02,53084.609375
2025-01-03,54078.703125
2025-01-06,55569.84375
2025-01-07,55072.796875
2025-01-08,56961.578125
2025-01-09,55768.6640625
2025-01-10,54973.390625
2025-01-13,53780.4765625
2025-01-14,53581.65625
2025-01-15,53382.83984375
2025-01-16,53979.296875
2025-01-17,53382.83984375
2025-01-20,53084.609375
2025-01-21,53184.01953125
2025-01-22,53979.296875
2025-01-23,53382.83984375
2025-01-24,53382.83984375
2025-01-31,52090.515625
2025-02-03,50698.78515625
2025-02-04,52388.74609375
2025-02-05,52587.5625
2025-02-06,53681.06640625
2025-02-07,53382.83984375
2025-02-10,55271.6171875
2025-02-11,55371.02734375
2025-02-12,55470.4375
2025-02-13,55470.4375
2025-02-14,55669.25390625
2025-02-17,55669.25390625
2025-02-18,56563.9375
2025-02-19,58353.30859375
2025-02-20,58055.078125
2025-02-21,57856.26171875
2025-02-24,56961.578125
2025-02-25,56862.16796875
2025-02-26,56265.7109375
2025-02-27,55967.484375
2025-02-28,54178.11328125
2025-03-04,54178.11328125
2025-03-05,53681.06640625
2025-03-06,53979.296875
2025-03-07,53382.83984375
2025-03-10,53382.83984375
2025-03-11,53283.4296875
2025-03-12,54575.75
2025-03-13,54376.93359375
2025-03-14,54376.93359375
2025-03-17,57259.8046875
2025-03-18,57259.8046875
2025-03-19,58154.48828125
2025-03-20,59844.44921875
2025-03-21,61335.58984375
2025-03-24,60142.67578125
2025-03-25,59446.8125
2025-03-26,61037.36328125
2025-03-27,61435.0
2025-03-28,60200.0
2025-03-31,57800.0
2025-04-01,58800.0
2025-04-02,58800.0
2025-04-03,57600.0
2025-04-04,56100.0
2025-04-07,53200.0
2025-04-08,53500.0
2025-04-09,53000.0
2025-04-10,56400.0
2025-04-11,55200.0
2025-04-14,56200.0
2025-04-15,56600.0
2025-04-16,54700.0
2025-04-17,55100.0
2025-04-18,55300.0
2025-04-21,55400.0
2025-04-22,55000.0
2025-04-23,55700.0
2025-04-24,55700.0
2025-04-25,55700.0
2025-04-28,55800.0
2025-04-29,55800.0
2025-04-30,55500.0
2025-05-02,54300.0
2025-05-07,54600.0
2025-05-08,54600.0
2025-05-09,54800.0
2025-05-12,57600.0
2025-05-13,56900.0
2025-05-14,57400.0
2025-05-15,57300.0
2025-05-16,56800.0
2025-05-19,55800.0
2025-05-20,55900.0
2025-05-21,55700.0
2025-05-22,54700.0
2025-05-23,54200.0
2025-05-26,54700.0
2025-05-27,53900.0
2025-05-28,55900.0
2025-05-29,56100.0
2025-05-30,56200.0
2025-06-02,56800.0
2025-06-04,57800.0
2025-06-05,59100.0
2025-06-09,59800.0
2025-06-10,59200.0
2025-06-11,59900.0
2025-06-12,59500.0
2025-06-13,58300.0
2025-06-16,57200.0
2025-06-17,58100.0
2025-06-18,59800.0
2025-06-19,59200.0
2025-06-20,59500.0
2025-06-23,58000.0
2025-06-24,60500.0
2025-06-25,61300.0
2025-06-26,60200.0
2025-06-27,60800.0
2025-06-30,59800.0
2025-07-01,60200.0
2025-07-02,60800.0
2025-07-03,63800.0
2025-07-04,63300.0
2025-07-07,61700.0
2025-07-08,61400.0
2025-07-09,60400.0
2025-07-10,61000.0
2025-07-11,62600.0
