Date,Close
,2317.TW
2000-01-03,24.925819396972656
2000-01-04,13.208934783935547
2000-01-05,13.208934783935547
2000-01-06,13.208934783935547
2000-01-07,12.675810813903809
2000-01-10,12.94444751739502
2000-01-11,12.838518142700195
2000-01-12,13.58419418334961
2000-01-13,13.58419418334961
2000-01-14,13.05107307434082
2000-01-17,13.528801918029785
2000-01-18,13.477568626403809
2000-01-19,13.157696723937988
2000-01-20,13.264321327209473
2000-01-21,13.208934783935547
2000-01-24,13.05107307434082
2000-01-25,12.94444751739502
2000-01-26,12.995682716369629
2000-01-27,12.94444751739502
2000-01-28,13.10230541229248
2000-01-31,13.264321327209473
2000-02-01,13.10230541229248
2000-02-02,13.10230541229248
2000-02-03,13.10230541229248
2000-02-04,13.10230541229248
2000-02-07,13.10230541229248
2000-02-08,13.10230541229248
2000-02-09,13.208934783935547
2000-02-10,13.477568626403809
2000-02-11,14.381107330322266
2000-02-14,14.381107330322266
2000-02-15,15.182863235473633
2000-02-16,14.969615936279297
2000-02-17,14.807602882385254
2000-02-18,14.64974308013916
2000-02-21,13.635427474975586
2000-02-22,13.847982406616211
2000-02-23,14.487728118896484
2000-02-24,14.862991333007812
2000-02-25,14.913530349731445
2000-02-28,14.913530349731445
2000-02-29,15.233405113220215
2000-03-01,14.969615936279297
2000-03-02,15.020160675048828
2000-03-03,15.020160675048828
2000-03-06,14.913530349731445
2000-03-07,15.233405113220215
2000-03-08,15.659902572631836
2000-03-09,16.085702896118164
2000-03-10,16.14179039001465
2000-03-13,15.076238632202148
2000-03-14,15.182863235473633
2000-03-15,14.756368637084961
2000-03-16,15.715288162231445
2000-03-17,15.928539276123047
2000-03-20,15.395419120788574
2000-03-21,16.14179039001465
2000-03-22,16.35503578186035
2000-03-23,17.471126556396484
2000-03-24,18.643301010131836
2000-03-27,19.55168342590332
2000-03-28,19.17642593383789
2000-03-29,19.17642593383789
2000-03-30,19.445058822631836
2000-03-31,18.80531120300293
2000-04-03,18.80531120300293
2000-04-04,18.80531120300293
2000-04-05,18.643301010131836
2000-04-06,17.471126556396484
2000-04-07,17.790998458862305
2000-04-10,18.11087417602539
2000-04-11,17.633136749267578
2000-04-12,17.364500045776367
2000-04-13,16.192333221435547
2000-04-14,15.340025901794434
2000-04-17,14.594352722167969
2000-04-18,15.076238632202148
2000-04-19,15.020160675048828
2000-04-20,15.020160675048828
2000-04-21,15.446656227111816
2000-04-24,14.64974308013916
2000-04-25,15.395419120788574
2000-04-26,14.756368637084961
2000-04-27,15.340025901794434
2000-04-28,15.715288162231445
2000-05-01,15.715288162231445
2000-05-02,14.700977325439453
2000-05-03,14.700977325439453
2000-05-04,14.167856216430664
2000-05-05,14.756368637084961
2000-05-08,14.381107330322266
2000-05-09,14.64974308013916
2000-05-10,14.381107330322266
2000-05-11,13.422179222106934
2000-05-12,13.157696723937988
2000-05-15,12.889056205749512
2000-05-16,13.741357803344727
2000-05-17,14.700977325439453
2000-05-18,15.340025901794434
2000-05-19,15.076238632202148
2000-05-22,14.756368637084961
2000-05-23,15.020160675048828
2000-05-24,14.64974308013916
2000-05-25,14.329866409301758
2000-05-26,14.274480819702148
2000-05-29,13.904065132141113
2000-05-30,14.06123161315918
2000-05-31,15.020160675048828
2000-06-01,15.288795471191406
2000-06-02,15.715288162231445
2000-06-05,16.56759262084961
2000-06-06,16.56759262084961
2000-06-07,17.045326232910156
2000-06-08,16.56759262084961
2000-06-09,16.56759262084961
2000-06-12,16.56759262084961
2000-06-13,16.14179039001465
2000-06-14,16.35503578186035
2000-06-15,15.659902572631836
2000-06-16,15.979771614074707
2000-06-19,15.821914672851562
2000-06-20,15.608668327331543
2000-06-21,15.553277969360352
2000-06-22,16.14179039001465
2000-06-23,15.715288162231445
2000-06-26,15.340025901794434
2000-06-27,14.969615936279297
2000-06-28,14.594352722167969
2000-06-29,14.700977325439453
2000-06-30,14.807602882385254
2000-07-03,15.076238632202148
2000-07-04,14.329866409301758
2000-07-05,15.288795471191406
2000-07-06,15.233405113220215
2000-07-07,15.182863235473633
2000-07-10,15.12678050994873
2000-07-11,15.020160675048828
2000-07-12,15.076238632202148
2000-07-13,15.288795471191406
2000-07-14,16.215219497680664
2000-07-17,21.884492874145508
2000-07-18,21.521020889282227
2000-07-19,21.793174743652344
2000-07-20,21.521020889282227
2000-07-21,21.339277267456055
2000-07-24,21.255191802978516
2000-07-25,21.163877487182617
2000-07-26,21.255191802978516
2000-07-27,21.255191802978516
2000-07-28,21.430601119995117
2000-07-31,21.793174743652344
2000-08-01,21.7027587890625
2000-08-02,21.612340927124023
2000-08-03,21.521020889282227
2000-08-04,21.430601119995117
2000-08-07,19.62136459350586
2000-08-08,19.173795700073242
2000-08-09,20.256986618041992
2000-08-10,20.347408294677734
2000-08-11,19.984834671020508
2000-08-14,19.803102493286133
2000-08-15,19.62136459350586
2000-08-16,20.256986618041992
2000-08-17,21.339277267456055
2000-08-18,21.339277267456055
2000-08-21,21.884492874145508
2000-08-22,21.521020889282227
2000-08-23,21.521020889282227
2000-08-24,21.073455810546875
2000-08-25,20.71088218688965
2000-08-28,20.07525634765625
2000-08-29,20.801305770874023
2000-08-30,20.256986618041992
2000-08-31,21.430601119995117
2000-09-01,22.700960159301758
2000-09-04,22.791378021240234
2000-09-05,23.602418899536133
2000-09-06,23.51200294494629
2000-09-07,22.61054039001465
2000-09-08,21.255191802978516
2000-09-11,20.801305770874023
2000-09-12,20.801305770874023
2000-09-13,21.612340927124023
2000-09-14,21.073455810546875
2000-09-15,20.43782615661621
2000-09-18,19.984834671020508
2000-09-19,19.803102493286133
2000-09-20,20.71088218688965
2000-09-21,21.255191802978516
2000-09-22,19.893516540527344
2000-09-25,20.347408294677734
2000-09-26,21.163877487182617
2000-09-27,20.983043670654297
2000-09-28,19.984834671020508
2000-09-29,18.629491806030273
2000-10-02,16.184616088867188
2000-10-03,15.101423263549805
2000-10-04,14.647531509399414
2000-10-05,14.291289329528809
2000-10-06,15.283162117004395
2000-10-09,15.646636962890625
2000-10-10,15.646636962890625
2000-10-11,15.646636962890625
2000-10-12,15.737054824829102
2000-10-13,15.737054824829102
2000-10-16,15.192743301391602
2000-10-17,15.192743301391602
2000-10-18,14.199970245361328
2000-10-19,13.250587463378906
2000-10-20,14.109550476074219
2000-10-23,15.827472686767578
2000-10-24,16.910661697387695
2000-10-25,17.454975128173828
2000-10-26,16.910661697387695
2000-10-27,16.366355895996094
2000-10-30,15.827472686767578
2000-10-31,15.283162117004395
2000-11-01,15.011006355285645
2000-11-02,16.009204864501953
2000-11-03,17.0924015045166
2000-11-06,17.182817459106445
2000-11-07,18.356428146362305
2000-11-08,18.9920597076416
2000-11-09,18.901641845703125
2000-11-10,18.26601219177246
2000-11-13,17.7280330657959
2000-11-14,17.546293258666992
2000-11-15,17.7280330657959
2000-11-16,17.546293258666992
2000-11-17,17.9034423828125
2000-11-20,16.009204864501953
2000-11-21,17.0924015045166
2000-11-22,16.910661697387695
2000-11-23,17.27413558959961
2000-11-24,17.546293258666992
2000-11-27,17.182817459106445
2000-11-28,17.182817459106445
2000-11-29,17.454975128173828
2000-11-30,17.001983642578125
2000-12-01,17.364553451538086
2000-12-04,16.275936126708984
2000-12-05,15.737054824829102
2000-12-06,15.555315971374512
2000-12-07,15.555315971374512
2000-12-08,15.827472686767578
2000-12-11,15.918790817260742
2000-12-12,17.001983642578125
2000-12-13,17.27413558959961
2000-12-14,17.001983642578125
2000-12-15,16.638507843017578
2000-12-18,15.918790817260742
2000-12-19,15.646636962890625
2000-12-20,15.464899063110352
2000-12-21,15.011006355285645
2000-12-22,15.283162117004395
2000-12-25,15.283162117004395
2000-12-26,15.283162117004395
2000-12-27,14.829267501831055
2000-12-28,15.192743301391602
2000-12-29,15.192743301391602
2001-01-01,15.192743301391602
2001-01-02,15.737054824829102
2001-01-03,15.464899063110352
2001-01-04,16.456775665283203
2001-01-05,17.001983642578125
2001-01-08,16.275936126708984
2001-01-09,17.182817459106445
2001-01-10,17.182817459106445
2001-01-11,17.364553451538086
2001-01-12,17.27413558959961
2001-01-15,17.0924015045166
2001-01-16,17.7280330657959
2001-01-17,18.084274291992188
2001-01-18,17.7280330657959
2001-01-19,17.7280330657959
2001-01-22,17.7280330657959
2001-01-23,17.7280330657959
2001-01-24,17.7280330657959
2001-01-25,17.7280330657959
2001-01-26,17.7280330657959
2001-01-29,17.364553451538086
2001-01-30,18.53816795349121
2001-01-31,19.173795700073242
2001-02-01,18.810319900512695
2001-02-02,18.629491806030273
2001-02-05,17.9034423828125
2001-02-06,18.26601219177246
2001-02-07,17.818450927734375
2001-02-08,18.175596237182617
2001-02-09,18.71990394592285
2001-02-12,18.629491806030273
2001-02-13,18.901641845703125
2001-02-14,18.26601219177246
2001-02-15,18.901641845703125
2001-02-16,18.356428146362305
2001-02-19,17.9034423828125
2001-02-20,18.084274291992188
2001-02-21,18.629491806030273
2001-02-22,17.99385643005371
2001-02-23,18.175596237182617
2001-02-26,18.084274291992188
2001-02-27,18.175596237182617
2001-02-28,18.175596237182617
2001-03-01,17.9034423828125
2001-03-02,17.364553451538086
2001-03-05,17.364553451538086
2001-03-06,17.454975128173828
2001-03-07,18.356428146362305
2001-03-08,17.99385643005371
2001-03-09,17.9034423828125
2001-03-12,17.7280330657959
2001-03-13,18.356428146362305
2001-03-14,19.26421546936035
2001-03-15,19.35553550720215
2001-03-16,18.629491806030273
2001-03-19,18.356428146362305
2001-03-20,18.175596237182617
2001-03-21,17.7280330657959
2001-03-22,18.26601219177246
2001-03-23,18.26601219177246
2001-03-26,18.53816795349121
2001-03-27,18.44775390625
2001-03-28,18.26601219177246
2001-03-29,18.084274291992188
2001-03-30,18.175596237182617
2001-04-02,17.9034423828125
2001-04-03,17.7280330657959
2001-04-04,17.7280330657959
2001-04-05,17.7280330657959
2001-04-06,17.9034423828125
2001-04-09,17.7280330657959
2001-04-10,17.546293258666992
2001-04-11,17.546293258666992
2001-04-12,17.9034423828125
2001-04-13,17.364553451538086
2001-04-16,17.364553451538086
2001-04-17,17.546293258666992
2001-04-18,17.7280330657959
2001-04-19,18.356428146362305
2001-04-20,18.356428146362305
2001-04-23,18.53816795349121
2001-04-24,18.175596237182617
2001-04-25,18.084274291992188
2001-04-26,17.818450927734375
2001-04-27,17.454975128173828
2001-04-30,17.454975128173828
2001-05-01,17.454975128173828
2001-05-02,17.27413558959961
2001-05-03,17.63671112060547
2001-05-04,17.182817459106445
2001-05-07,17.454975128173828
2001-05-08,17.454975128173828
2001-05-09,17.546293258666992
2001-05-10,17.27413558959961
2001-05-11,17.63671112060547
2001-05-14,17.63671112060547
2001-05-15,17.454975128173828
2001-05-16,17.454975128173828
2001-05-17,17.63671112060547
2001-05-18,17.7280330657959
2001-05-21,17.364553451538086
2001-05-22,17.546293258666992
2001-05-23,17.7280330657959
2001-05-24,17.818450927734375
2001-05-25,17.818450927734375
2001-05-28,17.454975128173828
2001-05-29,17.546293258666992
2001-05-30,17.454975128173828
2001-05-31,17.182817459106445
2001-06-01,16.366355895996094
2001-06-04,16.366355895996094
2001-06-05,16.275936126708984
2001-06-06,16.638507843017578
2001-06-07,16.366355895996094
2001-06-08,16.548091888427734
2001-06-11,17.182817459106445
2001-06-12,17.182817459106445
2001-06-13,16.910661697387695
2001-06-14,16.548091888427734
2001-06-15,16.820247650146484
2001-06-18,16.548091888427734
2001-06-19,16.456775665283203
2001-06-20,16.184616088867188
2001-06-21,16.275936126708984
2001-06-22,16.09962272644043
2001-06-25,16.09962272644043
2001-06-26,15.373577117919922
2001-06-27,15.737054824829102
2001-06-28,15.373577117919922
2001-06-29,16.366355895996094
2001-07-02,16.17516326904297
2001-07-03,16.27895164489746
2001-07-04,16.12053108215332
2001-07-05,15.956647872924805
2001-07-06,16.27895164489746
2001-07-09,16.498552322387695
2001-07-10,16.827409744262695
2001-07-11,16.71815299987793
2001-07-12,16.93666648864746
2001-07-13,16.71815299987793
2001-07-16,16.827409744262695
2001-07-17,17.047012329101562
2001-07-18,16.607803344726562
2001-07-19,16.71815299987793
2001-07-20,16.93666648864746
2001-07-23,16.607803344726562
2001-07-24,16.27895164489746
2001-07-25,16.71815299987793
2001-07-26,17.265522003173828
2001-07-27,16.93666648864746
2001-07-30,16.93666648864746
2001-07-31,17.704723358154297
2001-08-01,18.137372970581055
2001-08-02,18.246631622314453
2001-08-03,17.924325942993164
2001-08-06,18.028121948242188
2001-08-07,17.924325942993164
2001-08-08,18.246631622314453
2001-08-09,18.246631622314453
2001-08-10,18.137372970581055
2001-08-13,18.137372970581055
2001-08-14,18.466230392456055
2001-08-15,18.466230392456055
2001-08-16,18.246631622314453
2001-08-17,18.028121948242188
2001-08-20,17.813980102539062
2001-08-21,18.028121948242188
2001-08-22,17.813980102539062
2001-08-23,17.813980102539062
2001-08-24,16.93666648864746
2001-08-27,17.15626335144043
2001-08-28,16.607803344726562
2001-08-29,16.27895164489746
2001-08-30,15.682424545288086
2001-08-31,14.585503578186035
2001-09-03,13.60439682006836
2001-09-04,13.495144844055176
2001-09-05,12.94668197631836
2001-09-06,12.34906005859375
2001-09-07,12.459407806396484
2001-09-10,12.34906005859375
2001-09-11,12.29443073272705
2001-09-12,12.29443073272705
2001-09-13,11.910947799682617
2001-09-14,11.142888069152832
2001-09-17,11.142888069152832
2001-09-18,11.142888069152832
2001-09-19,11.094815254211426
2001-09-20,10.710240364074707
2001-09-21,10.381382942199707
2001-09-24,10.710240364074707
2001-09-25,11.142888069152832
2001-09-26,11.910947799682617
2001-09-27,12.020203590393066
2001-09-28,11.910947799682617
2001-10-01,11.910947799682617
2001-10-02,11.471745491027832
2001-10-03,11.253235816955566
2001-10-04,11.691347122192383
2001-10-05,12.020203590393066
2001-10-08,11.636720657348633
2001-10-09,12.020203590393066
2001-10-10,12.020203590393066
2001-10-11,12.842890739440918
2001-10-12,13.713652610778809
2001-10-15,13.878625869750977
2001-10-16,13.933250427246094
2001-10-17,13.713652610778809
2001-10-18,13.22091293334961
2001-10-19,13.330169677734375
2001-10-22,13.330169677734375
2001-10-23,13.439423561096191
2001-10-24,13.769372940063477
2001-10-25,13.878625869750977
2001-10-26,13.987878799438477
2001-10-29,13.878625869750977
2001-10-30,13.330169677734375
2001-10-31,13.987878799438477
2001-11-01,14.536335945129395
2001-11-02,14.805108070373535
2001-11-05,15.023612976074219
2001-11-06,15.079337120056152
2001-11-07,15.682424545288086
2001-11-08,15.626701354980469
2001-11-09,15.682424545288086
2001-11-12,15.900932312011719
2001-11-13,15.73705005645752
2001-11-14,16.498552322387695
2001-11-15,16.827409744262695
2001-11-16,16.93666648864746
2001-11-19,17.265522003173828
2001-11-20,16.388212203979492
2001-11-21,16.827409744262695
2001-11-22,16.388212203979492
2001-11-23,16.498552322387695
2001-11-26,16.71815299987793
2001-11-27,16.229787826538086
2001-11-28,15.956647872924805
2001-11-29,16.27895164489746
2001-11-30,15.84630298614502
2001-12-03,16.93666648864746
2001-12-04,17.375871658325195
2001-12-05,17.704723358154297
2001-12-06,18.356977462768555
2001-12-07,18.028121948242188
2001-12-10,17.485122680664062
2001-12-11,17.375871658325195
2001-12-12,18.246631622314453
2001-12-13,18.137372970581055
2001-12-14,17.813980102539062
2001-12-17,16.93666648864746
2001-12-18,16.498552322387695
2001-12-19,16.17516326904297
2001-12-20,16.827409744262695
2001-12-21,16.498552322387695
2001-12-24,16.17516326904297
2001-12-25,17.047012329101562
2001-12-26,16.93666648864746
2001-12-27,17.704723358154297
2001-12-28,17.15626335144043
2001-12-31,17.485122680664062
2002-01-01,17.485122680664062
2002-01-02,17.813980102539062
2002-01-03,17.047012329101562
2002-01-04,17.813980102539062
2002-01-07,19.014684677124023
2002-01-08,20.32465934753418
2002-01-09,20.105051040649414
2002-01-10,20.65351104736328
2002-01-11,19.23429298400879
2002-01-14,19.452802658081055
2002-01-15,19.563146591186523
2002-01-16,19.123945236206055
2002-01-17,18.905431747436523
2002-01-18,18.905431747436523
2002-01-21,20.214309692382812
2002-01-22,19.885448455810547
2002-01-23,20.105051040649414
2002-01-24,19.672407150268555
2002-01-25,19.99579620361328
2002-01-28,20.43390655517578
2002-01-29,19.77619171142578
2002-01-30,19.23429298400879
2002-01-31,19.34354591369629
2002-02-01,19.34354591369629
2002-02-04,19.885448455810547
2002-02-05,20.105051040649414
2002-02-06,20.105051040649414
2002-02-07,20.105051040649414
2002-02-08,20.105051040649414
2002-02-11,20.105051040649414
2002-02-12,20.105051040649414
2002-02-13,20.105051040649414
2002-02-14,20.105051040649414
2002-02-15,20.105051040649414
2002-02-18,19.77619171142578
2002-02-19,19.23429298400879
2002-02-20,18.575483322143555
2002-02-21,18.356977462768555
2002-02-22,17.924325942993164
2002-02-25,17.485122680664062
2002-02-26,16.93666648864746
2002-02-27,17.485122680664062
2002-02-28,17.485122680664062
2002-03-01,16.93666648864746
2002-03-04,17.813980102539062
2002-03-05,18.356977462768555
2002-03-06,18.685834884643555
2002-03-07,18.246631622314453
2002-03-08,17.485122680664062
2002-03-11,18.246631622314453
2002-03-12,18.246631622314453
2002-03-13,17.924325942993164
2002-03-14,17.924325942993164
2002-03-15,17.59547233581543
2002-03-18,17.485122680664062
2002-03-19,17.15626335144043
2002-03-20,17.59547233581543
2002-03-21,17.375871658325195
2002-03-22,17.704723358154297
2002-03-25,17.813980102539062
2002-03-26,17.924325942993164
2002-03-27,17.485122680664062
2002-03-28,17.813980102539062
2002-03-29,17.59547233581543
2002-04-01,17.485122680664062
2002-04-02,17.59547233581543
2002-04-03,17.704723358154297
2002-04-04,17.15626335144043
2002-04-05,17.15626335144043
2002-04-08,16.27895164489746
2002-04-09,15.84630298614502
2002-04-10,16.498552322387695
2002-04-11,16.71815299987793
2002-04-12,16.93666648864746
2002-04-15,17.15626335144043
2002-04-16,17.047012329101562
2002-04-17,17.375871658325195
2002-04-18,17.59547233581543
2002-04-19,17.15626335144043
2002-04-22,17.375871658325195
2002-04-23,17.15626335144043
2002-04-24,17.375871658325195
2002-04-25,16.71815299987793
2002-04-26,16.71815299987793
2002-04-29,17.15626335144043
2002-04-30,16.607803344726562
2002-05-01,16.607803344726562
2002-05-02,16.498552322387695
2002-05-03,16.71815299987793
2002-05-06,16.229787826538086
2002-05-07,16.498552322387695
2002-05-08,16.17516326904297
2002-05-09,16.607803344726562
2002-05-10,17.265522003173828
2002-05-13,17.704723358154297
2002-05-14,18.028121948242188
2002-05-15,18.246631622314453
2002-05-16,18.028121948242188
2002-05-17,18.028121948242188
2002-05-20,17.704723358154297
2002-05-21,17.704723358154297
2002-05-22,17.924325942993164
2002-05-23,18.246631622314453
2002-05-24,18.685834884643555
2002-05-27,18.575483322143555
2002-05-28,18.028121948242188
2002-05-29,17.59547233581543
2002-05-30,17.704723358154297
2002-05-31,16.93666648864746
2002-06-03,16.827409744262695
2002-06-04,17.047012329101562
2002-06-05,17.375871658325195
2002-06-06,16.93666648864746
2002-06-07,16.93666648864746
2002-06-10,17.047012329101562
2002-06-11,16.71815299987793
2002-06-12,16.607803344726562
2002-06-13,16.71815299987793
2002-06-14,16.93666648864746
2002-06-17,16.827409744262695
2002-06-18,17.047012329101562
2002-06-19,16.93666648864746
2002-06-20,17.047012329101562
2002-06-21,16.93666648864746
2002-06-24,16.71815299987793
2002-06-25,16.827409744262695
2002-06-26,16.498552322387695
2002-06-27,15.352470397949219
2002-06-28,14.914358139038086
2002-07-01,14.31673812866211
2002-07-02,14.481711387634277
2002-07-03,14.481711387634277
2002-07-04,14.640130043029785
2002-07-05,15.408195495605469
2002-07-08,16.229787826538086
2002-07-09,16.06590461730957
2002-07-10,16.33357810974121
2002-07-11,15.956647872924805
2002-07-12,17.047012329101562
2002-07-15,16.827409744262695
2002-07-16,16.498552322387695
2002-07-17,15.626701354980469
2002-07-18,16.607803344726562
2002-07-19,16.71815299987793
2002-07-22,16.27895164489746
2002-07-23,16.60711669921875
2002-07-24,16.354873657226562
2002-07-25,16.546276092529297
2002-07-26,16.477825164794922
2002-07-29,16.859352111816406
2002-07-30,17.62113380432129
2002-07-31,17.491846084594727
2002-08-01,16.926528930664062
2002-08-02,16.477825164794922
2002-08-05,15.34085464477539
2002-08-06,15.40296459197998
2002-08-07,15.84533405303955
2002-08-08,15.974618911743164
2002-08-09,16.416982650756836
2002-08-12,15.974618911743164
2002-08-13,15.912508010864258
2002-08-14,16.164749145507812
2002-08-15,16.736400604248047
2002-08-16,16.859352111816406
2002-08-19,16.477825164794922
2002-08-20,17.049480438232422
2002-08-21,16.859352111816406
2002-08-22,17.240877151489258
2002-08-23,17.240877151489258
2002-08-26,16.98863983154297
2002-08-27,16.859352111816406
2002-08-28,16.354873657226562
2002-08-29,16.736400604248047
2002-08-30,16.477825164794922
2002-09-02,16.859352111816406
2002-09-03,16.736400604248047
2002-09-04,16.546276092529297
2002-09-05,16.10264015197754
2002-09-06,16.10264015197754
2002-09-09,15.593095779418945
2002-09-10,15.84533405303955
2002-09-11,15.65393352508545
2002-09-12,15.65393352508545
2002-09-13,15.34085464477539
2002-09-16,15.211567878723145
2002-09-17,15.593095779418945
2002-09-18,15.150725364685059
2002-09-19,15.150725364685059
2002-09-20,14.831310272216797
2002-09-23,14.831310272216797
2002-09-24,14.708359718322754
2002-09-25,14.449787139892578
2002-09-26,14.769198417663574
2002-09-27,14.89848804473877
2002-09-30,14.769198417663574
2002-10-01,14.708359718322754
2002-10-02,15.021438598632812
2002-10-03,14.960598945617676
2002-10-04,14.960598945617676
2002-10-07,14.197545051574707
2002-10-08,14.074599266052246
2002-10-09,14.25965404510498
2002-10-10,14.25965404510498
2002-10-11,13.31281852722168
2002-10-14,14.13670539855957
2002-10-15,15.088618278503418
2002-10-16,15.593095779418945
2002-10-17,15.593095779418945
2002-10-18,16.225587844848633
2002-10-21,16.294034957885742
2002-10-22,16.03545570373535
2002-10-23,16.98863983154297
2002-10-24,16.797243118286133
2002-10-25,16.859352111816406
2002-10-28,16.60711669921875
2002-10-29,16.546276092529297
2002-10-30,16.294034957885742
2002-10-31,15.912508010864258
2002-11-01,15.912508010864258
2002-11-04,16.164749145507812
2002-11-05,16.164749145507812
2002-11-06,16.797243118286133
2002-11-07,16.98863983154297
2002-11-08,16.926528930664062
2002-11-11,16.354873657226562
2002-11-12,16.225587844848633
2002-11-13,16.10264015197754
2002-11-14,16.225587844848633
2002-11-15,16.546276092529297
2002-11-18,16.546276092529297
2002-11-19,16.546276092529297
2002-11-20,16.10264015197754
2002-11-21,15.912508010864258
2002-11-22,16.60711669921875
2002-11-25,16.797243118286133
2002-11-26,16.477825164794922
2002-11-27,16.294034957885742
2002-11-28,16.477825164794922
2002-11-29,16.546276092529297
2002-12-02,16.669221878051758
2002-12-03,16.98863983154297
2002-12-04,16.669221878051758
2002-12-05,16.736400604248047
2002-12-06,16.477825164794922
2002-12-09,16.546276092529297
2002-12-10,16.294034957885742
2002-12-11,16.294034957885742
2002-12-12,15.974618911743164
2002-12-13,15.912508010864258
2002-12-16,15.722381591796875
2002-12-17,16.10264015197754
2002-12-18,15.84533405303955
2002-12-19,15.593095779418945
2002-12-20,15.783221244812012
2002-12-23,15.783221244812012
2002-12-24,15.722381591796875
2002-12-25,15.530985832214355
2002-12-26,15.84533405303955
2002-12-27,15.593095779418945
2002-12-30,15.211567878723145
2002-12-31,15.211567878723145
2003-01-01,15.211567878723145
2003-01-02,15.34085464477539
2003-01-03,15.530985832214355
2003-01-06,15.530985832214355
2003-01-07,15.65393352508545
2003-01-08,16.03545570373535
2003-01-09,15.722381591796875
2003-01-10,15.84533405303955
2003-01-13,16.294034957885742
2003-01-14,16.736400604248047
2003-01-15,16.60711669921875
2003-01-16,16.294034957885742
2003-01-17,15.783221244812012
2003-01-20,15.722381591796875
2003-01-21,15.722381591796875
2003-01-22,14.63991641998291
2003-01-23,14.89848804473877
2003-01-24,14.960598945617676
2003-01-27,15.150725364685059
2003-01-28,15.088618278503418
2003-01-29,15.088618278503418
2003-01-30,15.088618278503418
2003-01-31,15.088618278503418
2003-02-03,15.088618278503418
2003-02-04,15.088618278503418
2003-02-05,15.088618278503418
2003-02-06,14.074599266052246
2003-02-07,13.945313453674316
2003-02-10,14.13670539855957
2003-02-11,14.326834678649902
2003-02-12,13.884469985961914
2003-02-13,13.43576717376709
2003-02-14,13.373658180236816
2003-02-17,14.25965404510498
2003-02-18,14.00741958618164
2003-02-19,14.00741958618164
2003-02-20,14.708359718322754
2003-02-21,14.769198417663574
2003-02-24,14.960598945617676
2003-02-25,14.326834678649902
2003-02-26,14.326834678649902
2003-02-27,14.197545051574707
2003-02-28,14.197545051574707
2003-03-03,14.197545051574707
2003-03-04,14.25965404510498
2003-03-05,14.074599266052246
2003-03-06,14.13670539855957
2003-03-07,14.25965404510498
2003-03-10,14.00741958618164
2003-03-11,13.884469985961914
2003-03-12,14.449787139892578
2003-03-13,14.516965866088867
2003-03-14,14.769198417663574
2003-03-17,14.197545051574707
2003-03-18,15.088618278503418
2003-03-19,15.088618278503418
2003-03-20,15.088618278503418
2003-03-21,15.088618278503418
2003-03-24,14.960598945617676
2003-03-25,14.516965866088867
2003-03-26,14.449787139892578
2003-03-27,14.708359718322754
2003-03-28,14.579075813293457
2003-03-31,14.00741958618164
2003-04-01,14.074599266052246
2003-04-02,14.25965404510498
2003-04-03,14.388944625854492
2003-04-04,14.708359718322754
2003-04-07,14.960598945617676
2003-04-08,14.960598945617676
2003-04-09,14.960598945617676
2003-04-10,14.831310272216797
2003-04-11,14.960598945617676
2003-04-14,14.708359718322754
2003-04-15,14.388944625854492
2003-04-16,14.708359718322754
2003-04-17,14.708359718322754
2003-04-18,15.021438598632812
2003-04-21,14.831310272216797
2003-04-22,14.516965866088867
2003-04-23,14.516965866088867
2003-04-24,13.945313453674316
2003-04-25,13.122689247131348
2003-04-28,13.060579299926758
2003-04-29,13.56505298614502
2003-04-30,13.81728744506836
2003-05-01,13.81728744506836
2003-05-02,13.81728744506836
2003-05-05,13.755182266235352
2003-05-06,13.81728744506836
2003-05-07,13.945313453674316
2003-05-08,13.56505298614502
2003-05-09,13.694343566894531
2003-05-12,13.945313453674316
2003-05-13,14.326834678649902
2003-05-14,14.449787139892578
2003-05-15,14.25965404510498
2003-05-16,14.25965404510498
2003-05-19,14.197545051574707
2003-05-20,14.197545051574707
2003-05-21,14.13670539855957
2003-05-22,14.25965404510498
2003-05-23,14.449787139892578
2003-05-26,14.63991641998291
2003-05-27,14.63991641998291
2003-05-28,14.63991641998291
2003-05-29,14.960598945617676
2003-05-30,14.708359718322754
2003-06-02,15.280014991760254
2003-06-03,15.150725364685059
2003-06-04,15.150725364685059
2003-06-05,14.89848804473877
2003-06-06,14.388944625854492
2003-06-09,15.34085464477539
2003-06-10,15.65393352508545
2003-06-11,15.84533405303955
2003-06-12,16.164749145507812
2003-06-13,16.10264015197754
2003-06-16,15.974618911743164
2003-06-17,16.294034957885742
2003-06-18,16.225587844848633
2003-06-19,16.294034957885742
2003-06-20,15.84533405303955
2003-06-23,15.783221244812012
2003-06-24,15.84533405303955
2003-06-25,16.164749145507812
2003-06-26,16.225587844848633
2003-06-27,16.354873657226562
2003-06-30,15.912508010864258
2003-07-01,16.164749145507812
2003-07-02,16.416982650756836
2003-07-03,16.416982650756836
2003-07-04,16.03545570373535
2003-07-07,16.477825164794922
2003-07-08,17.62113380432129
2003-07-09,18.19278335571289
2003-07-10,17.940549850463867
2003-07-11,18.5058650970459
2003-07-14,18.63515281677246
2003-07-15,18.57430648803711
2003-07-16,19.016681671142578
2003-07-17,19.016681671142578
2003-07-18,18.887393951416016
2003-07-21,18.63515281677246
2003-07-22,18.5058650970459
2003-07-23,19.016681671142578
2003-07-24,20.28293800354004
2003-07-25,20.41222381591797
2003-07-28,20.792478561401367
2003-07-29,20.41222381591797
2003-07-30,20.28293800354004
2003-07-31,19.90140724182129
2003-08-01,20.792478561401367
2003-08-04,20.663196563720703
2003-08-05,19.90140724182129
2003-08-06,19.39820671081543
2003-08-07,18.944019317626953
2003-08-08,18.71398162841797
2003-08-11,18.789125442504883
2003-08-12,19.247657775878906
2003-08-13,20.555782318115234
2003-08-14,20.17085838317871
2003-08-15,20.474504470825195
2003-08-18,20.32575035095215
2003-08-19,20.629390716552734
2003-08-20,20.71067237854004
2003-08-21,20.71067237854004
2003-08-22,20.85942840576172
2003-08-25,20.85942840576172
2003-08-26,20.399362564086914
2003-08-27,20.399362564086914
2003-08-28,20.24447250366211
2003-08-29,21.62773895263672
2003-09-01,22.314769744873047
2003-09-02,22.396047592163086
2003-09-03,22.24115753173828
2003-09-04,22.396047592163086
2003-09-05,22.46965980529785
2003-09-08,23.313119888305664
2003-09-09,23.00947380065918
2003-09-10,23.622892379760742
2003-09-11,23.622892379760742
2003-09-12,23.622892379760742
2003-09-15,23.16436004638672
2003-09-16,23.313119888305664
2003-09-17,23.622892379760742
2003-09-18,23.622892379760742
2003-09-19,24.081430435180664
2003-09-22,23.313119888305664
2003-09-23,22.699697494506836
2003-09-24,22.550939559936523
2003-09-25,22.550939559936523
2003-09-26,22.46965980529785
2003-09-29,22.396047592163086
2003-09-30,22.396047592163086
2003-10-01,22.550939559936523
2003-10-02,23.313119888305664
2003-10-03,23.313119888305664
2003-10-06,23.926538467407227
2003-10-07,23.926538467407227
2003-10-08,23.313119888305664
2003-10-09,23.468006134033203
2003-10-10,23.468006134033203
2003-10-13,23.622892379760742
2003-10-14,23.622892379760742
2003-10-15,23.777788162231445
2003-10-16,24.236312866210938
2003-10-17,24.236312866210938
2003-10-20,23.926538467407227
2003-10-21,24.39120864868164
2003-10-22,24.236312866210938
2003-10-23,23.622892379760742
2003-10-24,23.16436004638672
2003-10-27,23.313119888305664
2003-10-28,23.926538467407227
2003-10-29,23.777788162231445
2003-10-30,23.926538467407227
2003-10-31,23.313119888305664
2003-11-03,23.16436004638672
2003-11-04,23.468006134033203
2003-11-05,23.622892379760742
2003-11-06,23.622892379760742
2003-11-07,24.236312866210938
2003-11-10,23.926538467407227
2003-11-11,23.313119888305664
2003-11-12,22.854583740234375
2003-11-13,23.313119888305664
2003-11-14,23.313119888305664
2003-11-17,22.779443740844727
2003-11-18,22.62454605102539
2003-11-19,22.396047592163086
2003-11-20,21.472850799560547
2003-11-21,21.169206619262695
2003-11-24,21.014312744140625
2003-11-25,21.169206619262695
2003-11-26,20.93917465209961
2003-11-27,20.24447250366211
2003-11-28,20.24447250366211
2003-12-01,20.555782318115234
2003-12-02,20.85942840576172
2003-12-03,20.85942840576172
2003-12-04,20.85942840576172
2003-12-05,21.087926864624023
2003-12-08,20.93917465209961
2003-12-09,20.629390716552734
2003-12-10,20.629390716552734
2003-12-11,20.78428077697754
2003-12-12,20.78428077697754
2003-12-15,21.014312744140625
2003-12-16,20.93917465209961
2003-12-17,20.474504470825195
2003-12-18,20.629390716552734
2003-12-19,20.24447250366211
2003-12-22,20.17085838317871
2003-12-23,20.399362564086914
2003-12-24,20.474504470825195
2003-12-25,20.93917465209961
2003-12-26,20.24447250366211
2003-12-29,20.17085838317871
2003-12-30,20.555782318115234
2003-12-31,20.474504470825195
2004-01-01,20.474504470825195
2004-01-02,20.93917465209961
2004-01-05,20.85942840576172
2004-01-06,20.93917465209961
2004-01-07,21.169206619262695
2004-01-08,21.3240966796875
2004-01-09,22.46965980529785
2004-01-12,23.16436004638672
2004-01-13,22.928194046020508
2004-01-14,23.468006134033203
2004-01-15,23.00947380065918
2004-01-16,22.928194046020508
2004-01-19,22.928194046020508
2004-01-20,22.928194046020508
2004-01-21,22.928194046020508
2004-01-22,22.928194046020508
2004-01-23,22.928194046020508
2004-01-26,22.928194046020508
2004-01-27,23.622892379760742
2004-01-28,23.777788162231445
2004-01-29,23.777788162231445
2004-01-30,23.777788162231445
2004-02-02,23.16436004638672
2004-02-03,22.854583740234375
2004-02-04,22.550939559936523
2004-02-05,22.550939559936523
2004-02-06,23.00947380065918
2004-02-09,23.468006134033203
2004-02-10,23.00947380065918
2004-02-11,22.699697494506836
2004-02-12,22.854583740234375
2004-02-13,23.468006134033203
2004-02-16,22.699697494506836
2004-02-17,22.550939559936523
2004-02-18,23.16436004638672
2004-02-19,23.313119888305664
2004-02-20,22.854583740234375
2004-02-23,23.00947380065918
2004-02-24,22.699697494506836
2004-02-25,22.699697494506836
2004-02-26,22.699697494506836
2004-02-27,22.699697494506836
2004-03-01,23.00947380065918
2004-03-02,23.00947380065918
2004-03-03,22.166015625
2004-03-04,22.086271286010742
2004-03-05,22.24115753173828
2004-03-08,22.314769744873047
2004-03-09,22.46965980529785
2004-03-10,22.550939559936523
2004-03-11,22.166015625
2004-03-12,21.62773895263672
2004-03-15,21.856233596801758
2004-03-16,21.78262710571289
2004-03-17,21.856233596801758
2004-03-18,22.699697494506836
2004-03-19,22.699697494506836
2004-03-22,21.169206619262695
2004-03-23,20.71067237854004
2004-03-24,21.62773895263672
2004-03-25,21.242816925048828
2004-03-26,21.472850799560547
2004-03-29,22.166015625
2004-03-30,21.78262710571289
2004-03-31,21.856233596801758
2004-04-01,22.396047592163086
2004-04-02,21.856233596801758
2004-04-05,22.24115753173828
2004-04-06,22.314769744873047
2004-04-07,22.62454605102539
2004-04-08,22.62454605102539
2004-04-09,22.46965980529785
2004-04-12,22.62454605102539
2004-04-13,22.62454605102539
2004-04-14,22.62454605102539
2004-04-15,22.396047592163086
2004-04-16,22.396047592163086
2004-04-19,22.46965980529785
2004-04-20,22.24115753173828
2004-04-21,21.937517166137695
2004-04-22,22.086271286010742
2004-04-23,22.24115753173828
2004-04-26,22.396047592163086
2004-04-27,21.937517166137695
2004-04-28,22.086271286010742
2004-04-29,21.397705078125
2004-04-30,20.09572410583496
2004-05-03,19.940828323364258
2004-05-04,20.09572410583496
2004-05-05,19.48229217529297
2004-05-06,19.247657775878906
2004-05-07,19.785938262939453
2004-05-10,18.789125442504883
2004-05-11,19.172515869140625
2004-05-12,19.940828323364258
2004-05-13,20.32575035095215
2004-05-14,19.785938262939453
2004-05-17,19.017627716064453
2004-05-18,19.48229217529297
2004-05-19,20.32575035095215
2004-05-20,20.32575035095215
2004-05-21,20.399362564086914
2004-05-24,20.399362564086914
2004-05-25,20.555782318115234
2004-05-26,20.85942840576172
2004-05-27,20.399362564086914
2004-05-28,20.93917465209961
2004-05-31,20.474504470825195
2004-06-01,20.71067237854004
2004-06-02,20.399362564086914
2004-06-03,20.32575035095215
2004-06-04,20.85942840576172
2004-06-07,21.856233596801758
2004-06-08,21.472850799560547
2004-06-09,21.397705078125
2004-06-10,20.474504470825195
2004-06-11,19.098905563354492
2004-06-14,17.87206268310547
2004-06-15,17.9456729888916
2004-06-16,18.100561141967773
2004-06-17,18.485485076904297
2004-06-18,18.40420150756836
2004-06-21,18.330591201782227
2004-06-22,18.330591201782227
2004-06-23,18.634235382080078
2004-06-24,18.71398162841797
2004-06-25,19.017627716064453
2004-06-28,18.55909538269043
2004-06-29,18.862735748291016
2004-06-30,19.172515869140625
2004-07-01,18.862735748291016
2004-07-02,18.634235382080078
2004-07-05,18.485485076904297
2004-07-06,18.55909538269043
2004-07-07,18.249313354492188
2004-07-08,18.100561141967773
2004-07-09,18.249313354492188
2004-07-12,18.249313354492188
2004-07-13,18.249313354492188
2004-07-14,18.55909538269043
2004-07-15,17.9456729888916
2004-07-16,17.790781021118164
2004-07-19,17.56228256225586
2004-07-20,16.873716354370117
2004-07-21,17.87206268310547
2004-07-22,18.249313354492188
2004-07-23,18.02081298828125
2004-07-26,18.330591201782227
2004-07-27,18.485485076904297
2004-07-28,18.40420150756836
2004-07-29,18.485485076904297
2004-07-30,18.789125442504883
2004-08-02,18.71398162841797
2004-08-03,18.71398162841797
2004-08-04,18.634235382080078
2004-08-05,19.172515869140625
2004-08-06,19.017627716064453
2004-08-09,18.944019317626953
2004-08-10,18.55909538269043
2004-08-11,18.71398162841797
2004-08-12,18.175701141357422
2004-08-13,18.330591201782227
2004-08-16,17.9456729888916
2004-08-17,17.71717071533203
2004-08-18,18.02081298828125
2004-08-19,18.71398162841797
2004-08-20,19.017627716064453
2004-08-23,19.99171257019043
2004-08-24,19.99171257019043
2004-08-25,19.99171257019043
2004-08-26,20.16737937927246
2004-08-27,19.808876037597656
2004-08-30,19.450382232666016
2004-08-31,19.99171257019043
2004-09-01,20.708711624145508
2004-09-02,20.88616371154785
2004-09-03,20.262378692626953
2004-09-06,20.079544067382812
2004-09-07,20.615497589111328
2004-09-08,20.798337936401367
2004-09-09,20.5258731842041
2004-09-10,20.973997116088867
2004-09-13,21.42749786376953
2004-09-14,21.603168487548828
2004-09-15,20.973997116088867
2004-09-16,20.88616371154785
2004-09-17,20.973997116088867
2004-09-20,20.88616371154785
2004-09-21,21.42749786376953
2004-09-22,21.332496643066406
2004-09-23,21.156841278076172
2004-09-24,20.88616371154785
2004-09-27,20.43804359436035
2004-09-28,20.43804359436035
2004-09-29,20.615497589111328
2004-09-30,20.973997116088867
2004-10-01,21.244667053222656
2004-10-04,21.780624389648438
2004-10-05,21.780624389648438
2004-10-06,22.13912010192871
2004-10-07,22.321956634521484
2004-10-08,22.4097900390625
2004-10-11,22.23412322998047
2004-10-12,21.780624389648438
2004-10-13,21.603168487548828
2004-10-14,21.332496643066406
2004-10-15,21.156841278076172
2004-10-18,20.88616371154785
2004-10-19,21.51533317565918
2004-10-20,21.51533317565918
2004-10-21,21.603168487548828
2004-10-22,21.780624389648438
2004-10-25,21.780624389648438
2004-10-26,21.244667053222656
2004-10-27,21.069000244140625
2004-10-28,21.244667053222656
2004-10-29,22.05129051208496
2004-11-01,21.963459014892578
2004-11-02,22.23412322998047
2004-11-03,23.038959503173828
2004-11-04,22.8579158782959
2004-11-05,23.39924430847168
2004-11-08,23.487079620361328
2004-11-09,23.39924430847168
2004-11-10,23.39924430847168
2004-11-11,22.945743560791016
2004-11-12,23.038959503173828
2004-11-15,23.216411590576172
2004-11-16,23.39924430847168
2004-11-17,23.75774574279785
2004-11-18,23.93341064453125
2004-11-19,23.93341064453125
2004-11-22,22.8579158782959
2004-11-23,22.768291473388672
2004-11-24,22.945743560791016
2004-11-25,22.8579158782959
2004-11-26,22.680458068847656
2004-11-29,22.768291473388672
2004-11-30,23.30424690246582
2004-12-01,23.216411590576172
2004-12-02,23.39924430847168
2004-12-03,23.662744522094727
2004-12-06,23.662744522094727
2004-12-07,23.845579147338867
2004-12-08,23.662744522094727
2004-12-09,24.02303695678711
2004-12-10,24.116247177124023
2004-12-13,24.116247177124023
2004-12-14,24.02303695678711
2004-12-15,24.381534576416016
2004-12-16,24.564373016357422
2004-12-17,24.652206420898438
2004-12-20,24.827869415283203
2004-12-21,24.827869415283203
2004-12-22,25.010698318481445
2004-12-23,25.098535537719727
2004-12-24,24.922868728637695
2004-12-27,24.740039825439453
2004-12-28,25.098535537719727
2004-12-29,25.905160903930664
2004-12-30,25.905160903930664
2004-12-31,26.353281021118164
2005-01-03,26.087989807128906
2005-01-04,24.740039825439453
2005-01-05,24.20408058166504
2005-01-06,24.740039825439453
2005-01-07,24.564373016357422
2005-01-10,24.922868728637695
2005-01-11,24.922868728637695
2005-01-12,24.740039825439453
2005-01-13,24.293704986572266
2005-01-14,24.4693660736084
2005-01-17,24.922868728637695
2005-01-18,24.564373016357422
2005-01-19,25.098535537719727
2005-01-20,24.4693660736084
2005-01-21,24.381534576416016
2005-01-24,24.20408058166504
2005-01-25,24.116247177124023
2005-01-26,24.652206420898438
2005-01-27,24.564373016357422
2005-01-28,24.564373016357422
2005-01-31,25.098535537719727
2005-02-01,25.098535537719727
2005-02-02,25.458824157714844
2005-02-03,25.546653747558594
2005-02-04,25.546653747558594
2005-02-07,25.546653747558594
2005-02-08,25.546653747558594
2005-02-09,25.546653747558594
2005-02-10,25.546653747558594
2005-02-11,25.546653747558594
2005-02-14,25.905160903930664
2005-02-15,26.175827026367188
2005-02-16,26.087989807128906
2005-02-17,25.37099266052246
2005-02-18,26.087989807128906
2005-02-21,25.634490966796875
2005-02-22,25.458824157714844
2005-02-23,25.81732940673828
2005-02-24,25.905160903930664
2005-02-25,25.905160903930664
2005-02-28,25.905160903930664
2005-03-01,26.175827026367188
2005-03-02,26.353281021118164
2005-03-03,25.99298858642578
2005-03-04,26.263656616210938
2005-03-07,26.62394142150879
2005-03-08,25.99298858642578
2005-03-09,26.087989807128906
2005-03-10,26.087989807128906
2005-03-11,26.087989807128906
2005-03-14,25.81732940673828
2005-03-15,25.37099266052246
2005-03-16,25.634490966796875
2005-03-17,25.2813663482666
2005-03-18,24.740039825439453
2005-03-21,25.37099266052246
2005-03-22,24.922868728637695
2005-03-23,24.922868728637695
2005-03-24,24.740039825439453
2005-03-25,25.010698318481445
2005-03-28,24.827869415283203
2005-03-29,24.20408058166504
2005-03-30,24.564373016357422
2005-03-31,25.098535537719727
2005-04-01,25.010698318481445
2005-04-04,24.652206420898438
2005-04-05,24.652206420898438
2005-04-06,24.827869415283203
2005-04-07,24.652206420898438
2005-04-08,25.010698318481445
2005-04-11,25.2813663482666
2005-04-12,25.81732940673828
2005-04-13,25.546653747558594
2005-04-14,25.546653747558594
2005-04-15,25.546653747558594
2005-04-18,25.18815803527832
2005-04-19,25.098535537719727
2005-04-20,25.098535537719727
2005-04-21,25.098535537719727
2005-04-22,26.087989807128906
2005-04-25,25.905160903930664
2005-04-26,26.263656616210938
2005-04-27,26.446489334106445
2005-04-28,26.71177864074707
2005-04-29,26.62394142150879
2005-05-02,26.62394142150879
2005-05-03,25.729494094848633
2005-05-04,25.2813663482666
2005-05-05,25.905160903930664
2005-05-06,26.175827026367188
2005-05-09,26.446489334106445
2005-05-10,26.353281021118164
2005-05-11,26.536113739013672
2005-05-12,26.71177864074707
2005-05-13,27.253116607666016
2005-05-16,27.971908569335938
2005-05-17,27.70123291015625
2005-05-18,27.253116607666016
2005-05-19,27.971908569335938
2005-05-20,27.70123291015625
2005-05-23,27.070281982421875
2005-05-24,27.518407821655273
2005-05-25,27.518407821655273
2005-05-26,28.235401153564453
2005-05-27,28.954198837280273
2005-05-30,29.137027740478516
2005-05-31,29.490150451660156
2005-06-01,29.137027740478516
2005-06-02,29.312698364257812
2005-06-03,29.312698364257812
2005-06-06,29.400527954101562
2005-06-07,29.94365119934082
2005-06-08,29.94365119934082
2005-06-09,29.583364486694336
2005-06-10,29.671192169189453
2005-06-13,30.83810806274414
2005-06-14,30.11931800842285
2005-06-15,30.38998794555664
2005-06-16,30.031482696533203
2005-06-17,29.94365119934082
2005-06-20,29.490150451660156
2005-06-21,29.490150451660156
2005-06-22,30.11931800842285
2005-06-23,30.207149505615234
2005-06-24,30.655271530151367
2005-06-27,29.848651885986328
2005-06-28,29.94365119934082
2005-06-29,29.490150451660156
2005-06-30,29.490150451660156
2005-07-01,29.760818481445312
2005-07-04,29.671192169189453
2005-07-05,29.583364486694336
2005-07-06,29.583364486694336
2005-07-07,30.031482696533203
2005-07-08,29.94365119934082
2005-07-11,31.108776092529297
2005-07-12,31.642940521240234
2005-07-13,32.003238677978516
2005-07-14,32.80807113647461
2005-07-15,32.537391662597656
2005-07-18,32.537391662597656
2005-07-19,32.80807113647461
2005-07-20,32.537391662597656
2005-07-21,32.537391662597656
2005-07-22,31.46727180480957
2005-07-25,31.196609497070312
2005-07-26,31.37226676940918
2005-07-27,31.730775833129883
2005-07-28,32.63239669799805
2005-07-29,32.091060638427734
2005-08-01,31.730775833129883
2005-08-02,32.273895263671875
2005-08-03,32.449562072753906
2005-08-04,32.449562072753906
2005-08-05,32.449562072753906
2005-08-08,32.091060638427734
2005-08-09,31.913604736328125
2005-08-10,31.46727180480957
2005-08-11,31.46727180480957
2005-08-12,30.83810806274414
2005-08-15,29.583364486694336
2005-08-16,30.031482696533203
2005-08-17,30.30215072631836
2005-08-18,30.477815628051758
2005-08-19,30.83810806274414
2005-08-22,31.555103302001953
2005-08-23,31.01378059387207
2005-08-24,31.108776092529297
2005-08-25,31.108776092529297
2005-08-26,31.28443717956543
2005-08-29,30.83810806274414
2005-08-30,30.38998794555664
2005-08-31,30.30215072631836
2005-09-01,30.30215072631836
2005-09-02,31.860090255737305
2005-09-05,32.8431396484375
2005-09-06,33.060638427734375
2005-09-07,32.516910552978516
2005-09-08,32.95188522338867
2005-09-09,33.060638427734375
2005-09-12,33.93059158325195
2005-09-13,34.2546501159668
2005-09-14,33.82184982299805
2005-09-15,33.386863708496094
2005-09-16,34.145912170410156
2005-09-19,34.037166595458984
2005-09-20,34.037166595458984
2005-09-21,33.713104248046875
2005-09-22,32.40816879272461
2005-09-23,31.860090255737305
2005-09-26,31.860090255737305
2005-09-27,32.8431396484375
2005-09-28,32.08192825317383
2005-09-29,33.167205810546875
2005-09-30,33.60218811035156
2005-10-03,33.27595138549805
2005-10-04,33.81967544555664
2005-10-05,33.81967544555664
2005-10-06,33.493431091308594
2005-10-07,33.167205810546875
2005-10-10,33.167205810546875
2005-10-11,33.493431091308594
2005-10-12,32.73221969604492
2005-10-13,32.18849563598633
2005-10-14,31.971006393432617
2005-10-17,31.31854248046875
2005-10-18,30.883562088012695
2005-10-19,30.231082916259766
2005-10-20,31.31854248046875
2005-10-21,31.101049423217773
2005-10-24,31.101049423217773
2005-10-25,31.644777297973633
2005-10-26,32.07975387573242
2005-10-27,31.75351905822754
2005-10-28,31.20979881286621
2005-10-31,31.536033630371094
2005-11-01,32.73221969604492
2005-11-02,33.27595138549805
2005-11-03,33.27595138549805
2005-11-04,33.92841720581055
2005-11-07,33.7109260559082
2005-11-08,33.81967544555664
2005-11-09,34.145912170410156
2005-11-10,34.037166595458984
2005-11-11,34.798377990722656
2005-11-14,35.55958938598633
2005-11-15,35.23336410522461
2005-11-16,35.99457550048828
2005-11-17,35.6683349609375
2005-11-18,36.32080841064453
2005-11-21,36.10331726074219
2005-11-22,35.124610900878906
2005-11-23,36.42954635620117
2005-11-24,35.99457550048828
2005-11-25,35.99457550048828
2005-11-28,36.32080841064453
2005-11-29,35.7770881652832
2005-11-30,36.864532470703125
2005-12-01,36.864532470703125
2005-12-02,37.40825271606445
2005-12-05,38.27820587158203
2005-12-06,38.604454040527344
2005-12-07,38.930686950683594
2005-12-08,38.06072998046875
2005-12-09,37.95198440551758
2005-12-12,37.95198440551758
2005-12-13,37.62575149536133
2005-12-14,37.08202362060547
2005-12-15,37.29951095581055
2005-12-16,38.27820587158203
2005-12-19,38.604454040527344
2005-12-20,38.930686950683594
2005-12-21,39.58315658569336
2005-12-22,39.58315658569336
2005-12-23,40.12687683105469
2005-12-26,40.12687683105469
2005-12-27,39.58315658569336
2005-12-28,39.14817810058594
2005-12-29,40.12687683105469
2005-12-30,39.14817810058594
2006-01-02,39.47441482543945
2006-01-03,40.4531135559082
2006-01-04,42.628013610839844
2006-01-05,44.15044403076172
2006-01-06,43.49797058105469
2006-01-09,43.06298828125
2006-01-10,42.84550094604492
2006-01-11,43.06298828125
2006-01-12,45.999107360839844
2006-01-13,45.89035415649414
2006-01-16,48.935211181640625
2006-01-17,48.06526565551758
2006-01-18,45.67287826538086
2006-01-19,45.237892150878906
2006-01-20,45.564125061035156
2006-01-23,45.564125061035156
2006-01-24,45.455379486083984
2006-01-25,46.76031494140625
2006-02-03,45.781620025634766
2006-02-06,45.999107360839844
2006-02-07,46.32535171508789
2006-02-08,46.10784149169922
2006-02-09,46.54282760620117
2006-02-10,45.237892150878906
2006-02-13,43.60671615600586
2006-02-14,43.932952880859375
2006-02-15,43.932952880859375
2006-02-16,45.89035415649414
2006-02-17,45.34664535522461
2006-02-20,45.564125061035156
2006-02-21,44.80291748046875
2006-02-22,44.04169464111328
2006-02-23,43.28048324584961
2006-02-24,44.04169464111328
2006-02-27,44.80291748046875
2006-03-01,43.7154655456543
2006-03-02,45.455379486083984
2006-03-03,44.58541488647461
2006-03-06,44.911659240722656
2006-03-07,44.58541488647461
2006-03-08,43.38923645019531
2006-03-09,43.60671615600586
2006-03-10,43.38923645019531
2006-03-13,43.17173767089844
2006-03-14,43.17173767089844
2006-03-15,43.49797058105469
2006-03-16,44.25918960571289
2006-03-17,43.82420349121094
2006-03-20,43.49797058105469
2006-03-21,42.84550094604492
2006-03-22,40.4531135559082
2006-03-23,40.888092041015625
2006-03-24,40.67060470581055
2006-03-27,41.214324951171875
2006-03-28,42.193031311035156
2006-03-29,42.628013610839844
2006-03-30,43.17173767089844
2006-03-31,43.7154655456543
2006-04-03,44.476688385009766
2006-04-04,44.15044403076172
2006-04-06,44.694156646728516
2006-04-07,45.34664535522461
2006-04-10,44.58541488647461
2006-04-11,44.36792755126953
2006-04-12,45.237892150878906
2006-04-13,45.564125061035156
2006-04-14,46.32535171508789
2006-04-17,46.10784149169922
2006-04-18,45.67287826538086
2006-04-19,46.65156936645508
2006-04-20,47.84777069091797
2006-04-21,49.152713775634766
2006-04-24,48.500244140625
2006-04-25,47.41279220581055
2006-04-26,48.282752990722656
2006-04-27,46.977806091308594
2006-04-28,47.08655548095703
2006-05-02,46.86907196044922
2006-05-03,46.434085845947266
2006-05-04,49.58768844604492
2006-05-05,49.9139289855957
2006-05-08,50.34891128540039
2006-05-09,49.58768844604492
2006-05-10,49.80518341064453
2006-05-11,50.457645416259766
2006-05-12,49.261451721191406
2006-05-15,47.84777069091797
2006-05-16,47.08655548095703
2006-05-17,47.63028335571289
2006-05-18,47.63028335571289
2006-05-19,47.63028335571289
2006-05-22,46.10784149169922
2006-05-23,44.36792755126953
2006-05-24,44.25918960571289
2006-05-25,43.06298828125
2006-05-26,45.129146575927734
2006-05-29,45.129146575927734
2006-05-30,44.58541488647461
2006-06-01,43.49797058105469
2006-06-02,45.237892150878906
2006-06-05,43.49797058105469
2006-06-06,44.15044403076172
2006-06-07,43.49797058105469
2006-06-08,41.866790771484375
2006-06-09,41.866790771484375
2006-06-12,42.08428955078125
2006-06-13,42.193031311035156
2006-06-14,42.628013610839844
2006-06-15,43.7154655456543
2006-06-16,44.694156646728516
2006-06-19,44.36792755126953
2006-06-20,41.32307052612305
2006-06-21,41.32307052612305
2006-06-22,43.17173767089844
2006-06-23,42.84550094604492
2006-06-26,43.28048324584961
2006-06-27,43.17173767089844
2006-06-28,41.975547790527344
2006-06-29,42.41053009033203
2006-06-30,43.49797058105469
2006-07-03,43.49797058105469
2006-07-04,44.36792755126953
2006-07-05,43.49797058105469
2006-07-06,43.17173767089844
2006-07-07,43.49797058105469
2006-07-10,43.7154655456543
2006-07-11,43.28048324584961
2006-07-12,43.06298828125
2006-07-13,41.975547790527344
2006-07-14,40.67060470581055
2006-07-17,38.930686950683594
2006-07-18,39.25692367553711
2006-07-19,39.14817810058594
2006-07-20,41.431827545166016
2006-07-21,40.888092041015625
2006-07-24,39.47441482543945
2006-07-25,39.6919059753418
2006-07-26,39.6919059753418
2006-07-27,39.6919059753418
2006-07-28,41.758052825927734
2006-07-31,42.193031311035156
2006-08-01,41.64931106567383
2006-08-02,42.08428955078125
2006-08-03,42.628013610839844
2006-08-04,42.628013610839844
2006-08-07,42.193031311035156
2006-08-08,42.628013610839844
2006-08-09,43.28048324584961
2006-08-10,44.58541488647461
2006-08-11,44.911659240722656
2006-08-14,46.76031494140625
2006-08-15,46.65156936645508
2006-08-16,46.65156936645508
2006-08-17,49.97917556762695
2006-08-18,48.935211181640625
2006-08-21,46.71682357788086
2006-08-22,47.49978256225586
2006-08-23,46.977806091308594
2006-08-24,47.23879623413086
2006-08-25,47.108306884765625
2006-08-28,46.45583724975586
2006-08-29,47.108306884765625
2006-08-30,48.15225601196289
2006-08-31,48.41324234008789
2006-09-01,49.84867477416992
2006-09-04,52.32805633544922
2006-09-05,51.806087493896484
2006-09-06,51.15361785888672
2006-09-07,50.63163757324219
2006-09-08,51.28410339355469
2006-09-11,51.414608001708984
2006-09-12,50.37065887451172
2006-09-13,51.15361785888672
2006-09-14,50.89262771606445
2006-09-15,51.67559814453125
2006-09-18,53.632991790771484
2006-09-19,53.11103439331055
2006-09-20,53.89399337768555
2006-09-21,53.24152374267578
2006-09-22,53.632991790771484
2006-09-25,53.632991790771484
2006-09-26,53.24152374267578
2006-09-27,52.980533599853516
2006-09-28,52.589054107666016
2006-09-29,52.589054107666016
2006-10-02,53.76349639892578
2006-10-03,54.54645919799805
2006-10-04,53.50251007080078
2006-10-05,55.32941436767578
2006-10-09,55.32941436767578
2006-10-11,54.28547286987305
2006-10-12,54.28547286987305
2006-10-13,55.59040069580078
2006-10-16,56.50387191772461
2006-10-17,56.112388610839844
2006-10-18,55.981895446777344
2006-10-19,56.37337875366211
2006-10-20,55.72090530395508
2006-10-23,56.112388610839844
2006-10-24,56.112388610839844
2006-10-25,55.981895446777344
2006-10-26,55.981895446777344
2006-10-27,57.28683853149414
2006-10-30,56.112388610839844
2006-10-31,56.24287796020508
2006-11-01,56.89534378051758
2006-11-02,58.461273193359375
2006-11-03,59.7662239074707
2006-11-06,60.28818893432617
2006-11-07,61.20166015625
2006-11-08,61.071163177490234
2006-11-09,61.071163177490234
2006-11-10,61.8541259765625
2006-11-13,60.02720260620117
2006-11-14,59.374732971191406
2006-11-15,59.11373519897461
2006-11-16,59.374732971191406
2006-11-17,58.722251892089844
2006-11-20,62.6370849609375
2006-11-21,61.7236213684082
2006-11-22,63.02855682373047
2006-11-23,62.5065803527832
2006-11-24,61.7236213684082
2006-11-27,62.37609100341797
2006-11-28,61.332149505615234
2006-11-29,61.332149505615234
2006-11-30,61.46262741088867
2006-12-01,61.8541259765625
2006-12-04,60.81017303466797
2006-12-05,60.81017303466797
2006-12-06,61.46262741088867
2006-12-07,61.46262741088867
2006-12-08,61.46262741088867
2006-12-11,61.20166015625
2006-12-12,60.02720260620117
2006-12-13,59.63572311401367
2006-12-14,58.983253479003906
2006-12-15,59.50522232055664
2006-12-18,60.418678283691406
2006-12-19,60.1577033996582
2006-12-20,60.1577033996582
2006-12-21,60.81017303466797
2006-12-22,60.81017303466797
2006-12-25,59.7662239074707
2006-12-26,59.7662239074707
2006-12-27,59.7662239074707
2006-12-28,60.28818893432617
2006-12-29,60.6796760559082
2007-01-02,61.98461151123047
2007-01-03,62.24559020996094
2007-01-04,63.02855682373047
2007-01-05,61.332149505615234
2007-01-08,60.549171447753906
2007-01-09,60.81017303466797
2007-01-10,61.071163177490234
2007-01-11,61.46262741088867
2007-01-12,62.24559020996094
2007-01-15,65.63844299316406
2007-01-16,64.7249755859375
2007-01-17,65.1164779663086
2007-01-18,65.76893615722656
2007-01-19,64.4639892578125
2007-01-22,64.07251739501953
2007-01-23,64.7249755859375
2007-01-24,64.594482421875
2007-01-25,64.7249755859375
2007-01-26,62.767574310302734
2007-01-29,60.81017303466797
2007-01-30,50.675132751464844
2007-01-31,58.722251892089844
2007-02-01,58.59177780151367
2007-02-02,59.7662239074707
2007-02-05,59.50522232055664
2007-02-06,60.81017303466797
2007-02-07,61.332149505615234
2007-02-08,60.9406623840332
2007-02-09,60.81017303466797
2007-02-12,59.244239807128906
2007-02-13,57.15633773803711
2007-02-14,58.461273193359375
2007-02-26,59.63572311401367
2007-02-27,60.02720260620117
2007-03-01,56.50387191772461
2007-03-02,56.50387191772461
2007-03-05,52.45854949951172
2007-03-06,54.807437896728516
2007-03-07,55.981895446777344
2007-03-08,56.50387191772461
2007-03-09,55.32941436767578
2007-03-12,56.89534378051758
2007-03-13,57.67831039428711
2007-03-14,56.89534378051758
2007-03-15,57.28683853149414
2007-03-16,56.50387191772461
2007-03-19,56.24287796020508
2007-03-20,56.24287796020508
2007-03-21,56.24287796020508
2007-03-22,57.67831039428711
2007-03-23,58.33078384399414
2007-03-26,57.939300537109375
2007-03-27,57.939300537109375
2007-03-28,56.63437271118164
2007-03-29,57.417327880859375
2007-03-30,57.939300537109375
2007-04-02,57.28683853149414
2007-04-03,57.67831039428711
2007-04-04,58.983253479003906
2007-04-09,59.11373519897461
2007-04-10,58.722251892089844
2007-04-11,59.11373519897461
2007-04-12,59.11373519897461
2007-04-13,58.722251892089844
2007-04-16,58.722251892089844
2007-04-17,57.80880355834961
2007-04-18,57.80880355834961
2007-04-19,56.50387191772461
2007-04-20,56.50387191772461
2007-04-23,57.939300537109375
2007-04-24,57.67831039428711
2007-04-25,56.89534378051758
2007-04-26,57.67831039428711
2007-04-27,57.025840759277344
2007-04-30,57.80880355834961
2007-05-02,57.80880355834961
2007-05-03,62.767574310302734
2007-05-04,62.898075103759766
2007-05-07,63.681026458740234
2007-05-08,63.289554595947266
2007-05-09,63.159053802490234
2007-05-10,62.898075103759766
2007-05-11,62.24559020996094
2007-05-14,61.8541259765625
2007-05-15,60.9406623840332
2007-05-16,61.59312438964844
2007-05-17,61.20166015625
2007-05-18,61.20166015625
2007-05-21,63.02855682373047
2007-05-22,63.81153106689453
2007-05-23,64.33350372314453
2007-05-24,63.81153106689453
2007-05-25,63.159053802490234
2007-05-28,63.159053802490234
2007-05-29,63.159053802490234
2007-05-30,62.767574310302734
2007-05-31,60.9406623840332
2007-06-01,63.289554595947266
2007-06-04,64.2030029296875
2007-06-05,66.29090881347656
2007-06-06,66.81288146972656
2007-06-07,67.33485412597656
2007-06-08,66.29090881347656
2007-06-11,66.68240356445312
2007-06-12,68.63980102539062
2007-06-13,68.5093002319336
2007-06-14,71.64115142822266
2007-06-15,73.33757781982422
2007-06-20,75.16450500488281
2007-06-21,78.29635620117188
2007-06-22,75.42547607421875
2007-06-25,75.16450500488281
2007-06-26,73.72906494140625
2007-06-27,73.85955810546875
2007-06-28,74.64252471923828
2007-06-29,74.12054443359375
2007-07-02,75.16450500488281
2007-07-03,75.42547607421875
2007-07-04,76.33893585205078
2007-07-05,76.99141693115234
2007-07-06,76.99141693115234
2007-07-09,78.03536224365234
2007-07-10,65.02947998046875
2007-07-11,76.59992218017578
2007-07-12,75.68647766113281
2007-07-13,76.99141693115234
2007-07-16,73.85955810546875
2007-07-17,74.12054443359375
2007-07-18,74.12054443359375
2007-07-19,72.16313171386719
2007-07-20,62.85456466674805
2007-07-23,74.64252471923828
2007-07-24,76.73043060302734
2007-07-25,74.90351867675781
2007-07-26,73.20708465576172
2007-07-27,68.77029418945312
2007-07-30,68.63980102539062
2007-07-31,70.98869323730469
2007-08-01,66.81288146972656
2007-08-02,69.94474029541016
2007-08-03,71.51065826416016
2007-08-06,71.77165222167969
2007-08-07,69.81425476074219
2007-08-08,71.64115142822266
2007-08-09,72.94610595703125
2007-08-10,70.07523345947266
2007-08-13,70.85820770263672
2007-08-14,70.98869323730469
2007-08-15,68.3788070678711
2007-08-16,63.81153106689453
2007-08-17,64.2030029296875
2007-08-20,68.63980102539062
2007-08-21,71.11917877197266
2007-08-22,69.68376159667969
2007-08-23,72.81560516357422
2007-08-24,73.72906494140625
2007-08-27,76.12954711914062
2007-08-28,77.55400085449219
2007-08-29,77.87055969238281
2007-08-30,78.18709564208984
2007-08-31,77.55400085449219
2007-09-03,76.28781127929688
2007-09-04,75.97127532958984
2007-09-05,75.81298828125
2007-09-06,74.86335754394531
2007-09-07,75.49645233154297
2007-09-10,74.70508575439453
2007-09-11,76.76264190673828
2007-09-12,75.97127532958984
2007-09-13,74.86335754394531
2007-09-14,74.86335754394531
2007-09-17,72.80579376220703
2007-09-18,72.80579376220703
2007-09-19,73.12234497070312
2007-09-20,75.33818817138672
2007-09-21,75.65471649169922
2007-09-26,75.65471649169922
2007-09-27,77.55400085449219
2007-09-28,77.87055969238281
2007-10-01,76.92090606689453
2007-10-02,79.1367416381836
2007-10-03,80.40292358398438
2007-10-04,80.2446517944336
2007-10-05,79.1367416381836
2007-10-08,80.40292358398438
2007-10-09,79.92810821533203
2007-10-11,80.08637237548828
2007-10-12,78.18709564208984
2007-10-15,77.23745727539062
2007-10-16,78.0288314819336
2007-10-17,77.55400085449219
2007-10-18,77.71229553222656
2007-10-19,76.92090606689453
2007-10-22,74.70508575439453
2007-10-23,76.92090606689453
2007-10-24,76.92090606689453
2007-10-25,78.34538269042969
2007-10-26,77.55400085449219
2007-10-29,79.1367416381836
2007-10-30,79.45329284667969
2007-10-31,77.87055969238281
2007-11-01,75.65471649169922
2007-11-02,71.22306823730469
2007-11-05,74.38854217529297
2007-11-06,72.80579376220703
2007-11-07,72.1727066040039
2007-11-08,68.53241729736328
2007-11-09,68.6906967163086
2007-11-12,64.89212799072266
2007-11-13,64.25904083251953
2007-11-14,66.47486877441406
2007-11-15,65.8417739868164
2007-11-16,64.10076141357422
2007-11-19,62.83457565307617
2007-11-20,62.676292419433594
2007-11-21,62.676292419433594
2007-11-22,63.30937957763672
2007-11-23,61.88493347167969
2007-11-26,63.94248580932617
2007-11-27,62.3597526550293
2007-11-28,63.62594223022461
2007-11-29,65.20867156982422
2007-11-30,65.20867156982422
2007-12-03,63.30937957763672
2007-12-04,64.25904083251953
2007-12-05,65.20867156982422
2007-12-06,65.0503921508789
2007-12-07,64.57559204101562
2007-12-10,63.30937957763672
2007-12-11,63.1511116027832
2007-12-12,61.726661682128906
2007-12-13,57.453269958496094
2007-12-14,56.02881622314453
2007-12-17,54.12954330444336
2007-12-18,56.34535598754883
2007-12-19,59.82737350463867
2007-12-20,59.35255813598633
2007-12-21,60.618736267089844
2007-12-24,63.30937957763672
2007-12-25,62.3597526550293
2007-12-26,62.04319381713867
2007-12-27,63.30937957763672
2007-12-28,63.46766662597656
2007-12-31,62.04319381713867
2008-01-02,61.568382263183594
2008-01-03,59.19428253173828
2008-01-04,57.928096771240234
2008-01-07,54.28779983520508
2008-01-08,53.81298065185547
2008-01-09,56.02881622314453
2008-01-10,56.02881622314453
2008-01-11,56.02881622314453
2008-01-14,56.503631591796875
2008-01-15,57.61154556274414
2008-01-16,54.446075439453125
2008-01-17,54.76261901855469
2008-01-18,55.23744583129883
2008-01-21,54.28779983520508
2008-01-22,50.48924255371094
2008-01-23,50.96406555175781
2008-01-24,50.17269515991211
2008-01-25,52.7050666809082
2008-01-28,50.64751434326172
2008-01-29,51.43888473510742
2008-01-30,51.59714889526367
2008-01-31,53.65470504760742
2008-02-01,54.446075439453125
2008-02-12,52.546791076660156
2008-02-13,51.75543212890625
2008-02-14,55.23744583129883
2008-02-15,55.23744583129883
2008-02-18,55.07917785644531
2008-02-19,55.55399703979492
2008-02-20,56.02881622314453
2008-02-21,57.453269958496094
2008-02-22,57.928096771240234
2008-02-25,60.30219268798828
2008-02-26,59.66909408569336
2008-02-27,60.77701187133789
2008-02-29,59.510826110839844
2008-03-03,56.66189956665039
2008-03-04,57.295005798339844
2008-03-05,56.503631591796875
2008-03-06,60.30219268798828
2008-03-07,59.82737350463867
2008-03-10,57.136722564697266
2008-03-11,56.82017135620117
2008-03-12,57.136722564697266
2008-03-13,55.87054443359375
2008-03-14,55.23744583129883
2008-03-17,52.86333465576172
2008-03-18,53.179893493652344
2008-03-19,54.28779983520508
2008-03-20,54.28779983520508
2008-03-21,55.712257385253906
2008-03-24,58.719459533691406
2008-03-25,59.19428253173828
2008-03-26,59.036006927490234
2008-03-27,56.66189956665039
2008-03-28,55.23744583129883
2008-03-31,55.07917785644531
2008-04-01,53.97126388549805
2008-04-02,55.07917785644531
2008-04-03,56.18708038330078
2008-04-07,57.76982116699219
2008-04-08,57.453269958496094
2008-04-09,56.97845458984375
2008-04-10,58.40291213989258
2008-04-11,59.510826110839844
2008-04-14,58.561187744140625
2008-04-15,58.086360931396484
2008-04-16,58.40291213989258
2008-04-17,60.30219268798828
2008-04-18,58.87773132324219
2008-04-21,60.143924713134766
2008-04-22,59.510826110839844
2008-04-23,57.295005798339844
2008-04-24,55.55399703979492
2008-04-25,55.712257385253906
2008-04-28,56.97845458984375
2008-04-29,55.712257385253906
2008-04-30,55.87054443359375
2008-05-02,53.496437072753906
2008-05-05,51.59714889526367
2008-05-06,52.230255126953125
2008-05-07,52.7050666809082
2008-05-08,52.230255126953125
2008-05-09,52.07197952270508
2008-05-12,52.230255126953125
2008-05-13,53.81298065185547
2008-05-14,56.18708038330078
2008-05-15,57.295005798339844
2008-05-16,57.61154556274414
2008-05-19,58.086360931396484
2008-05-20,56.02881622314453
2008-05-21,55.395713806152344
2008-05-22,56.82017135620117
2008-05-23,55.395713806152344
2008-05-26,54.76261901855469
2008-05-27,55.07917785644531
2008-05-28,53.97126388549805
2008-05-29,54.12954330444336
2008-05-30,54.446075439453125
2008-06-02,56.97845458984375
2008-06-03,56.18708038330078
2008-06-04,57.136722564697266
2008-06-05,57.61154556274414
2008-06-06,57.295005798339844
2008-06-09,55.55399703979492
2008-06-10,54.76261901855469
2008-06-11,55.55399703979492
2008-06-12,54.446075439453125
2008-06-13,54.446075439453125
2008-06-16,54.12954330444336
2008-06-17,54.28779983520508
2008-06-18,53.81298065185547
2008-06-19,52.86333465576172
2008-06-20,52.230255126953125
2008-06-23,51.122344970703125
2008-06-24,50.17269515991211
2008-06-25,50.8057861328125
2008-06-26,50.64751434326172
2008-06-27,47.798587799072266
2008-06-30,47.32377624511719
2008-07-01,47.00722885131836
2008-07-02,47.00722885131836
2008-07-03,48.43169021606445
2008-07-04,46.84895706176758
2008-07-07,47.16549301147461
2008-07-08,46.21585464477539
2008-07-09,43.84175491333008
2008-07-10,42.892112731933594
2008-07-11,44.000030517578125
2008-07-14,44.31657409667969
2008-07-15,42.892112731933594
2008-07-16,43.05038833618164
2008-07-17,45.89931106567383
2008-07-18,45.424495697021484
2008-07-21,47.798587799072266
2008-07-22,47.16549301147461
2008-07-23,47.64031982421875
2008-07-24,48.27341079711914
2008-07-25,47.798587799072266
2008-07-28,47.798587799072266
2008-07-29,45.424495697021484
2008-07-30,46.84895706176758
2008-07-31,47.32377624511719
2008-08-01,47.798587799072266
2008-08-04,47.64031982421875
2008-08-05,46.84895706176758
2008-08-06,48.74823760986328
2008-08-07,48.74823760986328
2008-08-08,51.59714889526367
2008-08-11,55.07917785644531
2008-08-12,55.395713806152344
2008-08-13,55.712257385253906
2008-08-14,56.02881622314453
2008-08-15,53.179893493652344
2008-08-18,50.64751434326172
2008-08-19,50.33096694946289
2008-08-20,51.91370391845703
2008-08-21,51.28060531616211
2008-08-22,50.48924255371094
2008-08-25,52.230255126953125
2008-08-26,52.7050666809082
2008-08-27,54.12954330444336
2008-08-28,51.43888473510742
2008-08-29,50.64751434326172
2008-09-01,47.16549301147461
2008-09-02,44.63311767578125
2008-09-03,44.79140090942383
2008-09-04,44.79140090942383
2008-09-05,45.266212463378906
2008-09-08,48.43169021606445
2008-09-09,46.69068145751953
2008-09-10,46.3741340637207
2008-09-11,45.582759857177734
2008-09-12,46.3741340637207
2008-09-15,43.52520751953125
2008-09-16,42.238861083984375
2008-09-17,43.91353225708008
2008-09-18,43.72745895385742
2008-09-19,46.70463943481445
2008-09-22,48.19324493408203
2008-09-23,49.12361145019531
2008-09-24,47.82109832763672
2008-09-25,45.96034622192383
2008-09-26,44.6578254699707
2008-09-29,44.6578254699707
2008-09-30,41.68063735961914
2008-10-01,41.68063735961914
2008-10-02,39.07560729980469
2008-10-03,39.07560729980469
2008-10-06,36.84270095825195
2008-10-07,36.87992858886719
2008-10-08,34.312095642089844
2008-10-09,34.312095642089844
2008-10-13,33.82830810546875
2008-10-14,36.1728401184082
2008-10-15,35.0191764831543
2008-10-16,33.82830810546875
2008-10-17,33.38173294067383
2008-10-20,32.37692642211914
2008-10-21,31.260482788085938
2008-10-22,30.181249618530273
2008-10-23,29.139232635498047
2008-10-24,28.134429931640625
2008-10-27,26.199260711669922
2008-10-28,27.05520248413086
2008-10-29,26.794696807861328
2008-10-30,28.655437469482422
2008-10-31,29.771888732910156
2008-11-03,29.771888732910156
2008-11-04,28.692659378051758
2008-11-05,28.24607276916504
2008-11-06,26.27368927001953
2008-11-07,26.5714111328125
2008-11-10,25.045602798461914
2008-11-11,25.120033264160156
2008-11-12,25.120033264160156
2008-11-13,23.37093162536621
2008-11-14,22.32891273498535
2008-11-17,22.701065063476562
2008-11-18,21.138038635253906
2008-11-19,21.58462142944336
2008-11-20,20.096023559570312
2008-11-21,21.472972869873047
2008-11-24,21.249683380126953
2008-11-25,22.180055618286133
2008-11-26,21.733478546142578
2008-11-27,23.222070693969727
2008-11-28,23.966367721557617
2008-12-01,24.30130386352539
2008-12-02,22.701065063476562
2008-12-03,21.733478546142578
2008-12-04,21.58462142944336
2008-12-05,21.770692825317383
2008-12-08,23.259286880493164
2008-12-09,24.152442932128906
2008-12-10,25.827110290527344
2008-12-11,25.52939224243164
2008-12-12,23.817508697509766
2008-12-15,25.454957962036133
2008-12-16,25.00838279724121
2008-12-17,24.785097122192383
2008-12-18,25.1944637298584
2008-12-19,25.49217414855957
2008-12-22,23.817508697509766
2008-12-23,22.887134552001953
2008-12-24,23.073213577270508
2008-12-25,22.961566925048828
2008-12-26,22.887134552001953
2008-12-29,22.77549171447754
2008-12-30,23.705867767333984
2008-12-31,23.89194107055664
2009-01-02,23.89194107055664
2009-01-05,25.52939224243164
2009-01-06,25.86432647705078
2009-01-07,26.496980667114258
2009-01-08,24.673452377319336
2009-01-09,23.519792556762695
2009-01-12,23.408143997192383
2009-01-13,24.152442932128906
2009-01-14,23.817508697509766
2009-01-15,22.887134552001953
2009-01-16,23.14763832092285
2009-01-19,23.03600311279297
2009-01-20,22.514989852905273
2009-01-21,21.95676612854004
2009-02-02,22.142841339111328
2009-02-03,22.626638412475586
2009-02-04,22.701065063476562
2009-02-05,22.514989852905273
2009-02-06,23.63143539428711
2009-02-09,23.966367721557617
2009-02-10,23.78029441833496
2009-02-11,24.003583908081055
2009-02-12,22.961566925048828
2009-02-13,23.5570068359375
2009-02-16,24.6362361907959
2009-02-17,23.78029441833496
2009-02-18,23.966367721557617
2009-02-19,24.487369537353516
2009-02-20,24.1152286529541
2009-02-23,24.561805725097656
2009-02-24,24.52458953857422
2009-02-25,25.157245635986328
2009-02-26,25.41774559020996
2009-02-27,25.938756942749023
2009-03-02,25.268890380859375
2009-03-03,25.343318939208984
2009-03-04,26.75748634338379
2009-03-05,28.09721565246582
2009-03-06,28.06000328063965
2009-03-09,26.12483024597168
2009-03-10,25.30610466003418
2009-03-11,25.343318939208984
2009-03-12,25.49217414855957
2009-03-13,26.422550201416016
2009-03-16,26.534196853637695
2009-03-17,27.427350997924805
2009-03-18,27.278493881225586
2009-03-19,27.017986297607422
2009-03-20,26.794696807861328
2009-03-23,27.725069046020508
2009-03-24,27.948362350463867
2009-03-25,29.511384963989258
2009-03-26,29.474164962768555
2009-03-27,29.102018356323242
2009-03-30,28.02278709411621
2009-03-31,28.54379653930664
2009-04-02,29.027591705322266
2009-04-03,29.399736404418945
2009-04-06,29.511384963989258
2009-04-07,30.590614318847656
2009-04-08,29.436948776245117
2009-04-09,30.181249618530273
2009-04-10,30.330108642578125
2009-04-13,31.93035316467285
2009-04-14,33.86552047729492
2009-04-15,33.00958251953125
2009-04-16,33.30729675292969
2009-04-17,33.456153869628906
2009-04-20,34.23767852783203
2009-04-21,34.23767852783203
2009-04-22,34.08881378173828
2009-04-23,33.82830810546875
2009-04-24,33.82830810546875
2009-04-27,32.82350540161133
2009-04-28,32.71186065673828
2009-04-29,33.270084381103516
2009-04-30,35.57740020751953
2009-05-04,37.95915985107422
2009-05-05,40.56418991088867
2009-05-06,43.16924285888672
2009-05-07,42.42494201660156
2009-05-08,42.98316955566406
2009-05-11,42.98316955566406
2009-05-12,40.005977630615234
2009-05-13,39.63382339477539
2009-05-14,38.51737594604492
2009-05-15,40.005977630615234
2009-05-18,42.797088623046875
2009-05-19,42.797088623046875
2009-05-20,43.16924285888672
2009-05-21,42.797088623046875
2009-05-22,43.355316162109375
2009-05-25,42.42494201660156
2009-05-26,42.797088623046875
2009-05-27,45.77427291870117
2009-06-01,41.49456787109375
2009-06-02,50.64720153808594
2009-06-03,48.915672302246094
2009-06-04,46.75126266479492
2009-06-05,46.31838607788086
2009-06-08,46.534820556640625
2009-06-09,44.586849212646484
2009-06-10,45.23617172241211
2009-06-11,45.01972961425781
2009-06-12,43.72108840942383
2009-06-15,41.643253326416016
2009-06-16,42.552303314208984
2009-06-17,42.42244338989258
2009-06-18,42.33586502075195
2009-06-19,42.72545623779297
2009-06-22,45.23617172241211
2009-06-23,43.504642486572266
2009-06-24,44.15397262573242
2009-06-25,44.803287506103516
2009-06-26,44.15397262573242
2009-06-29,43.115047454833984
2009-06-30,43.93752670288086
2009-07-01,45.01972961425781
2009-07-02,45.23617172241211
2009-07-03,44.15397262573242
2009-07-06,43.93752670288086
2009-07-07,44.15397262573242
2009-07-08,44.803287506103516
2009-07-09,45.6690559387207
2009-07-10,47.40058135986328
2009-07-13,46.31838607788086
2009-07-14,47.61702346801758
2009-07-15,48.915672302246094
2009-07-16,49.34855270385742
2009-07-17,49.34855270385742
2009-07-20,49.781429290771484
2009-07-21,48.04990005493164
2009-07-22,49.132118225097656
2009-07-23,48.266353607177734
2009-07-24,47.61702346801758
2009-07-27,47.184139251708984
2009-07-28,49.34855270385742
2009-07-29,48.266353607177734
2009-07-30,48.69923782348633
2009-07-31,48.915672302246094
2009-08-03,49.34855270385742
2009-08-04,48.04990005493164
2009-08-05,47.40058135986328
2009-08-06,47.184139251708984
2009-08-07,47.184139251708984
2009-08-10,46.31838607788086
2009-08-11,46.96770095825195
2009-08-12,45.885494232177734
2009-08-13,47.61702346801758
2009-08-14,46.75126266479492
2009-08-17,45.23617172241211
2009-08-18,45.45261001586914
2009-08-19,45.885494232177734
2009-08-20,46.31838607788086
2009-08-21,45.45261001586914
2009-08-24,47.61702346801758
2009-08-25,47.40058135986328
2009-08-26,46.534820556640625
2009-08-27,47.184139251708984
2009-08-28,48.04990005493164
2009-08-31,48.04990005493164
2009-09-01,51.29651641845703
2009-09-02,53.24448776245117
2009-09-03,52.37872314453125
2009-09-04,53.24448776245117
2009-09-07,53.460933685302734
2009-09-08,55.408912658691406
2009-09-09,54.54314041137695
2009-09-10,54.54314041137695
2009-09-11,53.67738342285156
2009-09-14,53.028045654296875
2009-09-15,54.326698303222656
2009-09-16,55.19245529174805
2009-09-17,55.84178924560547
2009-09-18,55.84178924560547
2009-09-21,54.75956726074219
2009-09-22,53.460933685302734
2009-09-23,54.110267639160156
2009-09-24,53.67738342285156
2009-09-25,53.67738342285156
2009-09-28,53.460933685302734
2009-09-29,54.976009368896484
2009-09-30,55.84178924560547
2009-10-01,55.84178924560547
2009-10-02,54.54314041137695
2009-10-05,54.110267639160156
2009-10-06,55.84178924560547
2009-10-07,55.84178924560547
2009-10-08,54.54314041137695
2009-10-09,54.54314041137695
2009-10-12,54.976009368896484
2009-10-13,55.19245529174805
2009-10-14,56.058231353759766
2009-10-15,56.707550048828125
2009-10-16,56.274662017822266
2009-10-19,57.573299407958984
2009-10-20,57.573299407958984
2009-10-21,56.923980712890625
2009-10-22,57.14042663574219
2009-10-23,58.655513763427734
2009-10-26,59.521270751953125
2009-10-27,59.73772430419922
2009-10-28,58.43907165527344
2009-10-29,56.058231353759766
2009-10-30,56.274662017822266
2009-11-02,56.49110794067383
2009-11-03,55.62533950805664
2009-11-04,56.49110794067383
2009-11-05,57.14042663574219
2009-11-06,57.573299407958984
2009-11-09,58.222625732421875
2009-11-10,58.222625732421875
2009-11-11,57.573299407958984
2009-11-12,56.923980712890625
2009-11-13,57.573299407958984
2009-11-16,59.521270751953125
2009-11-17,59.30484390258789
2009-11-18,59.73772430419922
2009-11-19,59.088401794433594
2009-11-20,58.43907165527344
2009-11-23,59.73772430419922
2009-11-24,59.73772430419922
2009-11-25,59.30484390258789
2009-11-26,59.954166412353516
2009-11-27,58.43907165527344
2009-11-30,58.87196350097656
2009-12-01,59.521270751953125
2009-12-02,59.73772430419922
2009-12-03,59.954166412353516
2009-12-04,59.73772430419922
2009-12-07,59.954166412353516
2009-12-08,60.38703155517578
2009-12-09,61.25281524658203
2009-12-10,60.17060089111328
2009-12-11,60.60348129272461
2009-12-14,60.60348129272461
2009-12-15,60.17060089111328
2009-12-16,59.954166412353516
2009-12-17,60.60348129272461
2009-12-18,60.17060089111328
2009-12-21,59.954166412353516
2009-12-22,60.81993103027344
2009-12-23,62.55145263671875
2009-12-24,64.49942016601562
2009-12-25,63.85010528564453
2009-12-28,64.93230438232422
2009-12-29,64.93230438232422
2009-12-30,64.71586608886719
2009-12-31,65.58162689208984
2010-01-04,65.58162689208984
2010-01-05,66.0145034790039
2010-01-06,65.58162689208984
2010-01-07,64.93230438232422
2010-01-08,65.14875030517578
2010-01-11,64.28298950195312
2010-01-12,64.06653594970703
2010-01-13,62.98432922363281
2010-01-14,64.71586608886719
2010-01-15,66.0145034790039
2010-01-18,65.36518859863281
2010-01-19,64.49942016601562
2010-01-20,63.85010528564453
2010-01-21,63.20077896118164
2010-01-22,59.73772430419922
2010-01-25,60.38703155517578
2010-01-26,59.088401794433594
2010-01-27,57.573299407958984
2010-01-28,58.87196350097656
2010-01-29,58.222625732421875
2010-02-01,56.923980712890625
2010-02-02,58.006202697753906
2010-02-03,59.73772430419922
2010-02-04,59.088401794433594
2010-02-05,57.356876373291016
2010-02-08,58.006202697753906
2010-02-09,57.78975296020508
2010-02-10,58.222625732421875
2010-02-22,58.222625732421875
2010-02-23,58.222625732421875
2010-02-24,57.356876373291016
2010-02-25,55.408912658691406
2010-02-26,54.976009368896484
2010-03-01,56.49110794067383
2010-03-02,57.573299407958984
2010-03-03,57.78975296020508
2010-03-04,57.78975296020508
2010-03-05,58.006202697753906
2010-03-08,59.521270751953125
2010-03-09,59.73772430419922
2010-03-10,59.73772430419922
2010-03-11,59.521270751953125
2010-03-12,59.521270751953125
2010-03-15,58.006202697753906
2010-03-16,59.30484390258789
2010-03-17,60.38703155517578
2010-03-18,60.38703155517578
2010-03-19,60.38703155517578
2010-03-22,59.30484390258789
2010-03-23,59.73772430419922
2010-03-24,59.088401794433594
2010-03-25,59.088401794433594
2010-03-26,58.222625732421875
2010-03-29,59.521270751953125
2010-03-30,59.954166412353516
2010-03-31,59.521270751953125
2010-04-01,60.60348129272461
2010-04-02,60.38703155517578
2010-04-06,62.118560791015625
2010-04-07,62.55145263671875
2010-04-08,61.68568420410156
2010-04-09,62.55145263671875
2010-04-12,62.55145263671875
2010-04-13,61.0363655090332
2010-04-14,61.469242095947266
2010-04-15,62.118560791015625
2010-04-16,61.0363655090332
2010-04-19,59.088401794433594
2010-04-20,59.954166412353516
2010-04-21,60.17060089111328
2010-04-22,61.68568420410156
2010-04-23,62.55145263671875
2010-04-26,64.06653594970703
2010-04-27,64.71586608886719
2010-04-28,66.23096466064453
2010-04-29,65.79808044433594
2010-04-30,64.28298950195312
2010-05-03,63.633663177490234
2010-05-04,64.28298950195312
2010-05-05,61.90212631225586
2010-05-06,61.0363655090332
2010-05-07,60.38703155517578
2010-05-10,61.25281524658203
2010-05-11,60.60348129272461
2010-05-12,60.60348129272461
2010-05-13,62.335025787353516
2010-05-14,62.118560791015625
2010-05-17,61.0363655090332
2010-05-18,61.0363655090332
2010-05-19,59.521270751953125
2010-05-20,58.006202697753906
2010-05-21,56.707550048828125
2010-05-24,57.356876373291016
2010-05-25,54.54314041137695
2010-05-26,55.84178924560547
2010-05-27,55.62533950805664
2010-05-28,54.976009368896484
2010-05-31,53.8938102722168
2010-06-01,53.8938102722168
2010-06-02,51.729400634765625
2010-06-03,54.110267639160156
2010-06-04,53.8938102722168
2010-06-07,50.86363983154297
2010-06-08,48.266353607177734
2010-06-09,49.132118225097656
2010-06-10,50.86363983154297
2010-06-11,51.29651641845703
2010-06-14,52.16228485107422
2010-06-15,52.37872314453125
2010-06-17,53.24448776245117
2010-06-18,53.24448776245117
2010-06-21,54.75956726074219
2010-06-22,53.460933685302734
2010-06-23,53.028045654296875
2010-06-24,53.028045654296875
2010-06-25,52.16228485107422
2010-06-28,52.16228485107422
2010-06-29,52.37872314453125
2010-06-30,49.34855270385742
2010-07-01,49.132118225097656
2010-07-02,48.482791900634766
2010-07-05,50.21432113647461
2010-07-06,50.430755615234375
2010-07-07,50.430755615234375
2010-07-08,51.945838928222656
2010-07-09,52.16228485107422
2010-07-12,52.37872314453125
2010-07-13,51.945838928222656
2010-07-14,53.460933685302734
2010-07-15,53.24448776245117
2010-07-16,52.16228485107422
2010-07-19,51.51296615600586
2010-07-20,51.729400634765625
2010-07-21,51.51296615600586
2010-07-22,51.51296615600586
2010-07-23,54.110267639160156
2010-07-26,55.84178924560547
2010-07-27,56.274662017822266
2010-07-28,56.707550048828125
2010-07-29,56.707550048828125
2010-07-30,55.84178924560547
2010-08-02,57.78975296020508
2010-08-03,58.87196350097656
2010-08-04,58.006202697753906
2010-08-05,58.006202697753906
2010-08-06,58.43907165527344
2010-08-09,58.87196350097656
2010-08-10,58.006202697753906
2010-08-11,56.707550048828125
2010-08-12,56.274662017822266
2010-08-13,56.49110794067383
2010-08-16,57.14042663574219
2010-08-17,56.923980712890625
2010-08-18,56.707550048828125
2010-08-19,58.43907165527344
2010-08-20,58.222625732421875
2010-08-23,58.43907165527344
2010-08-24,57.573299407958984
2010-08-25,57.93693542480469
2010-08-26,57.69451904296875
2010-08-27,58.17934036254883
2010-08-30,58.66417694091797
2010-08-31,54.78554153442383
2010-09-01,52.60381317138672
2010-09-02,53.57347106933594
2010-09-03,54.05830383300781
2010-09-06,52.60381317138672
2010-09-07,52.11899948120117
2010-09-08,52.36141586303711
2010-09-09,51.8765869140625
2010-09-10,52.36141586303711
2010-09-13,55.75519943237305
2010-09-14,55.997615814208984
2010-09-15,55.997615814208984
2010-09-16,55.75519943237305
2010-09-17,55.75519943237305
2010-09-20,55.75519943237305
2010-09-21,56.24003601074219
2010-09-23,57.20969009399414
2010-09-24,56.967281341552734
2010-09-27,56.7248649597168
2010-09-28,56.967281341552734
2010-09-29,56.967281341552734
2010-09-30,56.967281341552734
2010-10-01,55.512794494628906
2010-10-04,56.48244857788086
2010-10-05,56.24003601074219
2010-10-06,57.20969009399414
2010-10-07,57.20969009399414
2010-10-08,57.45210647583008
2010-10-11,56.7248649597168
2010-10-12,54.78554153442383
2010-10-13,55.512794494628906
2010-10-14,55.997615814208984
2010-10-15,56.24003601074219
2010-10-18,54.78554153442383
2010-10-19,54.30072021484375
2010-10-20,55.27037048339844
2010-10-21,54.78554153442383
2010-10-22,55.27037048339844
2010-10-25,57.45210647583008
2010-10-26,57.20969009399414
2010-10-27,56.24003601074219
2010-10-28,56.48244857788086
2010-10-29,56.24003601074219
2010-11-01,56.7248649597168
2010-11-02,56.48244857788086
2010-11-03,55.75519943237305
2010-11-04,56.7248649597168
2010-11-05,56.7248649597168
2010-11-08,56.24003601074219
2010-11-09,55.75519943237305
2010-11-10,56.48244857788086
2010-11-11,55.997615814208984
2010-11-12,55.02796936035156
2010-11-15,54.30072021484375
2010-11-16,54.78554153442383
2010-11-17,54.54314041137695
2010-11-18,55.02796936035156
2010-11-19,55.27037048339844
2010-11-22,55.75519943237305
2010-11-23,54.78554153442383
2010-11-24,54.30072021484375
2010-11-25,54.30072021484375
2010-11-26,53.815895080566406
2010-11-29,53.33106231689453
2010-11-30,52.60381317138672
2010-12-01,53.57347106933594
2010-12-02,52.84624481201172
2010-12-03,54.54314041137695
2010-12-06,54.78554153442383
2010-12-07,55.02796936035156
2010-12-08,54.78554153442383
2010-12-09,55.02796936035156
2010-12-10,55.02796936035156
2010-12-13,54.54314041137695
2010-12-14,55.75519943237305
2010-12-15,55.75519943237305
2010-12-16,56.24003601074219
2010-12-17,55.75519943237305
2010-12-20,55.512794494628906
2010-12-21,55.997615814208984
2010-12-22,56.24003601074219
2010-12-23,57.20969009399414
2010-12-24,56.7248649597168
2010-12-27,56.7248649597168
2010-12-28,56.7248649597168
2010-12-29,55.997615814208984
2010-12-30,56.7248649597168
2010-12-31,56.967281341552734
2011-01-03,56.967281341552734
2011-01-04,56.967281341552734
2011-01-05,55.512794494628906
2011-01-06,55.512794494628906
2011-01-07,55.27037048339844
2011-01-10,55.02796936035156
2011-01-11,56.24003601074219
2011-01-12,56.24003601074219
2011-01-13,56.7248649597168
2011-01-14,56.7248649597168
2011-01-17,55.75519943237305
2011-01-18,55.75519943237305
2011-01-19,56.7248649597168
2011-01-20,56.967281341552734
2011-01-21,55.997615814208984
2011-01-24,56.24003601074219
2011-01-25,56.48244857788086
2011-01-26,58.42176055908203
2011-01-27,60.118656158447266
2011-01-28,60.60348129272461
2011-02-08,60.36106491088867
2011-02-09,58.17934036254883
2011-02-10,57.69451904296875
2011-02-11,56.24003601074219
2011-02-14,56.7248649597168
2011-02-15,55.75519943237305
2011-02-16,55.75519943237305
2011-02-17,55.75519943237305
2011-02-18,56.48244857788086
2011-02-21,55.27037048339844
2011-02-22,54.05830383300781
2011-02-23,53.33106231689453
2011-02-24,52.84624481201172
2011-02-25,52.84624481201172
2011-03-01,55.27037048339844
2011-03-02,54.30072021484375
2011-03-03,55.02796936035156
2011-03-04,56.967281341552734
2011-03-07,56.7248649597168
2011-03-08,56.24003601074219
2011-03-09,56.48244857788086
2011-03-10,55.02796936035156
2011-03-11,54.78554153442383
2011-03-14,54.54314041137695
2011-03-15,52.84624481201172
2011-03-16,51.14933776855469
2011-03-17,48.96761703491211
2011-03-18,48.72520446777344
2011-03-21,50.42210388183594
2011-03-22,50.664512634277344
2011-03-23,49.93727493286133
2011-03-24,50.664512634277344
2011-03-25,51.391746520996094
2011-03-28,50.906925201416016
2011-03-29,51.391746520996094
2011-03-30,50.664512634277344
2011-03-31,49.93727493286133
2011-04-01,51.391746520996094
2011-04-06,53.088645935058594
2011-04-07,53.088645935058594
2011-04-08,52.11899948120117
2011-04-11,52.84624481201172
2011-04-12,51.14933776855469
2011-04-13,51.63417053222656
2011-04-14,52.60381317138672
2011-04-15,50.906925201416016
2011-04-18,50.906925201416016
2011-04-19,50.1796875
2011-04-20,52.36141586303711
2011-04-21,53.088645935058594
2011-04-22,53.088645935058594
2011-04-25,52.11899948120117
2011-04-26,52.60381317138672
2011-04-27,52.84624481201172
2011-04-28,52.84624481201172
2011-04-29,52.60381317138672
2011-05-03,51.391746520996094
2011-05-04,51.391746520996094
2011-05-05,52.36141586303711
2011-05-06,52.11899948120117
2011-05-09,52.84624481201172
2011-05-10,52.84624481201172
2011-05-11,53.57347106933594
2011-05-12,52.84624481201172
2011-05-13,52.60381317138672
2011-05-16,51.391746520996094
2011-05-17,50.42210388183594
2011-05-18,51.391746520996094
2011-05-19,50.42210388183594
2011-05-20,49.93727493286133
2011-05-23,48.482791900634766
2011-05-24,49.93727493286133
2011-05-25,48.96761703491211
2011-05-26,49.21002960205078
2011-05-27,48.96761703491211
2011-05-30,48.482791900634766
2011-05-31,48.72520446777344
2011-06-01,49.452457427978516
2011-06-02,48.482791900634766
2011-06-03,48.72520446777344
2011-06-07,48.482791900634766
2011-06-08,48.72520446777344
2011-06-09,49.452457427978516
2011-06-10,48.482791900634766
2011-06-13,48.482791900634766
2011-06-14,48.72520446777344
2011-06-15,48.24036407470703
2011-06-16,47.707054138183594
2011-06-17,47.85250473022461
2011-06-20,47.707054138183594
2011-06-21,48.72520446777344
2011-06-22,47.99795913696289
2011-06-23,47.56161117553711
2011-06-24,47.31919479370117
2011-06-27,46.54347610473633
2011-06-28,46.058650970458984
2011-06-29,47.31919479370117
2011-06-30,47.75554656982422
2011-07-01,47.31919479370117
2011-07-04,46.785884857177734
2011-07-05,46.591957092285156
2011-07-06,47.75554656982422
2011-07-07,47.36768341064453
2011-07-08,47.36768341064453
2011-07-11,46.688926696777344
2011-07-12,46.155616760253906
2011-07-13,44.45872116088867
2011-07-14,43.779964447021484
2011-07-15,44.70112609863281
2011-07-18,42.907264709472656
2011-07-19,43.19816207885742
2011-07-20,45.18596267700195
2011-07-21,44.74961471557617
2011-07-22,44.507198333740234
2011-07-25,44.41023635864258
2011-07-26,44.70112609863281
2011-07-27,44.60416030883789
2011-07-28,43.779964447021484
2011-07-29,44.38298034667969
2011-08-01,45.83903884887695
2011-08-02,44.868324279785156
2011-08-03,43.4661979675293
2011-08-04,42.33369827270508
2011-08-05,39.421573638916016
2011-08-08,38.396942138671875
2011-08-09,38.28908157348633
2011-08-10,39.745140075683594
2011-08-11,39.745140075683594
2011-08-12,39.313716888427734
2011-08-15,40.284423828125
2011-08-16,40.01478576660156
2011-08-17,39.960853576660156
2011-08-18,38.72050476074219
2011-08-19,36.671226501464844
2011-08-22,36.13194274902344
2011-08-23,35.59266662597656
2011-08-24,34.94552230834961
2011-08-25,33.32767868041992
2011-08-26,34.62195587158203
2011-08-29,34.62195587158203
2011-08-30,36.99480056762695
2011-08-31,39.5294303894043
2011-09-01,39.960853576660156
2011-09-02,40.98548889160156
2011-09-05,39.367645263671875
2011-09-06,38.88228988647461
2011-09-07,39.421573638916016
2011-09-08,38.34300231933594
2011-09-09,39.20586013793945
2011-09-13,37.37229537963867
2011-09-14,36.293724060058594
2011-09-15,37.69586944580078
2011-09-16,38.28908157348633
2011-09-19,38.50478744506836
2011-09-20,39.097999572753906
2011-09-21,39.259788513183594
2011-09-22,38.23514938354492
2011-09-23,37.21051025390625
2011-09-26,36.99480056762695
2011-09-27,36.72515869140625
2011-09-28,37.21051025390625
2011-09-29,37.74979782104492
2011-09-30,37.3183708190918
2011-10-03,36.563377380371094
2011-10-04,37.15658187866211
2011-10-05,36.45551681518555
2011-10-06,37.74979782104492
2011-10-07,38.28908157348633
2011-10-11,39.47550582885742
2011-10-12,39.313716888427734
2011-10-13,38.82836151123047
2011-10-14,38.82836151123047
2011-10-17,40.44620895385742
2011-10-18,40.01478576660156
2011-10-19,40.17656326293945
2011-10-20,39.20586013793945
2011-10-21,39.58335494995117
2011-10-24,40.93156051635742
2011-10-25,42.495479583740234
2011-10-26,43.35832977294922
2011-10-27,43.62798309326172
2011-10-28,44.05940628051758
2011-10-31,44.92225646972656
2011-11-01,46.86366653442383
2011-11-02,46.86366653442383
2011-11-03,45.191898345947266
2011-11-04,45.623321533203125
2011-11-07,45.35368728637695
2011-11-08,45.4076042175293
2011-11-09,44.54476547241211
2011-11-10,42.65727233886719
2011-11-11,44.38298034667969
2011-11-14,45.191898345947266
2011-11-15,44.49082946777344
2011-11-16,44.221187591552734
2011-11-17,44.16726303100586
2011-11-18,43.1965446472168
2011-11-21,42.171913146972656
2011-11-22,41.84833908081055
2011-11-23,40.55405807495117
2011-11-24,40.98548889160156
2011-11-25,40.82371139526367
2011-11-28,42.010128021240234
2011-11-29,42.7651252746582
2011-11-30,42.9808349609375
2011-12-01,44.652610778808594
2011-12-02,44.11333465576172
2011-12-05,44.32904052734375
2011-12-06,43.14262008666992
2011-12-07,43.843685150146484
2011-12-08,44.00547790527344
2011-12-09,42.9808349609375
2011-12-12,44.16726303100586
2011-12-13,43.95154571533203
2011-12-14,44.16726303100586
2011-12-15,42.495479583740234
2011-12-16,43.14262008666992
2011-12-19,41.956199645996094
2011-12-20,42.064056396484375
2011-12-21,44.49082946777344
2011-12-22,44.221187591552734
2011-12-23,44.706546783447266
2011-12-26,44.49082946777344
2011-12-27,44.32904052734375
2011-12-28,44.49082946777344
2011-12-29,44.706546783447266
2011-12-30,44.706546783447266
2012-01-02,43.897621154785156
2012-01-03,44.598690032958984
2012-01-04,44.868324279785156
2012-01-05,44.868324279785156
2012-01-06,45.24582290649414
2012-01-09,45.46154022216797
2012-01-10,46.59402847290039
2012-01-11,46.486175537109375
2012-01-12,46.70188522338867
2012-01-13,45.94689178466797
2012-01-16,45.03010940551758
2012-01-17,46.917606353759766
2012-01-18,47.29509735107422
2012-01-30,50.5847282409668
2012-01-31,51.39364242553711
2012-02-01,51.339725494384766
2012-02-02,52.14863967895508
2012-02-03,52.63399887084961
2012-02-06,50.69258117675781
2012-02-07,52.47222137451172
2012-02-08,54.737205505371094
2012-02-09,55.81576919555664
2012-02-10,55.006839752197266
2012-02-13,55.2764892578125
2012-02-14,54.46756362915039
2012-02-15,55.81576919555664
2012-02-16,55.006839752197266
2012-02-17,54.737205505371094
2012-02-20,53.7664909362793
2012-02-21,52.202571868896484
2012-02-22,52.63399887084961
2012-02-23,52.364356994628906
2012-02-24,53.38898468017578
2012-02-29,55.2764892578125
2012-03-01,55.2764892578125
2012-03-02,55.2764892578125
2012-03-05,54.19792175292969
2012-03-06,53.82041931152344
2012-03-07,53.2811393737793
2012-03-08,54.46756362915039
2012-03-09,54.737205505371094
2012-03-12,54.19792175292969
2012-03-13,55.2764892578125
2012-03-14,55.81576919555664
2012-03-15,56.08540725708008
2012-03-16,56.35504913330078
2012-03-19,56.08540725708008
2012-03-20,55.006839752197266
2012-03-21,55.2764892578125
2012-03-22,56.624698638916016
2012-03-23,57.163963317871094
2012-03-26,57.163963317871094
2012-03-27,58.24253463745117
2012-03-28,60.93894958496094
2012-03-29,62.556800842285156
2012-03-30,61.74787521362305
2012-04-02,59.860389709472656
2012-04-03,59.32109832763672
2012-04-05,59.860389709472656
2012-04-06,59.860389709472656
2012-04-09,59.051475524902344
2012-04-10,59.32109832763672
2012-04-11,61.20860290527344
2012-04-12,61.47823715209961
2012-04-13,61.74787521362305
2012-04-16,61.74787521362305
2012-04-17,59.32109832763672
2012-04-18,58.24253463745117
2012-04-19,56.89433670043945
2012-04-20,55.54611587524414
2012-04-23,53.87434387207031
2012-04-24,55.81576919555664
2012-04-25,57.163963317871094
2012-04-26,56.08540725708008
2012-04-27,53.550777435302734
2012-04-30,49.82973098754883
2012-05-02,48.31973648071289
2012-05-03,48.535457611083984
2012-05-04,48.535457611083984
2012-05-07,47.72652816772461
2012-05-08,47.72652816772461
2012-05-09,47.079383850097656
2012-05-10,47.29509735107422
2012-05-11,46.59402847290039
2012-05-14,46.86366653442383
2012-05-15,46.05474853515625
2012-05-16,44.652610778808594
2012-05-17,46.21653366088867
2012-05-18,44.868324279785156
2012-05-21,44.868324279785156
2012-05-22,47.025455474853516
2012-05-23,46.917606353759766
2012-05-24,46.000823974609375
2012-05-25,45.35368728637695
2012-05-28,46.05474853515625
2012-05-29,48.265811920166016
2012-05-30,47.94224166870117
2012-05-31,47.18724060058594
2012-06-01,46.000823974609375
2012-06-04,44.221187591552734
2012-06-05,44.32904052734375
2012-06-06,44.652610778808594
2012-06-07,45.24582290649414
2012-06-08,44.05940628051758
2012-06-11,45.191898345947266
2012-06-12,44.49082946777344
2012-06-13,44.221187591552734
2012-06-14,44.27511978149414
2012-06-15,45.56938934326172
2012-06-18,46.64795684814453
2012-06-19,46.540103912353516
2012-06-20,46.917606353759766
2012-06-21,46.432247161865234
2012-06-22,46.70188522338867
2012-06-25,46.64795684814453
2012-06-26,46.37831497192383
2012-06-27,46.64795684814453
2012-06-28,47.402957916259766
2012-06-29,48.21188735961914
2012-07-02,47.99617004394531
2012-07-03,48.80509567260742
2012-07-04,49.614013671875
2012-07-05,49.29045104980469
2012-07-06,49.29045104980469
2012-07-09,49.56008529663086
2012-07-10,48.589385986328125
2012-07-11,48.48152160644531
2012-07-12,46.971527099609375
2012-07-13,46.917606353759766
2012-07-16,47.18724060058594
2012-07-17,47.72652816772461
2012-07-18,46.917606353759766
2012-07-19,47.61866760253906
2012-07-20,48.31973648071289
2012-07-23,46.70188522338867
2012-07-24,46.162601470947266
2012-07-25,44.16726303100586
2012-07-26,43.41225814819336
2012-07-27,45.03010940551758
2012-07-30,44.652610778808594
2012-07-31,45.623321533203125
2012-08-01,45.731178283691406
2012-08-02,45.731178283691406
2012-08-03,44.00547790527344
2012-08-06,47.079383850097656
2012-08-07,47.079383850097656
2012-08-08,47.079383850097656
2012-08-09,49.07474136352539
2012-08-10,50.906124114990234
2012-08-13,51.20770263671875
2012-08-14,51.268009185791016
2012-08-15,50.96644592285156
2012-08-16,50.72517776489258
2012-08-17,50.96644592285156
2012-08-20,51.14738845825195
2012-08-21,51.810848236083984
2012-08-22,51.93147659301758
2012-08-23,52.534645080566406
2012-08-24,52.414005279541016
2012-08-27,52.775901794433594
2012-08-28,50.78550720214844
2012-08-29,50.66486740112305
2012-08-30,51.5695915222168
2012-08-31,51.14738845825195
2012-09-03,54.28376388549805
2012-09-04,54.22345733642578
2012-09-05,53.55999755859375
2012-09-06,53.31874465942383
2012-09-07,53.680633544921875
2012-09-10,53.55999755859375
2012-09-11,54.52504348754883
2012-09-12,56.09323501586914
2012-09-13,56.09323501586914
2012-09-14,58.505855560302734
2012-09-17,58.807430267333984
2012-09-18,57.963016510009766
2012-09-19,58.445533752441406
2012-09-20,57.90270233154297
2012-09-21,58.385215759277344
2012-09-24,57.782066345214844
2012-09-25,56.394813537597656
2012-09-26,54.404415130615234
2012-09-27,54.404415130615234
2012-09-28,55.490089416503906
2012-10-01,55.0678825378418
2012-10-02,55.30914306640625
2012-10-03,55.12820053100586
2012-10-04,54.94725036621094
2012-10-05,54.52504348754883
2012-10-08,53.49968338012695
2012-10-09,53.861572265625
2012-10-11,51.87117004394531
2012-10-12,52.353694915771484
2012-10-15,52.775901794433594
2012-10-16,52.836212158203125
2012-10-17,52.71558380126953
2012-10-18,52.775901794433594
2012-10-19,51.75054168701172
2012-10-22,51.32833480834961
2012-10-23,51.087066650390625
2012-10-24,51.268009185791016
2012-10-25,51.38864517211914
2012-10-26,50.845802307128906
2012-10-29,50.66486740112305
2012-10-30,53.077476501464844
2012-10-31,53.49968338012695
2012-11-01,54.16314697265625
2012-11-02,53.439369201660156
2012-11-05,52.775901794433594
2012-11-06,54.16314697265625
2012-11-07,54.464717864990234
2012-11-08,54.82661056518555
2012-11-09,55.12820053100586
2012-11-12,54.28376388549805
2012-11-13,52.89652633666992
2012-11-14,54.16314697265625
2012-11-15,54.34410095214844
2012-11-16,54.10282516479492
2012-11-19,53.80125427246094
2012-11-20,54.22345733642578
2012-11-21,53.740943908691406
2012-11-22,53.680633544921875
2012-11-23,55.490089416503906
2012-11-26,55.97262191772461
2012-11-27,55.97262191772461
2012-11-28,56.27418899536133
2012-11-29,56.09323501586914
2012-11-30,56.213871002197266
2012-12-03,57.11860275268555
2012-12-04,57.480499267578125
2012-12-05,57.2995491027832
2012-12-06,56.99797821044922
2012-12-07,57.601131439208984
2012-12-10,57.963016510009766
2012-12-11,57.2995491027832
2012-12-12,57.661434173583984
2012-12-13,57.90270233154297
2012-12-14,55.18851089477539
2012-12-17,52.59495162963867
2012-12-18,53.31874465942383
2012-12-19,53.439369201660156
2012-12-20,53.13779830932617
2012-12-21,52.47432327270508
2012-12-24,52.95684814453125
2012-12-25,53.55999755859375
2012-12-26,53.37904739379883
2012-12-27,53.680633544921875
2012-12-28,53.620304107666016
2013-01-02,53.49968338012695
2013-01-03,53.740943908691406
2013-01-04,53.077476501464844
2013-01-07,52.353694915771484
2013-01-08,52.47432327270508
2013-01-09,52.95684814453125
2013-01-10,53.439369201660156
2013-01-11,53.439369201660156
2013-01-14,52.59495162963867
2013-01-15,50.78550720214844
2013-01-16,50.66486740112305
2013-01-17,50.60455322265625
2013-01-18,51.50927734375
2013-01-21,51.02675247192383
2013-01-22,51.50927734375
2013-01-23,51.268009185791016
2013-01-24,49.760128021240234
2013-01-25,50.302978515625
2013-01-28,50.42361068725586
2013-01-29,51.20770263671875
2013-01-30,51.20770263671875
2013-01-31,50.906124114990234
2013-02-01,51.02675247192383
2013-02-04,50.66486740112305
2013-02-05,50.12202072143555
2013-02-06,50.42361068725586
2013-02-18,49.94107437133789
2013-02-19,50.72517776489258
2013-02-20,51.14738845825195
2013-02-21,50.182342529296875
2013-02-22,50.182342529296875
2013-02-25,49.94107437133789
2013-02-26,49.277610778808594
2013-02-27,49.277610778808594
2013-03-01,49.21730422973633
2013-03-04,48.55382537841797
2013-03-05,48.25225067138672
2013-03-06,48.55382537841797
2013-03-07,48.49351501464844
2013-03-08,48.55382537841797
2013-03-11,48.55382537841797
2013-03-12,48.55382537841797
2013-03-13,48.25225067138672
2013-03-14,48.55382537841797
2013-03-15,48.67445755004883
2013-03-18,49.156978607177734
2013-03-19,50.182342529296875
2013-03-20,49.51886749267578
2013-03-21,49.51886749267578
2013-03-22,50.00139617919922
2013-03-25,49.6998176574707
2013-03-26,50.36328887939453
2013-03-27,50.36328887939453
2013-03-28,49.88076400756836
2013-03-29,50.2426643371582
2013-04-01,49.94107437133789
2013-04-02,50.12202072143555
2013-04-03,50.12202072143555
2013-04-08,48.73477554321289
2013-04-09,48.55382537841797
2013-04-10,48.61415100097656
2013-04-11,48.55382537841797
2013-04-12,47.4078369140625
2013-04-15,46.503108978271484
2013-04-16,46.44279098510742
2013-04-17,46.86499786376953
2013-04-18,46.26184844970703
2013-04-19,46.80467987060547
2013-04-22,46.38248062133789
2013-04-23,45.96027374267578
2013-04-24,47.10625457763672
2013-04-25,46.68404769897461
2013-04-26,45.96027374267578
2013-04-29,45.538055419921875
2013-04-30,45.96027374267578
2013-05-02,46.08090591430664
2013-05-03,46.74436569213867
2013-05-06,46.985626220703125
2013-05-07,46.74436569213867
2013-05-08,48.131622314453125
2013-05-09,49.21730422973633
2013-05-10,48.55382537841797
2013-05-13,48.010990142822266
2013-05-14,47.76973342895508
2013-05-15,47.16657257080078
2013-05-16,47.4681510925293
2013-05-17,46.80467987060547
2013-05-20,46.503108978271484
2013-05-21,46.623741149902344
2013-05-22,47.226890563964844
2013-05-23,46.503108978271484
2013-05-24,46.38248062133789
2013-05-27,46.623741149902344
2013-05-28,46.44279098510742
2013-05-29,47.226890563964844
2013-05-30,46.56342315673828
2013-05-31,46.26184844970703
2013-06-03,46.14121627807617
2013-06-04,45.96027374267578
2013-06-05,45.71900177001953
2013-06-06,45.236488342285156
2013-06-07,45.357112884521484
2013-06-10,45.96027374267578
2013-06-11,45.236488342285156
2013-06-13,44.27143478393555
2013-06-14,43.788917541503906
2013-06-17,42.88418197631836
2013-06-18,43.125457763671875
2013-06-19,43.427024841308594
2013-06-20,42.64292907714844
2013-06-21,42.22071838378906
2013-06-24,42.40166473388672
2013-06-25,42.34135055541992
2013-06-26,44.03017807006836
2013-06-27,44.03017807006836
2013-06-28,44.633331298828125
2013-07-01,44.69364929199219
2013-07-02,44.211124420166016
2013-07-03,44.15080642700195
2013-07-04,43.788917541503906
2013-07-05,44.99522399902344
2013-07-08,44.27143478393555
2013-07-09,44.934906005859375
2013-07-10,45.779327392578125
2013-07-11,47.04594039916992
2013-07-12,47.04594039916992
2013-07-15,47.34751510620117
2013-07-16,47.287200927734375
2013-07-17,46.68404769897461
2013-07-18,47.04594039916992
2013-07-19,46.68404769897461
2013-07-22,46.80467987060547
2013-07-23,46.985626220703125
2013-07-24,47.64908981323242
2013-07-25,47.76973342895508
2013-07-26,47.588783264160156
2013-07-29,47.4078369140625
2013-07-30,47.4681510925293
2013-07-31,46.9253044128418
2013-08-01,46.201534271240234
2013-08-02,46.38248062133789
2013-08-05,47.64908981323242
2013-08-06,47.10625457763672
2013-08-07,46.503108978271484
2013-08-08,46.44279098510742
2013-08-09,46.02058792114258
2013-08-12,46.74436569213867
2013-08-13,47.709407806396484
2013-08-14,47.709407806396484
2013-08-15,47.34751510620117
2013-08-16,47.709407806396484
2013-08-19,47.890357971191406
2013-08-20,48.312564849853516
2013-08-22,48.67445755004883
2013-08-23,48.55382537841797
2013-08-26,49.03635025024414
2013-08-27,48.25225067138672
2013-08-28,47.83004379272461
2013-08-29,48.131622314453125
2013-08-30,48.976036071777344
2013-09-02,49.21730422973633
2013-09-03,49.458553314208984
2013-09-04,49.458553314208984
2013-09-05,49.57918930053711
2013-09-06,50.00139617919922
2013-09-09,52.02847671508789
2013-09-10,52.02847671508789
2013-09-11,51.3527946472168
2013-09-12,50.54194641113281
2013-09-13,50.677085876464844
2013-09-16,51.3527946472168
2013-09-17,51.28521728515625
2013-09-18,51.28521728515625
2013-09-23,51.4879150390625
2013-09-24,51.960899353027344
2013-09-25,51.893341064453125
2013-09-26,51.21764373779297
2013-09-27,51.55549240112305
2013-09-30,51.28521728515625
2013-10-01,51.014930725097656
2013-10-02,50.677085876464844
2013-10-03,51.3527946472168
2013-10-04,51.28521728515625
2013-10-07,50.81222915649414
2013-10-08,51.21764373779297
2013-10-09,50.87980270385742
2013-10-11,50.9473762512207
2013-10-14,50.001399993896484
2013-10-15,49.86626052856445
2013-10-16,49.663543701171875
2013-10-17,49.79869079589844
2013-10-18,50.677085876464844
2013-10-21,50.74465560913086
2013-10-22,51.014930725097656
2013-10-23,50.87980270385742
2013-10-24,51.21764373779297
2013-10-25,50.81222915649414
2013-10-28,50.677085876464844
2013-10-29,50.001399993896484
2013-10-30,50.677085876464844
2013-10-31,50.3392448425293
2013-11-01,50.271671295166016
2013-11-04,50.001399993896484
2013-11-05,49.731109619140625
2013-11-06,50.271671295166016
2013-11-07,50.3392448425293
2013-11-08,49.93383026123047
2013-11-11,50.60951614379883
2013-11-12,50.3392448425293
2013-11-13,50.271671295166016
2013-11-14,50.9473762512207
2013-11-15,50.87980270385742
2013-11-18,51.08250045776367
2013-11-19,51.21764373779297
2013-11-20,51.21764373779297
2013-11-21,50.677085876464844
2013-11-22,50.40681838989258
2013-11-25,50.74465560913086
2013-11-26,51.014930725097656
2013-11-27,50.9473762512207
2013-11-28,51.28521728515625
2013-11-29,52.70417404174805
2013-12-02,52.83930969238281
2013-12-03,52.771751403808594
2013-12-04,53.37986755371094
2013-12-05,52.97444534301758
2013-12-06,53.042015075683594
2013-12-09,53.785282135009766
2013-12-10,53.98798751831055
2013-12-11,52.83930969238281
2013-12-12,53.042015075683594
2013-12-13,53.042015075683594
2013-12-16,52.43388748168945
2013-12-17,52.771751403808594
2013-12-18,53.312286376953125
2013-12-19,53.58258056640625
2013-12-20,53.37986755371094
2013-12-23,53.37986755371094
2013-12-24,53.44743347167969
2013-12-25,53.37986755371094
2013-12-26,53.58258056640625
2013-12-27,53.98798751831055
2013-12-30,54.25826644897461
2013-12-31,54.12312698364258
2014-01-02,54.32583236694336
2014-01-03,53.650146484375
2014-01-06,53.37986755371094
2014-01-07,53.37986755371094
2014-01-08,53.71771240234375
2014-01-09,54.39339828491211
2014-01-10,54.866390228271484
2014-01-13,55.27180099487305
2014-01-14,55.609657287597656
2014-01-15,56.28534698486328
2014-01-16,56.690765380859375
2014-01-17,56.62318801879883
2014-01-20,57.56916809082031
2014-01-21,57.09617233276367
2014-01-22,56.89347839355469
2014-01-23,56.690765380859375
2014-01-24,57.43402862548828
2014-01-27,57.366458892822266
2014-02-05,54.933963775634766
2014-02-06,55.339378356933594
2014-02-07,55.00153732299805
2014-02-10,55.2042350769043
2014-02-11,54.32583236694336
2014-02-12,55.609657287597656
2014-02-13,55.87992858886719
2014-02-14,56.42049026489258
2014-02-17,56.42049026489258
2014-02-18,56.62318801879883
2014-02-19,56.758338928222656
2014-02-20,55.947509765625
2014-02-21,56.555625915527344
2014-02-24,55.87992858886719
2014-02-25,55.947509765625
2014-02-26,56.488059997558594
2014-02-27,56.758338928222656
2014-03-03,56.15020751953125
2014-03-04,55.947509765625
2014-03-05,56.0826416015625
2014-03-06,57.02861404418945
2014-03-07,57.231327056884766
2014-03-10,57.163753509521484
2014-03-11,56.89347839355469
2014-03-12,57.231327056884766
2014-03-13,58.17729568481445
2014-03-14,57.77188491821289
2014-03-17,58.58271408081055
2014-03-18,58.10973358154297
2014-03-19,57.63673782348633
2014-03-20,57.02861404418945
2014-03-21,57.231327056884766
2014-03-24,58.10973358154297
2014-03-25,57.907020568847656
2014-03-26,58.10973358154297
2014-03-27,58.31244659423828
2014-03-28,58.31244659423828
2014-03-31,58.31244659423828
2014-04-01,58.2448616027832
2014-04-02,58.2448616027832
2014-04-03,58.2448616027832
2014-04-07,58.31244659423828
2014-04-08,58.380008697509766
2014-04-09,58.447574615478516
2014-04-10,58.65028762817383
2014-04-11,58.17729568481445
2014-04-14,58.51513671875
2014-04-15,58.92056655883789
2014-04-16,59.12327194213867
2014-04-17,59.39354705810547
2014-04-18,59.46111297607422
2014-04-21,59.39354705810547
2014-04-22,59.32598114013672
2014-04-23,59.86654281616211
2014-04-24,59.86654281616211
2014-04-25,58.785423278808594
2014-04-28,58.380008697509766
2014-04-29,59.32598114013672
2014-04-30,58.51513671875
2014-05-02,60.00167465209961
2014-05-05,59.934104919433594
2014-05-06,60.13682174682617
2014-05-07,60.00167465209961
2014-05-08,60.204383850097656
2014-05-09,60.40708541870117
2014-05-12,59.25840377807617
2014-05-13,59.39354705810547
2014-05-14,59.59625244140625
2014-05-15,59.86654281616211
2014-05-16,60.00167465209961
2014-05-19,60.677371978759766
2014-05-20,61.217926025390625
2014-05-21,60.81250762939453
2014-05-22,62.16389083862305
2014-05-23,62.83959197998047
2014-05-26,62.501747131347656
2014-05-27,62.7044563293457
2014-05-28,63.109859466552734
2014-05-29,63.177433013916016
2014-05-30,62.434173583984375
2014-06-03,62.83959197998047
2014-06-04,62.90715789794922
2014-06-05,62.77201461791992
2014-06-06,62.97472381591797
2014-06-09,63.177433013916016
2014-06-10,63.582855224609375
2014-06-11,63.38014221191406
2014-06-12,63.109859466552734
2014-06-13,62.97472381591797
2014-06-16,62.63687515258789
2014-06-17,63.515289306640625
2014-06-18,63.582855224609375
2014-06-19,63.44770812988281
2014-06-20,63.71798324584961
2014-06-23,65.94776916503906
2014-06-24,66.35320281982422
2014-06-25,65.20451354980469
2014-06-26,66.55590057373047
2014-06-27,66.62348175048828
2014-06-30,67.5694580078125
2014-07-01,68.92082977294922
2014-07-02,69.59654235839844
2014-07-03,70.2722396850586
2014-07-04,69.59654235839844
2014-07-07,69.93437957763672
2014-07-08,70.61006927490234
2014-07-09,70.94792938232422
2014-07-10,73.3128433227539
2014-07-11,73.65070343017578
2014-07-14,74.3263931274414
2014-07-15,75.00209045410156
2014-07-16,72.63716125488281
2014-07-17,71.96146392822266
2014-07-18,72.63716125488281
2014-07-21,74.66423797607422
2014-07-22,74.3263931274414
2014-07-23,74.3263931274414
2014-07-24,74.66423797607422
2014-07-25,72.97500610351562
2014-07-28,70.94792938232422
2014-07-29,70.94792938232422
2014-07-30,70.61006927490234
2014-07-31,69.93437957763672
2014-08-01,68.92082977294922
2014-08-04,71.2857666015625
2014-08-05,68.92082977294922
2014-08-06,69.93437957763672
2014-08-07,69.93437957763672
2014-08-08,69.25868225097656
2014-08-11,70.2722396850586
2014-08-12,70.61006927490234
2014-08-13,71.62361145019531
2014-08-14,73.65070343017578
2014-08-15,72.63716125488281
2014-08-18,72.63716125488281
2014-08-19,73.3128433227539
2014-08-20,73.3128433227539
2014-08-21,73.3128433227539
2014-08-22,74.3263931274414
2014-08-25,74.66423797607422
2014-08-26,74.3263931274414
2014-08-27,75.67777252197266
2014-08-28,77.19134521484375
2014-08-29,77.19134521484375
2014-09-01,76.81295013427734
2014-09-02,76.0561752319336
2014-09-03,76.4345703125
2014-09-04,75.60211181640625
2014-09-05,76.0561752319336
2014-09-09,77.19134521484375
2014-09-10,76.4345703125
2014-09-11,75.67777252197266
2014-09-12,75.22371673583984
2014-09-15,76.4345703125
2014-09-16,75.29939270019531
2014-09-17,76.4345703125
2014-09-18,77.19134521484375
2014-09-19,76.4345703125
2014-09-22,76.0561752319336
2014-09-23,76.0561752319336
2014-09-24,76.0561752319336
2014-09-25,75.67777252197266
2014-09-26,73.48313903808594
2014-09-29,73.86151885986328
2014-09-30,72.65068054199219
2014-10-01,74.4669418334961
2014-10-02,73.78582763671875
2014-10-03,75.14804077148438
2014-10-06,74.54261779785156
2014-10-07,73.86151885986328
2014-10-08,73.180419921875
2014-10-09,73.86151885986328
2014-10-13,72.49930572509766
2014-10-14,72.65068054199219
2014-10-15,70.75872802734375
2014-10-16,69.77491760253906
2014-10-17,67.35322570800781
2014-10-20,70.53169250488281
2014-10-21,70.75872802734375
2014-10-22,71.13712310791016
2014-10-23,71.8938980102539
2014-10-24,70.53169250488281
2014-10-27,71.13712310791016
2014-10-28,72.27228546142578
2014-10-29,71.8938980102539
2014-10-30,72.04525756835938
2014-10-31,72.65068054199219
2014-11-03,74.23991394042969
2014-11-04,73.78582763671875
2014-11-05,74.31558227539062
2014-11-06,72.57500457763672
2014-11-07,72.87771606445312
2014-11-10,74.39126586914062
2014-11-11,73.93720245361328
2014-11-12,72.65068054199219
2014-11-13,74.16423034667969
2014-11-14,73.25609588623047
2014-11-17,72.34796142578125
2014-11-18,72.27228546142578
2014-11-19,72.65068054199219
2014-11-20,73.180419921875
2014-11-21,72.87771606445312
2014-11-24,73.02906036376953
2014-11-25,72.9533920288086
2014-11-26,73.63448333740234
2014-11-27,73.48313903808594
2014-11-28,73.40745544433594
2014-12-01,72.12093353271484
2014-12-02,70.15330505371094
2014-12-03,71.5155029296875
2014-12-04,72.12093353271484
2014-12-05,70.53169250488281
2014-12-08,69.54788208007812
2014-12-09,68.11000061035156
2014-12-10,67.80728912353516
2014-12-11,68.0343246459961
2014-12-12,67.80728912353516
2014-12-15,66.3694076538086
2014-12-16,65.0828857421875
2014-12-17,63.79636764526367
2014-12-18,64.17476654052734
2014-12-19,64.78018188476562
2014-12-22,66.59644317626953
2014-12-23,66.06671142578125
2014-12-24,66.44509887695312
2014-12-25,66.44509887695312
2014-12-26,66.59644317626953
2014-12-29,66.44509887695312
2014-12-30,66.44509887695312
2014-12-31,66.52076721191406
2015-01-05,65.99102783203125
2015-01-06,63.947731018066406
2015-01-07,64.47747039794922
2015-01-08,65.76398468017578
2015-01-09,65.4612808227539
2015-01-12,64.8558578491211
2015-01-13,65.30992889404297
2015-01-14,64.55314636230469
2015-01-15,64.17476654052734
2015-01-16,63.645015716552734
2015-01-19,63.34230422973633
2015-01-20,64.09908294677734
2015-01-21,64.55314636230469
2015-01-22,64.70449829101562
2015-01-23,66.44509887695312
2015-01-26,67.20187377929688
2015-01-27,67.20187377929688
2015-01-28,66.52076721191406
2015-01-29,65.61263275146484
2015-01-30,65.61263275146484
2015-02-02,65.4612808227539
2015-02-03,66.14237976074219
2015-02-04,66.21805572509766
2015-02-05,66.06671142578125
2015-02-06,66.06671142578125
2015-02-09,65.83966827392578
2015-02-10,64.70449829101562
2015-02-11,64.17476654052734
2015-02-12,65.2342529296875
2015-02-13,64.93153381347656
2015-02-24,64.93153381347656
2015-02-25,65.30992889404297
2015-02-26,65.91535186767578
2015-03-02,65.91535186767578
2015-03-03,65.30992889404297
2015-03-04,66.82347106933594
2015-03-05,66.97484588623047
2015-03-06,67.20187377929688
2015-03-09,66.44509887695312
2015-03-10,65.91535186767578
2015-03-11,66.06671142578125
2015-03-12,65.91535186767578
2015-03-13,66.59644317626953
2015-03-16,66.06671142578125
2015-03-17,66.06671142578125
2015-03-18,66.52076721191406
2015-03-19,68.94245147705078
2015-03-20,70.38034057617188
2015-03-23,70.75872802734375
2015-03-24,70.60736846923828
2015-03-25,71.43983459472656
2015-03-26,71.43983459472656
2015-03-27,70.38034057617188
2015-03-30,71.13712310791016
2015-03-31,69.32084655761719
2015-04-01,69.39653015136719
2015-04-02,70.53169250488281
2015-04-07,70.83439636230469
2015-04-08,70.91009521484375
2015-04-09,70.38034057617188
2015-04-10,70.45601654052734
2015-04-13,70.3046646118164
2015-04-14,70.98575592041016
2015-04-15,69.6992416381836
2015-04-16,70.60736846923828
2015-04-17,69.85060119628906
2015-04-20,70.2289810180664
2015-04-21,69.6992416381836
2015-04-22,69.6235580444336
2015-04-23,70.60736846923828
2015-04-24,71.59119415283203
2015-04-27,71.66685485839844
2015-04-28,70.83439636230469
2015-04-29,69.6992416381836
2015-04-30,69.6235580444336
2015-05-04,70.45601654052734
2015-05-05,70.45601654052734
2015-05-06,70.38034057617188
2015-05-07,69.6992416381836
2015-05-08,70.15330505371094
2015-05-11,70.53169250488281
2015-05-12,70.15330505371094
2015-05-13,71.5155029296875
2015-05-14,70.91009521484375
2015-05-15,70.45601654052734
2015-05-18,73.25609588623047
2015-05-19,74.4669418334961
2015-05-20,73.78582763671875
2015-05-21,73.40745544433594
2015-05-22,73.02906036376953
2015-05-25,73.33177185058594
2015-05-26,73.71016693115234
2015-05-27,73.71016693115234
2015-05-28,74.39126586914062
2015-05-29,74.99668884277344
2015-06-01,73.63448333740234
2015-06-02,74.01287841796875
2015-06-03,73.40745544433594
2015-06-04,71.5155029296875
2015-06-05,71.3641586303711
2015-06-08,71.8182144165039
2015-06-09,70.53169250488281
2015-06-10,72.34796142578125
2015-06-11,72.49930572509766
2015-06-12,71.8938980102539
2015-06-15,71.13712310791016
2015-06-16,71.74254608154297
2015-06-17,71.43983459472656
2015-06-18,71.59119415283203
2015-06-22,73.55879974365234
2015-06-23,73.48313903808594
2015-06-24,73.86151885986328
2015-06-25,74.92101287841797
2015-06-26,75.0723648071289
2015-06-29,73.33177185058594
2015-06-30,73.40745544433594
2015-07-01,74.16423034667969
2015-07-02,74.16423034667969
2015-07-03,73.63448333740234
2015-07-06,72.87771606445312
2015-07-07,73.63448333740234
2015-07-08,71.5155029296875
2015-07-09,70.68305969238281
2015-07-10,70.68305969238281
2015-07-13,72.80203247070312
2015-07-14,71.66685485839844
2015-07-15,72.42364501953125
2015-07-16,72.65068054199219
2015-07-17,71.96957397460938
2015-07-20,71.96957397460938
2015-07-21,72.87771606445312
2015-07-22,71.74254608154297
2015-07-23,68.48839569091797
2015-07-24,68.48839569091797
2015-07-27,68.18567657470703
2015-07-28,68.11000061035156
2015-07-29,69.24517059326172
2015-07-30,68.79109954833984
2015-07-31,68.63973999023438
2015-08-03,67.50458526611328
2015-08-04,67.73162078857422
2015-08-05,67.35322570800781
2015-08-06,66.97484588623047
2015-08-07,66.97484588623047
2015-08-10,66.97484588623047
2015-08-11,66.97484588623047
2015-08-12,65.4612808227539
2015-08-13,66.14237976074219
2015-08-14,67.12618255615234
2015-08-17,66.747802734375
2015-08-18,66.82347106933594
2015-08-19,66.67212677001953
2015-08-20,66.14237976074219
2015-08-21,64.70449829101562
2015-08-24,61.75307083129883
2015-08-25,64.32611083984375
2015-08-26,63.190948486328125
2015-08-27,64.02339935302734
2015-08-28,67.0505142211914
2015-08-31,70.00194549560547
2015-09-01,67.95864868164062
2015-09-02,68.56407165527344
2015-09-03,66.66835021972656
2015-09-04,65.95318603515625
2015-09-07,65.87372589111328
2015-09-08,65.79426574707031
2015-09-09,67.93972778320312
2015-09-10,67.22457885742188
2015-09-11,67.30404663085938
2015-09-14,67.62189483642578
2015-09-15,67.30404663085938
2015-09-16,67.54242706298828
2015-09-17,67.93972778320312
2015-09-18,67.93972778320312
2015-09-21,66.90673828125
2015-09-22,67.62189483642578
2015-09-23,66.82726287841797
2015-09-24,66.42996215820312
2015-09-25,66.98619079589844
2015-09-29,66.98619079589844
2015-09-30,68.01919555664062
2015-10-01,68.257568359375
2015-10-02,68.0986557006836
2015-10-05,68.33704376220703
2015-10-06,68.6548843383789
2015-10-07,69.05220031738281
2015-10-08,68.89327239990234
2015-10-12,70.00572967529297
2015-10-13,69.52896881103516
2015-10-14,68.41651153564453
2015-10-15,68.89327239990234
2015-10-16,69.76736450195312
2015-10-19,69.68788146972656
2015-10-20,69.21112823486328
2015-10-21,68.6548843383789
2015-10-22,68.81380462646484
2015-10-23,69.44950103759766
2015-10-26,70.48251342773438
2015-10-27,70.40303802490234
2015-10-28,69.92627716064453
2015-10-29,68.97273254394531
2015-10-30,68.81380462646484
2015-11-02,69.44950103759766
2015-11-03,69.76736450195312
2015-11-04,70.48251342773438
2015-11-05,70.08519744873047
2015-11-06,68.81380462646484
2015-11-09,68.33704376220703
2015-11-10,67.14510345458984
2015-11-11,66.27103424072266
2015-11-12,66.66835021972656
2015-11-13,66.42996215820312
2015-11-16,65.79426574707031
2015-11-17,67.54242706298828
2015-11-18,67.38349151611328
2015-11-19,67.93972778320312
2015-11-20,68.33704376220703
2015-11-23,67.93972778320312
2015-11-24,66.98619079589844
2015-11-25,66.98619079589844
2015-11-26,67.86026763916016
2015-11-27,67.54242706298828
2015-11-30,66.747802734375
2015-12-01,68.33704376220703
2015-12-02,68.0986557006836
2015-12-03,67.30404663085938
2015-12-04,66.90673828125
2015-12-07,67.30404663085938
2015-12-08,66.66835021972656
2015-12-09,66.19158172607422
2015-12-10,65.87372589111328
2015-12-11,66.03265380859375
2015-12-14,64.20503234863281
2015-12-15,63.569332122802734
2015-12-16,63.72825622558594
2015-12-17,65.47640991210938
2015-12-18,64.52288055419922
2015-12-21,64.68180084228516
2015-12-22,64.12555694580078
2015-12-23,64.60233306884766
2015-12-24,64.84072875976562
2015-12-25,64.84072875976562
2015-12-28,64.36396026611328
2015-12-29,64.12555694580078
2015-12-30,64.28449249267578
2015-12-31,64.20503234863281
2016-01-04,62.774715423583984
2016-01-05,62.85417175292969
2016-01-06,62.774715423583984
2016-01-07,62.218502044677734
2016-01-08,61.980098724365234
2016-01-11,59.91410827636719
2016-01-12,60.62925338745117
2016-01-13,60.86764144897461
2016-01-14,60.390865325927734
2016-01-15,59.83464050292969
2016-01-18,59.516788482666016
2016-01-19,59.83464050292969
2016-01-20,58.08648681640625
2016-01-21,57.76863479614258
2016-01-22,59.43733596801758
2016-01-25,60.390865325927734
2016-01-26,59.993560791015625
2016-01-27,59.83464050292969
2016-01-28,59.675716400146484
2016-01-29,61.82118225097656
2016-02-01,63.172035217285156
2016-02-02,62.297950744628906
2016-02-03,60.86764144897461
2016-02-15,59.35787582397461
2016-02-16,60.86764144897461
2016-02-17,60.94709777832031
2016-02-18,61.741722106933594
2016-02-19,60.94709777832031
2016-02-22,60.94709777832031
2016-02-23,61.18549346923828
2016-02-24,60.788185119628906
2016-02-25,62.377403259277344
2016-02-26,61.980098724365234
2016-03-01,61.741722106933594
2016-03-02,63.172035217285156
2016-03-03,63.966644287109375
2016-03-04,65.87372589111328
2016-03-07,64.84072875976562
2016-03-08,65.95318603515625
2016-03-09,65.79426574707031
2016-03-10,65.95318603515625
2016-03-11,66.11211395263672
2016-03-14,66.747802734375
2016-03-15,65.39695739746094
2016-03-16,65.95318603515625
2016-03-17,65.55587768554688
2016-03-18,66.747802734375
2016-03-21,67.14510345458984
2016-03-22,66.98619079589844
2016-03-23,66.90673828125
2016-03-24,67.14510345458984
2016-03-25,66.58888244628906
2016-03-28,67.14510345458984
2016-03-29,66.5094223022461
2016-03-30,66.5094223022461
2016-03-31,67.38349151611328
2016-04-01,65.95318603515625
2016-04-06,64.52288055419922
2016-04-07,64.76126098632812
2016-04-08,65.07910919189453
2016-04-11,64.52288055419922
2016-04-12,65.15857696533203
2016-04-13,66.5094223022461
2016-04-14,65.47640991210938
2016-04-15,65.87372589111328
2016-04-18,65.63534545898438
2016-04-19,64.76126098632812
2016-04-20,62.933650970458984
2016-04-21,63.8077278137207
2016-04-22,64.36396026611328
2016-04-25,63.8077278137207
2016-04-26,63.72825622558594
2016-04-27,63.172035217285156
2016-04-28,62.45687484741211
2016-04-29,61.26495361328125
2016-05-03,60.073020935058594
2016-05-04,60.15248107910156
2016-05-05,59.91410827636719
2016-05-06,58.64271545410156
2016-05-09,57.68918228149414
2016-05-10,59.43733596801758
2016-05-11,58.8016357421875
2016-05-12,58.24540328979492
2016-05-13,59.11949157714844
2016-05-16,58.8016357421875
2016-05-17,59.0400276184082
2016-05-18,59.11949157714844
2016-05-19,58.9605712890625
2016-05-20,58.8016357421875
2016-05-23,61.503334045410156
2016-05-24,60.70871353149414
2016-05-25,62.297950744628906
2016-05-26,62.0595703125
2016-05-27,62.297950744628906
2016-05-30,63.172035217285156
2016-05-31,63.6488037109375
2016-06-01,64.0461196899414
2016-06-02,63.01310348510742
2016-06-03,63.569332122802734
2016-06-06,63.72825622558594
2016-06-07,64.44342041015625
2016-06-08,64.60233306884766
2016-06-13,62.45687484741211
2016-06-14,63.4898796081543
2016-06-15,63.72825622558594
2016-06-16,62.615806579589844
2016-06-17,63.01310348510742
2016-06-20,63.966644287109375
2016-06-21,64.12555694580078
2016-06-22,64.76126098632812
2016-06-23,65.87372589111328
2016-06-24,64.76126098632812
2016-06-27,65.15857696533203
2016-06-28,65.55587768554688
2016-06-29,65.55587768554688
2016-06-30,65.55587768554688
2016-07-01,65.71480560302734
2016-07-04,66.19158172607422
2016-07-05,65.95318603515625
2016-07-06,64.76126098632812
2016-07-07,65.238037109375
2016-07-08,65.238037109375
2016-07-11,65.55587768554688
2016-07-12,66.19158172607422
2016-07-13,66.3504867553711
2016-07-14,66.3504867553711
2016-07-15,67.14510345458984
2016-07-18,68.33704376220703
2016-07-19,68.49596405029297
2016-07-20,68.33704376220703
2016-07-21,69.44950103759766
2016-07-22,69.60842895507812
2016-07-25,69.60842895507812
2016-07-26,69.76736450195312
2016-07-27,70.72088623046875
2016-07-28,70.72088623046875
2016-07-29,69.8468017578125
2016-08-01,70.56195831298828
2016-08-02,70.3235855102539
2016-08-03,69.52896881103516
2016-08-04,69.92627716064453
2016-08-05,70.2441177368164
2016-08-08,71.5155029296875
2016-08-09,71.43603515625
2016-08-10,71.5155029296875
2016-08-11,71.11819458007812
2016-08-12,68.49596405029297
2016-08-15,69.29058074951172
2016-08-16,68.49596405029297
2016-08-17,67.54242706298828
2016-08-18,68.0986557006836
2016-08-19,67.78081512451172
2016-08-22,67.86026763916016
2016-08-23,68.1781234741211
2016-08-24,69.13165283203125
2016-08-25,70.16465759277344
2016-08-26,70.3235855102539
2016-08-29,71.11819458007812
2016-08-30,70.80035400390625
2016-08-31,69.92627716064453
2016-09-01,69.52896881103516
2016-09-02,67.47885131835938
2016-09-05,68.44033813476562
2016-09-06,69.66404724121094
2016-09-07,69.5766372680664
2016-09-08,68.70256042480469
2016-09-09,67.91590881347656
2016-09-12,67.91590881347656
2016-09-13,67.56626892089844
2016-09-14,67.91590881347656
2016-09-19,70.36331939697266
2016-09-20,70.10108947753906
2016-09-21,69.92627716064453
2016-09-22,69.66404724121094
2016-09-23,69.75145721435547
2016-09-26,69.05220031738281
2016-09-27,69.05220031738281
2016-09-28,69.05220031738281
2016-09-29,69.83887481689453
2016-09-30,69.22700500488281
2016-10-03,69.22700500488281
2016-10-04,69.4892349243164
2016-10-05,69.5766372680664
2016-10-06,70.10108947753906
2016-10-07,69.92627716064453
2016-10-11,70.88776397705078
2016-10-12,71.3248062133789
2016-10-13,71.4996109008789
2016-10-14,70.97515869140625
2016-10-17,71.58702850341797
2016-10-18,71.7618408203125
2016-10-19,72.02405548095703
2016-10-20,72.98554992675781
2016-10-21,73.68480682373047
2016-10-24,73.59739685058594
2016-10-25,74.90851593017578
2016-10-26,74.82111358642578
2016-10-27,74.64630126953125
2016-10-28,74.1218490600586
2016-10-31,74.55889129638672
2016-11-01,73.94702911376953
2016-11-02,72.1988754272461
2016-11-03,71.41220092773438
2016-11-04,71.6744384765625
2016-11-07,72.98554992675781
2016-11-08,72.54850769042969
2016-11-09,70.27590942382812
2016-11-10,71.23739624023438
2016-11-11,69.05220031738281
2016-11-14,69.05220031738281
2016-11-15,69.05220031738281
2016-11-16,69.05220031738281
2016-11-17,70.45072174072266
2016-11-18,70.71295166015625
2016-11-21,70.71295166015625
2016-11-22,70.97515869140625
2016-11-23,71.6744384765625
2016-11-24,70.88776397705078
2016-11-25,70.36331939697266
2016-11-28,71.06257629394531
2016-11-29,71.6744384765625
2016-11-30,71.6744384765625
2016-12-01,72.02405548095703
2016-12-02,71.41220092773438
2016-12-05,71.06257629394531
2016-12-06,71.9366455078125
2016-12-07,72.63591003417969
2016-12-08,74.1218490600586
2016-12-09,74.29666900634766
2016-12-12,72.89813232421875
2016-12-13,73.77220916748047
2016-12-14,73.16036224365234
2016-12-15,73.59739685058594
2016-12-16,73.07294464111328
2016-12-19,72.37369537353516
2016-12-20,73.16036224365234
2016-12-21,72.81072998046875
2016-12-22,72.37369537353516
2016-12-23,72.28629302978516
2016-12-26,72.81072998046875
2016-12-27,72.98554992675781
2016-12-28,73.4225845336914
2016-12-29,73.07294464111328
2016-12-30,73.59739685058594
2017-01-03,73.68480682373047
2017-01-04,73.59739685058594
2017-01-05,73.4225845336914
2017-01-06,73.24777221679688
2017-01-09,72.98554992675781
2017-01-10,73.4225845336914
2017-01-11,73.59739685058594
2017-01-12,73.68480682373047
2017-01-13,73.59739685058594
2017-01-16,72.98554992675781
2017-01-17,73.4225845336914
2017-01-18,72.81072998046875
2017-01-19,72.98554992675781
2017-01-20,72.89813232421875
2017-01-23,73.4225845336914
2017-01-24,73.16036224365234
2017-02-02,73.50999450683594
2017-02-03,73.16036224365234
2017-02-06,74.29666900634766
2017-02-07,74.99592590332031
2017-02-08,76.48186492919922
2017-02-09,77.70557403564453
2017-02-10,77.88038635253906
2017-02-13,78.57965850830078
2017-02-14,78.66705322265625
2017-02-15,79.45372772216797
2017-02-16,79.54113006591797
2017-02-17,78.66705322265625
2017-02-20,78.75446319580078
2017-02-21,79.1041030883789
2017-02-22,79.1041030883789
2017-02-23,78.92927551269531
2017-02-24,78.23001861572266
2017-03-01,77.79296875
2017-03-02,78.31742095947266
2017-03-03,77.61815643310547
2017-03-06,78.57965850830078
2017-03-07,79.1041030883789
2017-03-08,79.2789077758789
2017-03-09,78.0551986694336
2017-03-10,78.57965850830078
2017-03-13,78.66705322265625
2017-03-14,78.66705322265625
2017-03-15,78.75446319580078
2017-03-16,79.45372772216797
2017-03-17,79.89076232910156
2017-03-20,79.80335235595703
2017-03-21,79.97817993164062
2017-03-22,79.97817993164062
2017-03-23,79.80335235595703
2017-03-24,79.1915054321289
2017-03-27,79.1041030883789
2017-03-28,79.71595764160156
2017-03-29,79.97817993164062
2017-03-30,79.89076232910156
2017-03-31,79.54113006591797
2017-04-05,85.65968322753906
2017-04-06,85.0478286743164
2017-04-07,83.99893188476562
2017-04-10,84.34857177734375
2017-04-11,84.69820404052734
2017-04-12,85.0478286743164
2017-04-13,86.09672546386719
2017-04-14,84.52339172363281
2017-04-17,85.0478286743164
2017-04-18,84.78560638427734
2017-04-19,83.73670959472656
2017-04-20,83.9115219116211
2017-04-21,84.34857177734375
2017-04-24,84.78560638427734
2017-04-25,85.5722885131836
2017-04-26,85.8344955444336
2017-04-27,85.92190551757812
2017-04-28,86.35894775390625
2017-05-02,87.40784454345703
2017-05-03,87.84488677978516
2017-05-04,87.84488677978516
2017-05-05,87.40784454345703
2017-05-08,88.28192138671875
2017-05-09,90.9041519165039
2017-05-10,90.9041519165039
2017-05-11,90.9041519165039
2017-05-12,89.59303283691406
2017-05-15,90.9041519165039
2017-05-16,90.46711730957031
2017-05-17,90.03007507324219
2017-05-18,89.15599060058594
2017-05-19,88.71896362304688
2017-05-22,89.59303283691406
2017-05-23,90.9041519165039
2017-05-24,90.9041519165039
2017-05-25,91.77822875976562
2017-05-26,91.34120178222656
2017-05-31,90.03007507324219
2017-06-01,91.34120178222656
2017-06-02,92.21527862548828
2017-06-05,92.21527862548828
2017-06-06,91.77822875976562
2017-06-07,91.77822875976562
2017-06-08,91.77822875976562
2017-06-09,91.77822875976562
2017-06-12,89.15599060058594
2017-06-13,89.15599060058594
2017-06-14,89.15599060058594
2017-06-15,89.59303283691406
2017-06-16,91.77822875976562
2017-06-19,95.71159362792969
2017-06-20,100.08197021484375
2017-06-21,98.77085876464844
2017-06-22,98.33381652832031
2017-06-23,98.33381652832031
2017-06-26,104.88941955566406
2017-06-27,106.20053100585938
2017-06-28,103.1412582397461
2017-06-29,104.01532745361328
2017-06-30,102.26716613769531
2017-07-03,101.83012390136719
2017-07-04,98.77085876464844
2017-07-05,101.39309692382812
2017-07-06,100.95606231689453
2017-07-07,100.08197021484375
2017-07-10,100.95606231689453
2017-07-11,103.57829284667969
2017-07-12,103.57829284667969
2017-07-13,104.94116973876953
2017-07-14,104.94116973876953
2017-07-17,104.94116973876953
2017-07-18,106.30402374267578
2017-07-19,106.30402374267578
2017-07-20,105.84973907470703
2017-07-21,104.48687744140625
2017-07-24,105.39546203613281
2017-07-25,106.30402374267578
2017-07-26,104.94116973876953
2017-07-27,106.7583236694336
2017-07-28,106.7583236694336
2017-07-31,106.7583236694336
2017-08-01,105.84973907470703
2017-08-02,107.66690063476562
2017-08-03,108.1211929321289
2017-08-04,108.57550811767578
2017-08-07,110.39266967773438
2017-08-08,109.93834686279297
2017-08-09,107.21261596679688
2017-08-10,105.39546203613281
2017-08-11,105.84973907470703
2017-08-14,103.57829284667969
2017-08-15,104.94116973876953
2017-08-16,104.48687744140625
2017-08-17,105.39546203613281
2017-08-18,104.94116973876953
2017-08-21,104.48687744140625
2017-08-22,104.48687744140625
2017-08-23,104.48687744140625
2017-08-24,105.39546203613281
2017-08-25,105.39546203613281
2017-08-28,104.94116973876953
2017-08-29,104.94116973876953
2017-08-30,106.7583236694336
2017-08-31,106.7583236694336
2017-09-01,106.7583236694336
2017-09-04,105.84973907470703
2017-09-05,105.84973907470703
2017-09-06,104.94116973876953
2017-09-07,104.94116973876953
2017-09-08,106.30402374267578
2017-09-11,105.39546203613281
2017-09-12,106.30402374267578
2017-09-13,104.94116973876953
2017-09-14,104.03256225585938
2017-09-15,104.48687744140625
2017-09-18,103.57829284667969
2017-09-19,99.94396209716797
2017-09-20,96.76393127441406
2017-09-21,100.85254669189453
2017-09-22,98.12680053710938
2017-09-25,95.40104675292969
2017-09-26,94.0381851196289
2017-09-27,95.40104675292969
2017-09-28,94.94676208496094
2017-09-29,95.40104675292969
2017-10-02,97.21821594238281
2017-10-03,96.30963134765625
2017-10-05,96.30963134765625
2017-10-06,96.76393127441406
2017-10-11,97.21821594238281
2017-10-12,98.12680053710938
2017-10-13,98.12680053710938
2017-10-16,99.48968505859375
2017-10-17,100.39824676513672
2017-10-18,101.30683898925781
2017-10-19,102.66970825195312
2017-10-20,101.76112365722656
2017-10-23,99.48968505859375
2017-10-24,99.48968505859375
2017-10-25,100.85254669189453
2017-10-26,100.39824676513672
2017-10-27,99.94396209716797
2017-10-30,101.30683898925781
2017-10-31,101.76112365722656
2017-11-01,101.76112365722656
2017-11-02,102.21541595458984
2017-11-03,102.66970825195312
2017-11-06,102.66970825195312
2017-11-07,101.76112365722656
2017-11-08,100.85254669189453
2017-11-09,98.58108520507812
2017-11-10,97.6725082397461
2017-11-13,97.21821594238281
2017-11-14,96.30963134765625
2017-11-15,93.58389282226562
2017-11-16,94.49246978759766
2017-11-17,95.8553466796875
2017-11-20,94.49246978759766
2017-11-21,94.49246978759766
2017-11-22,94.49246978759766
2017-11-23,96.30963134765625
2017-11-24,94.94676208496094
2017-11-27,93.58389282226562
2017-11-28,93.12960052490234
2017-11-29,93.58389282226562
2017-11-30,90.85814666748047
2017-12-01,90.0404281616211
2017-12-04,89.9495620727539
2017-12-05,86.86038970947266
2017-12-06,84.49808502197266
2017-12-07,85.04322814941406
2017-12-08,85.04322814941406
2017-12-11,87.22381591796875
2017-12-12,85.49752044677734
2017-12-13,85.13408660888672
2017-12-14,86.2243881225586
2017-12-15,84.9523696899414
2017-12-18,85.04322814941406
2017-12-19,82.86262512207031
2017-12-20,84.22550964355469
2017-12-21,83.86206817626953
2017-12-22,84.40721893310547
2017-12-25,83.68035888671875
2017-12-26,82.86262512207031
2017-12-27,83.77120971679688
2017-12-28,85.67923736572266
2017-12-29,86.49695587158203
2018-01-02,86.31523895263672
2018-01-03,85.40665435791016
2018-01-04,84.13463592529297
2018-01-05,84.49808502197266
2018-01-08,83.40778350830078
2018-01-09,83.40778350830078
2018-01-10,82.49919128417969
2018-01-11,83.04434967041016
2018-01-12,83.40778350830078
2018-01-15,84.77066040039062
2018-01-16,84.86151123046875
2018-01-17,84.86151123046875
2018-01-18,85.22493743896484
2018-01-19,88.04155731201172
2018-01-22,87.76897430419922
2018-01-23,88.04155731201172
2018-01-24,87.13296508789062
2018-01-25,86.67866516113281
2018-01-26,86.67866516113281
2018-01-29,86.04267883300781
2018-01-30,85.04322814941406
2018-01-31,83.77120971679688
2018-02-01,84.9523696899414
2018-02-02,86.49695587158203
2018-02-05,84.31636047363281
2018-02-06,81.04547119140625
2018-02-07,81.77232360839844
2018-02-08,80.8637466430664
2018-02-09,79.50088500976562
2018-02-12,79.59174346923828
2018-02-21,80.13688659667969
2018-02-22,79.86432647705078
2018-02-23,80.77289581298828
2018-02-26,80.6820297241211
2018-02-27,80.04602813720703
2018-03-01,79.86432647705078
2018-03-02,79.77344512939453
2018-03-05,79.04658508300781
2018-03-06,80.13688659667969
2018-03-07,80.40946197509766
2018-03-08,81.22718048095703
2018-03-09,83.49864196777344
2018-03-12,85.67923736572266
2018-03-13,86.49695587158203
2018-03-14,84.77066040039062
2018-03-15,84.86151123046875
2018-03-16,84.31636047363281
2018-03-19,84.40721893310547
2018-03-20,84.13463592529297
2018-03-21,83.95293426513672
2018-03-22,84.31636047363281
2018-03-23,82.1357650756836
2018-03-26,81.95404815673828
2018-03-27,82.86262512207031
2018-03-28,81.86319732666016
2018-03-29,81.77232360839844
2018-03-30,83.04434967041016
2018-04-02,80.04602813720703
2018-04-03,79.22830200195312
2018-04-09,79.41001892089844
2018-04-10,79.04658508300781
2018-04-11,79.31917572021484
2018-04-12,78.8648681640625
2018-04-13,79.04658508300781
2018-04-16,79.59174346923828
2018-04-17,78.59230041503906
2018-04-18,77.04769897460938
2018-04-19,77.22943878173828
2018-04-20,76.32084655761719
2018-04-23,75.4122543334961
2018-04-24,73.2316665649414
2018-04-25,73.0499496459961
2018-04-26,73.2316665649414
2018-04-27,74.04939270019531
2018-04-30,75.32140350341797
2018-05-02,74.32197570800781
2018-05-03,72.77737426757812
2018-05-04,73.0499496459961
2018-05-07,74.14025115966797
2018-05-08,75.048828125
2018-05-09,74.32197570800781
2018-05-10,75.32140350341797
2018-05-11,77.22943878173828
2018-05-14,80.8637466430664
2018-05-15,78.13800048828125
2018-05-16,76.8659896850586
2018-05-17,76.50255584716797
2018-05-18,76.22999572753906
2018-05-21,77.22943878173828
2018-05-22,76.32084655761719
2018-05-23,75.95741271972656
2018-05-24,76.41170501708984
2018-05-25,78.59230041503906
2018-05-28,80.6820297241211
2018-05-29,79.59174346923828
2018-05-30,79.41001892089844
2018-05-31,77.86543273925781
2018-06-01,78.68315887451172
2018-06-04,79.77344512939453
2018-06-05,80.04602813720703
2018-06-06,80.95460510253906
2018-06-07,82.86262512207031
2018-06-08,80.22774505615234
2018-06-11,79.41001892089844
2018-06-12,79.6825942993164
2018-06-13,79.77344512939453
2018-06-14,77.6837158203125
2018-06-15,77.22943878173828
2018-06-19,75.4122543334961
2018-06-20,75.4122543334961
2018-06-21,75.13969421386719
2018-06-22,74.77625274658203
2018-06-25,74.04939270019531
2018-06-26,73.59510040283203
2018-06-27,73.50424194335938
2018-06-28,73.14081573486328
2018-06-29,75.5939712524414
2018-07-02,73.59510040283203
2018-07-03,73.32252502441406
2018-07-04,74.14025115966797
2018-07-05,73.77680969238281
2018-07-06,73.14081573486328
2018-07-09,73.41339111328125
2018-07-10,73.14081573486328
2018-07-11,74.14025115966797
2018-07-12,73.77680969238281
2018-07-13,75.32140350341797
2018-07-16,75.23054504394531
2018-07-17,75.32140350341797
2018-07-18,76.41170501708984
2018-07-19,77.41114044189453
2018-07-20,77.50200653076172
2018-07-23,77.6837158203125
2018-07-24,77.41114044189453
2018-07-25,76.94593811035156
2018-07-26,77.69027709960938
2018-07-27,77.4111328125
2018-07-30,78.34156036376953
2018-07-31,77.96939849853516
2018-08-01,78.24851989746094
2018-08-02,77.03897094726562
2018-08-03,77.96939849853516
2018-08-06,78.71372985839844
2018-08-07,78.52764892578125
2018-08-08,79.08589935302734
2018-08-09,79.27198791503906
2018-08-10,79.92328643798828
2018-08-13,77.96939849853516
2018-08-14,75.6433334350586
2018-08-15,75.45726013183594
2018-08-16,75.55028533935547
2018-08-17,75.45726013183594
2018-08-20,75.36421966552734
2018-08-21,75.36421966552734
2018-08-22,76.01551055908203
2018-08-23,76.10855865478516
2018-08-24,75.45726013183594
2018-08-27,75.36421966552734
2018-08-28,75.55028533935547
2018-08-29,75.73637390136719
2018-08-30,75.27117156982422
2018-08-31,74.89900207519531
2018-09-03,74.52684020996094
2018-09-04,74.52684020996094
2018-09-05,74.52684020996094
2018-09-06,73.7824935913086
2018-09-07,72.2938232421875
2018-09-10,69.87471771240234
2018-09-11,72.2938232421875
2018-09-12,71.64252471923828
2018-09-13,70.71210479736328
2018-09-14,72.47990417480469
2018-09-17,72.3868637084961
2018-09-18,70.52601623535156
2018-09-19,71.08426666259766
2018-09-20,70.33992767333984
2018-09-21,70.52601623535156
2018-09-25,70.80514526367188
2018-09-26,71.9216537475586
2018-09-27,73.22425079345703
2018-09-28,73.689453125
2018-10-01,74.34075164794922
2018-10-02,72.66597747802734
2018-10-03,72.3868637084961
2018-10-04,70.89817810058594
2018-10-05,70.33992767333984
2018-10-08,70.24688720703125
2018-10-09,70.06079864501953
2018-10-11,65.22259521484375
2018-10-12,66.89736938476562
2018-10-15,65.59477233886719
2018-10-16,65.5017318725586
2018-10-17,63.36175537109375
2018-10-18,63.36175537109375
2018-10-19,63.36175537109375
2018-10-22,63.36175537109375
2018-10-23,63.36175537109375
2018-10-24,63.36175537109375
2018-10-25,63.36175537109375
2018-10-26,56.71854019165039
2018-10-29,56.19750213623047
2018-10-30,56.86741638183594
2018-10-31,58.65382766723633
2018-11-01,59.472591400146484
2018-11-02,60.29136657714844
2018-11-05,59.54703903198242
2018-11-06,57.53731918334961
2018-11-07,57.983917236328125
2018-11-08,57.01628112792969
2018-11-09,56.64411544799805
2018-11-12,56.71854019165039
2018-11-13,55.37873840332031
2018-11-14,54.559967041015625
2018-11-15,55.45317459106445
2018-11-16,55.3043098449707
2018-11-19,54.63440704345703
2018-11-20,52.847991943359375
2018-11-21,52.55025100708008
2018-11-22,51.731483459472656
2018-11-23,52.10365676879883
2018-11-26,52.847991943359375
2018-11-27,52.624691009521484
2018-11-28,54.41109848022461
2018-11-29,53.89006805419922
2018-11-30,53.51789855957031
2018-12-03,55.08100509643555
2018-12-04,54.63440704345703
2018-12-05,53.29458999633789
2018-12-06,51.359310150146484
2018-12-07,51.43375015258789
2018-12-10,50.39167022705078
2018-12-11,50.91271209716797
2018-12-12,52.99685287475586
2018-12-13,54.336666107177734
2018-12-14,53.220157623291016
2018-12-17,52.92242431640625
2018-12-18,52.699127197265625
2018-12-19,53.443458557128906
2018-12-20,53.220157623291016
2018-12-21,53.145729064941406
2018-12-24,53.145729064941406
2018-12-25,52.624691009521484
2018-12-26,52.25252151489258
2018-12-27,52.699127197265625
2018-12-28,52.699127197265625
2019-01-02,52.17808532714844
2019-01-03,51.284881591796875
2019-01-04,50.31724166870117
2019-01-07,51.582618713378906
2019-01-08,51.06157684326172
2019-01-09,52.02922058105469
2019-01-10,51.582618713378906
2019-01-11,51.657047271728516
2019-01-14,51.13601303100586
2019-01-15,52.32695007324219
2019-01-16,52.25252151489258
2019-01-17,52.40138626098633
2019-01-18,52.699127197265625
2019-01-21,52.99685287475586
2019-01-22,52.624691009521484
2019-01-23,51.880348205566406
2019-01-24,52.10365676879883
2019-01-25,52.624691009521484
2019-01-28,52.699127197265625
2019-01-29,52.02922058105469
2019-01-30,52.10365676879883
2019-02-11,52.02922058105469
2019-02-12,53.59233093261719
2019-02-13,53.59233093261719
2019-02-14,53.145729064941406
2019-02-15,52.32695007324219
2019-02-18,52.847991943359375
2019-02-19,53.59233093261719
2019-02-20,54.485530853271484
2019-02-21,54.93212890625
2019-02-22,54.70883560180664
2019-02-25,54.63440704345703
2019-02-26,54.18779754638672
2019-02-27,54.11335754394531
2019-03-04,53.74119567871094
2019-03-05,53.51789855957031
2019-03-06,53.96450424194336
2019-03-07,53.29458999633789
2019-03-08,52.624691009521484
2019-03-11,52.40138626098633
2019-03-12,52.99685287475586
2019-03-13,52.624691009521484
2019-03-14,52.92242431640625
2019-03-15,52.55025100708008
2019-03-18,53.59233093261719
2019-03-19,53.81562805175781
2019-03-20,53.89006805419922
2019-03-21,54.336666107177734
2019-03-22,54.336666107177734
2019-03-25,52.99685287475586
2019-03-26,53.443458557128906
2019-03-27,53.51789855957031
2019-03-28,53.443458557128906
2019-03-29,54.70883560180664
2019-04-01,60.14250946044922
2019-04-02,61.03571319580078
2019-04-03,60.96127700805664
2019-04-08,61.33343505859375
2019-04-09,61.40787887573242
2019-04-10,61.78003692626953
2019-04-11,62.37551498413086
2019-04-12,64.38522338867188
2019-04-15,66.46937561035156
2019-04-16,66.91597747802734
2019-04-17,68.3302230834961
2019-04-18,68.18135833740234
2019-04-19,66.17163848876953
2019-04-22,65.35286712646484
2019-04-23,65.72503662109375
2019-04-24,64.68296813964844
2019-04-25,64.60853576660156
2019-04-26,65.05512237548828
2019-04-29,65.35286712646484
2019-04-30,64.68296813964844
2019-05-02,64.68296813964844
2019-05-03,65.65060424804688
2019-05-06,63.194278717041016
2019-05-07,64.45965576171875
2019-05-08,63.93862533569336
2019-05-09,62.7476806640625
2019-05-10,62.30107879638672
2019-05-13,60.44023132324219
2019-05-14,59.32373046875
2019-05-15,57.90949249267578
2019-05-16,56.49524688720703
2019-05-17,55.60203170776367
2019-05-20,55.825347900390625
2019-05-21,55.825347900390625
2019-05-22,55.08100509643555
2019-05-23,53.220157623291016
2019-05-24,53.145729064941406
2019-05-27,53.145729064941406
2019-05-28,52.99685287475586
2019-05-29,53.74119567871094
2019-05-30,54.63440704345703
2019-05-31,55.00657272338867
2019-06-03,54.63440704345703
2019-06-04,53.443458557128906
2019-06-05,52.847991943359375
2019-06-06,52.92242431640625
2019-06-10,53.66675567626953
2019-06-11,53.89006805419922
2019-06-12,54.85770034790039
2019-06-13,55.22986602783203
2019-06-14,55.8997802734375
2019-06-17,56.86741638183594
2019-06-18,56.49524688720703
2019-06-19,57.46287536621094
2019-06-20,57.83504867553711
2019-06-21,57.165157318115234
2019-06-24,57.38845443725586
2019-06-25,56.86741638183594
2019-06-26,56.79298782348633
2019-06-27,57.61175537109375
2019-06-28,57.61175537109375
2019-07-01,59.100425720214844
2019-07-02,58.87713623046875
2019-07-03,57.686187744140625
2019-07-04,57.83504867553711
2019-07-05,58.20721435546875
2019-07-08,58.80269241333008
2019-07-09,57.983917236328125
2019-07-10,57.983917236328125
2019-07-11,58.20721435546875
2019-07-12,57.760623931884766
2019-07-15,58.13278579711914
2019-07-16,59.54703903198242
2019-07-17,59.0260009765625
2019-07-18,58.80269241333008
2019-07-19,59.0260009765625
2019-07-22,59.99363708496094
2019-07-23,60.21693420410156
2019-07-24,60.51467514038086
2019-07-25,61.53238296508789
2019-07-26,61.37581253051758
2019-07-29,61.37581253051758
2019-07-30,60.90610122680664
2019-07-31,61.53238296508789
2019-08-01,60.98439025878906
2019-08-02,59.10553741455078
2019-08-05,56.99182891845703
2019-08-06,57.38324737548828
2019-08-07,57.070106506347656
2019-08-08,57.2266845703125
2019-08-12,57.69639587402344
2019-08-13,57.070106506347656
2019-08-14,56.835243225097656
2019-08-15,56.052391052246094
2019-08-16,56.36553955078125
2019-08-19,56.67868423461914
2019-08-20,56.67868423461914
2019-08-21,57.53982162475586
2019-08-22,57.85295867919922
2019-08-23,57.38324737548828
2019-08-26,56.36553955078125
2019-08-27,56.52211380004883
2019-08-28,56.67868423461914
2019-08-29,56.287254333496094
2019-08-30,58.08781433105469
2019-09-02,57.93124771118164
2019-09-03,57.61811065673828
2019-09-04,58.166107177734375
2019-09-05,58.63581848144531
2019-09-06,58.714111328125
2019-09-10,58.00953674316406
2019-09-11,58.32267379760742
2019-09-12,59.49696731567383
2019-09-16,59.49696731567383
2019-09-17,58.400962829589844
2019-09-18,58.24439239501953
2019-09-19,57.53982162475586
2019-09-20,58.32267379760742
2019-09-23,58.479244232177734
2019-09-24,58.63581848144531
2019-09-25,58.55753707885742
2019-09-26,57.93124771118164
2019-09-27,57.30496597290039
2019-10-01,56.835243225097656
2019-10-02,56.60040283203125
2019-10-03,56.36553955078125
2019-10-04,56.913536071777344
2019-10-07,57.46154022216797
2019-10-08,57.93124771118164
2019-10-09,57.070106506347656
2019-10-14,58.32267379760742
2019-10-15,58.479244232177734
2019-10-16,58.714111328125
2019-10-17,60.43638229370117
2019-10-18,60.20153045654297
2019-10-21,60.74952697753906
2019-10-22,62.2369499206543
2019-10-23,63.019813537597656
2019-10-24,63.019813537597656
2019-10-25,62.78494644165039
2019-10-28,62.7066535949707
2019-10-29,63.254661560058594
2019-10-30,62.78494644165039
2019-10-31,63.09809112548828
2019-11-01,66.3860855102539
2019-11-04,69.674072265625
2019-11-05,70.4569320678711
2019-11-06,70.77007293701172
2019-11-07,71.08320617675781
2019-11-08,71.16149139404297
2019-11-11,68.81291961669922
2019-11-12,71.23977661132812
2019-11-13,70.22206115722656
2019-11-14,69.90892028808594
2019-11-15,70.53520965576172
2019-11-18,70.84835815429688
2019-11-19,72.64891815185547
2019-11-20,71.94435119628906
2019-11-21,72.4140625
2019-11-22,71.55292510986328
2019-11-25,70.1437759399414
2019-11-26,70.37863159179688
2019-11-27,70.9266357421875
2019-11-28,70.30035400390625
2019-11-29,69.28264617919922
2019-12-02,69.36093139648438
2019-12-03,70.4569320678711
2019-12-04,70.06550598144531
2019-12-05,70.37863159179688
2019-12-06,70.84835815429688
2019-12-09,71.23977661132812
2019-12-10,70.69178009033203
2019-12-11,71.47463989257812
2019-12-12,71.23977661132812
2019-12-13,71.23977661132812
2019-12-16,71.7094955444336
2019-12-17,71.7094955444336
2019-12-18,72.33576965332031
2019-12-19,72.17919921875
2019-12-20,71.31806182861328
2019-12-23,71.63121032714844
2019-12-24,71.16149139404297
2019-12-25,71.23977661132812
2019-12-26,71.08320617675781
2019-12-27,71.63121032714844
2019-12-30,71.16149139404297
2019-12-31,71.08320617675781
2020-01-02,71.08320617675781
2020-01-03,71.7094955444336
2020-01-06,70.84835815429688
2020-01-07,69.75235748291016
2020-01-08,67.71693420410156
2020-01-09,68.1866455078125
2020-01-10,69.674072265625
2020-01-13,70.1437759399414
2020-01-14,70.4569320678711
2020-01-15,70.37863159179688
2020-01-16,70.4569320678711
2020-01-17,72.25749206542969
2020-01-20,72.25749206542969
2020-01-30,65.05522918701172
2020-01-31,65.13351440429688
2020-02-03,64.35065460205078
2020-02-04,64.35065460205078
2020-02-05,64.35065460205078
2020-02-06,65.44666290283203
2020-02-07,64.89865112304688
2020-02-10,64.19408416748047
2020-02-11,64.89865112304688
2020-02-12,66.93408203125
2020-02-13,66.30779266357422
2020-02-14,66.46436309814453
2020-02-17,65.68151092529297
2020-02-18,65.29007720947266
2020-02-19,65.60322570800781
2020-02-20,64.82036590576172
2020-02-21,63.959228515625
2020-02-24,63.17637252807617
2020-02-25,64.42893981933594
2020-02-26,63.48950958251953
2020-02-27,62.86323547363281
2020-03-02,62.0020866394043
2020-03-03,63.41123580932617
2020-03-04,63.959228515625
2020-03-05,64.74208068847656
2020-03-06,63.254661560058594
2020-03-09,61.92381286621094
2020-03-10,62.158668518066406
2020-03-11,61.53238296508789
2020-03-12,58.479244232177734
2020-03-13,58.400962829589844
2020-03-16,55.66096496582031
2020-03-17,55.26954650878906
2020-03-18,54.799827575683594
2020-03-19,51.90327453613281
2020-03-20,55.42612075805664
2020-03-23,52.84269332885742
2020-03-24,54.33012008666992
2020-03-25,55.89582443237305
2020-03-26,55.58269119262695
2020-03-27,54.87811279296875
2020-03-30,54.799827575683594
2020-03-31,54.72154235839844
2020-04-01,54.799827575683594
2020-04-06,54.956398010253906
2020-04-07,55.739253997802734
2020-04-08,58.714111328125
2020-04-09,57.93124771118164
2020-04-10,57.85295867919922
2020-04-13,57.2266845703125
2020-04-14,58.24439239501953
2020-04-15,58.00953674316406
2020-04-16,57.93124771118164
2020-04-17,59.340389251708984
2020-04-20,59.653526306152344
2020-04-21,57.53982162475586
2020-04-22,57.85295867919922
2020-04-23,57.93124771118164
2020-04-24,57.77467727661133
2020-04-27,58.63581848144531
2020-04-28,58.87066650390625
2020-04-29,59.183807373046875
2020-04-30,60.279808044433594
2020-05-04,58.32267379760742
2020-05-05,58.00953674316406
2020-05-06,58.166107177734375
2020-05-07,58.87066650390625
2020-05-08,59.653526306152344
2020-05-11,61.76723861694336
2020-05-12,60.51467514038086
2020-05-13,61.68894958496094
2020-05-14,61.21923065185547
2020-05-15,60.35809326171875
2020-05-18,58.714111328125
2020-05-19,58.55753707885742
2020-05-20,58.32267379760742
2020-05-21,58.479244232177734
2020-05-22,57.61811065673828
2020-05-25,57.61811065673828
2020-05-26,58.55753707885742
2020-05-27,58.9489631652832
2020-05-28,58.9489631652832
2020-05-29,59.340389251708984
2020-06-01,59.653526306152344
2020-06-02,60.35809326171875
2020-06-03,61.14095687866211
2020-06-04,61.37581253051758
2020-06-05,61.45409393310547
2020-06-08,62.39350891113281
2020-06-09,62.2369499206543
2020-06-10,62.55009460449219
2020-06-11,61.53238296508789
2020-06-12,61.06267166137695
2020-06-15,60.279808044433594
2020-06-16,61.37581253051758
2020-06-17,61.21923065185547
2020-06-18,61.45409393310547
2020-06-19,61.68894958496094
2020-06-22,61.76723861694336
2020-06-23,62.78494644165039
2020-06-24,65.36837005615234
2020-06-29,66.69921112060547
2020-06-30,67.56037139892578
2020-07-01,67.24722290039062
2020-07-02,67.32550811767578
2020-07-03,66.77750396728516
2020-07-06,67.6386489868164
2020-07-07,68.10836029052734
2020-07-08,68.10836029052734
2020-07-09,67.4820785522461
2020-07-10,66.3860855102539
2020-07-13,67.87349700927734
2020-07-14,67.56037139892578
2020-07-15,67.79521942138672
2020-07-16,68.57807922363281
2020-07-17,68.8912124633789
2020-07-20,67.95178985595703
2020-07-21,66.77750396728516
2020-07-22,67.24722290039062
2020-07-23,67.57646179199219
2020-07-24,65.84795379638672
2020-07-27,64.20175170898438
2020-07-28,64.53099060058594
2020-07-29,64.20175170898438
2020-07-30,64.20175170898438
2020-07-31,64.53099060058594
2020-08-03,63.46095657348633
2020-08-04,64.28406524658203
2020-08-05,64.11944580078125
2020-08-06,65.02484893798828
2020-08-07,64.44867706298828
2020-08-10,66.25950622558594
2020-08-11,65.6833267211914
2020-08-12,67.00029754638672
2020-08-13,65.4364013671875
2020-08-14,66.17719268798828
2020-08-17,66.01256561279297
2020-08-18,65.6833267211914
2020-08-19,65.27178192138672
2020-08-20,63.46095657348633
2020-08-21,64.36636352539062
2020-08-24,63.87251663208008
2020-08-25,64.44867706298828
2020-08-26,64.36636352539062
2020-08-27,63.790199279785156
2020-08-28,63.790199279785156
2020-08-31,63.29635238647461
2020-09-01,63.37864685058594
2020-09-02,64.0371322631836
2020-09-03,63.95482635498047
2020-09-04,63.29635238647461
2020-09-07,63.625587463378906
2020-09-08,63.790199279785156
2020-09-09,64.11944580078125
2020-09-10,64.6133041381836
2020-09-11,64.6133041381836
2020-09-14,65.35409545898438
2020-09-15,65.10716247558594
2020-09-16,64.86023712158203
2020-09-17,64.28406524658203
2020-09-18,63.87251663208008
2020-09-21,63.707889556884766
2020-09-22,63.21403503417969
2020-09-23,63.131717681884766
2020-09-24,61.732460021972656
2020-09-25,61.15628433227539
2020-09-28,63.29635238647461
2020-09-29,63.37864685058594
2020-09-30,63.707889556884766
2020-10-05,63.95482635498047
2020-10-06,64.0371322631836
2020-10-07,63.707889556884766
2020-10-08,64.20175170898438
2020-10-12,64.77791595458984
2020-10-13,64.94253540039062
2020-10-14,64.20175170898438
2020-10-15,64.28406524658203
2020-10-16,64.69561004638672
2020-10-19,66.91797637939453
2020-10-20,67.00029754638672
2020-10-21,66.17719268798828
2020-10-22,66.50643920898438
2020-10-23,66.42411804199219
2020-10-26,66.01256561279297
2020-10-27,65.84795379638672
2020-10-28,64.44867706298828
2020-10-29,64.20175170898438
2020-10-30,63.790199279785156
2020-11-02,64.44867706298828
2020-11-03,64.44867706298828
2020-11-04,64.86023712158203
2020-11-05,65.02484893798828
2020-11-06,65.60101318359375
2020-11-09,66.8356704711914
2020-11-10,66.50643920898438
2020-11-11,67.16490936279297
2020-11-12,67.4118423461914
2020-11-13,67.00029754638672
2020-11-16,67.98800659179688
2020-11-17,68.31724548339844
2020-11-18,68.48187255859375
2020-11-19,68.23493194580078
2020-11-20,67.90569305419922
2020-11-23,68.23493194580078
2020-11-24,67.49414825439453
2020-11-25,67.49414825439453
2020-11-26,68.31724548339844
2020-11-27,67.98800659179688
2020-11-30,67.74108123779297
2020-12-01,68.23493194580078
2020-12-02,68.0703125
2020-12-03,67.49414825439453
2020-12-04,68.23493194580078
2020-12-07,72.35043334960938
2020-12-08,72.10350799560547
2020-12-09,73.25585174560547
2020-12-10,72.1858139038086
2020-12-11,72.10350799560547
2020-12-14,72.1858139038086
2020-12-15,71.69195556640625
2020-12-16,72.59735870361328
2020-12-17,72.26812744140625
2020-12-18,72.1858139038086
2020-12-21,72.4327392578125
2020-12-22,72.1858139038086
2020-12-23,73.09123229980469
2020-12-24,73.74970245361328
2020-12-25,75.5605239868164
2020-12-28,75.5605239868164
2020-12-29,74.40819549560547
2020-12-30,75.39590454101562
2020-12-31,75.72514343261719
2021-01-04,82.2276382446289
2021-01-05,85.60233306884766
2021-01-06,86.4254379272461
2021-01-07,88.07164001464844
2021-01-08,88.89472961425781
2021-01-11,88.48319244384766
2021-01-12,85.60233306884766
2021-01-13,87.66007995605469
2021-01-14,95.47953033447266
2021-01-15,95.0679702758789
2021-01-18,93.83332824707031
2021-01-19,94.65642547607422
2021-01-20,94.24488067626953
2021-01-21,96.30262756347656
2021-01-22,100.00657653808594
2021-01-25,101.24122619628906
2021-01-26,100.41812133789062
2021-01-27,101.24122619628906
2021-01-28,97.53727722167969
2021-01-29,91.77558135986328
2021-02-01,93.0102310180664
2021-02-02,95.89107513427734
2021-02-03,95.89107513427734
2021-02-04,93.83332824707031
2021-02-05,93.4217758178711
2021-02-17,93.83332824707031
2021-02-18,93.0102310180664
2021-02-19,90.54093170166016
2021-02-22,91.3640365600586
2021-02-23,91.77558135986328
2021-02-24,90.95247650146484
2021-02-25,95.89107513427734
2021-02-26,92.18712615966797
2021-03-02,92.18712615966797
2021-03-03,95.0679702758789
2021-03-04,94.24488067626953
2021-03-05,94.65642547607422
2021-03-08,93.4217758178711
2021-03-09,94.65642547607422
2021-03-10,95.0679702758789
2021-03-11,96.30262756347656
2021-03-12,98.77192687988281
2021-03-15,99.59502410888672
2021-03-16,101.24122619628906
2021-03-17,103.71051788330078
2021-03-18,106.59137725830078
2021-03-19,101.65277099609375
2021-03-22,107.00292205810547
2021-03-23,107.41446685791016
2021-03-24,105.35671997070312
2021-03-25,104.1220703125
2021-03-26,104.1220703125
2021-03-29,105.76827239990234
2021-03-30,106.59137725830078
2021-03-31,102.06432342529297
2021-04-01,100.00657653808594
2021-04-07,101.65277099609375
2021-04-08,100.82967376708984
2021-04-09,98.77192687988281
2021-04-12,99.1834716796875
2021-04-13,100.82967376708984
2021-04-14,100.00657653808594
2021-04-15,99.59502410888672
2021-04-16,101.65277099609375
2021-04-19,100.00657653808594
2021-04-20,100.41812133789062
2021-04-21,98.77192687988281
2021-04-22,96.71417236328125
2021-04-23,97.94882202148438
2021-04-26,96.71417236328125
2021-04-27,97.53727722167969
2021-04-28,96.30262756347656
2021-04-29,95.47953033447266
2021-05-03,92.59867858886719
2021-05-04,89.30628204345703
2021-05-05,90.54093170166016
2021-05-06,92.59867858886719
2021-05-07,96.71417236328125
2021-05-10,93.0102310180664
2021-05-11,88.07164001464844
2021-05-12,83.95613098144531
2021-05-13,84.77924346923828
2021-05-14,86.01388549804688
2021-05-17,80.82835388183594
2021-05-18,88.07164001464844
2021-05-19,86.4254379272461
2021-05-20,87.24852752685547
2021-05-21,90.12938690185547
2021-05-24,90.12938690185547
2021-05-25,92.18712615966797
2021-05-26,91.77558135986328
2021-05-27,90.12938690185547
2021-05-28,91.3640365600586
2021-05-31,93.4217758178711
2021-06-01,94.24488067626953
2021-06-02,92.18712615966797
2021-06-03,91.3640365600586
2021-06-04,92.18712615966797
2021-06-07,90.95247650146484
2021-06-08,90.95247650146484
2021-06-09,90.12938690185547
2021-06-10,90.95247650146484
2021-06-11,93.4217758178711
2021-06-15,93.0102310180664
2021-06-16,91.77558135986328
2021-06-17,93.0102310180664
2021-06-18,91.77558135986328
2021-06-21,89.30628204345703
2021-06-22,89.30628204345703
2021-06-23,91.77558135986328
2021-06-24,93.0102310180664
2021-06-25,93.0102310180664
2021-06-28,91.77558135986328
2021-06-29,91.77558135986328
2021-06-30,92.18712615966797
2021-07-01,92.18712615966797
2021-07-02,91.77558135986328
2021-07-05,96.30262756347656
2021-07-06,95.89107513427734
2021-07-07,94.65642547607422
2021-07-08,95.0679702758789
2021-07-09,93.83332824707031
2021-07-12,94.65642547607422
2021-07-13,95.89107513427734
2021-07-14,95.47953033447266
2021-07-15,98.3603744506836
2021-07-16,98.3603744506836
2021-07-19,95.89107513427734
2021-07-20,94.24488067626953
2021-07-21,92.59867858886719
2021-07-22,94.3055648803711
2021-07-23,94.3055648803711
2021-07-26,93.87884521484375
2021-07-27,95.15901184082031
2021-07-28,94.3055648803711
2021-07-29,94.73229217529297
2021-07-30,93.87884521484375
2021-08-02,96.43917846679688
2021-08-03,95.15901184082031
2021-08-04,95.58573150634766
2021-08-05,95.58573150634766
2021-08-06,96.01245880126953
2021-08-09,95.58573150634766
2021-08-10,92.59867858886719
2021-08-11,93.02540588378906
2021-08-12,93.02540588378906
2021-08-13,93.02540588378906
2021-08-16,91.7452392578125
2021-08-17,91.7452392578125
2021-08-18,91.31851196289062
2021-08-19,87.90473937988281
2021-08-20,89.18490600585938
2021-08-23,91.7452392578125
2021-08-24,93.02540588378906
2021-08-25,92.59867858886719
2021-08-26,91.7452392578125
2021-08-27,92.17195892333984
2021-08-30,93.02540588378906
2021-08-31,94.73229217529297
2021-09-01,94.73229217529297
2021-09-02,95.15901184082031
2021-09-03,96.01245880126953
2021-09-06,94.73229217529297
2021-09-07,92.59867858886719
2021-09-08,91.7452392578125
2021-09-09,91.31851196289062
2021-09-10,92.17195892333984
2021-09-13,90.89179229736328
2021-09-14,91.7452392578125
2021-09-15,92.59867858886719
2021-09-16,91.7452392578125
2021-09-17,92.59867858886719
2021-09-22,91.31851196289062
2021-09-23,90.89179229736328
2021-09-24,91.7452392578125
2021-09-27,91.7452392578125
2021-09-28,90.89179229736328
2021-09-29,89.61162567138672
2021-09-30,89.61162567138672
2021-10-01,87.90473937988281
2021-10-04,87.90473937988281
2021-10-05,86.62456512451172
2021-10-06,87.90473937988281
2021-10-07,91.31851196289062
2021-10-08,92.17195892333984
2021-10-12,89.61162567138672
2021-10-13,90.03834533691406
2021-10-14,90.89179229736328
2021-10-15,93.4521255493164
2021-10-18,91.7452392578125
2021-10-19,91.31851196289062
2021-10-20,91.7452392578125
2021-10-21,92.17195892333984
2021-10-22,91.7452392578125
2021-10-25,92.17195892333984
2021-10-26,93.02540588378906
2021-10-27,92.17195892333984
2021-10-28,92.59867858886719
2021-10-29,91.31851196289062
2021-11-01,90.89179229736328
2021-11-02,91.7452392578125
2021-11-03,91.7452392578125
2021-11-04,92.17195892333984
2021-11-05,93.02540588378906
2021-11-08,91.7452392578125
2021-11-09,92.17195892333984
2021-11-10,93.02540588378906
2021-11-11,91.7452392578125
2021-11-12,93.02540588378906
2021-11-15,92.17195892333984
2021-11-16,92.17195892333984
2021-11-17,91.31851196289062
2021-11-18,91.31851196289062
2021-11-19,90.89179229736328
2021-11-22,90.89179229736328
2021-11-23,90.4650650024414
2021-11-24,90.03834533691406
2021-11-25,89.61162567138672
2021-11-26,88.33145904541016
2021-11-29,88.33145904541016
2021-11-30,88.33145904541016
2021-12-01,90.03834533691406
2021-12-02,89.61162567138672
2021-12-03,89.61162567138672
2021-12-06,90.89179229736328
2021-12-07,90.4650650024414
2021-12-08,89.61162567138672
2021-12-09,90.4650650024414
2021-12-10,89.61162567138672
2021-12-13,89.18490600585938
2021-12-14,89.18490600585938
2021-12-15,89.61162567138672
2021-12-16,88.33145904541016
2021-12-17,88.33145904541016
2021-12-20,87.90473937988281
2021-12-21,89.18490600585938
2021-12-22,88.33145904541016
2021-12-23,88.7581787109375
2021-12-24,88.7581787109375
2021-12-27,89.18490600585938
2021-12-28,90.03834533691406
2021-12-29,89.61162567138672
2021-12-30,88.7581787109375
2022-01-03,87.90473937988281
2022-01-04,88.33145904541016
2022-01-05,93.02540588378906
2022-01-06,91.31851196289062
2022-01-07,90.89179229736328
2022-01-10,89.18490600585938
2022-01-11,89.18490600585938
2022-01-12,89.18490600585938
2022-01-13,90.03834533691406
2022-01-14,88.33145904541016
2022-01-17,88.33145904541016
2022-01-18,88.33145904541016
2022-01-19,88.33145904541016
2022-01-20,87.90473937988281
2022-01-21,87.0512924194336
2022-01-24,87.90473937988281
2022-01-25,87.90473937988281
2022-01-26,87.0512924194336
2022-02-07,87.90473937988281
2022-02-08,90.03834533691406
2022-02-09,90.89179229736328
2022-02-10,90.89179229736328
2022-02-11,90.4650650024414
2022-02-14,88.7581787109375
2022-02-15,88.7581787109375
2022-02-16,90.03834533691406
2022-02-17,90.4650650024414
2022-02-18,90.03834533691406
2022-02-21,90.4650650024414
2022-02-22,89.18490600585938
2022-02-23,89.61162567138672
2022-02-24,87.47801208496094
2022-02-25,87.90473937988281
2022-03-01,89.18490600585938
2022-03-02,89.18490600585938
2022-03-03,89.18490600585938
2022-03-04,89.61162567138672
2022-03-07,87.47801208496094
2022-03-08,86.62456512451172
2022-03-09,86.62456512451172
2022-03-10,87.90473937988281
2022-03-11,88.33145904541016
2022-03-14,87.47801208496094
2022-03-15,86.19783782958984
2022-03-16,86.62456512451172
2022-03-17,88.7581787109375
2022-03-18,90.4650650024414
2022-03-21,89.18490600585938
2022-03-22,88.7581787109375
2022-03-23,90.03834533691406
2022-03-24,90.89179229736328
2022-03-25,90.4650650024414
2022-03-28,90.4650650024414
2022-03-29,90.03834533691406
2022-03-30,90.03834533691406
2022-03-31,90.4650650024414
2022-04-01,89.18490600585938
2022-04-06,89.61162567138672
2022-04-07,87.90473937988281
2022-04-08,87.90473937988281
2022-04-11,87.0512924194336
2022-04-12,87.0512924194336
2022-04-13,88.7581787109375
2022-04-14,88.7581787109375
2022-04-15,87.90473937988281
2022-04-18,87.47801208496094
2022-04-19,87.0512924194336
2022-04-20,87.90473937988281
2022-04-21,87.90473937988281
2022-04-22,88.33145904541016
2022-04-25,85.77113342285156
2022-04-26,86.19783782958984
2022-04-27,85.34440612792969
2022-04-28,86.62456512451172
2022-04-29,87.0512924194336
2022-05-03,87.47801208496094
2022-05-04,88.7581787109375
2022-05-05,89.18490600585938
2022-05-06,88.7581787109375
2022-05-09,88.7581787109375
2022-05-10,88.7581787109375
2022-05-11,87.90473937988281
2022-05-12,87.0512924194336
2022-05-13,88.7581787109375
2022-05-16,89.18490600585938
2022-05-17,89.61162567138672
2022-05-18,91.31851196289062
2022-05-19,91.7452392578125
2022-05-20,91.31851196289062
2022-05-23,92.17195892333984
2022-05-24,92.17195892333984
2022-05-25,93.4521255493164
2022-05-26,93.02540588378906
2022-05-27,93.87884521484375
2022-05-30,94.3055648803711
2022-05-31,96.43917846679688
2022-06-01,97.71934509277344
2022-06-02,97.29261779785156
2022-06-06,98.5727767944336
2022-06-07,96.86589813232422
2022-06-08,97.29261779785156
2022-06-09,98.5727767944336
2022-06-10,97.29261779785156
2022-06-13,95.15901184082031
2022-06-14,95.15901184082031
2022-06-15,95.58573150634766
2022-06-16,95.15901184082031
2022-06-17,93.4521255493164
2022-06-20,93.02540588378906
2022-06-21,95.58573150634766
2022-06-22,93.4521255493164
2022-06-23,92.17195892333984
2022-06-24,93.87884521484375
2022-06-27,94.73229217529297
2022-06-28,95.58573150634766
2022-06-29,94.73229217529297
2022-06-30,93.02540588378906
2022-07-01,90.4650650024414
2022-07-04,89.7470932006836
2022-07-05,91.99076843261719
2022-07-06,90.19583129882812
2022-07-07,92.88823699951172
2022-07-08,91.54203033447266
2022-07-11,90.6445541381836
2022-07-12,90.19583129882812
2022-07-13,91.99076843261719
2022-07-14,94.23444366455078
2022-07-15,94.23444366455078
2022-07-18,94.23444366455078
2022-07-19,93.33697509765625
2022-07-20,92.88823699951172
2022-07-21,94.68318176269531
2022-07-22,95.13191223144531
2022-07-25,96.4781265258789
2022-07-26,96.9268569946289
2022-07-27,96.9268569946289
2022-07-28,97.37559509277344
2022-07-29,97.82433319091797
2022-08-01,97.82433319091797
2022-08-02,96.9268569946289
2022-08-03,97.37559509277344
2022-08-04,96.9268569946289
2022-08-05,96.9268569946289
2022-08-08,96.9268569946289
2022-08-09,97.82433319091797
2022-08-10,98.7218017578125
2022-08-11,101.41421508789062
2022-08-12,100.9654769897461
2022-08-15,100.51673889160156
2022-08-16,99.61927032470703
2022-08-17,100.9654769897461
2022-08-18,100.51673889160156
2022-08-19,99.61927032470703
2022-08-22,98.7218017578125
2022-08-23,98.7218017578125
2022-08-24,98.27306365966797
2022-08-25,98.27306365966797
2022-08-26,99.1705322265625
2022-08-29,96.9268569946289
2022-08-30,97.37559509277344
2022-08-31,97.82433319091797
2022-09-01,96.4781265258789
2022-09-02,96.4781265258789
2022-09-05,96.9268569946289
2022-09-06,97.37559509277344
2022-09-07,95.13191223144531
2022-09-08,96.02938842773438
2022-09-12,97.37559509277344
2022-09-13,98.7218017578125
2022-09-14,96.4781265258789
2022-09-15,96.9268569946289
2022-09-16,96.4781265258789
2022-09-19,96.02938842773438
2022-09-20,97.37559509277344
2022-09-21,96.02938842773438
2022-09-22,96.02938842773438
2022-09-23,95.58065032958984
2022-09-26,93.33697509765625
2022-09-27,92.88823699951172
2022-09-28,90.19583129882812
2022-09-29,91.09329223632812
2022-09-30,91.54203033447266
2022-10-03,90.6445541381836
2022-10-04,91.99076843261719
2022-10-05,96.02938842773438
2022-10-06,96.4781265258789
2022-10-07,96.4781265258789
2022-10-11,93.33697509765625
2022-10-12,92.43950653076172
2022-10-13,92.88823699951172
2022-10-14,94.23444366455078
2022-10-17,94.23444366455078
2022-10-18,92.88823699951172
2022-10-19,92.43950653076172
2022-10-20,91.99076843261719
2022-10-21,92.88823699951172
2022-10-24,92.43950653076172
2022-10-25,92.88823699951172
2022-10-26,93.33697509765625
2022-10-27,93.33697509765625
2022-10-28,93.33697509765625
2022-10-31,91.99076843261719
2022-11-01,91.09329223632812
2022-11-02,91.54203033447266
2022-11-03,90.6445541381836
2022-11-04,90.19583129882812
2022-11-07,89.7470932006836
2022-11-08,89.7470932006836
2022-11-09,91.99076843261719
2022-11-10,90.19583129882812
2022-11-11,89.7470932006836
2022-11-14,91.09329223632812
2022-11-15,91.09329223632812
2022-11-16,91.09329223632812
2022-11-17,91.09329223632812
2022-11-18,90.19583129882812
2022-11-21,89.7470932006836
2022-11-22,90.19583129882812
2022-11-23,90.19583129882812
2022-11-24,90.6445541381836
2022-11-25,90.19583129882812
2022-11-28,89.7470932006836
2022-11-29,89.7470932006836
2022-11-30,90.19583129882812
2022-12-01,92.43950653076172
2022-12-02,94.68318176269531
2022-12-05,94.68318176269531
2022-12-06,92.43950653076172
2022-12-07,91.54203033447266
2022-12-08,91.09329223632812
2022-12-09,91.54203033447266
2022-12-12,91.54203033447266
2022-12-13,90.6445541381836
2022-12-14,91.99076843261719
2022-12-15,91.09329223632812
2022-12-16,90.19583129882812
2022-12-19,91.09329223632812
2022-12-20,89.7470932006836
2022-12-21,89.7470932006836
2022-12-22,90.6445541381836
2022-12-23,90.6445541381836
2022-12-26,90.6445541381836
2022-12-27,90.19583129882812
2022-12-28,90.19583129882812
2022-12-29,89.47784423828125
2022-12-30,89.6573486328125
2023-01-03,88.93936920166016
2023-01-04,88.0418930053711
2023-01-05,87.9521484375
2023-01-06,88.3111343383789
2023-01-09,88.93936920166016
2023-01-10,89.20861053466797
2023-01-11,88.93936920166016
2023-01-12,88.49063110351562
2023-01-13,88.49063110351562
2023-01-16,88.0418930053711
2023-01-17,88.0418930053711
2023-01-30,88.0418930053711
2023-01-31,89.47784423828125
2023-02-01,89.7470932006836
2023-02-02,89.7470932006836
2023-02-03,89.38809967041016
2023-02-06,91.09329223632812
2023-02-07,90.19583129882812
2023-02-08,90.19583129882812
2023-02-09,90.6445541381836
2023-02-10,91.09329223632812
2023-02-13,90.6445541381836
2023-02-14,91.54203033447266
2023-02-15,91.99076843261719
2023-02-16,92.88823699951172
2023-02-17,92.88823699951172
2023-02-20,92.43950653076172
2023-02-21,91.99076843261719
2023-02-22,91.54203033447266
2023-02-23,92.43950653076172
2023-02-24,90.6445541381836
2023-03-01,91.54203033447266
2023-03-02,91.99076843261719
2023-03-03,91.99076843261719
2023-03-06,92.88823699951172
2023-03-07,94.23444366455078
2023-03-08,93.33697509765625
2023-03-09,91.99076843261719
2023-03-10,91.54203033447266
2023-03-13,92.43950653076172
2023-03-14,91.54203033447266
2023-03-15,91.99076843261719
2023-03-16,91.54203033447266
2023-03-17,92.88823699951172
2023-03-20,91.99076843261719
2023-03-21,92.88823699951172
2023-03-22,92.88823699951172
2023-03-23,92.88823699951172
2023-03-24,94.68318176269531
2023-03-27,92.88823699951172
2023-03-28,92.43950653076172
2023-03-29,92.88823699951172
2023-03-30,93.78571319580078
2023-03-31,93.33697509765625
2023-04-06,92.88823699951172
2023-04-07,92.43950653076172
2023-04-10,92.43950653076172
2023-04-11,92.88823699951172
2023-04-12,91.99076843261719
2023-04-13,92.43950653076172
2023-04-14,93.78571319580078
2023-04-17,93.33697509765625
2023-04-18,93.78571319580078
2023-04-19,93.33697509765625
2023-04-20,93.78571319580078
2023-04-21,93.33697509765625
2023-04-24,92.88823699951172
2023-04-25,92.43950653076172
2023-04-26,92.88823699951172
2023-04-27,92.88823699951172
2023-04-28,93.78571319580078
2023-05-02,95.13191223144531
2023-05-03,94.68318176269531
2023-05-04,94.23444366455078
2023-05-05,94.23444366455078
2023-05-08,94.23444366455078
2023-05-09,95.58065032958984
2023-05-10,95.58065032958984
2023-05-11,94.23444366455078
2023-05-12,91.99076843261719
2023-05-15,91.54203033447266
2023-05-16,91.54203033447266
2023-05-17,91.99076843261719
2023-05-18,92.43950653076172
2023-05-19,92.43950653076172
2023-05-22,92.43950653076172
2023-05-23,91.99076843261719
2023-05-24,92.43950653076172
2023-05-25,91.99076843261719
2023-05-26,91.99076843261719
2023-05-29,94.68318176269531
2023-05-30,96.02938842773438
2023-05-31,95.58065032958984
2023-06-01,96.9268569946289
2023-06-02,96.9268569946289
2023-06-05,96.4781265258789
2023-06-06,96.02938842773438
2023-06-07,96.9268569946289
2023-06-08,96.02938842773438
2023-06-09,96.9268569946289
2023-06-12,99.1705322265625
2023-06-13,100.9654769897461
2023-06-14,100.9654769897461
2023-06-15,100.06800842285156
2023-06-16,99.61927032470703
2023-06-19,100.9654769897461
2023-06-20,100.9654769897461
2023-06-21,101.41421508789062
2023-06-26,103.65788269042969
2023-06-27,102.31168365478516
2023-06-28,103.20915222167969
2023-06-29,101.41421508789062
2023-06-30,101.41421508789062
2023-07-03,103.20915222167969
2023-07-04,103.49140167236328
2023-07-05,102.08016204833984
2023-07-06,99.2576675415039
2023-07-07,99.2576675415039
2023-07-10,98.31683349609375
2023-07-11,98.78724670410156
2023-07-12,101.13932800292969
2023-07-13,100.66891479492188
2023-07-14,103.02098846435547
2023-07-17,103.96182250976562
2023-07-18,105.3730697631836
2023-07-19,102.08016204833984
2023-07-20,101.6097412109375
2023-07-21,101.13932800292969
2023-07-24,101.6097412109375
2023-07-25,105.3730697631836
2023-07-26,104.90264892578125
2023-07-27,103.96182250976562
2023-07-28,103.02098846435547
2023-07-31,102.08016204833984
2023-08-01,103.96182250976562
2023-08-02,101.6097412109375
2023-08-04,104.43223571777344
2023-08-07,103.02098846435547
2023-08-08,103.96182250976562
2023-08-09,103.96182250976562
2023-08-10,103.49140167236328
2023-08-11,102.08016204833984
2023-08-14,103.49140167236328
2023-08-15,100.66891479492188
2023-08-16,99.2576675415039
2023-08-17,100.19849395751953
2023-08-18,99.72808074951172
2023-08-21,99.72808074951172
2023-08-22,100.19849395751953
2023-08-23,100.19849395751953
2023-08-24,103.02098846435547
2023-08-25,101.6097412109375
2023-08-28,101.6097412109375
2023-08-29,99.72808074951172
2023-08-30,99.72808074951172
2023-08-31,100.19849395751953
2023-09-01,101.13932800292969
2023-09-04,100.19849395751953
2023-09-05,100.66891479492188
2023-09-06,99.72808074951172
2023-09-07,99.2576675415039
2023-09-08,99.72808074951172
2023-09-11,98.78724670410156
2023-09-12,101.13932800292969
2023-09-13,99.72808074951172
2023-09-14,100.19849395751953
2023-09-15,99.72808074951172
2023-09-18,100.19849395751953
2023-09-19,100.19849395751953
2023-09-20,99.72808074951172
2023-09-21,98.78724670410156
2023-09-22,98.78724670410156
2023-09-25,99.2576675415039
2023-09-26,97.84642028808594
2023-09-27,97.84642028808594
2023-09-28,97.84642028808594
2023-10-02,98.31683349609375
2023-10-03,97.84642028808594
2023-10-04,96.90558624267578
2023-10-05,97.37600708007812
2023-10-06,99.2576675415039
2023-10-11,99.72808074951172
2023-10-12,100.66891479492188
2023-10-13,101.13932800292969
2023-10-16,100.66891479492188
2023-10-17,100.19849395751953
2023-10-18,99.2576675415039
2023-10-19,97.37600708007812
2023-10-20,97.37600708007812
2023-10-23,94.55351257324219
2023-10-24,92.48368835449219
2023-10-25,93.14226531982422
2023-10-26,92.6718521118164
2023-10-27,92.38960266113281
2023-10-30,88.90852355957031
2023-10-31,90.7901840209961
2023-11-01,89.94343566894531
2023-11-02,91.26060485839844
2023-11-03,90.13160705566406
2023-11-06,90.69610595703125
2023-11-07,90.41385650634766
2023-11-08,91.26060485839844
2023-11-09,92.10735321044922
2023-11-10,91.44876098632812
2023-11-13,91.91918182373047
2023-11-14,94.08309173583984
2023-11-15,94.55351257324219
2023-11-16,95.02392578125
2023-11-17,96.43517303466797
2023-11-20,95.02392578125
2023-11-21,96.43517303466797
2023-11-22,95.96475982666016
2023-11-23,95.49433898925781
2023-11-24,95.49433898925781
2023-11-27,95.49433898925781
2023-11-28,96.43517303466797
2023-11-29,95.96475982666016
2023-11-30,95.49433898925781
2023-12-01,94.55351257324219
2023-12-04,95.02392578125
2023-12-05,95.02392578125
2023-12-06,95.02392578125
2023-12-07,95.02392578125
2023-12-08,95.49433898925781
2023-12-11,95.02392578125
2023-12-12,95.02392578125
2023-12-13,95.02392578125
2023-12-14,95.96475982666016
2023-12-15,95.49433898925781
2023-12-18,95.96475982666016
2023-12-19,96.43517303466797
2023-12-20,98.31683349609375
2023-12-21,97.37600708007812
2023-12-22,97.37600708007812
2023-12-25,97.37600708007812
2023-12-26,97.84642028808594
2023-12-27,97.37600708007812
2023-12-28,97.84642028808594
2023-12-29,98.31683349609375
2024-01-02,98.78724670410156
2024-01-03,98.31683349609375
2024-01-04,97.84642028808594
2024-01-05,97.84642028808594
2024-01-08,95.49433898925781
2024-01-09,95.02392578125
2024-01-10,94.08309173583984
2024-01-11,94.55351257324219
2024-01-12,94.55351257324219
2024-01-15,94.08309173583984
2024-01-16,94.08309173583984
2024-01-17,92.76593017578125
2024-01-18,93.989013671875
2024-01-19,94.55351257324219
2024-01-22,93.989013671875
2024-01-23,95.02392578125
2024-01-24,94.55351257324219
2024-01-25,95.96475982666016
2024-01-26,96.43517303466797
2024-01-29,96.43517303466797
2024-01-30,95.96475982666016
2024-01-31,96.43517303466797
2024-02-01,96.90558624267578
2024-02-02,95.96475982666016
2024-02-05,95.49433898925781
2024-02-15,95.02392578125
2024-02-16,95.49433898925781
2024-02-19,96.90558624267578
2024-02-20,97.37600708007812
2024-02-21,96.90558624267578
2024-02-22,97.37600708007812
2024-02-23,96.90558624267578
2024-02-26,97.37600708007812
2024-02-27,97.37600708007812
2024-02-29,96.90558624267578
2024-03-01,95.96475982666016
2024-03-04,100.19849395751953
2024-03-05,100.19849395751953
2024-03-06,100.19849395751953
2024-03-07,101.13932800292969
2024-03-08,98.78724670410156
2024-03-11,103.02098846435547
2024-03-12,111.9588851928711
2024-03-13,113.37013244628906
2024-03-14,113.84054565429688
2024-03-15,124.18968200683594
2024-03-18,127.95301055908203
2024-03-19,127.95301055908203
2024-03-20,129.8346710205078
2024-03-21,134.0684051513672
2024-03-22,136.89089965820312
2024-03-25,136.89089965820312
2024-03-26,133.59799194335938
2024-03-27,139.71339416503906
2024-03-28,146.29920959472656
2024-03-29,142.535888671875
2024-04-01,141.59506225585938
2024-04-02,149.59213256835938
2024-04-03,149.59213256835938
2024-04-08,148.6512908935547
2024-04-09,148.6512908935547
2024-04-10,145.35836791992188
2024-04-11,141.1246337890625
2024-04-12,141.59506225585938
2024-04-15,137.361328125
2024-04-16,132.65716552734375
2024-04-17,137.8317413330078
2024-04-18,139.24298095703125
2024-04-19,134.538818359375
2024-04-22,134.538818359375
2024-04-23,135.4796600341797
2024-04-24,146.76962280273438
2024-04-25,142.535888671875
2024-04-26,145.82879638671875
2024-04-29,149.1217041015625
2024-04-30,146.76962280273438
2024-05-02,144.88796997070312
2024-05-03,146.76962280273438
2024-05-06,157.58917236328125
2024-05-07,159.47084045410156
2024-05-08,159.47084045410156
2024-05-09,160.41168212890625
2024-05-10,159.47084045410156
2024-05-13,159.47084045410156
2024-05-14,161.8229217529297
2024-05-15,160.41168212890625
2024-05-16,161.35250854492188
2024-05-17,159.94125366210938
2024-05-20,157.58917236328125
2024-05-21,156.1779327392578
2024-05-22,159.0004425048828
2024-05-23,162.7637481689453
2024-05-24,165.58624267578125
2024-05-27,174.05372619628906
2024-05-28,174.52413940429688
2024-05-29,169.8199920654297
2024-05-30,166.05667114257812
2024-05-31,161.8229217529297
2024-06-03,166.05667114257812
2024-06-04,160.88209533691406
2024-06-05,165.11582946777344
2024-06-06,166.9974822998047
2024-06-07,166.9974822998047
2024-06-11,169.8199920654297
2024-06-12,176.40579223632812
2024-06-13,180.63954162597656
2024-06-14,186.28453063964844
2024-06-17,188.1661834716797
2024-06-18,186.75494384765625
2024-06-19,190.98867797851562
2024-06-20,204.63072204589844
2024-06-21,199.45616149902344
2024-06-24,193.81117248535156
2024-06-25,198.5153350830078
2024-06-26,197.57449340820312
2024-06-27,199.92657470703125
2024-06-28,201.33782958984375
2024-07-01,203.219482421875
2024-07-02,197.333251953125
2024-07-03,195.8858184814453
2024-07-04,206.98280334472656
2024-07-05,206.98280334472656
2024-07-08,218.562255859375
2024-07-09,217.59730529785156
2024-07-10,215.66738891601562
2024-07-11,217.59730529785156
2024-07-12,208.43023681640625
2024-07-15,208.9127197265625
2024-07-16,205.53536987304688
2024-07-17,204.57041931152344
2024-07-18,196.8507843017578
2024-07-19,196.8507843017578
2024-07-22,185.75379943847656
2024-07-23,194.43838500976562
2024-07-26,185.2713165283203
2024-07-29,186.2362823486328
2024-07-30,189.13113403320312
2024-07-31,191.06105041503906
2024-08-01,195.40335083007812
2024-08-02,179.9640655517578
2024-08-05,162.11241149902344
2024-08-06,161.6299285888672
2024-08-07,164.52479553222656
2024-08-08,157.77011108398438
2024-08-09,162.59487915039062
2024-08-12,169.83204650878906
2024-08-13,174.6568145751953
2024-08-14,178.99911499023438
2024-08-15,174.6568145751953
2024-08-16,177.5516815185547
2024-08-19,180.44654846191406
2024-08-20,179.9640655517578
2024-08-21,177.06919860839844
2024-08-22,173.20938110351562
2024-08-23,173.69186401367188
2024-08-26,175.62176513671875
2024-08-27,174.17434692382812
2024-08-28,178.99911499023438
2024-08-29,178.03416442871094
2024-08-30,178.03416442871094
2024-09-02,176.58673095703125
2024-09-03,178.51663208007812
2024-09-04,173.20938110351562
2024-09-05,168.86709594726562
2024-09-06,170.31451416015625
2024-09-09,165.97222900390625
2024-09-10,163.07736206054688
2024-09-11,163.55984497070312
2024-09-12,171.27947998046875
2024-09-13,169.83204650878906
2024-09-16,174.6568145751953
2024-09-18,167.90213012695312
2024-09-19,170.31451416015625
2024-09-20,170.7969970703125
2024-09-23,173.69186401367188
2024-09-24,176.58673095703125
2024-09-25,181.89398193359375
2024-09-26,182.8589324951172
2024-09-27,184.30636596679688
2024-09-30,180.9290313720703
2024-10-01,180.44654846191406
2024-10-04,187.20123291015625
2024-10-07,190.5785675048828
2024-10-08,187.20123291015625
2024-10-09,192.0260009765625
2024-10-11,192.99095153808594
2024-10-14,192.0260009765625
2024-10-15,199.74563598632812
2024-10-16,197.81573486328125
2024-10-17,201.1930694580078
2024-10-18,200.22811889648438
2024-10-21,202.6405029296875
2024-10-22,207.94775390625
2024-10-23,208.43023681640625
2024-10-24,204.0879364013672
2024-10-25,208.43023681640625
2024-10-28,207.4652862548828
2024-10-29,202.1580352783203
2024-10-30,204.0879364013672
2024-11-01,200.71060180664062
2024-11-04,206.5003204345703
2024-11-05,206.5003204345703
2024-11-06,206.01785278320312
2024-11-07,209.3951873779297
2024-11-08,210.36013793945312
2024-11-11,212.29005432128906
2024-11-12,206.5003204345703
2024-11-13,206.98280334472656
2024-11-14,204.0879364013672
2024-11-15,199.74563598632812
2024-11-18,195.40335083007812
2024-11-19,196.36830139160156
2024-11-20,198.7806854248047
2024-11-21,195.40335083007812
2024-11-22,195.8858184814453
2024-11-25,203.12298583984375
2024-11-26,195.40335083007812
2024-11-27,189.61361694335938
2024-11-28,188.64866638183594
2024-11-29,188.64866638183594
2024-12-02,189.13113403320312
2024-12-03,189.61361694335938
2024-12-04,193.95591735839844
2024-12-05,192.0260009765625
2024-12-06,191.06105041503906
2024-12-09,188.1661834716797
2024-12-10,185.2713165283203
2024-12-11,182.37644958496094
2024-12-12,181.89398193359375
2024-12-13,179.9640655517578
2024-12-16,175.62176513671875
2024-12-17,176.58673095703125
2024-12-18,178.03416442871094
2024-12-19,174.6568145751953
2024-12-20,174.6568145751953
2024-12-23,178.99911499023438
2024-12-24,178.99911499023438
2024-12-25,179.9640655517578
2024-12-26,180.9290313720703
2024-12-27,179.9640655517578
2024-12-30,178.51663208007812
2024-12-31,177.5516815185547
2025-01-02,176.104248046875
2025-01-03,174.6568145751953
2025-01-06,178.03416442871094
2025-01-07,183.34141540527344
2025-01-08,181.4114990234375
2025-01-09,176.58673095703125
2025-01-10,175.13929748535156
2025-01-13,165.48974609375
2025-01-14,168.38461303710938
2025-01-15,165.00726318359375
2025-01-16,167.41966247558594
2025-01-17,167.41966247558594
2025-01-20,171.76194763183594
2025-01-21,172.2444305419922
2025-01-22,173.69186401367188
2025-02-03,159.70001220703125
2025-02-04,159.21754455566406
2025-02-05,165.00726318359375
2025-02-06,166.9371795654297
2025-02-07,171.76194763183594
2025-02-10,167.90213012695312
2025-02-11,172.72691345214844
2025-02-12,170.7969970703125
2025-02-13,173.69186401367188
2025-02-14,171.76194763183594
2025-02-17,176.104248046875
2025-02-18,177.06919860839844
2025-02-19,176.58673095703125
2025-02-20,175.62176513671875
2025-02-21,176.58673095703125
2025-02-24,177.5516815185547
2025-02-25,171.27947998046875
2025-02-26,174.17434692382812
2025-02-27,167.90213012695312
2025-03-03,164.0423126220703
2025-03-04,164.52479553222656
2025-03-05,167.41966247558594
2025-03-06,167.41966247558594
2025-03-07,165.97222900390625
2025-03-10,165.97222900390625
2025-03-11,162.59487915039062
2025-03-12,164.52479553222656
2025-03-13,162.11241149902344
2025-03-14,164.0423126220703
2025-03-17,162.11241149902344
2025-03-18,161.6299285888672
2025-03-19,158.25257873535156
2025-03-20,160.1824951171875
2025-03-21,159.21754455566406
2025-03-24,157.28762817382812
2025-03-25,159.21754455566406
2025-03-26,160.1824951171875
2025-03-27,154.875244140625
2025-03-28,148.60304260253906
2025-03-31,140.88339233398438
2025-04-01,146.67312622070312
2025-04-02,148.1205596923828
2025-04-07,133.646240234375
2025-04-08,120.61934661865234
2025-04-09,108.55741119384766
2025-04-10,119.17192077636719
2025-04-11,129.7864227294922
2025-04-14,133.646240234375
2025-04-15,134.61119079589844
2025-04-16,131.23385620117188
2025-04-17,129.7864227294922
2025-04-18,130.75137329101562
2025-04-21,131.71632385253906
2025-04-22,127.37403106689453
2025-04-23,134.12872314453125
2025-04-24,131.71632385253906
2025-04-25,134.12872314453125
2025-04-28,137.5060577392578
2025-04-29,137.98854064941406
2025-04-30,136.54110717773438
2025-05-02,142.33082580566406
2025-05-05,137.5060577392578
2025-05-06,140.88339233398438
2025-05-07,139.91844177246094
2025-05-08,140.88339233398438
2025-05-09,141.84835815429688
2025-05-12,147.63807678222656
2025-05-13,152.46286010742188
2025-05-14,157.28762817382812
2025-05-15,153.91029357910156
2025-05-16,152.46286010742188
2025-05-19,148.60304260253906
2025-05-20,148.60304260253906
2025-05-21,149.5679931640625
2025-05-22,147.63807678222656
2025-05-23,148.60304260253906
2025-05-26,147.63807678222656
2025-05-27,146.67312622070312
2025-05-28,146.67312622070312
2025-05-29,150.53294372558594
2025-06-02,147.15560913085938
2025-06-03,146.19065856933594
2025-06-04,150.53294372558594
2025-06-05,150.05047607421875
2025-06-06,147.63807678222656
2025-06-09,149.08551025390625
2025-06-10,150.05047607421875
2025-06-11,150.53294372558594
2025-06-12,151.98037719726562
2025-06-13,151.0154266357422
2025-06-16,149.5679931640625
2025-06-17,149.5679931640625
2025-06-18,150.53294372558594
2025-06-19,148.60304260253906
2025-06-20,150.05047607421875
2025-06-23,150.53294372558594
2025-06-24,154.875244140625
2025-06-25,156.3226776123047
2025-06-26,157.28762817382812
2025-06-27,159.21754455566406
2025-06-30,155.35772705078125
2025-07-01,159.70001220703125
2025-07-02,162.0
2025-07-03,164.0
2025-07-04,161.0
2025-07-07,161.0
2025-07-08,159.0
2025-07-09,161.0
2025-07-10,161.5
2025-07-11,161.5
