Date,Close
,AAPL
2000-01-03,0.8410477042198181
2000-01-04,0.7701390385627747
2000-01-05,0.7814085483551025
2000-01-06,0.7137868404388428
2000-01-07,0.7475979924201965
2000-01-10,0.7344492673873901
2000-01-11,0.6968814134597778
2000-01-12,0.6550877094268799
2000-01-13,0.7269352674484253
2000-01-14,0.7546414136886597
2000-01-18,0.7809391021728516
2000-01-19,0.8006624579429626
2000-01-20,0.852787435054779
2000-01-21,0.8363520503044128
2000-01-24,0.7983145117759705
2000-01-25,0.8433954119682312
2000-01-26,0.8278990387916565
2000-01-27,0.8264902234077454
2000-01-28,0.7635639309883118
2000-01-31,0.7795302271842957
2000-02-01,0.7532327771186829
2000-02-02,0.7424319982528687
2000-02-03,0.7762435078620911
2000-02-04,0.8114633560180664
2000-02-07,0.8570137023925781
2000-02-08,0.8631189465522766
2000-02-09,0.8462129235267639
2000-02-10,0.852787435054779
2000-02-11,0.8170981407165527
2000-02-14,0.8701624870300293
2000-02-15,0.8941120505332947
2000-02-16,0.8574832677841187
2000-02-17,0.8631189465522766
2000-02-18,0.8358825445175171
2000-02-22,0.855135440826416
2000-02-23,0.8734493255615234
2000-02-24,0.8655836582183838
2000-02-25,0.8293075561523438
2000-02-28,0.8509092330932617
2000-02-29,0.861240565776825
2000-03-01,0.9791087508201599
2000-03-02,0.9166529774665833
2000-03-03,0.9617338180541992
2000-03-06,0.9443592429161072
2000-03-07,0.9232270121574402
2000-03-08,0.9166529774665833
2000-03-09,0.9185311794281006
2000-03-10,0.9448282122612
2000-03-13,0.911486804485321
2000-03-14,0.8584226369857788
2000-03-15,0.8734493255615234
2000-03-16,0.9133650660514832
2000-03-17,0.9391931891441345
2000-03-20,0.9241660237312317
2000-03-21,1.0138592720031738
2000-03-22,1.0833593606948853
2000-03-23,1.0617585182189941
2000-03-24,1.042034387588501
2000-03-27,1.048609733581543
2000-03-28,1.0453226566314697
2000-03-29,1.0213731527328491
2000-03-30,0.9448282122612
2000-03-31,1.0204339027404785
2000-04-03,1.0016496181488037
2000-04-04,0.9565685391426086
2000-04-05,0.9795788526535034
2000-04-06,0.940602719783783
2000-04-07,0.9899095892906189
2000-04-10,0.9391931891441345
2000-04-11,0.8973992466926575
2000-04-12,0.8208546042442322
2000-04-13,0.855135440826416
2000-04-14,0.8405780792236328
2000-04-17,0.9307406544685364
2000-04-18,0.953281581401825
2000-04-19,0.9100783467292786
2000-04-20,0.8931730389595032
2000-04-24,0.9053826332092285
2000-04-25,0.9640819430351257
2000-04-26,0.911486804485321
2000-04-27,0.9523414373397827
2000-04-28,0.9321497678756714
2000-05-01,0.9340277910232544
2000-05-02,0.8856589794158936
2000-05-03,0.8645274639129639
2000-05-04,0.8316555023193359
2000-05-05,0.8499703407287598
2000-05-08,0.8274296522140503
2000-05-09,0.7922093868255615
2000-05-10,0.7461893558502197
2000-05-11,0.772486686706543
2000-05-12,0.8086457252502441
2000-05-15,0.7588686347007751
2000-05-16,0.7940875887870789
2000-05-17,0.7616859674453735
2000-05-18,0.7569903135299683
2000-05-19,0.7062737941741943
2000-05-22,0.6757493615150452
2000-05-23,0.6447561979293823
2000-05-24,0.6588442325592041
2000-05-25,0.6556739807128906
2000-05-26,0.6489823460578918
2000-05-30,0.6579049229621887
2000-05-31,0.6311377882957458
2000-06-01,0.6696450114250183
2000-06-02,0.6954727172851562
2000-06-05,0.6860805749893188
2000-06-06,0.6978206038475037
2000-06-07,0.7255266308784485
2000-06-08,0.7123778462409973
2000-06-09,0.7194222807884216
2000-06-12,0.685141384601593
2000-06-13,0.7100302577018738
2000-06-14,0.6795066595077515
2000-06-15,0.6940639019012451
2000-06-16,0.685141384601593
2000-06-19,0.7259964346885681
2000-06-20,0.760746955871582
2000-06-21,0.8358825445175171
2000-06-22,0.8077059388160706
2000-06-23,0.776712954044342
2000-06-26,0.8133413791656494
2000-06-27,0.7776517868041992
2000-06-28,0.8180372714996338
2000-06-29,0.7701390385627747
2000-06-30,0.7870439291000366
2000-07-03,0.8011317253112793
2000-07-05,0.7757737040519714
2000-07-06,0.7785910367965698
2000-07-07,0.8180372714996338
2000-07-10,0.8584226369857788
2000-07-11,0.8556050658226013
2000-07-12,0.8847200870513916
2000-07-13,0.8490311503410339
2000-07-14,0.8668755292892456
2000-07-17,0.8762680292129517
2000-07-18,0.8603008985519409
2000-07-19,0.791739821434021
2000-07-20,0.8283683657646179
2000-07-21,0.8048882484436035
2000-07-24,0.7316320538520813
2000-07-25,0.752293586730957
2000-07-26,0.752293586730957
2000-07-27,0.7814085483551025
2000-07-28,0.7259964346885681
2000-07-31,0.7635639309883118
2000-08-01,0.7410231232643127
2000-08-02,0.7100302577018738
2000-08-03,0.7213006019592285
2000-08-04,0.7119085788726807
2000-08-07,0.7203612923622131
2000-08-08,0.7025163173675537
2000-08-09,0.7137868404388428
2000-08-10,0.7147258520126343
2000-08-11,0.7166049480438232
2000-08-14,0.7072128653526306
2000-08-15,0.7015772461891174
2000-08-16,0.7288134694099426
2000-08-17,0.772956371307373
2000-08-18,0.7513545155525208
2000-08-21,0.7588686347007751
2000-08-22,0.776712954044342
2000-08-23,0.8161591291427612
2000-08-24,0.8431606292724609
2000-08-25,0.8537268042564392
2000-08-28,0.8725099563598633
2000-08-29,0.889416515827179
2000-08-30,0.8941120505332947
2000-08-31,0.9157139658927917
2000-09-01,0.953281581401825
2000-09-05,0.9382538199424744
2000-09-06,0.8781458139419556
2000-09-07,0.9316803812980652
2000-09-08,0.8847200870513916
2000-09-11,0.8781458139419556
2000-09-12,0.8678147792816162
2000-09-13,0.8715713024139404
2000-09-14,0.8544312715530396
2000-09-15,0.8300120234489441
2000-09-18,0.911486804485321
2000-09-19,0.9006868004798889
2000-09-20,0.9173574447631836
2000-09-21,0.8518487811088562
2000-09-22,0.7842268347740173
2000-09-25,0.8039492964744568
2000-09-26,0.772956371307373
2000-09-27,0.735388457775116
2000-09-28,0.8039492964744568
2000-09-29,0.38694730401039124
2000-10-02,0.36440718173980713
2000-10-03,0.3352924585342407
2000-10-04,0.3550151288509369
2000-10-05,0.33153507113456726
2000-10-06,0.33341333270072937
2000-10-09,0.326839417219162
2000-10-10,0.31369084119796753
2000-10-11,0.294906347990036
2000-10-12,0.3005419969558716
2000-10-13,0.33153507113456726
2000-10-16,0.323082834482193
2000-10-17,0.3024202585220337
2000-10-18,0.3024202585220337
2000-10-19,0.28457584977149963
2000-10-20,0.29302817583084106
2000-10-23,0.30617672204971313
2000-10-24,0.28363677859306335
2000-10-25,0.278001070022583
2000-10-26,0.278001070022583
2000-10-27,0.27894023060798645
2000-10-30,0.2902107238769531
2000-10-31,0.29396727681159973
2000-11-01,0.30805504322052
2000-11-02,0.3352924585342407
2000-11-03,0.33435237407684326
2000-11-06,0.32214370369911194
2000-11-07,0.32026463747024536
2000-11-08,0.30148112773895264
2000-11-09,0.3033594787120819
2000-11-10,0.28645411133766174
2000-11-13,0.29114988446235657
2000-11-14,0.3042985200881958
2000-11-15,0.29866379499435425
2000-11-16,0.2855150103569031
2000-11-17,0.278001070022583
2000-11-20,0.28457584977149963
2000-11-21,0.28269749879837036
2000-11-22,0.278001070022583
2000-11-24,0.2902107238769531
2000-11-27,0.28081852197647095
2000-11-28,0.2709575891494751
2000-11-29,0.26391324400901794
2000-11-30,0.24794712662696838
2000-12-01,0.25640034675598145
2000-12-04,0.2507646083831787
2000-12-05,0.2554602324962616
2000-12-06,0.21507501602172852
2000-12-07,0.21507501602172852
2000-12-08,0.22634540498256683
2000-12-11,0.22822366654872894
2000-12-12,0.23104190826416016
2000-12-13,0.2254061996936798
2000-12-14,0.21695412695407867
2000-12-15,0.21131841838359833
2000-12-18,0.21413588523864746
2000-12-19,0.21037936210632324
2000-12-20,0.2160140872001648
2000-12-21,0.21131841838359833
2000-12-22,0.2254061996936798
2000-12-26,0.22071056067943573
2000-12-27,0.2225889265537262
2000-12-28,0.2225889265537262
2000-12-29,0.22352801263332367
2001-01-02,0.22352801263332367
2001-01-03,0.2460688054561615
2001-01-04,0.25640034675598145
2001-01-05,0.2460688054561615
2001-01-08,0.2488863617181778
2001-01-09,0.25827842950820923
2001-01-10,0.2488863617181778
2001-01-11,0.27048808336257935
2001-01-12,0.25827842950820923
2001-01-16,0.25733938813209534
2001-01-17,0.2526428699493408
2001-01-18,0.28081852197647095
2001-01-19,0.29302817583084106
2001-01-22,0.2892715632915497
2001-01-23,0.30805504322052
2001-01-24,0.30805504322052
2001-01-25,0.2996028959751129
2001-01-26,0.29396727681159973
2001-01-29,0.32590028643608093
2001-01-30,0.326839417219162
2001-01-31,0.3249610960483551
2001-02-01,0.31744715571403503
2001-02-02,0.3099340796470642
2001-02-05,0.3033594787120819
2001-02-06,0.31744715571403503
2001-02-07,0.3118124306201935
2001-02-08,0.3118124306201935
2001-02-09,0.2873933017253876
2001-02-12,0.2958464026451111
2001-02-13,0.2873933017253876
2001-02-14,0.29302817583084106
2001-02-15,0.30148112773895264
2001-02-16,0.2855150103569031
2001-02-20,0.27518364787101746
2001-02-21,0.28363677859306335
2001-02-22,0.28269749879837036
2001-02-23,0.28269749879837036
2001-02-26,0.29302817583084106
2001-02-27,0.29114988446235657
2001-02-28,0.2742445766925812
2001-03-01,0.2817575931549072
2001-03-02,0.2892715632915497
2001-03-05,0.30617672204971313
2001-03-06,0.323082834482193
2001-03-07,0.31932544708251953
2001-03-08,0.31275153160095215
2001-03-09,0.3042985200881958
2001-03-12,0.2798793911933899
2001-03-13,0.29396727681159973
2001-03-14,0.30711591243743896
2001-03-15,0.2958464026451111
2001-03-16,0.294906347990036
2001-03-19,0.3089950680732727
2001-03-20,0.2958464026451111
2001-03-21,0.3024202585220337
2001-03-22,0.3249610960483551
2001-03-23,0.34562283754348755
2001-03-26,0.32729050517082214
2001-03-27,0.3436697721481323
2001-03-28,0.333150714635849
2001-03-29,0.3385601043701172
2001-03-30,0.33164775371551514
2001-04-02,0.32443514466285706
2001-04-03,0.3041485846042633
2001-04-04,0.29302817583084106
2001-04-05,0.31361573934555054
2001-04-06,0.3094082176685333
2001-04-09,0.3086567521095276
2001-04-10,0.33119672536849976
2001-04-11,0.3275908827781677
2001-04-12,0.3369073271751404
2001-04-16,0.322180837392807
2001-04-17,0.3065529763698578
2001-04-18,0.3424672484397888
2001-04-19,0.3864970803260803
2001-04-20,0.37627848982810974
2001-04-23,0.36440718173980713
2001-04-24,0.3611008822917938
2001-04-25,0.37147021293640137
2001-04-26,0.37101906538009644
2001-04-27,0.39370980858802795
2001-04-30,0.38304099440574646
2001-05-01,0.3896527886390686
2001-05-02,0.3995700478553772
2001-05-03,0.375076025724411
2001-05-04,0.38694730401039124
2001-05-07,0.375076025724411
2001-05-08,0.36921578645706177
2001-05-09,0.3603494465351105
2001-05-10,0.34562283754348755
2001-05-11,0.3433692753314972
2001-05-14,0.3499811589717865
2001-05-15,0.3483283221721649
2001-05-16,0.3621528148651123
2001-05-17,0.3538883328437805
2001-05-18,0.353587806224823
2001-05-21,0.3540380895137787
2001-05-22,0.35313689708709717
2001-05-23,0.34907910227775574
2001-05-24,0.34862878918647766
2001-05-25,0.3420169949531555
2001-05-29,0.32263171672821045
2001-05-30,0.2972356975078583
2001-05-31,0.29979053139686584
2001-06-01,0.31391623616218567
2001-06-04,0.3104601502418518
2001-06-05,0.314667671918869
2001-06-06,0.3115120232105255
2001-06-07,0.32548707723617554
2001-06-08,0.32037732005119324
2001-06-11,0.3011428713798523
2001-06-12,0.3052005469799042
2001-06-13,0.3076048791408539
2001-06-14,0.29873865842819214
2001-06-15,0.30715370178222656
2001-06-18,0.30550095438957214
2001-06-19,0.3033973276615143
2001-06-20,0.32563692331314087
2001-06-21,0.3379592001438141
2001-06-22,0.33450308442115784
2001-06-25,0.36050012707710266
2001-06-26,0.3568934202194214
2001-06-27,0.3507325351238251
2001-06-28,0.3537376821041107
2001-06-29,0.3493802547454834
2001-07-02,0.3591478168964386
2001-07-03,0.3582456409931183
2001-07-05,0.34847819805145264
2001-07-06,0.33104708790779114
2001-07-09,0.3411148488521576
2001-07-10,0.3176727294921875
2001-07-11,0.3387106955051422
2001-07-12,0.36605992913246155
2001-07-13,0.3734232783317566
2001-07-16,0.3600490093231201
2001-07-17,0.3771798312664032
2001-07-18,0.3124132752418518
2001-07-19,0.29994115233421326
2001-07-20,0.3002415597438812
2001-07-23,0.2936297655105591
2001-07-24,0.28686732053756714
2001-07-25,0.2775501012802124
2001-07-26,0.27935341000556946
2001-07-27,0.2849133014678955
2001-07-30,0.2844630777835846
2001-07-31,0.28235936164855957
2001-08-01,0.286416232585907
2001-08-02,0.29783740639686584
2001-08-03,0.29302817583084106
2001-08-06,0.2874681353569031
2001-08-07,0.2892715632915497
2001-08-08,0.284012109041214
2001-08-09,0.2862664759159088
2001-08-10,0.28581538796424866
2001-08-13,0.28686732053756714
2001-08-14,0.28145724534988403
2001-08-15,0.2770998477935791
2001-08-16,0.28025558590888977
2001-08-17,0.2715400159358978
2001-08-20,0.27229055762290955
2001-08-21,0.26928555965423584
2001-08-22,0.27364370226860046
2001-08-23,0.26763278245925903
2001-08-24,0.2790529727935791
2001-08-27,0.28431248664855957
2001-08-28,0.27649810910224915
2001-08-29,0.2679332196712494
2001-08-30,0.2679332196712494
2001-08-31,0.27875253558158875
2001-09-04,0.2742445766925812
2001-09-05,0.27875253558158875
2001-09-06,0.26628047227859497
2001-09-07,0.2596677839756012
2001-09-10,0.2610208988189697
2001-09-17,0.25531044602394104
2001-09-18,0.24464073777198792
2001-09-19,0.25576138496398926
2001-09-20,0.23562481999397278
2001-09-21,0.23637621104717255
2001-09-24,0.24719570577144623
2001-09-25,0.23352104425430298
2001-09-26,0.22766073048114777
2001-09-27,0.23306992650032043
2001-09-28,0.23306992650032043
2001-10-01,0.23352104425430298
2001-10-02,0.22615770995616913
2001-10-03,0.225105881690979
2001-10-04,0.23862983286380768
2001-10-05,0.24253709614276886
2001-10-08,0.24343910813331604
2001-10-09,0.24043327569961548
2001-10-10,0.25275564193725586
2001-10-11,0.26658082008361816
2001-10-12,0.27063778042793274
2001-10-15,0.27033740282058716
2001-10-16,0.27063778042793274
2001-10-17,0.25531044602394104
2001-10-18,0.27048808336257935
2001-10-19,0.2749960422515869
2001-10-22,0.28581538796424866
2001-10-23,0.27259179949760437
2001-10-24,0.28476354479789734
2001-10-25,0.2883703112602234
2001-10-26,0.2805560231208801
2001-10-29,0.26492732763290405
2001-10-30,0.26447704434394836
2001-10-31,0.26387542486190796
2001-11-01,0.27935341000556946
2001-11-02,0.2790529727935791
2001-11-05,0.28656691312789917
2001-11-06,0.2940799593925476
2001-11-07,0.2943803369998932
2001-11-08,0.2811567783355713
2001-11-09,0.2811567783355713
2001-11-12,0.2817575931549072
2001-11-13,0.2910749614238739
2001-11-14,0.29468169808387756
2001-11-15,0.29227668046951294
2001-11-16,0.2850639522075653
2001-11-19,0.3005419969558716
2001-11-20,0.2934790849685669
2001-11-21,0.2957334816455841
2001-11-23,0.29813775420188904
2001-11-26,0.32112884521484375
2001-11-27,0.3155688941478729
2001-11-28,0.3085061013698578
2001-11-29,0.3068534731864929
2001-11-30,0.3200768232345581
2001-12-03,0.31632041931152344
2001-12-04,0.33660686016082764
2001-12-05,0.3570440411567688
2001-12-06,0.3423173725605011
2001-12-07,0.3387106955051422
2001-12-10,0.3387106955051422
2001-12-11,0.32729050517082214
2001-12-12,0.32293230295181274
2001-12-13,0.3155688941478729
2001-12-14,0.3064022958278656
2001-12-17,0.30985841155052185
2001-12-18,0.3157195746898651
2001-12-19,0.32488539814949036
2001-12-20,0.31060972809791565
2001-12-21,0.3155688941478729
2001-12-24,0.32097914814949036
2001-12-26,0.32293230295181274
2001-12-27,0.33164775371551514
2001-12-28,0.33705800771713257
2001-12-31,0.32909297943115234
2002-01-02,0.35013094544410706
2002-01-03,0.35433849692344666
2002-01-04,0.35599198937416077
2002-01-07,0.3441208302974701
2002-01-08,0.33976250886917114
2002-01-09,0.32533636689186096
2002-01-10,0.31902506947517395
2002-01-11,0.31632041931152344
2002-01-14,0.3178233802318573
2002-01-15,0.3260878324508667
2002-01-16,0.312262624502182
2002-01-17,0.3378094732761383
2002-01-18,0.333150714635849
2002-01-22,0.3278912305831909
2002-01-23,0.3459232747554779
2002-01-24,0.3487785756587982
2002-01-25,0.3493802547454834
2002-01-28,0.34968069195747375
2002-01-29,0.3466748893260956
2002-01-30,0.3620029389858246
2002-01-31,0.37147021293640137
2002-02-01,0.3668114244937897
2002-02-04,0.38093721866607666
2002-02-05,0.38243934512138367
2002-02-06,0.37071871757507324
2002-02-07,0.3651587963104248
2002-02-08,0.3611008822917938
2002-02-11,0.37537652254104614
2002-02-12,0.371319442987442
2002-02-13,0.3758274018764496
2002-02-14,0.3696666955947876
2002-02-15,0.3591478168964386
2002-02-19,0.33991318941116333
2002-02-20,0.3475768268108368
2002-02-21,0.323082834482193
2002-02-22,0.3417156934738159
2002-02-25,0.3577954173088074
2002-02-26,0.3556916415691376
2002-02-27,0.3299950957298279
2002-02-28,0.3260878324508667
2002-03-01,0.35238534212112427
2002-03-04,0.36500799655914307
2002-03-05,0.353587806224823
2002-03-06,0.3617018461227417
2002-03-07,0.36636045575141907
2002-03-08,0.37056803703308105
2002-03-11,0.3765789270401001
2002-03-12,0.37147021293640137
2002-03-13,0.36801326274871826
2002-03-14,0.36711186170578003
2002-03-15,0.3749261796474457
2002-03-18,0.37177056074142456
2002-03-19,0.3734232783317566
2002-03-20,0.3744750916957855
2002-03-21,0.36470770835876465
2002-03-22,0.3620029389858246
2002-03-25,0.35088229179382324
2002-03-26,0.3525359332561493
2002-03-27,0.35268574953079224
2002-03-28,0.3556916415691376
2002-04-01,0.3675628900527954
2002-04-02,0.3617018461227417
2002-04-03,0.3568934202194214
2002-04-04,0.37417489290237427
2002-04-05,0.37177056074142456
2002-04-08,0.36906498670578003
2002-04-09,0.3621528148651123
2002-04-10,0.37056803703308105
2002-04-11,0.3735739290714264
2002-04-12,0.3765789270401001
2002-04-15,0.3756777048110962
2002-04-16,0.3867974877357483
2002-04-17,0.39235740900039673
2002-04-18,0.38183850049972534
2002-04-19,0.37537652254104614
2002-04-22,0.3686148524284363
2002-04-23,0.36440718173980713
2002-04-24,0.3571937680244446
2002-04-25,0.36245325207710266
2002-04-26,0.3457735776901245
2002-04-29,0.3600490093231201
2002-04-30,0.36470770835876465
2002-05-01,0.3603494465351105
2002-05-02,0.35599198937416077
2002-05-03,0.35328659415245056
2002-05-06,0.34036344289779663
2002-05-07,0.3376588225364685
2002-05-08,0.36621057987213135
2002-05-09,0.36350512504577637
2002-05-10,0.35043221712112427
2002-05-13,0.3597485423088074
2002-05-14,0.38484346866607666
2002-05-15,0.37988531589508057
2002-05-16,0.3788334131240845
2002-05-17,0.3758274018764496
2002-05-20,0.37177056074142456
2002-05-21,0.3525359332561493
2002-05-22,0.3654591143131256
2002-05-23,0.37838226556777954
2002-05-24,0.36290425062179565
2002-05-28,0.3603494465351105
2002-05-29,0.3603494465351105
2002-05-30,0.3636557459831238
2002-05-31,0.35013094544410706
2002-06-03,0.34427061676979065
2002-06-04,0.3423173725605011
2002-06-05,0.3414153456687927
2002-06-06,0.333000123500824
2002-06-07,0.3215799033641815
2002-06-10,0.32278159260749817
2002-06-11,0.30745425820350647
2002-06-12,0.30189430713653564
2002-06-13,0.2936297655105591
2002-06-14,0.30204492807388306
2002-06-17,0.3086567521095276
2002-06-18,0.3027956187725067
2002-06-19,0.2572636306285858
2002-06-20,0.25711381435394287
2002-06-21,0.25320664048194885
2002-06-24,0.259518027305603
2002-06-25,0.25756391882896423
2002-06-26,0.2486986666917801
2002-06-27,0.2563621997833252
2002-06-28,0.26628047227859497
2002-07-01,0.2563621997833252
2002-07-02,0.2545589208602905
2002-07-03,0.2637255787849426
2002-07-05,0.28160780668258667
2002-07-08,0.27063778042793274
2002-07-09,0.26342514157295227
2002-07-10,0.2602695822715759
2002-07-11,0.2749960422515869
2002-07-12,0.2631247937679291
2002-07-15,0.273944228887558
2002-07-16,0.26838418841362
2002-07-17,0.2348734438419342
2002-07-18,0.2252565622329712
2002-07-19,0.22480544447898865
2002-07-22,0.2242046296596527
2002-07-23,0.21744215488433838
2002-07-24,0.2284122109413147
2002-07-25,0.21578940749168396
2002-07-26,0.21548815071582794
2002-07-29,0.22570675611495972
2002-07-30,0.23186823725700378
2002-07-31,0.2293134331703186
2002-08-01,0.2224012017250061
2002-08-02,0.21714173257350922
2002-08-05,0.21022869646549225
2002-08-06,0.22149910032749176
2002-08-07,0.22585737705230713
2002-08-08,0.2299143373966217
2002-08-09,0.2254061996936798
2002-08-12,0.2252565622329712
2002-08-13,0.2192455679178238
2002-08-14,0.22796110808849335
2002-08-15,0.23457299172878265
2002-08-16,0.23757798969745636
2002-08-19,0.24013282358646393
2002-08-20,0.23908095061779022
2002-08-21,0.2422366440296173
2002-08-22,0.23998302221298218
2002-08-23,0.23637621104717255
2002-08-26,0.23337039351463318
2002-08-27,0.22315272688865662
2002-08-28,0.22089827060699463
2002-08-29,0.22089827060699463
2002-08-30,0.22164979577064514
2002-09-03,0.21113073825836182
2002-09-04,0.21759191155433655
2002-09-05,0.2130839228630066
2002-09-06,0.2160898894071579
2002-09-09,0.2159392535686493
2002-09-10,0.21533836424350739
2002-09-11,0.21473760902881622
2002-09-12,0.21248309314250946
2002-09-13,0.21293410658836365
2002-09-16,0.21789328753948212
2002-09-17,0.2224012017250061
2002-09-18,0.22570675611495972
2002-09-19,0.2190949022769928
2002-09-20,0.2234531193971634
2002-09-23,0.22315272688865662
2002-09-24,0.21999695897102356
2002-09-25,0.2243543267250061
2002-09-26,0.22089827060699463
2002-09-27,0.22119872272014618
2002-09-30,0.21789328753948212
2002-10-01,0.21804304420948029
2002-10-02,0.21293410658836365
2002-10-03,0.21488729119300842
2002-10-04,0.21083037555217743
2002-10-07,0.2069232016801834
2002-10-08,0.20557092130184174
2002-10-09,0.2042185664176941
2002-10-10,0.21203206479549408
2002-10-11,0.21804304420948029
2002-10-14,0.22195018827915192
2002-10-15,0.22781042754650116
2002-10-16,0.21879439055919647
2002-10-17,0.21203206479549408
2002-10-18,0.21548815071582794
2002-10-21,0.21879439055919647
2002-10-22,0.22089827060699463
2002-10-23,0.22360286116600037
2002-10-24,0.22074763476848602
2002-10-25,0.23171767592430115
2002-10-28,0.23457299172878265
2002-10-29,0.2320181280374527
2002-10-30,0.24013282358646393
2002-10-31,0.24148507416248322
2002-11-01,0.2458433210849762
2002-11-04,0.2538074851036072
2002-11-05,0.2539581060409546
2002-11-06,0.2587665319442749
2002-11-07,0.24043327569961548
2002-11-08,0.23802907764911652
2002-11-11,0.22781042754650116
2002-11-12,0.23502399027347565
2002-11-13,0.23427248001098633
2002-11-14,0.2449413686990738
2002-11-15,0.23968178033828735
2002-11-18,0.23517383635044098
2002-11-19,0.22946412861347198
2002-11-20,0.23337039351463318
2002-11-21,0.24569277465343475
2002-11-22,0.24058400094509125
2002-11-25,0.23998302221298218
2002-11-26,0.2315678596496582
2002-11-27,0.23622559010982513
2002-11-29,0.23292025923728943
2002-12-02,0.22811082005500793
2002-12-03,0.22781042754650116
2002-12-04,0.224955216050148
2002-12-05,0.21984636783599854
2002-12-06,0.22465482354164124
2002-12-09,0.22164979577064514
2002-12-10,0.22961382567882538
2002-12-11,0.23276954889297485
2002-12-12,0.2282615751028061
2002-12-13,0.2222505509853363
2002-12-16,0.22315272688865662
2002-12-17,0.22660879790782928
2002-12-18,0.21894514560699463
2002-12-19,0.21338434517383575
2002-12-20,0.21248309314250946
2002-12-23,0.21774260699748993
2002-12-24,0.21578940749168396
2002-12-26,0.2163902372121811
2002-12-27,0.21128055453300476
2002-12-30,0.21143119037151337
2002-12-31,0.21533836424350739
2003-01-02,0.2224012017250061
2003-01-03,0.22390331327915192
2003-01-06,0.22390331327915192
2003-01-07,0.22315272688865662
2003-01-08,0.21864379942417145
2003-01-09,0.2205977886915207
2003-01-10,0.22119872272014618
2003-01-13,0.21984636783599854
2003-01-14,0.21954594552516937
2003-01-15,0.21684131026268005
2003-01-16,0.2196957767009735
2003-01-17,0.21188223361968994
2003-01-21,0.21067973971366882
2003-01-22,0.20857591927051544
2003-01-23,0.21293410658836365
2003-01-24,0.20737430453300476
2003-01-27,0.21233241260051727
2003-01-28,0.2190949022769928
2003-01-29,0.2243543267250061
2003-01-30,0.2151876986026764
2003-01-31,0.21578940749168396
2003-02-03,0.22029747068881989
2003-02-04,0.21939526498317719
2003-02-05,0.21714173257350922
2003-02-06,0.21684131026268005
2003-02-07,0.21263371407985687
2003-02-10,0.21563881635665894
2003-02-11,0.21563881635665894
2003-02-12,0.21623966097831726
2003-02-13,0.21849407255649567
2003-02-14,0.22044722735881805
2003-02-18,0.22946412861347198
2003-02-19,0.22315272688865662
2003-02-20,0.22195018827915192
2003-02-21,0.2254061996936798
2003-02-24,0.22149910032749176
2003-02-25,0.22570675611495972
2003-02-26,0.21789328753948212
2003-02-27,0.2233024388551712
2003-02-28,0.2255568653345108
2003-03-03,0.2201467603445053
2003-03-04,0.21879439055919647
2003-03-05,0.2196957767009735
2003-03-06,0.21879439055919647
2003-03-07,0.21834337711334229
2003-03-10,0.2159392535686493
2003-03-11,0.2138354480266571
2003-03-12,0.21368563175201416
2003-03-13,0.22119872272014618
2003-03-14,0.22210077941417694
2003-03-17,0.2255568653345108
2003-03-18,0.2254061996936798
2003-03-19,0.22465482354164124
2003-03-20,0.22405396401882172
2003-03-21,0.2254061996936798
2003-03-24,0.2159392535686493
2003-03-25,0.21864379942417145
2003-03-26,0.21654006838798523
2003-03-27,0.21774260699748993
2003-03-28,0.21894514560699463
2003-03-31,0.21248309314250946
2003-04-01,0.21278353035449982
2003-04-02,0.21939526498317719
2003-04-03,0.21729150414466858
2003-04-04,0.21654006838798523
2003-04-07,0.21774260699748993
2003-04-08,0.21714173257350922
2003-04-09,0.2132345587015152
2003-04-10,0.2159392535686493
2003-04-11,0.19835741817951202
2003-04-14,0.2040679156780243
2003-04-15,0.20121267437934875
2003-04-16,0.19895906746387482
2003-04-17,0.1971556693315506
2003-04-21,0.19745610654354095
2003-04-22,0.20301605761051178
2003-04-23,0.2040679156780243
2003-04-24,0.20196419954299927
2003-04-25,0.20061185956001282
2003-04-28,0.20827548205852509
2003-04-29,0.21128055453300476
2003-04-30,0.21368563175201416
2003-05-01,0.21578940749168396
2003-05-02,0.21714173257350922
2003-05-05,0.24178554117679596
2003-05-06,0.2629741132259369
2003-05-07,0.2652285397052765
2003-05-08,0.27048808336257935
2003-05-09,0.2749960422515869
2003-05-12,0.27890321612358093
2003-05-13,0.2805560231208801
2003-05-14,0.27875253558158875
2003-05-15,0.28145724534988403
2003-05-16,0.28250911831855774
2003-05-19,0.2719900906085968
2003-05-20,0.2673323452472687
2003-05-21,0.2682335674762726
2003-05-22,0.274093896150589
2003-05-23,0.27529650926589966
2003-05-27,0.283711701631546
2003-05-28,0.2746956944465637
2003-05-29,0.2719900906085968
2003-05-30,0.26973655819892883
2003-06-02,0.26222261786460876
2003-06-03,0.2601188123226166
2003-06-04,0.26447704434394836
2003-06-05,0.26507794857025146
2003-06-06,0.2577146291732788
2003-06-09,0.25230446457862854
2003-06-10,0.25816574692726135
2003-06-11,0.26222261786460876
2003-06-12,0.26703113317489624
2003-06-13,0.26177167892456055
2003-06-16,0.27454495429992676
2003-06-17,0.2733425498008728
2003-06-18,0.2873183488845825
2003-06-19,0.28761881589889526
2003-06-20,0.28852009773254395
2003-06-23,0.286416232585907
2003-06-24,0.28220874071121216
2003-06-25,0.28686732053756714
2003-06-26,0.289872407913208
2003-06-27,0.28145724534988403
2003-06-30,0.286416232585907
2003-07-01,0.28686732053756714
2003-07-02,0.28957200050354004
2003-07-03,0.2874681353569031
2003-07-07,0.2985880672931671
2003-07-08,0.3065529763698578
2003-07-09,0.2988891303539276
2003-07-10,0.29423052072525024
2003-07-11,0.29828760027885437
2003-07-14,0.29903897643089294
2003-07-15,0.29468169808387756
2003-07-16,0.2985880672931671
2003-07-17,0.3140660226345062
2003-07-18,0.31346508860588074
2003-07-21,0.30970868468284607
2003-07-22,0.31256383657455444
2003-07-23,0.3124132752418518
2003-07-24,0.3082057237625122
2003-07-25,0.32368364930152893
2003-07-28,0.3154182434082031
2003-07-29,0.3113614618778229
2003-07-30,0.3047495186328888
2003-07-31,0.31677141785621643
2003-08-01,0.3115120232105255
2003-08-04,0.3187246024608612
2003-08-05,0.30625244975090027
2003-08-06,0.29498210549354553
2003-08-07,0.2994900345802307
2003-08-08,0.2951319217681885
2003-08-11,0.295432448387146
2003-08-12,0.2960338890552521
2003-08-13,0.3032466173171997
2003-08-14,0.3000909090042114
2003-08-15,0.29618385434150696
2003-08-18,0.30565083026885986
2003-08-19,0.3053504228591919
2003-08-20,0.3157195746898651
2003-08-21,0.3257875144481659
2003-08-22,0.3137654960155487
2003-08-25,0.31346508860588074
2003-08-26,0.31632041931152344
2003-08-27,0.32278159260749817
2003-08-28,0.33345121145248413
2003-08-29,0.33976250886917114
2003-09-02,0.3433692753314972
2003-09-03,0.3448714017868042
2003-09-04,0.3430688977241516
2003-09-05,0.3381097912788391
2003-09-08,0.3417156934738159
2003-09-09,0.33615580201148987
2003-09-10,0.33330050110816956
2003-09-11,0.33901113271713257
2003-09-12,0.3471258878707886
2003-09-15,0.3337515592575073
2003-09-16,0.3360060155391693
2003-09-17,0.33239930868148804
2003-09-18,0.34381943941116333
2003-09-19,0.3393115699291229
2003-09-22,0.33179834485054016
2003-09-23,0.33705800771713257
2003-09-24,0.32037732005119324
2003-09-25,0.30700305104255676
2003-09-26,0.3109104037284851
2003-09-29,0.3200768232345581
2003-09-30,0.3113614618778229
2003-10-01,0.3124132752418518
2003-10-02,0.3091070055961609
2003-10-03,0.3259373903274536
2003-10-06,0.33495405316352844
2003-10-07,0.348929226398468
2003-10-08,0.34652501344680786
2003-10-09,0.35238534212112427
2003-10-10,0.35584142804145813
2003-10-13,0.36590927839279175
2003-10-14,0.36891525983810425
2003-10-15,0.3729722499847412
2003-10-16,0.3493802547454834
2003-10-17,0.34186649322509766
2003-10-20,0.348929226398468
2003-10-21,0.3483283221721649
2003-10-22,0.3420169949531555
2003-10-23,0.34547314047813416
2003-10-24,0.3396119475364685
2003-10-27,0.3396119475364685
2003-10-28,0.3564423620700836
2003-10-29,0.35599198937416077
2003-10-30,0.3469752371311188
2003-10-31,0.3439702093601227
2003-11-03,0.3478773236274719
2003-11-04,0.34427061676979065
2003-11-05,0.3460739552974701
2003-11-06,0.3474262058734894
2003-11-07,0.3381097912788391
2003-11-10,0.32909297943115234
2003-11-11,0.32368364930152893
2003-11-12,0.33555498719215393
2003-11-13,0.3369073271751404
2003-11-14,0.3224812150001526
2003-11-17,0.31752219796180725
2003-11-18,0.3067026734352112
2003-11-19,0.3068534731864929
2003-11-20,0.30625244975090027
2003-11-21,0.3047495186328888
2003-11-24,0.3178233802318573
2003-11-25,0.3107605278491974
2003-11-26,0.3113614618778229
2003-11-28,0.31421664357185364
2003-12-01,0.3262384831905365
2003-12-02,0.32368364930152893
2003-12-03,0.3160199522972107
2003-12-04,0.3178233802318573
2003-12-05,0.3133144676685333
2003-12-08,0.31632041931152344
2003-12-09,0.3073044419288635
2003-12-10,0.30625244975090027
2003-12-11,0.3187246024608612
2003-12-12,0.31391623616218567
2003-12-15,0.30309686064720154
2003-12-16,0.30234524607658386
2003-12-17,0.29873865842819214
2003-12-18,0.3011428713798523
2003-12-19,0.2960338890552521
2003-12-22,0.29828760027885437
2003-12-23,0.29768669605255127
2003-12-24,0.3067026734352112
2003-12-26,0.312262624502182
2003-12-29,0.3178233802318573
2003-12-30,0.3197764754295349
2003-12-31,0.32112884521484375
2004-01-02,0.3197764754295349
2004-01-05,0.333150714635849
2004-01-06,0.3319481909275055
2004-01-07,0.33946216106414795
2004-01-08,0.3510330021381378
2004-01-09,0.34562283754348755
2004-01-12,0.35659292340278625
2004-01-13,0.36245325207710266
2004-01-14,0.3636557459831238
2004-01-15,0.3433692753314972
2004-01-16,0.3414153456687927
2004-01-20,0.34156596660614014
2004-01-21,0.33976250886917114
2004-01-22,0.33330050110816956
2004-01-23,0.33901113271713257
2004-01-26,0.3457735776901245
2004-01-27,0.3466748893260956
2004-01-28,0.33841025829315186
2004-01-29,0.34081435203552246
2004-01-30,0.33901113271713257
2004-02-02,0.3354043960571289
2004-02-03,0.33450308442115784
2004-02-04,0.32744020223617554
2004-02-05,0.3369073271751404
2004-02-06,0.34126558899879456
2004-02-09,0.3406639099121094
2004-02-10,0.34532251954078674
2004-02-11,0.35764485597610474
2004-02-12,0.35659292340278625
2004-02-13,0.34562283754348755
2004-02-17,0.34802713990211487
2004-02-18,0.34953007102012634
2004-02-19,0.3376588225364685
2004-02-20,0.33660686016082764
2004-02-23,0.33345121145248413
2004-02-24,0.3360060155391693
2004-02-25,0.3427675664424896
2004-02-26,0.34622451663017273
2004-02-27,0.3594481945037842
2004-03-01,0.3609512150287628
2004-03-02,0.3577954173088074
2004-03-03,0.3594481945037842
2004-03-04,0.37808191776275635
2004-03-05,0.4018245339393616
2004-03-08,0.3907046914100647
2004-03-09,0.4072346091270447
2004-03-10,0.41595014929771423
2004-03-11,0.4079851806163788
2004-03-12,0.41414687037467957
2004-03-15,0.3974662125110626
2004-03-16,0.3879992961883545
2004-03-17,0.3935599625110626
2004-03-18,0.385745644569397
2004-03-19,0.38860082626342773
2004-03-22,0.38860082626342773
2004-03-23,0.3800351023674011
2004-03-24,0.38319066166877747
2004-03-25,0.40377768874168396
2004-03-26,0.40633249282836914
2004-03-29,0.41940629482269287
2004-03-30,0.41955602169036865
2004-03-31,0.40633249282836914
2004-04-01,0.40738445520401
2004-04-02,0.4132446348667145
2004-04-05,0.42556706070899963
2004-04-06,0.418203741312027
2004-04-07,0.4103901982307434
2004-04-08,0.41369572281837463
2004-04-12,0.42135947942733765
2004-04-13,0.4046797454357147
2004-04-14,0.4003215432167053
2004-04-15,0.4402935206890106
2004-04-16,0.4384903907775879
2004-04-19,0.42601820826530457
2004-04-20,0.41670161485671997
2004-04-21,0.41670161485671997
2004-04-22,0.4174523651599884
2004-04-23,0.41625064611434937
2004-04-26,0.4076848030090332
2004-04-27,0.40482962131500244
2004-04-28,0.3974662125110626
2004-04-29,0.40227559208869934
2004-04-30,0.3873983323574066
2004-05-03,0.39175650477409363
2004-05-04,0.39280858635902405
2004-05-05,0.40047210454940796
2004-05-06,0.39942026138305664
2004-05-07,0.40077272057533264
2004-05-10,0.3949122130870819
2004-05-11,0.407835453748703
2004-05-12,0.41023966670036316
2004-05-13,0.4085869789123535
2004-05-14,0.4066329300403595
2004-05-17,0.4003215432167053
2004-05-18,0.4066329300403595
2004-05-19,0.3977675139904022
2004-05-20,0.4013734459877014
2004-05-21,0.40738445520401
2004-05-24,0.4108404815196991
2004-05-25,0.4269193112850189
2004-05-26,0.42842239141464233
2004-05-27,0.4233134984970093
2004-05-28,0.4216598868370056
2004-06-01,0.4216598868370056
2004-06-02,0.4345838725566864
2004-06-03,0.4267694354057312
2004-06-04,0.4324801564216614
2004-06-07,0.4479573965072632
2004-06-08,0.4560720920562744
2004-06-09,0.45381852984428406
2004-06-10,0.4619331955909729
2004-06-14,0.4526159465312958
2004-06-15,0.46118175983428955
2004-06-16,0.4919872283935547
2004-06-17,0.4930390417575836
2004-06-18,0.49454188346862793
2004-06-21,0.4858253300189972
2004-06-22,0.49589425325393677
2004-06-23,0.5064132809638977
2004-06-24,0.49859896302223206
2004-06-25,0.5064132809638977
2004-06-28,0.4882304072380066
2004-06-29,0.4883803129196167
2004-06-30,0.488981157541275
2004-07-01,0.48537537455558777
2004-07-02,0.46704208850860596
2004-07-06,0.4650888741016388
2004-07-07,0.4566737413406372
2004-07-08,0.45291629433631897
2004-07-09,0.45126381516456604
2004-07-12,0.43788933753967285
2004-07-13,0.43909189105033875
2004-07-14,0.4445011019706726
2004-07-15,0.4948424696922302
2004-07-16,0.48387235403060913
2004-07-19,0.48041635751724243
2004-07-20,0.48387235403060913
2004-07-21,0.47515690326690674
2004-07-22,0.47605815529823303
2004-07-23,0.46133169531822205
2004-07-26,0.4697468876838684
2004-07-27,0.4873286485671997
2004-07-28,0.4849246144294739
2004-07-29,0.49048417806625366
2004-07-30,0.48597607016563416
2004-08-02,0.4745561182498932
2004-08-03,0.47019755840301514
2004-08-04,0.47771185636520386
2004-08-05,0.47170063853263855
2004-08-06,0.4475071430206299
2004-08-09,0.45532068610191345
2004-08-10,0.4736538231372833
2004-08-11,0.4659900963306427
2004-08-12,0.45637255907058716
2004-08-13,0.4634353518486023
2004-08-16,0.46253401041030884
2004-08-17,0.46388640999794006
2004-08-18,0.4769602119922638
2004-08-19,0.46148213744163513
2004-08-20,0.46283450722694397
2004-08-23,0.46704208850860596
2004-08-24,0.48011600971221924
2004-08-25,0.4966457486152649
2004-08-26,0.5208393931388855
2004-08-27,0.5161807537078857
2004-08-30,0.5127243995666504
2004-08-31,0.5182845592498779
2004-09-01,0.5388712882995605
2004-09-02,0.5358664393424988
2004-09-03,0.5294039249420166
2004-09-07,0.5373685956001282
2004-09-08,0.546234667301178
2004-09-09,0.5364671349525452
2004-09-10,0.5390222668647766
2004-09-13,0.5348145365715027
2004-09-14,0.5333113670349121
2004-09-15,0.5289533138275146
2004-09-16,0.546234667301178
2004-09-17,0.5581059455871582
2004-09-20,0.5666719675064087
2004-09-21,0.5711798071861267
2004-09-22,0.5548004508018494
2004-09-23,0.5600600242614746
2004-09-24,0.5603604316711426
2004-09-27,0.5639672875404358
2004-09-28,0.5716307759284973
2004-09-29,0.5812475681304932
2004-09-30,0.5822997689247131
2004-10-01,0.5810980796813965
2004-10-04,0.5829013586044312
2004-10-05,0.5916168093681335
2004-10-06,0.6107008457183838
2004-10-07,0.5953733921051025
2004-10-08,0.5869581699371338
2004-10-11,0.5798954367637634
2004-10-12,0.5753872394561768
2004-10-13,0.5973266363143921
2004-10-14,0.6759184002876282
2004-10-15,0.6837329864501953
2004-10-18,0.7175440192222595
2004-10-19,0.7125850319862366
2004-10-20,0.7133362889289856
2004-10-21,0.720398485660553
2004-10-22,0.7124343514442444
2004-10-25,0.7145382165908813
2004-10-26,0.7208495736122131
2004-10-27,0.7558624744415283
2004-10-28,0.7842639088630676
2004-10-29,0.7874196171760559
2004-11-01,0.7881708741188049
2004-11-02,0.8039492964744568
2004-11-03,0.8311489820480347
2004-11-04,0.8182248473167419
2004-11-05,0.8222827315330505
2004-11-08,0.8171730637550354
2004-11-09,0.8122146129608154
2004-11-10,0.8227335810661316
2004-11-11,0.8309981822967529
2004-11-12,0.8340033292770386
2004-11-15,0.8300969004631042
2004-11-16,0.8255882859230042
2004-11-17,0.8249872922897339
2004-11-18,0.832350492477417
2004-11-19,0.8290451765060425
2004-11-22,0.921912431716919
2004-11-23,0.9207097887992859
2004-11-24,0.9624855518341064
2004-11-26,0.9699991345405579
2004-11-29,1.0284544229507446
2004-11-30,1.0075663328170776
2004-12-01,1.0186868906021118
2004-12-02,0.9799165725708008
2004-12-03,0.9418983459472656
2004-12-06,0.9884820580482483
2004-12-07,0.9450545907020569
2004-12-08,0.9509143233299255
2004-12-09,0.9615837931632996
2004-12-10,0.9790149927139282
2004-12-13,0.9754087328910828
2004-12-14,0.9811192154884338
2004-12-15,0.9806681275367737
2004-12-16,1.0008044242858887
2004-12-17,0.9766110777854919
2004-12-20,0.9424992799758911
2004-12-21,0.9570749402046204
2004-12-22,0.9579776525497437
2004-12-23,0.9618844389915466
2004-12-27,0.9491113424301147
2004-12-28,0.9644389748573303
2004-12-29,0.968346118927002
2004-12-30,0.9737554788589478
2004-12-31,0.9677447080612183
2005-01-03,0.9510652422904968
2005-01-04,0.9608327150344849
2005-01-05,0.9692478179931641
2005-01-06,0.9699991345405579
2005-01-07,1.040625810623169
2005-01-10,1.0362688302993774
2005-01-11,0.9701490998268127
2005-01-12,0.9836743474006653
2005-01-13,1.048891305923462
2005-01-14,1.0549017190933228
2005-01-18,1.06166410446167
2005-01-19,1.0500932931900024
2005-01-20,1.0588078498840332
2005-01-21,1.0592601299285889
2005-01-24,1.0633165836334229
2005-01-25,1.0827020406723022
2005-01-26,1.0857080221176147
2005-01-27,1.091567873954773
2005-01-28,1.1117039918899536
2005-01-31,1.1555829048156738
2005-02-01,1.1650499105453491
2005-02-02,1.1966074705123901
2005-02-03,1.169257640838623
2005-02-04,1.1847361326217651
2005-02-07,1.1862390041351318
2005-02-08,1.2156918048858643
2005-02-09,1.1832326650619507
2005-02-10,1.177523136138916
2005-02-11,1.2203506231307983
2005-02-14,1.2717424631118774
2005-02-15,1.328545093536377
2005-02-16,1.35439133644104
2005-02-17,1.3195292949676514
2005-02-18,1.3045027256011963
2005-02-22,1.2816613912582397
2005-02-23,1.3258405923843384
2005-02-24,1.3363597393035889
2005-02-25,1.3372610807418823
2005-02-28,1.3482311964035034
2005-03-01,1.3374111652374268
2005-03-02,1.3259903192520142
2005-03-03,1.2559645175933838
2005-03-04,1.2866199016571045
2005-03-07,1.2848167419433594
2005-03-08,1.218096137046814
2005-03-09,1.1826322078704834
2005-03-10,1.1970583200454712
2005-03-11,1.2102820873260498
2005-03-14,1.2117849588394165
2005-03-15,1.2310192584991455
2005-03-16,1.23763108253479
2005-03-17,1.269789695739746
2005-03-18,1.291128158569336
2005-03-21,1.3133678436279297
2005-03-22,1.28722083568573
2005-03-23,1.2788056135177612
2005-03-24,1.277302622795105
2005-03-28,1.2782050371170044
2005-03-29,1.2547622919082642
2005-03-30,1.2863186597824097
2005-03-31,1.2523577213287354
2005-04-01,1.2289155721664429
2005-04-04,1.234926462173462
2005-04-05,1.2589693069458008
2005-04-06,1.2721939086914062
2005-04-07,1.3091602325439453
2005-04-08,1.3145705461502075
2005-04-11,1.259871482849121
2005-04-12,1.2821112871170044
2005-04-13,1.2334235906600952
2005-04-14,1.1198186874389648
2005-04-15,1.062415361404419
2005-04-18,1.0705305337905884
2005-04-19,1.1147098541259766
2005-04-20,1.0672242641448975
2005-04-21,1.1174145936965942
2005-04-22,1.0669233798980713
2005-04-25,1.1114038228988647
2005-04-26,1.0876610279083252
2005-04-27,1.0804483890533447
2005-04-28,1.0681262016296387
2005-04-29,1.0837539434432983
2005-05-02,1.0948737859725952
2005-05-03,1.0882620811462402
2005-05-04,1.1165131330490112
2005-05-05,1.1023874282836914
2005-05-06,1.1192179918289185
2005-05-09,1.1111029386520386
2005-05-10,1.094572901725769
2005-05-11,1.0702300071716309
2005-05-12,1.0257495641708374
2005-05-13,1.044984221458435
2005-05-16,1.0684266090393066
2005-05-17,1.0627161264419556
2005-05-18,1.0771422386169434
2005-05-19,1.1285343170166016
2005-05-20,1.1285343170166016
2005-05-23,1.1949546337127686
2005-05-24,1.1931509971618652
2005-05-25,1.1955547332763672
2005-05-26,1.22440767288208
2005-05-27,1.2189972400665283
2005-05-31,1.1949546337127686
2005-06-01,1.211184024810791
2005-06-02,1.2033696174621582
2005-06-03,1.1492717266082764
2005-06-06,1.1396548748016357
2005-06-07,1.098179817199707
2005-06-08,1.1095998287200928
2005-06-09,1.1315401792526245
2005-06-10,1.0762407779693604
2005-06-13,1.078945517539978
2005-06-14,1.0819505453109741
2005-06-15,1.1159114837646484
2005-06-16,1.1414588689804077
2005-06-17,1.1513755321502686
2005-06-20,1.1303380727767944
2005-06-21,1.1378514766693115
2005-06-22,1.1585891246795654
2005-06-23,1.1688076257705688
2005-06-24,1.1348459720611572
2005-06-27,1.115010142326355
2005-06-28,1.1213215589523315
2005-06-29,1.0930711030960083
2005-06-30,1.1062949895858765
2005-07-01,1.0969774723052979
2005-07-05,1.1414588689804077
2005-07-06,1.1237255334854126
2005-07-07,1.130939245223999
2005-07-08,1.1495722532272339
2005-07-11,1.1450642347335815
2005-07-12,1.1492717266082764
2005-07-13,1.1525788307189941
2005-07-14,1.224707841873169
2005-07-15,1.2487515211105347
2005-07-18,1.2469478845596313
2005-07-19,1.2980402708053589
2005-07-20,1.311263918876648
2005-07-21,1.301045298576355
2005-07-22,1.3223844766616821
2005-07-25,1.316673994064331
2005-07-26,1.311263918876648
2005-07-27,1.3220834732055664
2005-07-28,1.3163737058639526
2005-07-29,1.281810998916626
2005-08-01,1.2848167419433594
2005-08-02,1.2980402708053589
2005-08-03,1.2989412546157837
2005-08-04,1.283614158630371
2005-08-05,1.2920291423797607
2005-08-08,1.281810998916626
2005-08-09,1.3169742822647095
2005-08-10,1.3037514686584473
2005-08-11,1.3223844766616821
2005-08-12,1.3854981660842896
2005-08-15,1.432983160018921
2005-08-16,1.390006422996521
2005-08-17,1.4170552492141724
2005-08-18,1.3915084600448608
2005-08-19,1.3773828744888306
2005-08-22,1.3785851001739502
2005-08-23,1.374678134918213
2005-08-24,1.3755804300308228
2005-08-25,1.3842958211898804
2005-08-26,1.374678134918213
2005-08-29,1.3776839971542358
2005-08-30,1.3996233940124512
2005-08-31,1.40924072265625
2005-09-01,1.3903065919876099
2005-09-02,1.3891043663024902
2005-09-06,1.4666441679000854
2005-09-07,1.4630377292633057
2005-09-08,1.496097207069397
2005-09-09,1.542080283164978
2005-09-12,1.5447849035263062
2005-09-13,1.5273540019989014
2005-09-14,1.4909884929656982
2005-09-15,1.498801827430725
2005-09-16,1.5390753746032715
2005-09-19,1.5820523500442505
2005-09-20,1.5985826253890991
2005-09-21,1.5661232471466064
2005-09-22,1.5598121881484985
2005-09-23,1.5988824367523193
2005-09-26,1.618117332458496
2005-09-27,1.6060954332351685
2005-09-28,1.535168170928955
2005-09-29,1.5730363130569458
2005-09-30,1.611205816268921
2005-10-03,1.6361501216888428
2005-10-04,1.615412950515747
2005-10-05,1.5862598419189453
2005-10-06,1.5538020133972168
2005-10-07,1.5417797565460205
2005-10-10,1.5138297080993652
2005-10-11,1.5504952669143677
2005-10-12,1.4801689386367798
2005-10-13,1.6151124238967896
2005-10-14,1.6229257583618164
2005-10-17,1.6060954332351685
2005-10-18,1.5691288709640503
2005-10-19,1.6511774063110352
2005-10-20,1.6872422695159912
2005-10-21,1.6728157997131348
2005-10-24,1.7067769765853882
2005-10-25,1.6860389709472656
2005-10-26,1.7139906883239746
2005-10-27,1.6653029918670654
2005-10-28,1.6370519399642944
2005-10-31,1.7308217287063599
2005-11-01,1.728115439414978
2005-11-02,1.8017479181289673
2005-11-03,1.8588517904281616
2005-11-04,1.8378139734268188
2005-11-07,1.8101634979248047
2005-11-08,1.8002458810806274
2005-11-09,1.806557536125183
2005-11-10,1.8387151956558228
2005-11-11,1.8495348691940308
2005-11-14,1.8468304872512817
2005-11-15,1.8717753887176514
2005-11-16,1.9520198106765747
2005-11-17,1.939096212387085
2005-11-18,1.9402981996536255
2005-11-21,1.9523197412490845
2005-11-22,1.9992039203643799
2005-11-23,2.016937494277954
2005-11-25,2.0839579105377197
2005-11-28,2.093573570251465
2005-11-29,2.0466902256011963
2005-11-30,2.0382745265960693
2005-12-01,2.1518805027008057
2005-12-02,2.1828365325927734
2005-12-05,2.1584908962249756
2005-12-06,2.2255125045776367
2005-12-07,2.2225072383880615
2005-12-08,2.226414203643799
2005-12-09,2.2339284420013428
2005-12-12,2.251359701156616
2005-12-13,2.253462553024292
2005-12-14,2.1642024517059326
2005-12-15,2.1693105697631836
2005-12-16,2.137152910232544
2005-12-19,2.145268678665161
2005-12-20,2.1672070026397705
2005-12-21,2.208981513977051
2005-12-22,2.2246103286743164
2005-12-23,2.2044737339019775
2005-12-27,2.230921745300293
2005-12-28,2.211087226867676
2005-12-29,2.147371768951416
2005-12-30,2.160594940185547
2006-01-03,2.2465505599975586
2006-01-04,2.2531628608703613
2006-01-05,2.2354304790496826
2006-01-06,2.2931342124938965
2006-01-09,2.2856202125549316
2006-01-10,2.4301810264587402
2006-01-11,2.5215468406677246
2006-01-12,2.5332672595977783
2006-01-13,2.5723378658294678
2006-01-17,2.545891523361206
2006-01-18,2.4791696071624756
2006-01-19,2.3754827976226807
2006-01-20,2.286823272705078
2006-01-23,2.3343088626861572
2006-01-24,2.2853198051452637
2006-01-25,2.23002028465271
2006-01-26,2.1738195419311523
2006-01-27,2.1648032665252686
2006-01-30,2.254063606262207
2006-01-31,2.2693912982940674
2006-02-01,2.2666869163513184
2006-02-02,2.1669065952301025
2006-02-03,2.159393310546875
2006-02-06,2.022645950317383
2006-02-07,2.031662940979004
2006-02-08,2.0680291652679443
2006-02-09,1.9520198106765747
2006-02-10,2.0229485034942627
2006-02-13,1.944806456565857
2006-02-14,2.032864570617676
2006-02-15,2.080350637435913
2006-02-16,2.1209230422973633
2006-02-17,2.1125080585479736
2006-02-21,2.076143264770508
2006-02-22,2.1434648036956787
2006-02-23,2.156388282775879
2006-02-24,2.147672414779663
2006-02-27,2.133547067642212
2006-02-28,2.0584118366241455
2006-03-01,2.0767436027526855
2006-03-02,2.092071056365967
2006-03-03,2.0352680683135986
2006-03-06,1.9679479598999023
2006-03-07,1.9928934574127197
2006-03-08,1.9733576774597168
2006-03-09,1.9213639497756958
2006-03-10,1.8991248607635498
2006-03-13,1.9739583730697632
2006-03-14,2.023247718811035
2006-03-15,1.990488052368164
2006-03-16,1.9327850341796875
2006-03-17,1.9433033466339111
2006-03-20,1.9231666326522827
2006-03-21,1.857648491859436
2006-03-22,1.853441596031189
2006-03-23,1.808059573173523
2006-03-24,1.8020497560501099
2006-03-27,1.7885242700576782
2006-03-28,1.7644814252853394
2006-03-29,1.8732765913009644
2006-03-30,1.8859000205993652
2006-03-31,1.8849985599517822
2006-04-03,1.8828951120376587
2006-04-04,1.8384145498275757
2006-04-05,2.019942045211792
2006-04-06,2.1410610675811768
2006-04-07,2.0974817276000977
2006-04-10,2.0638210773468018
2006-04-11,2.043383836746216
2006-04-12,2.004915475845337
2006-04-13,1.9977022409439087
2006-04-17,1.9478119611740112
2006-04-18,1.9901881217956543
2006-04-19,1.9730573892593384
2006-04-20,2.0325653553009033
2006-04-21,2.0148322582244873
2006-04-24,1.9760633707046509
2006-04-25,1.9886854887008667
2006-04-26,2.0481925010681152
2006-04-27,2.0845589637756348
2006-04-28,2.1155149936676025
2006-05-01,2.091770887374878
2006-05-02,2.1524808406829834
2006-05-03,2.1380538940429688
2006-05-04,2.1377549171447754
2006-05-05,2.160594940185547
2006-05-08,2.160594940185547
2006-05-09,2.134749412536621
2006-05-10,2.121825695037842
2006-05-11,2.0481925010681152
2006-05-12,2.034668445587158
2006-05-15,2.0373730659484863
2006-05-16,1.9529203176498413
2006-05-17,1.9613362550735474
2006-05-18,1.8988232612609863
2006-05-19,1.938795566558838
2006-05-22,1.9048337936401367
2006-05-23,1.8979212045669556
2006-05-24,1.9036325216293335
2006-05-25,1.9333857297897339
2006-05-26,1.9099433422088623
2006-05-30,1.8399171829223633
2006-05-31,1.7963389158248901
2006-06-01,1.8684687614440918
2006-06-02,1.8531416654586792
2006-06-05,1.8032504320144653
2006-06-06,1.7948358058929443
2006-06-07,1.7599730491638184
2006-06-08,1.8260926008224487
2006-06-09,1.7804094552993774
2006-06-12,1.7130883932113647
2006-06-13,1.7530605792999268
2006-06-14,1.7314214706420898
2006-06-15,1.7846176624298096
2006-06-16,1.7299189567565918
2006-06-19,1.7190990447998047
2006-06-20,1.7272140979766846
2006-06-21,1.7389358282089233
2006-06-22,1.7906280755996704
2006-06-23,1.768087387084961
2006-06-26,1.7728962898254395
2006-06-27,1.7260112762451172
2006-06-28,1.6836354732513428
2006-06-29,1.7722952365875244
2006-06-30,1.721203088760376
2006-07-03,1.7416400909423828
2006-07-05,1.7130883932113647
2006-07-06,1.6761224269866943
2006-07-07,1.665001630783081
2006-07-10,1.6529804468154907
2006-07-11,1.6725153923034668
2006-07-12,1.591670036315918
2006-07-13,1.5703308582305908
2006-07-14,1.522845983505249
2006-07-17,1.5739376544952393
2006-07-18,1.5898668766021729
2006-07-19,1.6259316205978394
2006-07-20,1.8182778358459473
2006-07-21,1.8248896598815918
2006-07-24,1.8459278345108032
2006-07-25,1.86125648021698
2006-07-26,1.9195600748062134
2006-07-27,1.9054360389709473
2006-07-28,1.9712543487548828
2006-07-31,2.042482614517212
2006-08-01,2.019040822982788
2006-08-02,2.0484938621520996
2006-08-03,2.091470956802368
2006-08-04,2.052701234817505
2006-08-07,2.019942045211792
2006-08-08,1.9469096660614014
2006-08-09,1.9111454486846924
2006-08-10,1.9255712032318115
2006-08-11,1.9129492044448853
2006-08-14,1.9216645956039429
2006-08-15,1.997101068496704
2006-08-16,2.0430846214294434
2006-08-17,2.031362533569336
2006-08-18,2.040980339050293
2006-08-21,2.000406503677368
2006-08-22,2.032264232635498
2006-08-23,2.0229485034942627
2006-08-24,2.037975549697876
2006-08-25,2.066225051879883
2006-08-28,2.013029098510742
2006-08-29,1.998002529144287
2006-08-30,2.0124294757843018
2006-08-31,2.0391762256622314
2006-09-01,2.055104970932007
2006-09-05,2.14827299118042
2006-09-06,2.1046948432922363
2006-09-07,2.187944173812866
2006-09-08,2.1795291900634766
2006-09-11,2.178929090499878
2006-09-12,2.1828365325927734
2006-09-13,2.23002028465271
2006-09-14,2.2291195392608643
2006-09-15,2.227015495300293
2006-09-18,2.220703125
2006-09-19,2.217097282409668
2006-09-20,2.2618777751922607
2006-09-21,2.243544101715088
2006-09-22,2.193955659866333
2006-09-25,2.276604413986206
2006-09-26,2.332504987716675
2006-09-27,2.296440839767456
2006-09-28,2.3144733905792236
2006-09-29,2.313570737838745
2006-10-02,2.2498562335968018
2006-10-03,2.226414203643799
2006-10-04,2.26548433303833
2006-10-05,2.248955011367798
2006-10-06,2.230621337890625
2006-10-09,2.242943525314331
2006-10-10,2.2182998657226562
2006-10-11,2.2008678913116455
2006-10-12,2.2618777751922607
2006-10-13,2.2546653747558594
2006-10-16,2.266085386276245
2006-10-17,2.2327256202697754
2006-10-18,2.239938735961914
2006-10-19,2.373979330062866
2006-10-20,2.402832269668579
2006-10-23,2.448214054107666
2006-10-24,2.435892105102539
2006-10-25,2.454827070236206
2006-10-26,2.470154047012329
2006-10-27,2.4166576862335205
2006-10-30,2.416956901550293
2006-10-31,2.436793088912964
2006-11-01,2.379089593887329
2006-11-02,2.3736793994903564
2006-11-03,2.3529419898986816
2006-11-06,2.3956191539764404
2006-11-07,2.4196624755859375
2006-11-08,2.4779675006866455
2006-11-09,2.504716157913208
2006-11-10,2.498102903366089
2006-11-13,2.5350704193115234
2006-11-14,2.55460524559021
2006-11-15,2.5260541439056396
2006-11-16,2.572939395904541
2006-11-17,2.5801517963409424
2006-11-20,2.598785638809204
2006-11-21,2.6628007888793945
2006-11-22,2.71419358253479
2006-11-24,2.7538647651672363
2006-11-27,2.6910512447357178
2006-11-28,2.759275197982788
2006-11-29,2.7589735984802246
2006-11-30,2.754765033721924
2006-12-01,2.744548797607422
2006-12-04,2.738537073135376
2006-12-05,2.7430458068847656
2006-12-06,2.6997671127319336
2006-12-07,2.6159157752990723
2006-12-08,2.6525824069976807
2006-12-11,2.667308807373047
2006-12-12,2.588867425918579
2006-12-13,2.6763250827789307
2006-12-14,2.6612980365753174
2006-12-15,2.6363534927368164
2006-12-18,2.5687313079833984
2006-12-19,2.5939764976501465
2006-12-20,2.547393321990967
2006-12-21,2.49149227142334
2006-12-22,2.4704532623291016
2006-12-26,2.449716329574585
2006-12-27,2.450017213821411
2006-12-28,2.4304819107055664
2006-12-29,2.5497968196868896
2007-01-03,2.518540859222412
2007-01-04,2.57444167137146
2007-01-05,2.556108236312866
2007-01-08,2.5687313079833984
2007-01-09,2.7821154594421387
2007-01-10,2.915255546569824
2007-01-11,2.8791916370391846
2007-01-12,2.8437271118164062
2007-01-16,2.918262243270874
2007-01-17,2.853644609451294
2007-01-18,2.676926612854004
2007-01-19,2.6597955226898193
2007-01-22,2.608403444290161
2007-01-23,2.575644016265869
2007-01-24,2.6056981086730957
2007-01-25,2.5921735763549805
2007-01-26,2.5660274028778076
2007-01-29,2.5828568935394287
2007-01-30,2.571135997772217
2007-01-31,2.576545238494873
2007-02-01,2.5467920303344727
2007-02-02,2.5470926761627197
2007-02-05,2.5227479934692383
2007-02-06,2.529059886932373
2007-02-07,2.5891690254211426
2007-02-08,2.590069532394409
2007-02-09,2.502612590789795
2007-02-12,2.5509986877441406
2007-02-13,2.5455899238586426
2007-02-14,2.5636229515075684
2007-02-15,2.560917377471924
2007-02-16,2.549496650695801
2007-02-20,2.5816545486450195
2007-02-21,2.680833101272583
2007-02-22,2.6901509761810303
2007-02-23,2.676926612854004
2007-02-26,2.6600966453552246
2007-02-27,2.5224475860595703
2007-02-28,2.5428853034973145
2007-03-01,2.6165177822113037
2007-03-02,2.566927909851074
2007-03-05,2.5942773818969727
2007-03-06,2.6504783630371094
2007-03-07,2.6363534927368164
2007-03-08,2.644767999649048
2007-03-09,2.643867254257202
2007-03-12,2.7009692192077637
2007-03-13,2.6567904949188232
2007-03-14,2.7048771381378174
2007-03-15,2.691953659057617
2007-03-16,2.692554235458374
2007-03-19,2.7388384342193604
2007-03-20,2.749357223510742
2007-03-21,2.8211870193481445
2007-03-22,2.823890447616577
2007-03-23,2.8106675148010254
2007-03-26,2.8806939125061035
2007-03-27,2.8689725399017334
2007-03-28,2.8022520542144775
2007-03-29,2.8175792694091797
2007-03-30,2.79233455657959
2007-04-02,2.8145740032196045
2007-04-03,2.840121030807495
2007-04-04,2.8332080841064453
2007-04-05,2.8455309867858887
2007-04-09,2.8145740032196045
2007-04-10,2.832606315612793
2007-04-11,2.782717704772949
2007-04-12,2.770695447921753
2007-04-13,2.712090015411377
2007-04-16,2.747854709625244
2007-04-17,2.715395450592041
2007-04-18,2.716897964477539
2007-04-19,2.712991714477539
2007-04-20,2.734029531478882
2007-04-23,2.8103668689727783
2007-04-24,2.8022520542144775
2007-04-25,2.8656673431396484
2007-04-26,2.970555543899536
2007-04-27,3.00301456451416
2007-04-30,2.9994077682495117
2007-05-01,2.989490032196045
2007-05-02,3.0171401500701904
2007-05-03,3.0174405574798584
2007-05-04,3.0297629833221436
2007-05-07,3.123232126235962
2007-05-08,3.1574933528900146
2007-05-09,3.2121918201446533
2007-05-10,3.2260162830352783
2007-05-11,3.268092632293701
2007-05-14,3.2867257595062256
2007-05-15,3.2314271926879883
2007-05-16,3.2260162830352783
2007-05-17,3.289130210876465
2007-05-18,3.3065619468688965
2007-05-21,3.3654677867889404
2007-05-22,3.4123523235321045
2007-05-23,3.392817497253418
2007-05-24,3.3266983032226562
2007-05-25,3.414757013320923
2007-05-29,3.4366965293884277
2007-05-30,3.5695362091064453
2007-05-31,3.6422674655914307
2007-06-01,3.5584146976470947
2007-06-04,3.646474838256836
2007-06-05,3.6867473125457764
2007-06-06,3.7158989906311035
2007-06-07,3.7288222312927246
2007-06-08,3.7414462566375732
2007-06-11,3.6122114658355713
2007-06-12,3.617922306060791
2007-06-13,3.5313661098480225
2007-06-14,3.568934440612793
2007-06-15,3.6215295791625977
2007-06-18,3.759479284286499
2007-06-19,3.716500759124756
2007-06-20,3.653085470199585
2007-06-21,3.7237141132354736
2007-06-22,3.696665048599243
2007-06-25,3.6768290996551514
2007-06-26,3.5959839820861816
2007-06-27,3.6633026599884033
2007-06-28,3.6233322620391846
2007-06-29,3.6678128242492676
2007-07-02,3.6443700790405273
2007-07-03,3.8219916820526123
2007-07-05,3.9896936416625977
2007-07-06,3.9761691093444824
2007-07-09,3.916961908340454
2007-07-10,3.9776718616485596
2007-07-11,3.9788734912872314
2007-07-12,4.029365062713623
2007-07-13,4.139363765716553
2007-07-16,4.150484085083008
2007-07-17,4.174826145172119
2007-07-18,4.151082992553711
2007-07-19,4.20758581161499
2007-07-20,4.32028865814209
2007-07-23,4.318787574768066
2007-07-24,4.05401086807251
2007-07-25,4.125237464904785
2007-07-26,4.387911319732666
2007-07-27,4.323293685913086
2007-07-30,4.250564098358154
2007-07-31,3.9599385261535645
2007-08-01,4.057314395904541
2007-08-02,4.102095603942871
2007-08-03,3.962643623352051
2007-08-06,4.064831256866455
2007-08-07,4.058216094970703
2007-08-08,4.027562141418457
2007-08-09,3.798548698425293
2007-08-10,3.7567741870880127
2007-08-13,3.8406238555908203
2007-08-14,3.72762131690979
2007-08-15,3.603496789932251
2007-08-16,3.5178425312042236
2007-08-17,3.6684141159057617
2007-08-20,3.673222541809082
2007-08-21,3.8340113162994385
2007-08-22,3.9824788570404053
2007-08-23,3.939201593399048
2007-08-24,4.066331386566162
2007-08-27,3.974667549133301
2007-08-28,3.8114726543426514
2007-08-29,4.029663562774658
2007-08-30,4.094882011413574
2007-08-31,4.16190242767334
2007-09-04,4.332612037658691
2007-09-05,4.110209941864014
2007-09-06,4.057615756988525
2007-09-07,3.9602394104003906
2007-09-10,4.108707427978516
2007-09-11,4.0720415115356445
2007-09-12,4.112915992736816
2007-09-13,4.123434066772461
2007-09-14,4.171821594238281
2007-09-17,4.159799575805664
2007-09-18,4.235232353210449
2007-09-19,4.230726718902588
2007-09-20,4.216902732849121
2007-09-21,4.332310676574707
2007-09-24,4.45643424987793
2007-09-25,4.603700637817383
2007-09-26,4.591377258300781
2007-09-27,4.643372535705566
2007-09-28,4.612416744232178
2007-10-01,4.698669910430908
2007-10-02,4.7620849609375
2007-10-03,4.746159076690674
2007-10-04,4.69566535949707
2007-10-05,4.8522467613220215
2007-10-08,5.046397686004639
2007-10-09,5.044895172119141
2007-10-10,5.012738227844238
2007-10-11,4.8756914138793945
2007-10-12,5.026561260223389
2007-10-15,5.018447399139404
2007-10-16,5.096589088439941
2007-10-17,5.191860675811768
2007-10-18,5.214401721954346
2007-10-19,5.121835708618164
2007-10-22,5.2402496337890625
2007-10-23,5.594886302947998
2007-10-24,5.587974548339844
2007-10-25,5.49330472946167
2007-10-26,5.551007270812988
2007-10-29,5.562728404998779
2007-10-30,5.620133876800537
2007-10-31,5.708793640136719
2007-11-01,5.63335657119751
2007-11-02,5.646279811859131
2007-11-05,5.595488548278809
2007-11-06,5.764092445373535
2007-11-07,5.599095821380615
2007-11-08,5.273608207702637
2007-11-09,4.970059394836426
2007-11-12,4.621132850646973
2007-11-13,5.1080098152160645
2007-11-14,4.992301940917969
2007-11-15,4.937904357910156
2007-11-16,5.000716209411621
2007-11-19,4.927384853363037
2007-11-20,5.074649810791016
2007-11-21,5.062928199768066
2007-11-23,5.155495643615723
2007-11-26,5.185549736022949
2007-11-27,5.253771781921387
2007-11-28,5.416365146636963
2007-11-29,5.5386857986450195
2007-11-30,5.476473331451416
2007-12-03,5.375491142272949
2007-12-04,5.4040446281433105
2007-12-05,5.575051307678223
2007-12-06,5.708793640136719
2007-12-07,5.8395280838012695
2007-12-10,5.836824417114258
2007-12-11,5.666415214538574
2007-12-12,5.736143112182617
2007-12-13,5.76529598236084
2007-12-14,5.72201681137085
2007-12-17,5.541991233825684
2007-12-18,5.499314785003662
2007-12-19,5.503523349761963
2007-12-20,5.62644624710083
2007-12-21,5.827807903289795
2007-12-24,5.9747724533081055
2007-12-26,5.9792799949646
2007-12-27,5.967861175537109
2007-12-28,6.005729675292969
2007-12-31,5.953132152557373
2008-01-02,5.855757236480713
2008-01-03,5.858463287353516
2008-01-04,5.411257266998291
2008-01-07,5.338828086853027
2008-01-08,5.146779537200928
2008-01-09,5.391719818115234
2008-01-10,5.350246906280518
2008-01-11,5.190056800842285
2008-01-14,5.3730878829956055
2008-01-15,5.0803608894348145
2008-01-16,4.797850608825684
2008-01-17,4.8354172706604
2008-01-18,4.849544048309326
2008-01-22,4.677632808685303
2008-01-23,4.179636478424072
2008-01-24,4.075348377227783
2008-01-25,3.907345771789551
2008-01-28,3.907345771789551
2008-01-29,3.9533281326293945
2008-01-30,3.972562551498413
2008-01-31,4.068136215209961
2008-02-01,4.019747734069824
2008-02-04,3.956634283065796
2008-02-05,3.8878085613250732
2008-02-06,3.666611433029175
2008-02-07,3.643770217895508
2008-02-08,3.7711987495422363
2008-02-11,3.8905141353607178
2008-02-12,3.7525675296783447
2008-02-13,3.8890135288238525
2008-02-14,3.830704927444458
2008-02-15,3.745652914047241
2008-02-19,3.6720187664031982
2008-02-20,3.721309185028076
2008-02-21,3.6527843475341797
2008-02-22,3.590273141860962
2008-02-25,3.5986886024475098
2008-02-26,3.58095645904541
2008-02-27,3.695463180541992
2008-02-28,3.90433931350708
2008-02-29,3.757373094558716
2008-03-03,3.6584956645965576
2008-03-04,3.7453536987304688
2008-03-05,3.7414462566375732
2008-03-06,3.634453535079956
2008-03-07,3.674123764038086
2008-03-10,3.597184181213379
2008-03-11,3.827399969100952
2008-03-12,3.7877297401428223
2008-03-13,3.84513258934021
2008-03-14,3.8051605224609375
2008-03-17,3.8087666034698486
2008-03-18,3.9917964935302734
2008-03-19,3.897127151489258
2008-03-20,4.005320072174072
2008-03-24,4.193460464477539
2008-03-25,4.2370405197143555
2008-03-26,4.35966157913208
2008-03-27,4.2151007652282715
2008-03-28,4.2980499267578125
2008-03-31,4.312776565551758
2008-04-01,4.494002342224121
2008-04-02,4.432692050933838
2008-04-03,4.556514263153076
2008-04-04,4.60069465637207
2008-04-07,4.685145854949951
2008-04-08,4.593482494354248
2008-04-09,4.5514044761657715
2008-04-10,4.644874572753906
2008-04-11,4.422174453735352
2008-04-14,4.441405296325684
2008-04-15,4.459439754486084
2008-04-16,4.619327068328857
2008-04-17,4.64307165145874
2008-04-18,4.839925289154053
2008-04-21,5.0539116859436035
2008-04-22,4.814680099487305
2008-04-23,4.895525932312012
2008-04-24,5.077353477478027
2008-04-25,5.10109806060791
2008-04-28,5.176533222198486
2008-04-29,5.260984897613525
2008-04-30,5.227926731109619
2008-05-01,5.409753322601318
2008-05-02,5.438004493713379
2008-05-05,5.55190896987915
2008-05-06,5.609915256500244
2008-05-07,5.4875946044921875
2008-05-08,5.561827182769775
2008-05-09,5.513440132141113
2008-05-12,5.654996395111084
2008-05-13,5.709094524383545
2008-05-14,5.597893714904785
2008-05-15,5.702181816101074
2008-05-16,5.638766288757324
2008-05-19,5.517948627471924
2008-05-20,5.587072372436523
2008-05-21,5.355356693267822
2008-05-22,5.321093559265137
2008-05-23,5.44491720199585
2008-05-27,5.603002548217773
2008-05-28,5.6204328536987305
2008-05-29,5.610814571380615
2008-05-30,5.672729015350342
2008-06-02,5.593084812164307
2008-06-03,5.571145534515381
2008-06-04,5.565735340118408
2008-06-05,5.693164825439453
2008-06-06,5.579258441925049
2008-06-09,5.458142280578613
2008-06-10,5.579258441925049
2008-06-11,5.4340972900390625
2008-06-12,5.207189559936523
2008-06-13,5.180438041687012
2008-06-16,5.314781665802002
2008-06-17,5.452731132507324
2008-06-18,5.37218713760376
2008-06-19,5.436802387237549
2008-06-20,5.267597198486328
2008-06-23,5.204183101654053
2008-06-24,5.206888675689697
2008-06-25,5.331312656402588
2008-06-26,5.056916236877441
2008-06-27,5.111915588378906
2008-06-30,5.032273292541504
2008-07-01,5.249865531921387
2008-07-02,5.0545125007629395
2008-07-03,5.112818241119385
2008-07-07,5.264290809631348
2008-07-08,5.396230220794678
2008-07-09,5.236942768096924
2008-07-10,5.308471202850342
2008-07-11,5.186751365661621
2008-07-14,5.2258219718933105
2008-07-15,5.098392963409424
2008-07-16,5.193663597106934
2008-07-17,5.163609504699707
2008-07-18,4.9634504318237305
2008-07-21,4.997711181640625
2008-07-22,4.869380474090576
2008-07-23,4.9968085289001465
2008-07-24,4.7795186042785645
2008-07-25,4.872384548187256
2008-07-28,4.640367031097412
2008-07-29,4.720912456512451
2008-07-30,4.805063247680664
2008-07-31,4.77711296081543
2008-08-01,4.708288669586182
2008-08-04,4.605202674865723
2008-08-05,4.827902793884277
2008-08-06,4.934596061706543
2008-08-07,4.9159650802612305
2008-08-08,5.095688343048096
2008-08-11,5.216203689575195
2008-08-12,5.311477184295654
2008-08-13,5.388716697692871
2008-08-14,5.389317035675049
2008-08-15,5.281723499298096
2008-08-18,5.271203517913818
2008-08-19,5.215304374694824
2008-08-20,5.284728050231934
2008-08-21,5.238142490386963
2008-08-22,5.3132805824279785
2008-08-25,5.185850143432617
2008-08-26,5.218609809875488
2008-08-27,5.249564170837402
2008-08-28,5.221614837646484
2008-08-29,5.095085620880127
2008-09-02,4.994704723358154
2008-09-03,5.01784610748291
2008-09-04,4.845335960388184
2008-09-05,4.814080238342285
2008-09-08,4.746159076690674
2008-09-09,4.558618545532227
2008-09-10,4.556514263153076
2008-09-11,4.587771415710449
2008-09-12,4.476271152496338
2008-09-15,4.218404769897461
2008-09-16,4.203979015350342
2008-09-17,3.8418262004852295
2008-09-18,4.029967308044434
2008-09-19,4.234933376312256
2008-09-22,3.9385998249053955
2008-09-23,3.812073230743408
2008-09-24,3.868274211883545
2008-09-25,3.9650485515594482
2008-09-26,3.854149341583252
2008-09-29,3.163503885269165
2008-09-30,3.4159586429595947
2008-10-01,3.279513359069824
2008-10-02,3.0084245204925537
2008-10-03,2.9173600673675537
2008-10-06,2.9495179653167725
2008-10-07,2.679630756378174
2008-10-08,2.6985645294189453
2008-10-09,2.667008399963379
2008-10-10,2.909245252609253
2008-10-13,3.313774585723877
2008-10-14,3.128039836883545
2008-10-15,2.943807363510132
2008-10-16,3.0622220039367676
2008-10-17,2.927276372909546
2008-10-20,2.9585342407226562
2008-10-21,2.749657392501831
2008-10-22,2.911349296569824
2008-10-23,2.9522228240966797
2008-10-24,2.896622657775879
2008-10-27,2.767690420150757
2008-10-28,3.002714157104492
2008-10-29,3.142164945602417
2008-10-30,3.33721661567688
2008-10-31,3.233530282974243
2008-11-03,3.2145962715148926
2008-11-04,3.3357150554656982
2008-11-05,3.104597568511963
2008-11-06,2.978370428085327
2008-11-07,2.9525227546691895
2008-11-10,2.8815953731536865
2008-11-11,2.8482348918914795
2008-11-12,2.7084832191467285
2008-11-13,2.898425817489624
2008-11-14,2.712090015411377
2008-11-17,2.6489758491516113
2008-11-18,2.702171802520752
2008-11-19,2.5933761596679688
2008-11-20,2.4190618991851807
2008-11-21,2.48187518119812
2008-11-24,2.7935361862182617
2008-11-25,2.728919506072998
2008-11-26,2.8551478385925293
2008-11-28,2.785120964050293
2008-12-01,2.6727185249328613
2008-12-02,2.7791106700897217
2008-12-03,2.8821966648101807
2008-12-04,2.74725341796875
2008-12-05,2.825094223022461
2008-12-08,2.997004270553589
2008-12-09,3.007221221923828
2008-12-10,2.951622247695923
2008-12-11,2.8551478385925293
2008-12-12,2.9534239768981934
2008-12-15,2.847635269165039
2008-12-16,2.8680710792541504
2008-12-17,2.679630756378174
2008-12-18,2.687746047973633
2008-12-19,2.7048771381378174
2008-12-22,2.576845169067383
2008-12-23,2.5960805416107178
2008-12-24,2.5558080673217773
2008-12-26,2.578949451446533
2008-12-29,2.6029932498931885
2008-12-30,2.5933761596679688
2008-12-31,2.565124034881592
2009-01-02,2.7274177074432373
2009-01-05,2.842525005340576
2009-01-06,2.795640468597412
2009-01-07,2.735231399536133
2009-01-08,2.786022663116455
2009-01-09,2.722308397293091
2009-01-12,2.664605140686035
2009-01-13,2.6360526084899902
2009-01-14,2.564523935317993
2009-01-15,2.50591778755188
2009-01-16,2.474360942840576
2009-01-20,2.3502376079559326
2009-01-21,2.4893882274627686
2009-01-22,2.655587673187256
2009-01-23,2.655587673187256
2009-01-26,2.694056987762451
2009-01-27,2.726815938949585
2009-01-28,2.8311049938201904
2009-01-29,2.795039176940918
2009-01-30,2.7087836265563965
2009-02-02,2.750257730484009
2009-02-03,2.794438123703003
2009-02-04,2.811568021774292
2009-02-05,2.89902663230896
2009-02-06,2.997004270553589
2009-02-09,3.0808544158935547
2009-02-10,2.9402012825012207
2009-02-11,2.909846544265747
2009-02-12,2.9834794998168945
2009-02-13,2.9801740646362305
2009-02-17,2.841022253036499
2009-02-18,2.8362135887145996
2009-02-19,2.724111795425415
2009-02-20,2.7409415245056152
2009-02-23,2.6132118701934814
2009-02-24,2.712390899658203
2009-02-25,2.7397396564483643
2009-02-26,2.6805315017700195
2009-02-27,2.684138774871826
2009-03-02,2.6429648399353027
2009-03-03,2.655888319015503
2009-03-04,2.7400400638580322
2009-03-05,2.670013189315796
2009-03-06,2.5636229515075684
2009-03-09,2.4978039264678955
2009-03-10,2.6637027263641357
2009-03-11,2.7854208946228027
2009-03-12,2.895720958709717
2009-03-13,2.8830971717834473
2009-03-16,2.867770195007324
2009-03-17,2.9952008724212646
2009-03-18,3.051100730895996
2009-03-19,3.0541064739227295
2009-03-20,3.0532047748565674
2009-03-23,3.2356345653533936
2009-03-24,3.200770378112793
2009-03-25,3.200469732284546
2009-03-26,3.302053451538086
2009-03-27,3.211290121078491
2009-03-30,3.140362024307251
2009-03-31,3.1592957973480225
2009-04-01,3.266589641571045
2009-04-02,3.3874073028564453
2009-04-03,3.485985040664673
2009-04-06,3.559918165206909
2009-04-07,3.4562318325042725
2009-04-08,3.495903491973877
2009-04-09,3.5935792922973633
2009-04-13,3.61311411857605
2009-04-14,3.555711507797241
2009-04-15,3.5355749130249023
2009-04-16,3.6500799655914307
2009-04-17,3.7092878818511963
2009-04-20,3.6215295791625977
2009-04-21,3.659397840499878
2009-04-22,3.651884078979492
2009-04-23,3.7687950134277344
2009-04-24,3.7237141132354736
2009-04-27,3.7486584186553955
2009-04-28,3.7237141132354736
2009-04-29,3.760981321334839
2009-04-30,3.7817184925079346
2009-05-01,3.824093818664551
2009-05-04,3.9692561626434326
2009-05-05,3.9884893894195557
2009-05-06,3.9821813106536865
2009-05-07,3.8787927627563477
2009-05-08,3.882699966430664
2009-05-11,3.8941211700439453
2009-05-12,3.7393417358398438
2009-05-13,3.5911741256713867
2009-05-14,3.695162296295166
2009-05-15,3.679234504699707
2009-05-18,3.806361198425293
2009-05-19,3.830406665802002
2009-05-20,3.7829203605651855
2009-05-21,3.732128620147705
2009-05-22,3.681638479232788
2009-05-26,3.9304873943328857
2009-05-27,3.9987103939056396
2009-05-28,4.059418678283691
2009-05-29,4.08165979385376
2009-06-01,4.188050746917725
2009-06-02,4.192259311676025
2009-06-03,4.236137866973877
2009-06-04,4.319990158081055
2009-06-05,4.347939491271973
2009-06-08,4.323293685913086
2009-06-09,4.289333343505859
2009-06-10,4.2151007652282715
2009-06-11,4.206084251403809
2009-06-12,4.116523265838623
2009-06-15,4.09007453918457
2009-06-16,4.097889423370361
2009-06-17,4.074746608734131
2009-06-18,4.083762168884277
2009-06-19,4.191958427429199
2009-06-22,4.128543853759766
2009-06-23,4.027562141418457
2009-06-24,4.0939812660217285
2009-06-25,4.203377723693848
2009-06-26,4.280919075012207
2009-06-29,4.266791820526123
2009-06-30,4.280619144439697
2009-07-01,4.292638778686523
2009-07-02,4.208186149597168
2009-07-06,4.165811538696289
2009-07-07,4.069336891174316
2009-07-08,4.124033451080322
2009-07-09,4.098188400268555
2009-07-10,4.163105487823486
2009-07-13,4.277914047241211
2009-07-14,4.275808811187744
2009-07-15,4.4143595695495605
2009-07-16,4.433593273162842
2009-07-17,4.560722351074219
2009-07-20,4.595585823059082
2009-07-21,4.553510665893555
2009-07-22,4.710694313049316
2009-07-23,4.743152141571045
2009-07-24,4.808369159698486
2009-07-27,4.81167459487915
2009-07-28,4.808669567108154
2009-07-29,4.809571743011475
2009-07-30,4.892521381378174
2009-07-31,4.910553455352783
2009-08-03,5.001918315887451
2009-08-04,4.975470542907715
2009-08-05,4.962247371673584
2009-08-06,4.926182270050049
2009-08-07,4.974266529083252
2009-08-10,4.950525283813477
2009-08-11,4.893723011016846
2009-08-12,4.968257427215576
2009-08-13,5.061726093292236
2009-08-14,5.0124382972717285
2009-08-17,4.796347618103027
2009-08-18,4.928887367248535
2009-08-19,4.946918964385986
2009-08-20,4.9989118576049805
2009-08-21,5.0857696533203125
2009-08-24,5.080960273742676
2009-08-25,5.091179847717285
2009-08-26,5.0313720703125
2009-08-27,5.09268045425415
2009-08-28,5.110714912414551
2009-08-31,5.05541467666626
2009-09-01,4.967957019805908
2009-09-02,4.964351654052734
2009-09-03,5.005526065826416
2009-09-04,5.118529319763184
2009-09-08,5.197271823883057
2009-09-09,5.143474578857422
2009-09-10,5.186150074005127
2009-09-11,5.174128532409668
2009-09-14,5.221013069152832
2009-09-15,5.264290809631348
2009-09-16,5.4659552574157715
2009-09-17,5.5464982986450195
2009-09-18,5.560624599456787
2009-09-21,5.530570983886719
2009-09-22,5.544395923614502
2009-09-23,5.575051307678223
2009-09-24,5.524560451507568
2009-09-25,5.480981826782227
2009-09-28,5.59458589553833
2009-09-29,5.571445465087891
2009-09-30,5.570542812347412
2009-10-01,5.435600280761719
2009-10-02,5.557018756866455
2009-10-05,5.59067964553833
2009-10-06,5.710595607757568
2009-10-07,5.717808723449707
2009-10-08,5.688357353210449
2009-10-09,5.724420547485352
2009-10-12,5.734640598297119
2009-10-13,5.710895538330078
2009-10-14,5.749065399169922
2009-10-15,5.727126121520996
2009-10-16,5.6516900062561035
2009-10-19,5.7060866355896
2009-10-20,5.973570823669434
2009-10-21,6.158702850341797
2009-10-22,6.167118072509766
2009-10-23,6.129249572753906
2009-10-26,6.085371494293213
2009-10-27,5.931795120239258
2009-10-28,5.782425403594971
2009-10-29,5.901139259338379
2009-10-30,5.665213584899902
2009-11-02,5.689557075500488
2009-11-03,5.672729015350342
2009-11-04,5.734640598297119
2009-11-05,5.831415176391602
2009-11-06,5.840729713439941
2009-11-09,6.054715156555176
2009-11-10,6.100398063659668
2009-11-11,6.108511447906494
2009-11-12,6.070644855499268
2009-11-13,6.144577980041504
2009-11-16,6.210096836090088
2009-11-17,6.22121524810791
2009-11-18,6.189959526062012
2009-11-19,6.026165008544922
2009-11-20,6.008431911468506
2009-11-23,6.187556266784668
2009-11-24,6.1442766189575195
2009-11-25,6.136764049530029
2009-11-27,6.02856969833374
2009-11-30,6.008134365081787
2009-12-01,5.919773101806641
2009-12-02,5.897532939910889
2009-12-03,5.905046463012695
2009-12-04,5.810074806213379
2009-12-07,5.678737163543701
2009-12-08,5.706386089324951
2009-12-09,5.944717884063721
2009-12-10,5.903543472290039
2009-12-11,5.850649356842041
2009-12-14,5.92007303237915
2009-12-15,5.835622310638428
2009-12-16,5.861466407775879
2009-12-17,5.766194820404053
2009-12-18,5.873489856719971
2009-12-21,5.957641124725342
2009-12-22,6.0216569900512695
2009-12-23,6.073952674865723
2009-12-24,6.28252649307251
2009-12-28,6.359765529632568
2009-12-29,6.284328937530518
2009-12-30,6.360668182373047
2009-12-31,6.333317279815674
2010-01-04,6.4318952560424805
2010-01-05,6.443016052246094
2010-01-06,6.340530872344971
2010-01-07,6.3288092613220215
2010-01-08,6.370884895324707
2010-01-11,6.314688205718994
2010-01-12,6.242856025695801
2010-01-13,6.33091402053833
2010-01-14,6.294246673583984
2010-01-15,6.189058303833008
2010-01-19,6.462854385375977
2010-01-20,6.363370895385742
2010-01-21,6.253374099731445
2010-01-22,5.9432148933410645
2010-01-25,6.103104114532471
2010-01-26,6.189358711242676
2010-01-27,6.247664928436279
2010-01-28,5.989499092102051
2010-01-29,5.772207736968994
2010-02-01,5.852452278137207
2010-02-02,5.886412143707275
2010-02-03,5.987695217132568
2010-02-04,5.771906852722168
2010-02-05,5.874391078948975
2010-02-08,5.834118366241455
2010-02-09,5.896331310272217
2010-02-10,5.86417293548584
2010-02-11,5.970864295959473
2010-02-12,6.0222578048706055
2010-02-16,6.1130218505859375
2010-02-17,6.087475776672363
2010-02-18,6.098893642425537
2010-02-19,6.061028480529785
2010-02-22,6.023459434509277
2010-02-23,5.922478199005127
2010-02-24,6.030673027038574
2010-02-25,6.07094669342041
2010-02-26,6.149689197540283
2010-03-01,6.28102445602417
2010-03-02,6.276815891265869
2010-03-03,6.2912421226501465
2010-03-04,6.33271598815918
2010-03-05,6.58036470413208
2010-03-08,6.584272384643555
2010-03-09,6.7026848793029785
2010-03-10,6.757382869720459
2010-03-11,6.777218341827393
2010-03-12,6.8102803230285645
2010-03-15,6.727328777313232
2010-03-16,6.74566125869751
2010-03-17,6.735742568969727
2010-03-18,6.751672744750977
2010-03-19,6.679543495178223
2010-03-22,6.754679203033447
2010-03-23,6.8631744384765625
2010-03-24,6.893528938293457
2010-03-25,6.811779975891113
2010-03-26,6.939511299133301
2010-03-29,6.984292984008789
2010-03-30,7.088282585144043
2010-03-31,7.062731742858887
2010-04-01,7.091885566711426
2010-04-05,7.167623519897461
2010-04-06,7.199179649353027
2010-04-07,7.2310357093811035
2010-04-08,7.211503505706787
2010-04-09,7.266803741455078
2010-04-12,7.281828880310059
2010-04-13,7.286036968231201
2010-04-14,7.384013652801514
2010-04-15,7.4810872077941895
2010-04-16,7.435405731201172
2010-04-19,7.4254889488220215
2010-04-20,7.350953102111816
2010-04-21,7.790647506713867
2010-04-22,8.008541107177734
2010-04-23,8.13957405090332
2010-04-26,8.099603652954102
2010-04-27,7.875397682189941
2010-04-28,7.862176418304443
2010-04-29,8.073755264282227
2010-04-30,7.846848964691162
2010-05-03,8.004931449890137
2010-05-04,7.774418354034424
2010-05-05,7.693572521209717
2010-05-06,7.400845527648926
2010-05-07,7.0885796546936035
2010-05-10,7.633460521697998
2010-05-11,7.709499359130859
2010-05-12,7.876898765563965
2010-05-13,7.764800071716309
2010-05-14,7.628352642059326
2010-05-17,7.640376091003418
2010-05-18,7.584474086761475
2010-05-19,7.463651657104492
2010-05-20,7.145683288574219
2010-05-21,7.2827301025390625
2010-05-24,7.416170120239258
2010-05-25,7.369887351989746
2010-05-26,7.336528778076172
2010-05-27,7.6142258644104
2010-05-28,7.7203216552734375
2010-06-01,7.839035511016846
2010-06-02,7.932802200317383
2010-06-03,7.907856464385986
2010-06-04,7.692667484283447
2010-06-07,7.5417938232421875
2010-06-08,7.493410587310791
2010-06-09,7.309178352355957
2010-06-10,7.5288777351379395
2010-06-11,7.6190361976623535
2010-06-14,7.642180919647217
2010-06-15,7.804771900177002
2010-06-16,8.031981468200684
2010-06-17,8.170828819274902
2010-06-18,8.236950874328613
2010-06-21,8.119739532470703
2010-06-22,8.230340003967285
2010-06-23,8.143779754638672
2010-06-24,8.084577560424805
2010-06-25,8.015450477600098
2010-06-28,8.063538551330566
2010-06-29,7.698978900909424
2010-06-30,7.559531211853027
2010-07-01,7.467865943908691
2010-07-02,7.421581268310547
2010-07-06,7.472372055053711
2010-07-07,7.774115085601807
2010-07-08,7.756686210632324
2010-07-09,7.802670001983643
2010-07-12,7.732638835906982
2010-07-13,7.5676469802856445
2010-07-14,7.595591068267822
2010-07-15,7.557125568389893
2010-07-16,7.5105414390563965
2010-07-19,7.380707263946533
2010-07-20,7.570347785949707
2010-07-21,7.640976905822754
2010-07-22,7.7846360206604
2010-07-23,7.812285423278809
2010-07-26,7.7924485206604
2010-07-27,7.936707019805908
2010-07-28,7.842942237854004
2010-07-29,7.757287979125977
2010-07-30,7.731439590454102
2010-08-02,7.869688034057617
2010-08-03,7.872095108032227
2010-08-04,7.903651237487793
2010-08-05,7.865180492401123
2010-08-06,7.816793441772461
2010-08-09,7.866682052612305
2010-08-10,7.7963547706604
2010-08-11,7.519257068634033
2010-08-12,7.567347049713135
2010-08-13,7.486499309539795
2010-08-16,7.442618370056152
2010-08-17,7.57275390625
2010-08-18,7.6058149337768555
2010-08-19,7.509940147399902
2010-08-20,7.502725601196289
2010-08-23,7.3873209953308105
2010-08-24,7.210902214050293
2010-08-25,7.299862384796143
2010-08-26,7.221418857574463
2010-08-27,7.261692047119141
2010-08-30,7.28814172744751
2010-08-31,7.306171894073486
2010-09-01,7.523465156555176
2010-09-02,7.578764915466309
2010-09-03,7.777122497558594
2010-09-07,7.748270034790039
2010-09-08,7.901845932006836
2010-09-09,7.906357765197754
2010-09-10,7.91657018661499
2010-09-13,8.02566909790039
2010-09-14,8.056321144104004
2010-09-15,8.121240615844727
2010-09-16,8.312087059020996
2010-09-17,8.276021003723145
2010-09-20,8.512248039245605
2010-09-21,8.52847671508789
2010-09-22,8.648094177246094
2010-09-23,8.683256149291992
2010-09-24,8.785438537597656
2010-09-27,8.75057601928711
2010-09-28,8.621344566345215
2010-09-29,8.636672973632812
2010-09-30,8.527876853942871
2010-10-01,8.4909086227417
2010-10-04,8.374295234680176
2010-10-05,8.683855056762695
2010-10-06,8.691370010375977
2010-10-07,8.69227409362793
2010-10-08,8.83803653717041
2010-10-11,8.876801490783691
2010-10-12,8.97237777709961
2010-10-13,9.020464897155762
2010-10-14,9.085680961608887
2010-10-15,9.45925235748291
2010-10-18,9.557232856750488
2010-10-19,9.301469802856445
2010-10-20,9.332727432250977
2010-10-21,9.302372932434082
2010-10-22,9.240757942199707
2010-10-25,9.281932830810547
2010-10-26,9.258190155029297
2010-10-27,9.251580238342285
2010-10-28,9.17374038696289
2010-10-29,9.045708656311035
2010-11-01,9.141881942749023
2010-11-02,9.297564506530762
2010-11-03,9.400951385498047
2010-11-04,9.565346717834473
2010-11-05,9.531083106994629
2010-11-08,9.575864791870117
2010-11-09,9.499526023864746
2010-11-10,9.558131217956543
2010-11-11,9.516660690307617
2010-11-12,9.257586479187012
2010-11-15,9.227838516235352
2010-11-16,9.064043998718262
2010-11-17,9.031283378601074
2010-11-18,9.269613265991211
2010-11-19,9.218520164489746
2010-11-22,9.417781829833984
2010-11-23,9.2786283493042
2010-11-24,9.461058616638184
2010-11-26,9.467072486877441
2010-11-29,9.523268699645996
2010-11-30,9.351359367370605
2010-12-01,9.509145736694336
2010-12-02,9.561742782592773
2010-12-03,9.540400505065918
2010-12-06,9.621846199035645
2010-12-07,9.563544273376465
2010-12-08,9.64769458770752
2010-12-09,9.610126495361328
2010-12-10,9.634172439575195
2010-12-13,9.667531967163086
2010-12-14,9.626056671142578
2010-12-15,9.62816047668457
2010-12-16,9.654909133911133
2010-12-17,9.635673522949219
2010-12-20,9.683761596679688
2010-12-21,9.74356746673584
2010-12-22,9.772419929504395
2010-12-23,9.725533485412598
2010-12-27,9.757993698120117
2010-12-28,9.781740188598633
2010-12-29,9.776326179504395
2010-12-30,9.727339744567871
2010-12-31,9.694279670715332
2011-01-03,9.90495777130127
2011-01-04,9.956649780273438
2011-01-05,10.038101196289062
2011-01-06,10.029982566833496
2011-01-07,10.101812362670898
2011-01-10,10.292055130004883
2011-01-11,10.267712593078613
2011-01-12,10.3512601852417
2011-01-13,10.389130592346191
2011-01-14,10.473283767700195
2011-01-18,10.237958908081055
2011-01-19,10.183566093444824
2011-01-20,9.998427391052246
2011-01-21,9.819307327270508
2011-01-24,10.14178466796875
2011-01-25,10.260497093200684
2011-01-26,10.334131240844727
2011-01-27,10.314897537231445
2011-01-28,10.101211547851562
2011-01-31,10.197985649108887
2011-02-01,10.369593620300293
2011-02-02,10.348258018493652
2011-02-03,10.321808815002441
2011-02-04,10.413777351379395
2011-02-07,10.575468063354492
2011-02-08,10.675244331359863
2011-02-09,10.764205932617188
2011-02-10,10.655414581298828
2011-02-11,10.724837303161621
2011-02-14,10.794865608215332
2011-02-15,10.816500663757324
2011-02-16,10.913579940795898
2011-02-17,10.768415451049805
2011-02-18,10.535794258117676
2011-02-22,10.176650047302246
2011-02-23,10.297168731689453
2011-02-24,10.30498218536377
2011-02-25,10.463664054870605
2011-02-28,10.615442276000977
2011-03-01,10.498226165771484
2011-03-02,10.582680702209473
2011-03-03,10.806285858154297
2011-03-04,10.819507598876953
2011-03-07,10.6800537109375
2011-03-08,10.69207763671875
2011-03-09,10.593198776245117
2011-03-10,10.41888427734375
2011-03-11,10.578774452209473
2011-03-14,10.625956535339355
2011-03-15,10.381617546081543
2011-03-16,9.918180465698242
2011-03-17,10.057332038879395
2011-03-18,9.938017845153809
2011-03-21,10.197386741638184
2011-03-22,10.25448989868164
2011-03-23,10.19408130645752
2011-03-24,10.367793083190918
2011-03-25,10.565247535705566
2011-03-28,10.53218936920166
2011-03-29,10.547818183898926
2011-03-30,10.477787971496582
2011-03-31,10.474184036254883
2011-04-01,10.355467796325684
2011-04-04,10.254186630249023
2011-04-05,10.185064315795898
2011-04-06,10.159514427185059
2011-04-07,10.160721778869629
2011-04-08,10.069955825805664
2011-04-11,9.941922187805176
2011-04-12,9.990010261535645
2011-04-13,10.102110862731934
2011-04-14,9.990612983703613
2011-04-15,9.841540336608887
2011-04-18,9.973480224609375
2011-04-19,10.154107093811035
2011-04-20,10.29085636138916
2011-04-21,10.540007591247559
2011-04-25,10.609426498413086
2011-04-26,10.531590461730957
2011-04-27,10.523473739624023
2011-04-28,10.421293258666992
2011-04-29,10.522870063781738
2011-05-02,10.407166481018066
2011-05-03,10.464866638183594
2011-05-04,10.5060396194458
2011-05-05,10.421293258666992
2011-05-06,10.418580055236816
2011-05-09,10.446832656860352
2011-05-10,10.502440452575684
2011-05-11,10.435710906982422
2011-05-12,10.415878295898438
2011-05-13,10.233451843261719
2011-05-16,10.017062187194824
2011-05-17,10.1024169921875
2011-05-18,10.214515686035156
2011-05-19,10.234352111816406
2011-05-20,10.074764251708984
2011-05-23,10.050121307373047
2011-05-24,9.983699798583984
2011-05-25,10.121650695800781
2011-05-26,10.068153381347656
2011-05-27,10.140582084655762
2011-05-31,10.453746795654297
2011-06-01,10.38402271270752
2011-06-02,10.401754379272461
2011-06-03,10.321808815002441
2011-06-06,10.159514427185059
2011-06-07,9.97919750213623
2011-06-08,9.985203742980957
2011-06-09,9.962662696838379
2011-06-10,9.794658660888672
2011-06-13,9.815699577331543
2011-06-14,9.991216659545898
2011-06-15,9.820204734802246
2011-06-16,9.772419929504395
2011-06-17,9.62515640258789
2011-06-20,9.476688385009766
2011-06-21,9.776628494262695
2011-06-22,9.695779800415039
2011-06-23,9.954849243164062
2011-06-24,9.808183670043945
2011-06-27,9.97919750213623
2011-06-28,10.07596492767334
2011-06-29,10.039299011230469
2011-06-30,10.088288307189941
2011-07-01,10.316401481628418
2011-07-05,10.501836776733398
2011-07-06,10.571859359741211
2011-07-07,10.735352516174316
2011-07-08,10.810791969299316
2011-07-11,10.639183044433594
2011-07-12,10.631665229797363
2011-07-13,10.760002136230469
2011-07-14,10.75248908996582
2011-07-15,10.967375755310059
2011-07-18,11.234256744384766
2011-07-19,11.325920104980469
2011-07-20,11.62796401977539
2011-07-21,11.639684677124023
2011-07-22,11.82031536102295
2011-07-25,11.976593971252441
2011-07-26,12.124159812927246
2011-07-27,11.798972129821777
2011-07-28,11.775830268859863
2011-07-29,11.73555850982666
2011-08-01,11.923998832702637
2011-08-02,11.688369750976562
2011-08-03,11.798373222351074
2011-08-04,11.341547012329102
2011-08-05,11.228842735290527
2011-08-08,10.615442276000977
2011-08-09,11.24056339263916
2011-08-10,10.93040657043457
2011-08-11,11.231249809265137
2011-08-12,11.330126762390137
2011-08-15,11.523077011108398
2011-08-16,11.435015678405762
2011-08-17,11.433815002441406
2011-08-18,11.001335144042969
2011-08-19,10.700191497802734
2011-08-22,10.712510108947754
2011-08-23,11.228240013122559
2011-08-24,11.3057861328125
2011-08-25,11.231851577758789
2011-08-26,11.52818489074707
2011-08-29,11.720231056213379
2011-08-30,11.720832824707031
2011-08-31,11.565753936767578
2011-09-01,11.451546669006348
2011-09-02,11.241772651672363
2011-09-06,11.412773132324219
2011-09-07,11.538704872131348
2011-09-08,11.545014381408691
2011-09-09,11.344855308532715
2011-09-12,11.418787956237793
2011-09-13,11.559440612792969
2011-09-14,11.700093269348145
2011-09-15,11.81009292602539
2011-09-16,12.036700248718262
2011-09-19,12.37120246887207
2011-09-20,12.4259033203125
2011-09-21,12.3865327835083
2011-09-22,12.076375007629395
2011-09-23,12.150907516479492
2011-09-26,12.116943359375
2011-09-27,11.999432563781738
2011-09-28,11.931814193725586
2011-09-29,11.738265991210938
2011-09-30,11.460264205932617
2011-10-03,11.258294105529785
2011-10-04,11.195182800292969
2011-10-05,11.367993354797363
2011-10-06,11.341547012329102
2011-10-07,11.11403751373291
2011-10-10,11.6853666305542
2011-10-11,12.030389785766602
2011-10-12,12.087492942810059
2011-10-13,12.275031089782715
2011-10-14,12.682869911193848
2011-10-17,12.622458457946777
2011-10-18,12.690078735351562
2011-10-19,11.98020076751709
2011-10-20,11.880719184875488
2011-10-21,11.80738639831543
2011-10-24,12.195084571838379
2011-10-25,11.954654693603516
2011-10-26,12.03971004486084
2011-10-27,12.162626266479492
2011-10-28,12.170442581176758
2011-10-31,12.165331840515137
2011-11-01,11.916784286499023
2011-11-02,11.94383430480957
2011-11-03,12.113941192626953
2011-11-04,12.028885841369629
2011-11-07,12.013558387756348
2011-11-08,12.20891284942627
2011-11-09,11.879819869995117
2011-11-10,11.577470779418945
2011-11-11,11.559440612792969
2011-11-14,11.398353576660156
2011-11-15,11.685967445373535
2011-11-16,11.56395435333252
2011-11-17,11.342753410339355
2011-11-18,11.268516540527344
2011-11-21,11.090295791625977
2011-11-22,11.31570053100586
2011-11-23,11.029582977294922
2011-11-25,10.926798820495605
2011-11-28,11.30397891998291
2011-11-29,11.21622085571289
2011-11-30,11.486715316772461
2011-12-01,11.658920288085938
2011-12-02,11.712119102478027
2011-12-05,11.81159496307373
2011-12-06,11.749682426452637
2011-12-07,11.693779945373535
2011-12-08,11.740966796875
2011-12-09,11.82992935180664
2011-12-12,11.776435852050781
2011-12-13,11.6853666305542
2011-12-14,11.426299095153809
2011-12-15,11.3887300491333
2011-12-16,11.451244354248047
2011-12-19,11.487008094787598
2011-12-20,11.899956703186035
2011-12-21,11.9149808883667
2011-12-22,11.978096008300781
2011-12-23,12.121755599975586
2011-12-27,12.217928886413574
2011-12-28,12.101016998291016
2011-12-29,12.175548553466797
2011-12-30,12.17194938659668
2012-01-03,12.35918140411377
2012-01-04,12.425603866577148
2012-01-05,12.563549041748047
2012-01-06,12.694887161254883
2012-01-09,12.674750328063965
2012-01-10,12.720130920410156
2012-01-11,12.699396133422852
2012-01-12,12.664529800415039
2012-01-13,12.617045402526855
2012-01-17,12.764012336730957
2012-01-18,12.896550178527832
2012-01-19,12.855680465698242
2012-01-20,12.631776809692383
2012-01-23,12.845458984375
2012-01-24,12.635077476501465
2012-01-25,13.424002647399902
2012-01-26,13.362998962402344
2012-01-27,13.442638397216797
2012-01-30,13.614847183227539
2012-01-31,13.719135284423828
2012-02-01,13.710417747497559
2012-02-02,13.678260803222656
2012-02-03,13.815305709838867
2012-02-06,13.944241523742676
2012-02-07,14.090303421020508
2012-02-08,14.326229095458984
2012-02-09,14.82182788848877
2012-02-10,14.829340934753418
2012-02-13,15.105234146118164
2012-02-14,15.311412811279297
2012-02-15,14.957071304321289
2012-02-16,15.093510627746582
2012-02-17,15.090807914733887
2012-02-21,15.473404884338379
2012-02-22,15.418996810913086
2012-02-23,15.519679069519043
2012-02-24,15.70060920715332
2012-02-27,15.801284790039062
2012-02-28,16.09130859375
2012-02-29,16.302587509155273
2012-03-01,16.363603591918945
2012-03-02,16.384952545166016
2012-03-05,16.023691177368164
2012-03-06,15.936535835266113
2012-03-07,15.949459075927734
2012-03-08,16.28907012939453
2012-03-09,16.384645462036133
2012-03-12,16.58991050720215
2012-03-13,17.073781967163086
2012-03-14,17.71934700012207
2012-03-15,17.598527908325195
2012-03-16,17.598819732666016
2012-03-19,18.065574645996094
2012-03-20,18.21163558959961
2012-03-21,18.10764503479004
2012-03-22,18.012666702270508
2012-03-23,17.91379165649414
2012-03-26,18.24229621887207
2012-03-27,18.46770477294922
2012-03-28,18.56207275390625
2012-03-29,18.3288516998291
2012-03-30,18.01899528503418
2012-04-02,18.59242057800293
2012-04-03,18.913698196411133
2012-04-04,18.76313018798828
2012-04-05,19.044734954833984
2012-04-09,19.121379852294922
2012-04-10,18.887252807617188
2012-04-11,18.819934844970703
2012-04-12,18.716846466064453
2012-04-13,18.189695358276367
2012-04-16,17.435333251953125
2012-04-17,18.324037551879883
2012-04-18,18.283164978027344
2012-04-19,17.6550350189209
2012-04-20,17.22045135498047
2012-04-23,17.181974411010742
2012-04-24,16.83875846862793
2012-04-25,18.333049774169922
2012-04-26,18.263925552368164
2012-04-27,18.122669219970703
2012-04-30,17.55104637145996
2012-05-01,17.495447158813477
2012-05-02,17.61115074157715
2012-05-03,17.486122131347656
2012-05-04,16.98813247680664
2012-05-07,17.11525535583496
2012-05-08,17.076189041137695
2012-05-09,17.106239318847656
2012-05-10,17.14651107788086
2012-05-11,17.032011032104492
2012-05-14,16.776845932006836
2012-05-15,16.625076293945312
2012-05-16,16.4119873046875
2012-05-17,15.932330131530762
2012-05-18,15.940140724182129
2012-05-21,16.868806838989258
2012-05-22,16.739280700683594
2012-05-23,17.14771842956543
2012-05-24,16.990232467651367
2012-05-25,16.8991641998291
2012-05-29,17.199108123779297
2012-05-30,17.406476974487305
2012-05-31,17.363203048706055
2012-06-01,16.860095977783203
2012-06-04,16.95928192138672
2012-06-05,16.915401458740234
2012-06-06,17.174768447875977
2012-06-07,17.182584762573242
2012-06-08,17.441043853759766
2012-06-11,17.16605567932129
2012-06-12,17.31602668762207
2012-06-13,17.195802688598633
2012-06-14,17.17687225341797
2012-06-15,17.255014419555664
2012-06-18,17.60514259338379
2012-06-19,17.65413475036621
2012-06-20,17.603946685791016
2012-06-21,17.361400604248047
2012-06-22,17.494543075561523
2012-06-25,17.154024124145508
2012-06-26,17.19189453125
2012-06-27,17.266136169433594
2012-06-28,17.102336883544922
2012-06-29,17.551645278930664
2012-07-02,17.807706832885742
2012-07-03,18.014787673950195
2012-07-05,18.331254959106445
2012-07-06,18.209230422973633
2012-07-09,18.449970245361328
2012-07-10,18.279260635375977
2012-07-11,18.165651321411133
2012-07-12,17.999452590942383
2012-07-13,18.181884765625
2012-07-16,18.240192413330078
2012-07-17,18.2410888671875
2012-07-18,18.22064971923828
2012-07-19,18.46288299560547
2012-07-20,18.161745071411133
2012-07-23,18.147621154785156
2012-07-24,18.060157775878906
2012-07-25,17.280250549316406
2012-07-26,17.27754783630371
2012-07-27,17.586503982543945
2012-07-30,17.88313865661621
2012-07-31,18.35589027404785
2012-08-01,18.237186431884766
2012-08-02,18.266632080078125
2012-08-03,18.504362106323242
2012-08-06,18.71023178100586
2012-08-07,18.660940170288086
2012-08-08,18.629390716552734
2012-08-09,18.735631942749023
2012-08-10,18.764909744262695
2012-08-13,19.015430450439453
2012-08-14,19.066436767578125
2012-08-15,19.040481567382812
2012-08-16,19.206796646118164
2012-08-17,19.562053680419922
2012-08-20,20.07636833190918
2012-08-21,19.802005767822266
2012-08-22,20.188650131225586
2012-08-23,20.00031089782715
2012-08-24,20.01811981201172
2012-08-27,20.394203186035156
2012-08-28,20.36763572692871
2012-08-29,20.327497482299805
2012-08-30,20.03774070739746
2012-08-31,20.079092025756836
2012-09-04,20.37277603149414
2012-09-05,20.229698181152344
2012-09-06,20.412010192871094
2012-09-07,20.537872314453125
2012-09-10,20.003631591796875
2012-09-11,19.938735961914062
2012-09-12,20.216415405273438
2012-09-13,20.614543914794922
2012-09-14,20.865066528320312
2012-09-17,21.121614456176758
2012-09-18,21.18590545654297
2012-09-19,21.1916446685791
2012-09-20,21.089017868041992
2012-09-21,21.13097381591797
2012-09-24,20.850271224975586
2012-09-25,20.329608917236328
2012-09-26,20.0772762298584
2012-09-27,20.56443977355957
2012-09-28,20.135229110717773
2012-10-01,19.902509689331055
2012-10-02,19.960464477539062
2012-10-03,20.266529083251953
2012-10-04,20.126171112060547
2012-10-05,19.69727325439453
2012-10-08,19.262025833129883
2012-10-09,19.19200325012207
2012-10-10,19.34473419189453
2012-10-11,18.958080291748047
2012-10-12,19.006675720214844
2012-10-15,19.159103393554688
2012-10-16,19.612754821777344
2012-10-17,19.456405639648438
2012-10-18,19.09511375427246
2012-10-19,18.406938552856445
2012-10-22,19.137073516845703
2012-10-23,18.513181686401367
2012-10-24,18.617916107177734
2012-10-25,18.39788246154785
2012-10-26,18.230661392211914
2012-10-31,17.968679428100586
2012-11-01,18.00550651550293
2012-11-02,17.409685134887695
2012-11-05,17.645719528198242
2012-11-06,17.592288970947266
2012-11-07,16.919164657592773
2012-11-08,16.305166244506836
2012-11-09,16.587453842163086
2012-11-12,16.45918846130371
2012-11-13,16.461320877075195
2012-11-14,16.278779983520508
2012-11-15,15.937366485595703
2012-11-16,15.999823570251465
2012-11-19,17.153549194335938
2012-11-20,17.007402420043945
2012-11-21,17.031352996826172
2012-11-23,17.3284912109375
2012-11-26,17.875192642211914
2012-11-27,17.73116111755371
2012-11-28,17.675371170043945
2012-11-29,17.870023727416992
2012-11-30,17.746322631835938
2012-12-03,17.773916244506836
2012-12-04,17.460397720336914
2012-12-05,16.33669662475586
2012-12-06,16.592910766601562
2012-12-07,16.16870880126953
2012-12-10,16.064716339111328
2012-12-11,16.415523529052734
2012-12-12,16.343063354492188
2012-12-13,16.06077003479004
2012-12-14,15.457380294799805
2012-12-17,15.73148250579834
2012-12-18,16.188432693481445
2012-12-19,15.958287239074707
2012-12-20,15.81942367553711
2012-12-21,15.746654510498047
2012-12-24,15.772124290466309
2012-12-26,15.554716110229492
2012-12-27,15.617178916931152
2012-12-28,15.451321601867676
2012-12-31,16.135967254638672
2013-01-02,16.647184371948242
2013-01-03,16.437055587768555
2013-01-04,15.979207038879395
2013-01-07,15.885213851928711
2013-01-08,15.927964210510254
2013-01-09,15.679037094116211
2013-01-10,15.873390197753906
2013-01-11,15.77606201171875
2013-01-14,15.213607788085938
2013-01-15,14.733621597290039
2013-01-16,15.345199584960938
2013-01-17,15.241804122924805
2013-01-18,15.160541534423828
2013-01-22,15.305177688598633
2013-01-23,15.585338592529297
2013-01-24,13.659648895263672
2013-01-25,13.337638854980469
2013-01-28,13.63932991027832
2013-01-29,13.895241737365723
2013-01-30,13.851581573486328
2013-01-31,13.81095027923584
2013-02-01,13.754249572753906
2013-02-04,13.411619186401367
2013-02-05,13.882208824157715
2013-02-06,13.867351531982422
2013-02-07,14.279677391052246
2013-02-08,14.485840797424316
2013-02-11,14.636807441711426
2013-02-12,14.26992416381836
2013-02-13,14.242774963378906
2013-02-14,14.229966163635254
2013-02-15,14.033863067626953
2013-02-19,14.028676986694336
2013-02-20,13.688935279846191
2013-02-21,13.603846549987793
2013-02-22,13.748710632324219
2013-02-25,13.504424095153809
2013-02-26,13.692594528198242
2013-02-27,13.558403968811035
2013-02-28,13.461726188659668
2013-03-01,13.128384590148926
2013-03-04,12.810602188110352
2013-03-05,13.148819923400879
2013-03-06,12.981690406799316
2013-03-07,13.131744384765625
2013-03-08,13.166508674621582
2013-03-11,13.354068756103516
2013-03-12,13.066169738769531
2013-03-13,13.063729286193848
2013-03-14,13.190300941467285
2013-03-15,13.53065013885498
2013-03-18,13.898457527160645
2013-03-19,13.860942840576172
2013-03-20,13.787443161010742
2013-03-21,13.807265281677246
2013-03-22,14.087235450744629
2013-03-25,14.13817310333252
2013-03-26,14.063754081726074
2013-03-27,13.787443161010742
2013-03-28,13.500157356262207
2013-04-01,13.080809593200684
2013-04-02,13.107645034790039
2013-04-03,13.174745559692383
2013-04-04,13.044517517089844
2013-04-05,12.906668663024902
2013-04-08,12.998464584350586
2013-04-09,13.02194881439209
2013-04-10,13.287585258483887
2013-04-11,13.246106147766113
2013-04-12,13.107953071594238
2013-04-15,12.804497718811035
2013-04-16,12.999380111694336
2013-04-17,12.284512519836426
2013-04-18,11.956661224365234
2013-04-19,11.91030502319336
2013-04-22,12.158556938171387
2013-04-23,12.386069297790527
2013-04-24,12.36563777923584
2013-04-25,12.454691886901855
2013-04-26,12.723681449890137
2013-04-29,13.117713928222656
2013-04-30,13.503813743591309
2013-05-01,13.397378921508789
2013-05-02,13.587377548217773
2013-05-03,13.723398208618164
2013-05-06,14.050641059875488
2013-05-07,13.988116264343262
2013-05-08,14.146096229553223
2013-05-09,14.022686004638672
2013-05-10,13.906030654907227
2013-05-13,13.96036434173584
2013-05-14,13.626350402832031
2013-05-15,13.165550231933594
2013-05-16,13.341460227966309
2013-05-17,13.30093765258789
2013-05-20,13.597805976867676
2013-05-21,13.49741268157959
2013-05-22,13.549296379089355
2013-05-23,13.5735502243042
2013-05-24,13.665956497192383
2013-05-28,13.552058219909668
2013-05-29,13.659817695617676
2013-05-30,13.863354682922363
2013-05-31,13.806562423706055
2013-06-03,13.836954116821289
2013-06-04,13.793665885925293
2013-06-05,13.664724349975586
2013-06-06,13.460576057434082
2013-06-07,13.563420295715332
2013-06-10,13.473773956298828
2013-06-11,13.434173583984375
2013-06-12,13.268087387084961
2013-06-13,13.38382339477539
2013-06-14,13.202392578125
2013-06-17,13.26225471496582
2013-06-18,13.255195617675781
2013-06-19,12.985960960388184
2013-06-20,12.796847343444824
2013-06-21,12.694314002990723
2013-06-24,12.357844352722168
2013-06-25,12.360604286193848
2013-06-26,12.220620155334473
2013-06-27,12.088912010192871
2013-06-28,12.17333698272705
2013-07-01,12.562917709350586
2013-07-02,12.847501754760742
2013-07-03,12.918420791625977
2013-07-05,12.814652442932129
2013-07-08,12.741894721984863
2013-07-09,12.9660062789917
2013-07-10,12.916269302368164
2013-07-11,13.117656707763672
2013-07-12,13.093716621398926
2013-07-15,13.122264862060547
2013-07-16,13.20699691772461
2013-07-17,13.210371971130371
2013-07-18,13.254886627197266
2013-07-19,13.045821189880371
2013-07-22,13.087575912475586
2013-07-23,12.862853050231934
2013-07-24,13.523508071899414
2013-07-25,13.461800575256348
2013-07-26,13.538243293762207
2013-07-29,13.747002601623535
2013-07-30,13.916767120361328
2013-07-31,13.892518043518066
2013-08-01,14.019922256469727
2013-08-02,14.199825286865234
2013-08-05,14.41196060180664
2013-08-06,14.283019065856934
2013-08-07,14.27472972869873
2013-08-08,14.246305465698242
2013-08-09,14.043578147888184
2013-08-12,14.44252872467041
2013-08-13,15.128875732421875
2013-08-14,15.404831886291504
2013-08-15,15.3865966796875
2013-08-16,15.523188591003418
2013-08-19,15.690370559692383
2013-08-20,15.484248161315918
2013-08-21,15.524113655090332
2013-08-22,15.542651176452637
2013-08-23,15.482707977294922
2013-08-26,15.542963027954102
2013-08-27,15.098584175109863
2013-08-28,15.169974327087402
2013-08-29,15.194693565368652
2013-08-30,15.056252479553223
2013-09-03,15.098278999328613
2013-09-04,15.410698890686035
2013-09-05,15.305012702941895
2013-09-06,15.396178245544434
2013-09-09,15.641847610473633
2013-09-10,15.285544395446777
2013-09-11,14.453346252441406
2013-09-12,14.607237815856934
2013-09-13,14.366507530212402
2013-09-16,13.909770965576172
2013-09-17,14.070465087890625
2013-09-18,14.359705924987793
2013-09-19,14.595187187194824
2013-09-20,14.444076538085938
2013-09-23,15.161942481994629
2013-09-24,15.114343643188477
2013-09-25,14.880414009094238
2013-09-26,15.025345802307129
2013-09-27,14.918115615844727
2013-09-30,14.732698440551758
2013-10-01,15.079123497009277
2013-10-02,15.128561019897461
2013-10-03,14.938507080078125
2013-10-04,14.92676830291748
2013-10-07,15.07263469696045
2013-10-08,14.862184524536133
2013-10-09,15.036783218383789
2013-10-10,15.131032943725586
2013-10-11,15.228996276855469
2013-10-14,15.328805923461914
2013-10-15,15.410393714904785
2013-10-16,15.485479354858398
2013-10-17,15.590242385864258
2013-10-18,15.725906372070312
2013-10-21,16.11125946044922
2013-10-22,16.065214157104492
2013-10-23,16.222517013549805
2013-10-24,16.437280654907227
2013-10-25,16.253406524658203
2013-10-28,16.374547958374023
2013-10-29,15.966638565063477
2013-10-30,16.220651626586914
2013-10-31,16.152667999267578
2013-11-01,16.070154190063477
2013-11-04,16.277820587158203
2013-11-05,16.23764991760254
2013-11-06,16.1916446685791
2013-11-07,15.929618835449219
2013-11-08,16.18045997619629
2013-11-11,16.13352394104004
2013-11-12,16.163360595703125
2013-11-13,16.182634353637695
2013-11-14,16.41668128967285
2013-11-15,16.31815528869629
2013-11-18,16.120468139648438
2013-11-19,16.149063110351562
2013-11-20,16.00763702392578
2013-11-21,16.198486328125
2013-11-22,16.15682601928711
2013-11-25,16.279296875
2013-11-26,16.57955551147461
2013-11-27,16.9699649810791
2013-11-29,17.284210205078125
2013-12-02,17.133766174316406
2013-12-03,17.602802276611328
2013-12-04,17.561777114868164
2013-12-05,17.65192222595215
2013-12-06,17.406978607177734
2013-12-09,17.606225967407227
2013-12-10,17.57887077331543
2013-12-11,17.448633193969727
2013-12-12,17.423145294189453
2013-12-13,17.233224868774414
2013-12-16,17.32865333557129
2013-12-17,17.250638961791992
2013-12-18,17.119468688964844
2013-12-19,16.92333984375
2013-12-20,17.065078735351562
2013-12-23,17.719985961914062
2013-12-24,17.6447696685791
2013-12-26,17.5275821685791
2013-12-27,17.409156799316406
2013-12-30,17.236026763916016
2013-12-31,17.438068389892578
2014-01-02,17.192821502685547
2014-01-03,16.815170288085938
2014-01-06,16.9068603515625
2014-01-07,16.785953521728516
2014-01-08,16.892248153686523
2014-01-09,16.676546096801758
2014-01-10,16.56525421142578
2014-01-13,16.65198516845703
2014-01-14,16.983320236206055
2014-01-15,17.324308395385742
2014-01-16,17.227632522583008
2014-01-17,16.80552864074707
2014-01-21,17.066627502441406
2014-01-22,17.14246368408203
2014-01-23,17.287628173828125
2014-01-24,16.973379135131836
2014-01-27,17.111072540283203
2014-01-28,15.743435859680176
2014-01-29,15.564706802368164
2014-01-30,15.53455638885498
2014-01-31,15.560042381286621
2014-02-03,15.588953018188477
2014-02-04,15.81460952758789
2014-02-05,15.93272590637207
2014-02-06,16.025596618652344
2014-02-07,16.249792098999023
2014-02-10,16.540904998779297
2014-02-11,16.758853912353516
2014-02-12,16.75759506225586
2014-02-13,17.02369499206543
2014-02-14,17.009933471679688
2014-02-18,17.072481155395508
2014-02-19,16.802940368652344
2014-02-20,16.608448028564453
2014-02-21,16.42396354675293
2014-02-24,16.495878219604492
2014-02-25,16.32421112060547
2014-02-26,16.17694091796875
2014-02-27,16.499635696411133
2014-02-28,16.45491600036621
2014-03-03,16.502452850341797
2014-03-04,16.61125946044922
2014-03-05,16.646286010742188
2014-03-06,16.5959415435791
2014-03-07,16.58625030517578
2014-03-10,16.601255416870117
2014-03-11,16.762914657592773
2014-03-12,16.7791748046875
2014-03-13,16.592819213867188
2014-03-14,16.406452178955078
2014-03-17,16.470552444458008
2014-03-18,16.616260528564453
2014-03-19,16.61188507080078
2014-03-20,16.53184700012207
2014-03-21,16.662233352661133
2014-03-24,16.85984992980957
2014-03-25,17.041202545166016
2014-03-26,16.8782958984375
2014-03-27,16.805755615234375
2014-03-28,16.7869930267334
2014-03-31,16.783248901367188
2014-04-01,16.93677520751953
2014-04-02,16.964916229248047
2014-04-03,16.84734344482422
2014-04-04,16.6294002532959
2014-04-07,16.368301391601562
2014-04-08,16.367361068725586
2014-04-09,16.582496643066406
2014-04-10,16.36861801147461
2014-04-11,16.247594833374023
2014-04-14,16.31233024597168
2014-04-15,16.196014404296875
2014-04-16,16.228849411010742
2014-04-17,16.414268493652344
2014-04-21,16.60906982421875
2014-04-22,16.625654220581055
2014-04-23,16.408329010009766
2014-04-24,17.753509521484375
2014-04-25,17.883901596069336
2014-04-28,18.57651710510254
2014-04-29,18.521474838256836
2014-04-30,18.451433181762695
2014-05-01,18.49489974975586
2014-05-02,18.5292911529541
2014-05-05,18.79132080078125
2014-05-06,18.58652114868164
2014-05-07,18.521474838256836
2014-05-08,18.48845863342285
2014-05-09,18.411422729492188
2014-05-12,18.640642166137695
2014-05-13,18.66988182067871
2014-05-14,18.673343658447266
2014-05-15,18.51456069946289
2014-05-16,18.78779411315918
2014-05-19,19.010417938232422
2014-05-20,19.014190673828125
2014-05-21,19.06450843811035
2014-05-22,19.094690322875977
2014-05-23,19.310386657714844
2014-05-27,19.671998977661133
2014-05-28,19.621055603027344
2014-05-29,19.978567123413086
2014-05-30,19.903736114501953
2014-06-02,19.766952514648438
2014-06-03,20.046483993530273
2014-06-04,20.2753963470459
2014-06-05,20.354944229125977
2014-06-06,20.298978805541992
2014-06-09,20.623783111572266
2014-06-10,20.744840621948242
2014-06-11,20.659006118774414
2014-06-12,20.313438415527344
2014-06-13,20.09113121032715
2014-06-16,20.293628692626953
2014-06-17,20.267215728759766
2014-06-18,20.289230346679688
2014-06-19,20.218793869018555
2014-06-20,20.009695053100586
2014-06-23,19.99209213256836
2014-06-24,19.87102508544922
2014-06-25,19.888633728027344
2014-06-26,20.00749397277832
2014-06-27,20.24520492553711
2014-06-30,20.45431137084961
2014-07-01,20.58416748046875
2014-07-02,20.575368881225586
2014-07-03,20.696422576904297
2014-07-07,21.123424530029297
2014-07-08,20.98695945739746
2014-07-09,20.995765686035156
2014-07-10,20.918718338012695
2014-07-11,20.95833969116211
2014-07-14,21.229074478149414
2014-07-15,20.98035430908203
2014-07-16,20.86150360107422
2014-07-17,20.489524841308594
2014-07-18,20.784461975097656
2014-07-21,20.676610946655273
2014-07-22,20.848289489746094
2014-07-23,21.391952514648438
2014-07-24,21.356740951538086
2014-07-25,21.497604370117188
2014-07-28,21.79473876953125
2014-07-29,21.653879165649414
2014-07-30,21.603260040283203
2014-07-31,21.0419864654541
2014-08-01,21.158639907836914
2014-08-04,21.039779663085938
2014-08-05,20.936338424682617
2014-08-06,20.901111602783203
2014-08-07,20.898900985717773
2014-08-08,20.956417083740234
2014-08-11,21.232913970947266
2014-08-12,21.228492736816406
2014-08-13,21.50941276550293
2014-08-14,21.566926956176758
2014-08-15,21.67310905456543
2014-08-18,21.934120178222656
2014-08-19,22.237157821655273
2014-08-20,22.246007919311523
2014-08-21,22.248218536376953
2014-08-22,22.411909103393555
2014-08-25,22.4605770111084
2014-08-26,22.316791534423828
2014-08-27,22.59107780456543
2014-08-28,22.617626190185547
2014-08-29,22.67291831970215
2014-09-02,22.84988784790039
2014-09-03,21.88545799255371
2014-09-04,21.70407485961914
2014-09-05,21.892093658447266
2014-09-08,21.757156372070312
2014-09-09,21.67531967163086
2014-09-10,22.341123580932617
2014-09-11,22.436235427856445
2014-09-12,22.487119674682617
2014-09-15,22.480478286743164
2014-09-16,22.310161590576172
2014-09-17,22.469419479370117
2014-09-18,22.5158748626709
2014-09-19,22.332275390625
2014-09-22,22.35439109802246
2014-09-23,22.70389175415039
2014-09-24,22.50702667236328
2014-09-25,21.648771286010742
2014-09-26,22.285823822021484
2014-09-29,22.144262313842773
2014-09-30,22.285823822021484
2014-10-01,21.938541412353516
2014-10-02,22.097814559936523
2014-10-03,22.035863876342773
2014-10-06,22.035863876342773
2014-10-07,21.84342384338379
2014-10-08,22.29688835144043
2014-10-09,22.345544815063477
2014-10-10,22.281404495239258
2014-10-13,22.077903747558594
2014-10-14,21.84342384338379
2014-10-15,21.575786590576172
2014-10-16,21.292638778686523
2014-10-17,21.604534149169922
2014-10-20,22.066844940185547
2014-10-21,22.666292190551758
2014-10-22,22.78131866455078
2014-10-23,23.188316345214844
2014-10-24,23.274581909179688
2014-10-27,23.25025177001953
2014-10-28,23.610809326171875
2014-10-29,23.743528366088867
2014-10-30,23.663896560668945
2014-10-31,23.889524459838867
2014-11-03,24.199203491210938
2014-11-04,24.022245407104492
2014-11-05,24.079755783081055
2014-11-06,24.14861488342285
2014-11-07,24.217493057250977
2014-11-10,24.177501678466797
2014-11-11,24.37077522277832
2014-11-12,24.715124130249023
2014-11-13,25.063919067382812
2014-11-14,25.366044998168945
2014-11-17,25.323837280273438
2014-11-18,25.652631759643555
2014-11-19,25.474905014038086
2014-11-20,25.839248657226562
2014-11-21,25.87479019165039
2014-11-24,26.354650497436523
2014-11-25,26.125835418701172
2014-11-26,26.436857223510742
2014-11-28,26.42130470275879
2014-12-01,25.563770294189453
2014-12-02,25.466020584106445
2014-12-03,25.754825592041016
2014-12-04,25.657073974609375
2014-12-05,25.548215866088867
2014-12-08,24.97060775756836
2014-12-09,25.35271644592285
2014-12-10,24.870634078979492
2014-12-11,24.797321319580078
2014-12-12,24.377445220947266
2014-12-15,24.04421043395996
2014-12-16,23.715410232543945
2014-12-17,24.30635643005371
2014-12-18,25.026147842407227
2014-12-19,24.832870483398438
2014-12-22,25.090576171875
2014-12-23,25.001708984375
2014-12-24,24.883962631225586
2014-12-26,25.323837280273438
2014-12-29,25.306062698364258
2014-12-30,24.99726104736328
2014-12-31,24.521846771240234
2015-01-02,24.28858757019043
2015-01-05,23.604333877563477
2015-01-06,23.60655403137207
2015-01-07,23.937570571899414
2015-01-08,24.85730743408203
2015-01-09,24.883962631225586
2015-01-12,24.27081298828125
2015-01-13,24.486303329467773
2015-01-14,24.39299964904785
2015-01-15,23.730960845947266
2015-01-16,23.546567916870117
2015-01-20,24.153064727783203
2015-01-21,24.337459564208984
2015-01-22,24.97060775756836
2015-01-23,25.09946060180664
2015-01-26,25.126117706298828
2015-01-27,24.24637222290039
2015-01-28,25.61709213256836
2015-01-29,26.414640426635742
2015-01-30,26.028085708618164
2015-02-02,26.354650497436523
2015-02-03,26.359102249145508
2015-02-04,26.561262130737305
2015-02-05,26.750843048095703
2015-02-06,26.525577545166016
2015-02-09,26.701780319213867
2015-02-10,27.214757919311523
2015-02-11,27.852632522583008
2015-02-12,28.20503044128418
2015-02-13,28.343307495117188
2015-02-17,28.510595321655273
2015-02-18,28.70909309387207
2015-02-19,28.648874282836914
2015-02-20,28.883054733276367
2015-02-23,29.663686752319336
2015-02-24,29.47855567932129
2015-02-25,28.72469711303711
2015-02-26,29.0882511138916
2015-02-27,28.651103973388672
2015-03-02,28.791614532470703
2015-03-03,28.851831436157227
2015-03-04,28.6689453125
2015-03-05,28.19388198852539
2015-03-06,28.236251831054688
2015-03-09,28.356693267822266
2015-03-10,27.770118713378906
2015-03-11,27.263830184936523
2015-03-12,27.75672721862793
2015-03-13,27.564912796020508
2015-03-16,27.86825180053711
2015-03-17,28.33439826965332
2015-03-18,28.65333366394043
2015-03-19,28.43699073791504
2015-03-20,28.08013153076172
2015-03-23,28.3723087310791
2015-03-24,28.256330490112305
2015-03-25,27.51807975769043
2015-03-26,27.709890365600586
2015-03-27,27.48908233642578
2015-03-30,28.184961318969727
2015-03-31,27.75227165222168
2015-04-01,27.71212387084961
2015-04-02,27.95077896118164
2015-04-06,28.40353012084961
2015-04-07,28.104663848876953
2015-04-08,28.013219833374023
2015-04-09,28.227336883544922
2015-04-10,28.347776412963867
2015-04-13,28.292016983032227
2015-04-14,28.16934585571289
2015-04-15,28.276409149169922
2015-04-16,28.14035415649414
2015-04-17,27.823644638061523
2015-04-20,28.459293365478516
2015-04-21,28.30539894104004
2015-04-22,28.68678092956543
2015-04-23,28.920978546142578
2015-04-24,29.057022094726562
2015-04-27,29.585617065429688
2015-04-28,29.119478225708008
2015-04-29,28.691251754760742
2015-04-30,27.912860870361328
2015-05-01,28.760385513305664
2015-05-04,28.704631805419922
2015-05-05,28.057828903198242
2015-05-06,27.881629943847656
2015-05-07,28.0540828704834
2015-05-08,28.582645416259766
2015-05-11,28.291494369506836
2015-05-12,28.190710067749023
2015-05-13,28.222061157226562
2015-05-14,28.88051986694336
2015-05-15,28.840208053588867
2015-05-18,29.15823745727539
2015-05-19,29.131362915039062
2015-05-20,29.129133224487305
2015-05-21,29.427000045776367
2015-05-22,29.684566497802734
2015-05-26,29.03058433532715
2015-05-27,29.572586059570312
2015-05-28,29.51435089111328
2015-05-29,29.17839241027832
2015-06-01,29.236642837524414
2015-06-02,29.106733322143555
2015-06-03,29.14256477355957
2015-06-04,28.972347259521484
2015-06-05,28.813329696655273
2015-06-08,28.622962951660156
2015-06-09,28.537857055664062
2015-06-10,28.864852905273438
2015-06-11,28.799896240234375
2015-06-12,28.48186492919922
2015-06-15,28.425870895385742
2015-06-16,28.578168869018555
2015-06-17,28.5109806060791
2015-06-18,28.640872955322266
2015-06-19,28.354196548461914
2015-06-22,28.58041000366211
2015-06-23,28.450504302978516
2015-06-24,28.69239044189453
2015-06-25,28.555774688720703
2015-06-26,28.387798309326172
2015-06-29,27.89059066772461
2015-06-30,28.0921573638916
2015-07-01,28.354196548461914
2015-07-02,28.318368911743164
2015-07-06,28.219818115234375
2015-07-07,28.1503963470459
2015-07-08,27.45162010192871
2015-07-09,26.891698837280273
2015-07-10,27.61062240600586
2015-07-13,28.143672943115234
2015-07-14,28.132474899291992
2015-07-15,28.40346908569336
2015-07-16,28.781978607177734
2015-07-17,29.03058433532715
2015-07-20,29.579301834106445
2015-07-21,29.28366470336914
2015-07-22,28.045129776000977
2015-07-23,28.031688690185547
2015-07-24,27.88387107849121
2015-07-27,27.496408462524414
2015-07-28,27.633024215698242
2015-07-29,27.545671463012695
2015-07-30,27.40682029724121
2015-07-31,27.16717529296875
2015-08-03,26.52663230895996
2015-08-04,25.675554275512695
2015-08-05,25.84577178955078
2015-08-06,25.902013778686523
2015-08-07,25.989761352539062
2015-08-10,26.934680938720703
2015-08-11,25.533048629760742
2015-08-12,25.926761627197266
2015-08-13,25.906513214111328
2015-08-14,26.088754653930664
2015-08-17,26.35872459411621
2015-08-18,26.210241317749023
2015-08-19,25.875024795532227
2015-08-20,25.344066619873047
2015-08-21,23.793947219848633
2015-08-24,23.200002670288086
2015-08-25,23.339488983154297
2015-08-26,24.67812728881836
2015-08-27,25.404815673828125
2015-08-28,25.488046646118164
2015-08-31,25.36881446838379
2015-09-01,24.23491096496582
2015-09-02,25.274320602416992
2015-09-03,24.83110809326172
2015-09-04,24.583627700805664
2015-09-08,25.2675724029541
2015-09-09,24.781618118286133
2015-09-10,25.32607078552246
2015-09-11,25.69503402709961
2015-09-14,25.94251251220703
2015-09-15,26.160741806030273
2015-09-16,26.18999481201172
2015-09-17,25.629791259765625
2015-09-18,25.5240478515625
2015-09-21,25.920015335083008
2015-09-22,25.512800216674805
2015-09-23,25.71978187561035
2015-09-24,25.872774124145508
2015-09-25,25.807533264160156
2015-09-28,25.296815872192383
2015-09-29,24.53638458251953
2015-09-30,24.815359115600586
2015-10-01,24.653377532958984
2015-10-02,24.833356857299805
2015-10-05,24.923351287841797
2015-10-06,25.04258918762207
2015-10-07,24.923351287841797
2015-10-08,24.635379791259766
2015-10-09,25.224821090698242
2015-10-12,25.107833862304688
2015-10-13,25.15057945251465
2015-10-14,24.795114517211914
2015-10-15,25.166332244873047
2015-10-16,24.98184585571289
2015-10-19,25.1370849609375
2015-10-20,25.596040725708008
2015-10-21,25.59379005432129
2015-10-22,25.98525619506836
2015-10-23,26.79068946838379
2015-10-26,25.935768127441406
2015-10-27,25.771528244018555
2015-10-28,26.83342933654785
2015-10-29,27.11690902709961
2015-10-30,26.885183334350586
2015-11-02,27.263151168823242
2015-11-03,27.575876235961914
2015-11-04,27.447633743286133
2015-11-05,27.32110023498535
2015-11-06,27.352739334106445
2015-11-09,27.242023468017578
2015-11-10,26.383440017700195
2015-11-11,26.23431396484375
2015-11-12,26.14620018005371
2015-11-13,25.382511138916016
2015-11-16,25.79824447631836
2015-11-17,25.687536239624023
2015-11-18,26.500932693481445
2015-11-19,26.83757972717285
2015-11-20,26.955078125
2015-11-23,26.604860305786133
2015-11-24,26.860179901123047
2015-11-25,26.668128967285156
2015-11-27,26.618417739868164
2015-11-30,26.729137420654297
2015-12-01,26.512226104736328
2015-12-02,26.272724151611328
2015-12-03,26.028711318969727
2015-12-04,26.894071578979492
2015-12-07,26.724620819091797
2015-12-08,26.713315963745117
2015-12-09,26.12360382080078
2015-12-10,26.247873306274414
2015-12-11,25.572303771972656
2015-12-14,25.414138793945312
2015-12-15,24.964508056640625
2015-12-16,25.156564712524414
2015-12-17,24.623340606689453
2015-12-18,23.956806182861328
2015-12-21,24.250532150268555
2015-12-22,24.227937698364258
2015-12-23,24.539737701416016
2015-12-24,24.408689498901367
2015-12-28,24.13530158996582
2015-12-29,24.569114685058594
2015-12-30,24.248271942138672
2015-12-31,23.782825469970703
2016-01-04,23.803159713745117
2016-01-05,23.20667266845703
2016-01-06,22.752521514892578
2016-01-07,21.792264938354492
2016-01-08,21.90749740600586
2016-01-11,22.262229919433594
2016-01-12,22.585323333740234
2016-01-13,22.004648208618164
2016-01-14,22.48591423034668
2016-01-15,21.945907592773438
2016-01-19,21.83970832824707
2016-01-20,21.869083404541016
2016-01-21,21.758373260498047
2016-01-22,22.915203094482422
2016-01-25,22.467832565307617
2016-01-26,22.592100143432617
2016-01-27,21.10765838623047
2016-01-28,21.259035110473633
2016-01-29,21.993350982666016
2016-02-01,21.787750244140625
2016-02-02,21.347152709960938
2016-02-03,21.769668579101562
2016-02-04,21.9445858001709
2016-02-05,21.35848617553711
2016-02-08,21.583389282226562
2016-02-09,21.578853607177734
2016-02-10,21.415281295776367
2016-02-11,21.285802841186523
2016-02-12,21.351665496826172
2016-02-16,21.953676223754883
2016-02-17,22.289886474609375
2016-02-18,21.867355346679688
2016-02-19,21.817378997802734
2016-02-22,22.008197784423828
2016-02-23,21.510696411132812
2016-02-24,21.831005096435547
2016-02-25,21.980934143066406
2016-02-26,22.015016555786133
2016-02-29,21.965030670166016
2016-03-01,22.837360382080078
2016-03-02,22.887346267700195
2016-03-03,23.05771827697754
2016-03-04,23.4007511138916
2016-03-07,23.141773223876953
2016-03-08,22.950956344604492
2016-03-09,22.971397399902344
2016-03-10,22.982749938964844
2016-03-11,23.230371475219727
2016-03-14,23.28943634033203
2016-03-15,23.75740623474121
2016-03-16,24.073169708251953
2016-03-17,24.034547805786133
2016-03-18,24.06180763244629
2016-03-21,24.059541702270508
2016-03-22,24.243547439575195
2016-03-23,24.10951805114746
2016-03-24,24.005020141601562
2016-03-28,23.895977020263672
2016-03-29,24.46162986755371
2016-03-30,24.88870620727539
2016-03-31,24.759227752685547
2016-04-01,24.98639678955078
2016-04-04,25.24309730529785
2016-04-05,24.945499420166016
2016-04-06,25.206743240356445
2016-04-07,24.65699577331543
2016-04-08,24.68425941467285
2016-04-11,24.766035079956055
2016-04-12,25.088621139526367
2016-04-13,25.452091217041016
2016-04-14,25.46571922302246
2016-04-15,24.954587936401367
2016-04-18,24.416196823120117
2016-04-19,24.286712646484375
2016-04-20,24.336687088012695
2016-04-21,24.073169708251953
2016-04-22,24.007286071777344
2016-04-25,23.870986938476562
2016-04-26,23.70514678955078
2016-04-27,22.22173500061035
2016-04-28,21.54250144958496
2016-04-29,21.294883728027344
2016-05-02,21.272172927856445
2016-05-03,21.622013092041016
2016-05-04,21.397109985351562
2016-05-05,21.310256958007812
2016-05-06,21.191417694091797
2016-05-09,21.207412719726562
2016-05-10,21.351402282714844
2016-05-11,21.14341926574707
2016-05-12,20.6474552154541
2016-05-13,20.6886043548584
2016-05-16,21.4565372467041
2016-05-17,21.367393493652344
2016-05-18,21.611953735351562
2016-05-19,21.529672622680664
2016-05-20,21.76279640197754
2016-05-23,22.039344787597656
2016-05-24,22.37531089782715
2016-05-25,22.7684268951416
2016-05-26,22.948986053466797
2016-05-27,22.935274124145508
2016-05-31,22.82328224182129
2016-06-01,22.50330924987793
2016-06-02,22.334177017211914
2016-06-03,22.379894256591797
2016-06-06,22.542163848876953
2016-06-07,22.633586883544922
2016-06-08,22.613014221191406
2016-06-09,22.775283813476562
2016-06-10,22.587865829467773
2016-06-13,22.247323989868164
2016-06-14,22.274755477905273
2016-06-15,22.201614379882812
2016-06-16,22.29532241821289
2016-06-17,21.78792953491211
2016-06-20,21.735366821289062
2016-06-21,21.92049789428711
2016-06-22,21.838224411010742
2016-06-23,21.963924407958984
2016-06-24,21.346830368041992
2016-06-27,21.03599739074707
2016-06-28,21.39025115966797
2016-06-29,21.57537841796875
2016-06-30,21.849641799926758
2016-07-01,21.91592788696289
2016-07-05,21.71022605895996
2016-07-06,21.833648681640625
2016-07-07,21.927358627319336
2016-07-08,22.096481323242188
2016-07-11,22.165048599243164
2016-07-12,22.265607833862305
2016-07-13,22.139909744262695
2016-07-14,22.57872200012207
2016-07-15,22.576438903808594
2016-07-18,22.816421508789062
2016-07-19,22.8255672454834
2016-07-20,22.846134185791016
2016-07-21,22.724998474121094
2016-07-22,22.549020767211914
2016-07-25,22.247323989868164
2016-07-26,22.09419822692871
2016-07-27,23.529502868652344
2016-07-28,23.84719467163086
2016-07-29,23.81748390197754
2016-08-01,24.238025665283203
2016-08-02,23.879194259643555
2016-08-03,24.178600311279297
2016-08-04,24.327966690063477
2016-08-05,24.69792938232422
2016-08-08,24.902441024780273
2016-08-09,25.003549575805664
2016-08-10,24.817420959472656
2016-08-11,24.801332473754883
2016-08-12,24.858776092529297
2016-08-15,25.157512664794922
2016-08-16,25.13452911376953
2016-08-17,25.097759246826172
2016-08-18,25.065597534179688
2016-08-19,25.12993049621582
2016-08-22,24.93461036682129
2016-08-23,25.012739181518555
2016-08-24,24.824304580688477
2016-08-25,24.71860122680664
2016-08-26,24.57383918762207
2016-08-29,24.5462646484375
2016-08-30,24.357833862304688
2016-08-31,24.380813598632812
2016-09-01,24.52557945251465
2016-09-02,24.755374908447266
2016-09-06,24.74847984313965
2016-09-07,24.900146484375
2016-09-08,24.247539520263672
2016-09-09,23.69832992553711
2016-09-12,24.229145050048828
2016-09-13,24.805919647216797
2016-09-14,25.68372917175293
2016-09-15,26.55693244934082
2016-09-16,26.407573699951172
2016-09-19,26.099653244018555
2016-09-20,26.097352981567383
2016-09-21,26.092758178710938
2016-09-22,26.338632583618164
2016-09-23,25.89973258972168
2016-09-26,25.93879508972168
2016-09-27,25.9870548248291
2016-09-28,26.184675216674805
2016-09-29,25.777944564819336
2016-09-30,25.977853775024414
2016-10-03,25.856069564819336
2016-10-04,25.96636962890625
2016-10-05,25.977853775024414
2016-10-06,26.17088508605957
2016-10-07,26.209945678710938
2016-10-10,26.667232513427734
2016-10-11,26.72468376159668
2016-10-12,26.96366310119629
2016-10-13,26.880937576293945
2016-10-14,27.03029441833496
2016-10-17,27.011924743652344
2016-10-18,26.9935359954834
2016-10-19,26.913110733032227
2016-10-20,26.899322509765625
2016-10-21,26.793624877929688
2016-10-24,27.03490447998047
2016-10-25,27.17277717590332
2016-10-26,26.561527252197266
2016-10-27,26.306461334228516
2016-10-28,26.131820678710938
2016-10-31,26.090456008911133
2016-11-01,25.619386672973633
2016-11-02,25.642366409301758
2016-11-03,25.36751365661621
2016-11-04,25.138843536376953
2016-11-07,25.50147247314453
2016-11-08,25.6516056060791
2016-11-09,25.610027313232422
2016-11-10,24.896333694458008
2016-11-11,25.044153213500977
2016-11-14,24.415908813476562
2016-11-15,24.73927116394043
2016-11-16,25.404460906982422
2016-11-17,25.395219802856445
2016-11-18,25.42063331604004
2016-11-21,25.806360244750977
2016-11-22,25.82252311706543
2016-11-23,25.690872192382812
2016-11-25,25.820213317871094
2016-11-28,25.76940155029297
2016-11-29,25.74399757385254
2016-11-30,25.52688217163086
2016-12-01,25.28898048400879
2016-12-02,25.383676528930664
2016-12-05,25.201210021972656
2016-12-06,25.395219802856445
2016-12-07,25.644676208496094
2016-12-08,25.896434783935547
2016-12-09,26.319107055664062
2016-12-12,26.16897964477539
2016-12-13,26.605506896972656
2016-12-14,26.605506896972656
2016-12-15,26.751028060913086
2016-12-16,26.785673141479492
2016-12-19,26.940420150756836
2016-12-20,27.012022018432617
2016-12-21,27.037429809570312
2016-12-22,26.859580993652344
2016-12-23,26.91270637512207
2016-12-27,27.083620071411133
2016-12-28,26.968135833740234
2016-12-29,26.961212158203125
2016-12-30,26.751028060913086
2017-01-03,26.827245712280273
2017-01-04,26.797218322753906
2017-01-05,26.933494567871094
2017-01-06,27.233755111694336
2017-01-09,27.48320198059082
2017-01-10,27.510921478271484
2017-01-11,27.65873908996582
2017-01-12,27.543254852294922
2017-01-13,27.4947566986084
2017-01-17,27.716482162475586
2017-01-18,27.71417236328125
2017-01-19,27.665666580200195
2017-01-20,27.716482162475586
2017-01-23,27.734962463378906
2017-01-24,27.70954704284668
2017-01-25,28.150707244873047
2017-01-26,28.164567947387695
2017-01-27,28.166879653930664
2017-01-30,28.092966079711914
2017-01-31,28.028289794921875
2017-02-01,29.737478256225586
2017-02-02,29.686662673950195
2017-02-03,29.813697814941406
2017-02-06,30.093170166015625
2017-02-07,30.379568099975586
2017-02-08,30.497371673583984
2017-02-09,30.71774673461914
2017-02-10,30.64815330505371
2017-02-13,30.9195556640625
2017-02-14,31.320877075195312
2017-02-15,31.434532165527344
2017-02-16,31.397422790527344
2017-02-17,31.483253479003906
2017-02-21,31.710575103759766
2017-02-22,31.8056697845459
2017-02-23,31.671142578125
2017-02-24,31.701309204101562
2017-02-27,31.763944625854492
2017-02-28,31.777862548828125
2017-03-01,32.42737579345703
2017-03-02,32.23484420776367
2017-03-03,32.42505645751953
2017-03-06,32.32300567626953
2017-03-07,32.36474609375
2017-03-08,32.24412155151367
2017-03-09,32.16987991333008
2017-03-10,32.276611328125
2017-03-13,32.29051208496094
2017-03-14,32.24180221557617
2017-03-15,32.58280944824219
2017-03-16,32.63614273071289
2017-03-17,32.4737663269043
2017-03-20,32.81477737426758
2017-03-21,32.43897247314453
2017-03-22,32.80549240112305
2017-03-23,32.68950271606445
2017-03-24,32.62455368041992
2017-03-27,32.680233001708984
2017-03-28,33.357582092285156
2017-03-29,33.43181610107422
2017-03-30,33.38774490356445
2017-03-31,33.32511520385742
2017-04-03,33.33439254760742
2017-04-04,33.58258819580078
2017-04-05,33.408626556396484
2017-04-06,33.32511520385742
2017-04-07,33.25088119506836
2017-04-10,33.211448669433594
2017-04-11,32.85419845581055
2017-04-12,32.89364242553711
2017-04-13,32.71966552734375
2017-04-17,32.90060043334961
2017-04-18,32.754459381103516
2017-04-19,32.63383102416992
2017-04-20,33.042110443115234
2017-04-21,33.002681732177734
2017-04-24,33.32047653198242
2017-04-25,33.52692794799805
2017-04-26,33.32975387573242
2017-04-27,33.35527038574219
2017-04-28,33.322792053222656
2017-05-01,34.00246810913086
2017-05-02,34.218196868896484
2017-05-03,34.11381912231445
2017-05-04,33.99087142944336
2017-05-05,34.5545654296875
2017-05-08,35.49405288696289
2017-05-09,35.72138977050781
2017-05-10,35.55204391479492
2017-05-11,35.85950469970703
2017-05-12,36.36029815673828
2017-05-15,36.26713943481445
2017-05-16,36.21356201171875
2017-05-17,34.997676849365234
2017-05-18,35.53107452392578
2017-05-19,35.652198791503906
2017-05-22,35.86882781982422
2017-05-23,35.82456970214844
2017-05-24,35.7174186706543
2017-05-25,35.84088134765625
2017-05-26,35.78031539916992
2017-05-30,35.79430389404297
2017-05-31,35.582313537597656
2017-06-01,35.68014907836914
2017-06-02,36.208900451660156
2017-06-05,35.85484313964844
2017-06-06,35.97596740722656
2017-06-07,36.190269470214844
2017-06-08,36.101749420166016
2017-06-09,34.701847076416016
2017-06-12,33.87261962890625
2017-06-13,34.145137786865234
2017-06-14,33.81206512451172
2017-06-15,33.60940933227539
2017-06-16,33.13889694213867
2017-06-19,34.086917877197266
2017-06-20,33.77711486816406
2017-06-21,33.977439880371094
2017-06-22,33.92152404785156
2017-06-23,34.07292938232422
2017-06-26,33.96578598022461
2017-06-27,33.47896957397461
2017-06-28,33.96812438964844
2017-06-29,33.46732711791992
2017-06-30,33.54651641845703
2017-07-03,33.425384521484375
2017-07-05,33.56282043457031
2017-07-06,33.24602508544922
2017-07-07,33.58380126953125
2017-07-10,33.78876495361328
2017-07-11,33.89824295043945
2017-07-12,33.94715881347656
2017-07-13,34.420005798339844
2017-07-14,34.71581268310547
2017-07-17,34.83694839477539
2017-07-18,34.95805740356445
2017-07-19,35.17702102661133
2017-07-20,35.01862716674805
2017-07-21,35.002315521240234
2017-07-24,35.42626190185547
2017-07-25,35.57766342163086
2017-07-26,35.745365142822266
2017-07-27,35.06987380981445
2017-07-28,34.822975158691406
2017-07-31,34.643619537353516
2017-08-01,34.951087951660156
2017-08-02,36.60254669189453
2017-08-03,36.23685073852539
2017-08-04,36.427852630615234
2017-08-07,36.99154281616211
2017-08-08,37.28736114501953
2017-08-09,37.5156364440918
2017-08-10,36.3206901550293
2017-08-11,36.8257942199707
2017-08-14,37.380008697509766
2017-08-15,37.78923797607422
2017-08-16,37.63724136352539
2017-08-17,36.91464614868164
2017-08-18,36.83047866821289
2017-08-21,36.76266098022461
2017-08-22,37.363643646240234
2017-08-23,37.4104118347168
2017-08-24,37.244384765625
2017-08-25,37.3823356628418
2017-08-28,37.75883483886719
2017-08-29,38.095584869384766
2017-08-30,38.1984748840332
2017-08-31,38.3504753112793
2017-09-01,38.362159729003906
2017-09-05,37.90147399902344
2017-09-06,37.861724853515625
2017-09-07,37.709739685058594
2017-09-08,37.0947151184082
2017-09-11,37.76585006713867
2017-09-12,37.61619567871094
2017-09-13,37.33323287963867
2017-09-14,37.012882232666016
2017-09-15,37.38702392578125
2017-09-18,37.104068756103516
2017-09-19,37.11809539794922
2017-09-20,36.49608612060547
2017-09-21,35.8693733215332
2017-09-22,35.518611907958984
2017-09-25,35.205257415771484
2017-09-26,35.81092071533203
2017-09-27,36.06580352783203
2017-09-28,35.843650817871094
2017-09-29,36.040077209472656
2017-10-02,35.96757888793945
2017-10-03,36.124263763427734
2017-10-04,35.890419006347656
2017-10-05,36.337059020996094
2017-10-06,36.316017150878906
2017-10-09,36.44228744506836
2017-10-10,36.456321716308594
2017-10-11,36.60831069946289
2017-10-12,36.479705810546875
2017-10-13,36.711212158203125
2017-10-16,37.38702392578125
2017-10-17,37.524986267089844
2017-10-18,37.35896301269531
2017-10-19,36.47500991821289
2017-10-20,36.538169860839844
2017-10-23,36.519466400146484
2017-10-24,36.736942291259766
2017-10-25,36.57558822631836
2017-10-26,36.8094367980957
2017-10-27,38.12831497192383
2017-10-30,38.986507415771484
2017-10-31,39.52903747558594
2017-11-01,39.02627944946289
2017-11-02,39.31156539916992
2017-11-03,40.33814239501953
2017-11-06,40.74737548828125
2017-11-07,40.878326416015625
2017-11-08,41.21271514892578
2017-11-09,41.1285285949707
2017-11-10,40.99241256713867
2017-11-13,40.82813262939453
2017-11-14,40.210914611816406
2017-11-15,39.6805305480957
2017-11-16,40.15459060668945
2017-11-17,39.931636810302734
2017-11-20,39.891746520996094
2017-11-21,40.633358001708984
2017-11-22,41.06047821044922
2017-11-24,41.062828063964844
2017-11-27,40.856300354003906
2017-11-28,40.616920471191406
2017-11-29,39.774391174316406
2017-11-30,40.33061981201172
2017-12-01,40.14286422729492
2017-12-04,39.84949493408203
2017-12-05,39.81195068359375
2017-12-06,39.664093017578125
2017-12-07,39.736854553222656
2017-12-08,39.74858474731445
2017-12-11,40.52304458618164
2017-12-12,40.29539489746094
2017-12-13,40.429161071777344
2017-12-14,40.417449951171875
2017-12-15,40.82813262939453
2017-12-18,41.40311813354492
2017-12-19,40.9619026184082
2017-12-20,40.91732406616211
2017-12-21,41.07221221923828
2017-12-22,41.07221221923828
2017-12-26,40.030208587646484
2017-12-27,40.03725051879883
2017-12-28,40.14988708496094
2017-12-29,39.715721130371094
2018-01-02,40.42681884765625
2018-01-03,40.4197883605957
2018-01-04,40.60753631591797
2018-01-05,41.06986618041992
2018-01-08,40.91732406616211
2018-01-09,40.912620544433594
2018-01-10,40.90324020385742
2018-01-11,41.13557052612305
2018-01-12,41.56035614013672
2018-01-16,41.3491325378418
2018-01-17,42.03206253051758
2018-01-18,42.06962585449219
2018-01-19,41.881874084472656
2018-01-22,41.53923034667969
2018-01-23,41.548606872558594
2018-01-24,40.88681411743164
2018-01-25,40.15694808959961
2018-01-26,40.250816345214844
2018-01-29,39.417686462402344
2018-01-30,39.18534469604492
2018-01-31,39.293296813964844
2018-02-01,39.37543487548828
2018-02-02,37.66693878173828
2018-02-05,36.72583770751953
2018-02-06,38.260684967041016
2018-02-07,37.44163131713867
2018-02-08,36.411373138427734
2018-02-09,36.85673141479492
2018-02-12,38.34127426147461
2018-02-13,38.72536087036133
2018-02-14,39.43935775756836
2018-02-15,40.763668060302734
2018-02-16,40.6317024230957
2018-02-20,40.495052337646484
2018-02-21,40.31123352050781
2018-02-22,40.6482048034668
2018-02-23,41.355133056640625
2018-02-26,42.17280578613281
2018-02-27,42.03614044189453
2018-02-28,41.97250747680664
2018-03-01,41.23731231689453
2018-03-02,41.522438049316406
2018-03-05,41.66618347167969
2018-03-06,41.630836486816406
2018-03-07,41.2443733215332
2018-03-08,41.694461822509766
2018-03-09,42.410804748535156
2018-03-12,42.820823669433594
2018-03-13,42.40845489501953
2018-03-14,42.047916412353516
2018-03-15,42.09739685058594
2018-03-16,41.94894790649414
2018-03-19,41.3079948425293
2018-03-20,41.293861389160156
2018-03-21,40.358367919921875
2018-03-22,39.788116455078125
2018-03-23,38.86674880981445
2018-03-26,40.711822509765625
2018-03-27,39.667938232421875
2018-03-28,39.22964096069336
2018-03-29,39.535972595214844
2018-04-02,39.27676773071289
2018-04-03,39.679718017578125
2018-04-04,40.438480377197266
2018-04-05,40.71889877319336
2018-04-06,39.67736053466797
2018-04-09,40.07087326049805
2018-04-10,40.82493209838867
2018-04-11,40.634063720703125
2018-04-12,41.03465270996094
2018-04-13,41.173683166503906
2018-04-16,41.4305419921875
2018-04-17,42.00079345703125
2018-04-18,41.906532287597656
2018-04-19,40.71889877319336
2018-04-20,39.05054473876953
2018-04-23,38.93744659423828
2018-04-24,38.39546585083008
2018-04-25,38.562782287597656
2018-04-26,38.69709396362305
2018-04-27,38.249359130859375
2018-04-30,38.94216537475586
2018-05-01,39.84701156616211
2018-05-02,41.60726547241211
2018-05-03,41.68266677856445
2018-05-04,43.31803512573242
2018-05-07,43.63142776489258
2018-05-08,43.84114456176758
2018-05-09,44.14984893798828
2018-05-10,44.78136444091797
2018-05-11,44.61104202270508
2018-05-14,44.5069580078125
2018-05-15,44.10247039794922
2018-05-16,44.5140495300293
2018-05-17,44.23256301879883
2018-05-18,44.07169723510742
2018-05-21,44.38395690917969
2018-05-22,44.27278137207031
2018-05-23,44.556636810302734
2018-05-24,44.5069580078125
2018-05-25,44.608680725097656
2018-05-29,44.44783020019531
2018-05-30,44.35321044921875
2018-05-31,44.20417404174805
2018-06-01,45.00135803222656
2018-06-04,45.37746047973633
2018-06-05,45.72756576538086
2018-06-06,45.88603973388672
2018-06-07,45.76304626464844
2018-06-08,45.34670639038086
2018-06-11,45.23553466796875
2018-06-12,45.48391342163086
2018-06-13,45.110164642333984
2018-06-14,45.133819580078125
2018-06-15,44.67018508911133
2018-06-18,44.64651870727539
2018-06-19,43.92505645751953
2018-06-20,44.11664962768555
2018-06-21,43.87063217163086
2018-06-22,43.74290084838867
2018-06-25,43.09238815307617
2018-06-26,43.62699508666992
2018-06-27,43.56312561035156
2018-06-28,43.88010025024414
2018-06-29,43.78784942626953
2018-07-02,44.27750015258789
2018-07-03,43.50635528564453
2018-07-05,43.856441497802734
2018-07-06,44.46437454223633
2018-07-09,45.0817756652832
2018-07-10,45.027374267578125
2018-07-11,44.443084716796875
2018-07-12,45.18822479248047
2018-07-13,45.25918960571289
2018-07-16,45.15984344482422
2018-07-17,45.287574768066406
2018-07-18,45.03919982910156
2018-07-19,45.38929748535156
2018-07-20,45.285213470458984
2018-07-23,45.3254280090332
2018-07-24,45.65422439575195
2018-07-25,46.08475875854492
2018-07-26,45.940460205078125
2018-07-27,45.1763916015625
2018-07-30,44.92329025268555
2018-07-31,45.01318359375
2018-08-01,47.6649169921875
2018-08-02,49.05818176269531
2018-08-03,49.20012664794922
2018-08-06,49.455596923828125
2018-08-07,48.9919548034668
2018-08-08,49.02507400512695
2018-08-09,49.41064453125
2018-08-10,49.26347732543945
2018-08-13,49.581565856933594
2018-08-14,49.79046630859375
2018-08-15,49.906776428222656
2018-08-16,50.63790512084961
2018-08-17,51.64915084838867
2018-08-20,51.14590835571289
2018-08-21,51.046199798583984
2018-08-22,51.048580169677734
2018-08-23,51.15303039550781
2018-08-24,51.31206130981445
2018-08-27,51.73460006713867
2018-08-28,52.15239334106445
2018-08-29,52.930999755859375
2018-08-30,53.41762924194336
2018-08-31,54.03481674194336
2018-09-04,54.20810317993164
2018-09-05,53.85439682006836
2018-09-06,52.9594841003418
2018-09-07,52.532203674316406
2018-09-10,51.82719039916992
2018-09-11,53.13752746582031
2018-09-12,52.47761154174805
2018-09-13,53.745216369628906
2018-09-14,53.1351318359375
2018-09-17,51.720367431640625
2018-09-18,51.80583190917969
2018-09-19,51.83667755126953
2018-09-20,52.23072052001953
2018-09-21,51.66813659667969
2018-09-24,52.411136627197266
2018-09-25,52.74347686767578
2018-09-26,52.323307037353516
2018-09-27,53.39863967895508
2018-09-28,53.58616256713867
2018-10-01,53.946983337402344
2018-10-02,54.426490783691406
2018-10-03,55.08878707885742
2018-10-04,54.120269775390625
2018-10-05,53.24197006225586
2018-10-08,53.118526458740234
2018-10-09,53.85439682006836
2018-10-10,51.35954284667969
2018-10-11,50.90614318847656
2018-10-12,52.72447967529297
2018-10-15,51.5969352722168
2018-10-16,52.73396682739258
2018-10-17,52.50608444213867
2018-10-18,51.27884292602539
2018-10-19,52.059810638427734
2018-10-22,52.37790298461914
2018-10-23,52.87165832519531
2018-10-24,51.058074951171875
2018-10-25,52.17613220214844
2018-10-26,51.345298767089844
2018-10-29,50.381534576416016
2018-10-30,50.63316345214844
2018-10-31,51.952999114990234
2018-11-01,52.750587463378906
2018-11-02,49.25160217285156
2018-11-05,47.853431701660156
2018-11-06,48.37092971801758
2018-11-07,49.83794021606445
2018-11-08,49.664039611816406
2018-11-09,48.70645523071289
2018-11-12,46.25290298461914
2018-11-13,45.790771484375
2018-11-14,44.4973030090332
2018-11-15,45.59545135498047
2018-11-16,46.1004524230957
2018-11-19,44.27338790893555
2018-11-20,42.15810775756836
2018-11-21,42.11045455932617
2018-11-23,41.04090881347656
2018-11-26,41.5959358215332
2018-11-27,41.50542068481445
2018-11-28,43.10141372680664
2018-11-29,42.77029800415039
2018-11-30,42.53922653198242
2018-12-03,44.02565002441406
2018-12-04,42.08902359008789
2018-12-06,41.6197509765625
2018-12-07,40.135719299316406
2018-12-10,40.400115966796875
2018-12-11,40.16905975341797
2018-12-12,40.2810173034668
2018-12-13,40.72169876098633
2018-12-14,39.418697357177734
2018-12-17,39.0518684387207
2018-12-18,39.55925750732422
2018-12-19,38.32532501220703
2018-12-20,37.35820388793945
2018-12-21,35.90513229370117
2018-12-24,34.97612762451172
2018-12-26,37.43920135498047
2018-12-27,37.196231842041016
2018-12-28,37.21528244018555
2018-12-31,37.574981689453125
2019-01-02,37.61784744262695
2019-01-03,33.8708381652832
2019-01-04,35.31675338745117
2019-01-07,35.2381591796875
2019-01-08,35.9099006652832
2019-01-09,36.51970672607422
2019-01-10,36.63642883300781
2019-01-11,36.27674102783203
2019-01-14,35.73125076293945
2019-01-15,36.46253967285156
2019-01-16,36.907997131347656
2019-01-17,37.127140045166016
2019-01-18,37.35581970214844
2019-01-22,36.51732635498047
2019-01-23,36.66501235961914
2019-01-24,36.37440490722656
2019-01-25,37.579734802246094
2019-01-28,37.231956481933594
2019-01-29,36.8460578918457
2019-01-30,39.36391830444336
2019-01-31,39.64738464355469
2019-02-01,39.66644287109375
2019-02-04,40.79316711425781
2019-02-05,41.491119384765625
2019-02-06,41.50542068481445
2019-02-07,40.71932601928711
2019-02-08,40.76717758178711
2019-02-11,40.5327262878418
2019-02-12,40.881996154785156
2019-02-13,40.7121467590332
2019-02-14,40.8604736328125
2019-02-15,40.769569396972656
2019-02-19,40.89156723022461
2019-02-20,41.15472412109375
2019-02-21,40.92266082763672
2019-02-22,41.37959289550781
2019-02-25,41.681034088134766
2019-02-26,41.7049560546875
2019-02-27,41.834136962890625
2019-02-28,41.422664642333984
2019-03-01,41.85805130004883
2019-03-04,42.068580627441406
2019-03-05,41.99203109741211
2019-03-06,41.75041198730469
2019-03-07,41.267154693603516
2019-03-08,41.36524963378906
2019-03-11,42.798221588134766
2019-03-12,43.27908706665039
2019-03-13,43.47047805786133
2019-03-14,43.953712463378906
2019-03-15,44.525474548339844
2019-03-18,44.98001480102539
2019-03-19,44.62355422973633
2019-03-20,45.01350784301758
2019-03-21,46.67137145996094
2019-03-22,45.70487594604492
2019-03-25,45.15225601196289
2019-03-26,44.68574523925781
2019-03-27,45.087669372558594
2019-03-28,45.1474723815918
2019-03-29,45.44173049926758
2019-04-01,45.75033950805664
2019-04-02,46.41539001464844
2019-04-03,46.73357009887695
2019-04-04,46.814910888671875
2019-04-05,47.128292083740234
2019-04-08,47.86990737915039
2019-04-09,47.72636413574219
2019-04-10,47.99430465698242
2019-04-11,47.59479904174805
2019-04-12,47.57564163208008
2019-04-15,47.661781311035156
2019-04-16,47.666561126708984
2019-04-17,48.59477615356445
2019-04-18,48.769412994384766
2019-04-22,48.92969512939453
2019-04-23,49.635414123535156
2019-04-24,49.558876037597656
2019-04-25,49.10911178588867
2019-04-26,48.87467575073242
2019-04-29,48.94883728027344
2019-04-30,48.00627136230469
2019-05-01,50.362693786621094
2019-05-02,50.034942626953125
2019-05-03,50.656925201416016
2019-05-06,49.87465286254883
2019-05-07,48.530189514160156
2019-05-08,48.53974533081055
2019-05-09,48.018226623535156
2019-05-10,47.3530158996582
2019-05-13,44.60087966918945
2019-05-14,45.30692672729492
2019-05-15,45.84965515136719
2019-05-16,45.6479377746582
2019-05-17,45.388580322265625
2019-05-20,43.969276428222656
2019-05-21,44.81221389770508
2019-05-22,43.894832611083984
2019-05-23,43.14556884765625
2019-05-24,42.97986602783203
2019-05-28,42.80214309692383
2019-05-29,42.59803009033203
2019-05-30,42.81895446777344
2019-05-31,42.04326629638672
2019-06-03,41.61819839477539
2019-06-04,43.1407585144043
2019-06-05,43.83719253540039
2019-06-06,44.480804443359375
2019-06-07,45.66474151611328
2019-06-10,46.24832534790039
2019-06-11,46.78384780883789
2019-06-12,46.63495635986328
2019-06-13,46.6253547668457
2019-06-14,46.28673553466797
2019-06-17,46.56291198730469
2019-06-18,47.65800094604492
2019-06-19,47.51871871948242
2019-06-20,47.90055465698242
2019-06-21,47.73725891113281
2019-06-24,47.68922424316406
2019-06-25,46.966365814208984
2019-06-26,47.982215881347656
2019-06-27,47.96780014038086
2019-06-28,47.530723571777344
2019-07-01,48.4024658203125
2019-07-02,48.685855865478516
2019-07-03,49.08930206298828
2019-07-05,49.04607391357422
2019-07-08,48.0350456237793
2019-07-09,48.32802963256836
2019-07-10,48.80593490600586
2019-07-11,48.45050811767578
2019-07-12,48.8227424621582
2019-07-15,49.28142547607422
2019-07-16,49.110931396484375
2019-07-17,48.83474349975586
2019-07-18,49.38949966430664
2019-07-19,48.6522331237793
2019-07-22,49.76413345336914
2019-07-23,50.15317153930664
2019-07-24,50.11235427856445
2019-07-25,49.716094970703125
2019-07-26,49.889007568359375
2019-07-29,50.35490036010742
2019-07-30,50.138771057128906
2019-07-31,51.161808013916016
2019-08-01,50.054710388183594
2019-08-02,48.99563980102539
2019-08-05,46.43082809448242
2019-08-06,47.309783935546875
2019-08-07,47.799705505371094
2019-08-08,48.85395812988281
2019-08-09,48.45138168334961
2019-08-12,48.32843017578125
2019-08-13,50.37506103515625
2019-08-14,48.87565231323242
2019-08-15,48.632179260253906
2019-08-16,49.77962875366211
2019-08-19,50.707740783691406
2019-08-20,50.71014404296875
2019-08-21,51.2597770690918
2019-08-22,51.216373443603516
2019-08-23,48.84913635253906
2019-08-26,49.7772216796875
2019-08-27,49.21554183959961
2019-08-28,49.54581069946289
2019-08-29,50.38470458984375
2019-08-30,50.31962203979492
2019-09-03,49.586788177490234
2019-09-04,50.428104400634766
2019-09-05,51.41404724121094
2019-09-06,51.40922164916992
2019-09-09,51.628597259521484
2019-09-10,52.23849868774414
2019-09-11,53.899410247802734
2019-09-12,53.77888107299805
2019-09-13,52.73267364501953
2019-09-16,53.00989532470703
2019-09-17,53.2027473449707
2019-09-18,53.701744079589844
2019-09-19,53.265419006347656
2019-09-20,52.486785888671875
2019-09-23,52.72544479370117
2019-09-24,52.4747314453125
2019-09-25,53.28228759765625
2019-09-26,53.007476806640625
2019-09-27,52.749542236328125
2019-09-30,53.991024017333984
2019-10-01,54.140480041503906
2019-10-02,52.78329086303711
2019-10-03,53.23167419433594
2019-10-04,54.723846435546875
2019-10-07,54.73590850830078
2019-10-08,54.094669342041016
2019-10-09,54.72868347167969
2019-10-10,55.46633529663086
2019-10-11,56.941646575927734
2019-10-14,56.85967254638672
2019-10-15,56.727088928222656
2019-10-16,56.49808120727539
2019-10-17,56.717445373535156
2019-10-18,56.9898567199707
2019-10-21,57.978214263916016
2019-10-22,57.84563446044922
2019-10-23,58.621849060058594
2019-10-24,58.71827697753906
2019-10-25,59.44147491455078
2019-10-28,60.036903381347656
2019-10-29,58.648372650146484
2019-10-30,58.64113998413086
2019-10-31,59.96698760986328
2019-11-01,61.66890335083008
2019-11-04,62.07389831542969
2019-11-05,61.984703063964844
2019-11-06,62.011199951171875
2019-11-07,62.726905822753906
2019-11-08,62.8985710144043
2019-11-11,63.39664840698242
2019-11-12,63.33861541748047
2019-11-13,63.94551467895508
2019-11-14,63.50303268432617
2019-11-15,64.25740814208984
2019-11-18,64.58139038085938
2019-11-19,64.38555908203125
2019-11-20,63.636016845703125
2019-11-21,63.350711822509766
2019-11-22,63.295108795166016
2019-11-25,64.40491485595703
2019-11-26,63.9019660949707
2019-11-27,64.76032257080078
2019-11-29,64.61766052246094
2019-12-02,63.870548248291016
2019-12-03,62.73174285888672
2019-12-04,63.28542709350586
2019-12-05,64.21389770507812
2019-12-06,65.4542465209961
2019-12-09,64.53788757324219
2019-12-10,64.91507720947266
2019-12-11,65.46875762939453
2019-12-12,65.63561248779297
2019-12-13,66.5278091430664
2019-12-16,67.66661071777344
2019-12-17,67.7995834350586
2019-12-18,67.63758850097656
2019-12-19,67.70529174804688
2019-12-20,67.5650634765625
2019-12-23,68.66761779785156
2019-12-24,68.73290252685547
2019-12-26,70.0965805053711
2019-12-27,70.06995391845703
2019-12-30,70.48584747314453
2019-12-31,71.00086212158203
2020-01-02,72.62084197998047
2020-01-03,71.9148178100586
2020-01-06,72.48785400390625
2020-01-07,72.14693450927734
2020-01-08,73.30751037597656
2020-01-09,74.8646011352539
2020-01-10,75.03386688232422
2020-01-13,76.63691711425781
2020-01-14,75.6020736694336
2020-01-15,75.27809143066406
2020-01-16,76.22106170654297
2020-01-17,77.06488037109375
2020-01-21,76.54263305664062
2020-01-22,76.81584930419922
2020-01-23,77.18579864501953
2020-01-24,76.96334075927734
2020-01-27,74.70022583007812
2020-01-28,76.81342315673828
2020-01-29,78.42131042480469
2020-01-30,78.30767822265625
2020-01-31,74.83561706542969
2020-02-03,74.63008880615234
2020-02-04,77.09391021728516
2020-02-05,77.72254943847656
2020-02-06,78.63166809082031
2020-02-07,77.56285858154297
2020-02-10,77.93124389648438
2020-02-11,77.4610595703125
2020-02-12,79.30057525634766
2020-02-13,78.73587799072266
2020-02-14,78.7552719116211
2020-02-18,77.31320190429688
2020-02-19,78.43292999267578
2020-02-20,77.62828826904297
2020-02-21,75.87115478515625
2020-02-24,72.26725006103516
2020-02-25,69.81939697265625
2020-02-26,70.927001953125
2020-02-27,66.2906265258789
2020-02-28,66.2518539428711
2020-03-02,72.41996002197266
2020-03-03,70.11994171142578
2020-03-04,73.3724365234375
2020-03-05,70.99243927001953
2020-03-06,70.04964447021484
2020-03-09,64.50928497314453
2020-03-10,69.15534973144531
2020-03-11,66.7535400390625
2020-03-12,60.161312103271484
2020-03-13,67.369140625
2020-03-16,58.702301025390625
2020-03-17,61.283451080322266
2020-03-18,59.78323745727539
2020-03-19,59.32517623901367
2020-03-20,55.55887985229492
2020-03-23,54.37858963012695
2020-03-24,59.83414077758789
2020-03-25,59.504520416259766
2020-03-26,62.635826110839844
2020-03-27,60.04256820678711
2020-03-30,61.75605392456055
2020-03-31,61.630027770996094
2020-04-01,58.387245178222656
2020-04-02,59.36152648925781
2020-04-03,58.5084228515625
2020-04-06,63.612545013427734
2020-04-07,62.87577438354492
2020-04-08,64.48503875732422
2020-04-09,64.95037078857422
2020-04-13,66.22521209716797
2020-04-14,69.56976318359375
2020-04-15,68.9347915649414
2020-04-16,69.4825439453125
2020-04-17,68.53974151611328
2020-04-20,67.11707305908203
2020-04-21,65.04247283935547
2020-04-22,66.91593933105469
2020-04-23,66.65660858154297
2020-04-24,68.5809326171875
2020-04-27,68.6294174194336
2020-04-28,67.51698303222656
2020-04-29,69.7345962524414
2020-04-30,71.20572662353516
2020-05-01,70.05933380126953
2020-05-04,71.05060577392578
2020-05-05,72.11700439453125
2020-05-06,72.86107635498047
2020-05-07,73.61479949951172
2020-05-08,75.36695861816406
2020-05-11,76.5528793334961
2020-05-12,75.67800903320312
2020-05-13,74.76425170898438
2020-05-14,75.22356414794922
2020-05-15,74.77883911132812
2020-05-18,76.54071807861328
2020-05-19,76.09841918945312
2020-05-20,77.57841491699219
2020-05-21,77.00003051757812
2020-05-22,77.49578857421875
2020-05-26,76.97086334228516
2020-05-27,77.30622100830078
2020-05-28,77.3402328491211
2020-05-29,77.26490020751953
2020-06-01,78.21510314941406
2020-06-02,78.57720947265625
2020-06-03,79.00978088378906
2020-06-04,78.32935333251953
2020-06-05,80.56021881103516
2020-06-08,81.03654479980469
2020-06-09,83.59552001953125
2020-06-10,85.7462158203125
2020-06-11,81.62950134277344
2020-06-12,82.33424377441406
2020-06-15,83.35248565673828
2020-06-16,85.56153106689453
2020-06-17,85.44245147705078
2020-06-18,85.4764633178711
2020-06-19,84.98799133300781
2020-06-22,87.21160888671875
2020-06-23,89.07312774658203
2020-06-24,87.50078582763672
2020-06-25,88.66242980957031
2020-06-26,85.9382095336914
2020-06-29,87.9188003540039
2020-06-30,88.65270233154297
2020-07-01,88.48502349853516
2020-07-02,88.48502349853516
2020-07-06,90.85199737548828
2020-07-07,90.57011413574219
2020-07-08,92.67948913574219
2020-07-09,93.07805633544922
2020-07-10,93.2408676147461
2020-07-13,92.81072235107422
2020-07-14,94.34660339355469
2020-07-15,94.9954605102539
2020-07-16,93.82655334472656
2020-07-17,93.63697814941406
2020-07-20,95.61027526855469
2020-07-21,94.29070281982422
2020-07-22,94.55560302734375
2020-07-23,90.25173950195312
2020-07-24,90.02816009521484
2020-07-27,92.16185760498047
2020-07-28,90.64787292480469
2020-07-29,92.38545227050781
2020-07-30,93.50332641601562
2020-07-31,103.29206085205078
2020-08-03,105.89479064941406
2020-08-04,106.60197448730469
2020-08-05,106.98836517333984
2020-08-06,110.72108459472656
2020-08-07,108.20377349853516
2020-08-10,109.77649688720703
2020-08-11,106.51175689697266
2020-08-12,110.05159759521484
2020-08-13,111.99922943115234
2020-08-14,111.89942932128906
2020-08-17,111.60726928710938
2020-08-18,112.53728485107422
2020-08-19,112.67848205566406
2020-08-20,115.17875671386719
2020-08-21,121.11418914794922
2020-08-24,122.56277465820312
2020-08-25,121.55729675292969
2020-08-26,123.21035766601562
2020-08-27,121.73747253417969
2020-08-28,121.54027557373047
2020-08-31,125.6619644165039
2020-09-01,130.66738891601562
2020-09-02,127.96013641357422
2020-09-03,117.71556091308594
2020-09-04,117.79347229003906
2020-09-08,109.8665771484375
2020-09-09,114.2487564086914
2020-09-10,110.51902770996094
2020-09-11,109.06803894042969
2020-09-14,112.340087890625
2020-09-15,112.5153579711914
2020-09-16,109.19463348388672
2020-09-17,107.45149230957031
2020-09-18,104.04309844970703
2020-09-21,107.19830322265625
2020-09-22,108.88301086425781
2020-09-23,104.3157958984375
2020-09-24,105.38700103759766
2020-09-25,109.34070587158203
2020-09-28,111.95055389404297
2020-09-29,111.10333251953125
2020-09-30,112.77831268310547
2020-10-01,113.73263549804688
2020-10-02,110.06131744384766
2020-10-05,113.45023345947266
2020-10-06,110.19767761230469
2020-10-07,112.0674057006836
2020-10-08,111.96028900146484
2020-10-09,113.90795135498047
2020-10-12,121.1434097290039
2020-10-13,117.92980194091797
2020-10-14,118.01746368408203
2020-10-15,117.55001831054688
2020-10-16,115.90426635742188
2020-10-19,112.94384002685547
2020-10-20,114.43380737304688
2020-10-21,113.81053161621094
2020-10-22,112.71986389160156
2020-10-23,112.02845001220703
2020-10-26,112.03817749023438
2020-10-27,113.5476303100586
2020-10-28,108.28897857666016
2020-10-29,112.3011245727539
2020-10-30,106.0102310180664
2020-11-02,105.92259979248047
2020-11-03,107.54886627197266
2020-11-04,111.94080352783203
2020-11-05,115.91401672363281
2020-11-06,115.78231048583984
2020-11-09,113.47036743164062
2020-11-10,113.12894439697266
2020-11-11,116.56271362304688
2020-11-12,116.28956604003906
2020-11-13,116.33834838867188
2020-11-16,117.35289001464844
2020-11-17,116.46517944335938
2020-11-18,115.13846588134766
2020-11-19,115.7335433959961
2020-11-20,114.46537780761719
2020-11-23,111.06086730957031
2020-11-24,112.3485336303711
2020-11-25,113.18748474121094
2020-11-27,113.73374938964844
2020-11-30,116.13351440429688
2020-12-01,119.71359252929688
2020-12-02,120.06475067138672
2020-12-03,119.92818450927734
2020-12-04,119.2551040649414
2020-12-07,120.71833801269531
2020-12-08,121.33292388916016
2020-12-09,118.7966079711914
2020-12-10,120.22084045410156
2020-12-11,119.41118621826172
2020-12-14,118.7966079711914
2020-12-15,124.7471694946289
2020-12-16,124.67887878417969
2020-12-17,125.5470962524414
2020-12-18,123.55706024169922
2020-12-21,125.08859252929688
2020-12-22,128.64915466308594
2020-12-23,127.75170135498047
2020-12-24,128.73696899414062
2020-12-28,133.3413543701172
2020-12-29,131.56593322753906
2020-12-30,130.44410705566406
2020-12-31,129.43931579589844
2021-01-04,126.23968505859375
2021-01-05,127.80046844482422
2021-01-06,123.49851989746094
2021-01-07,127.71270751953125
2021-01-08,128.81503295898438
2021-01-11,125.82023620605469
2021-01-12,125.6446304321289
2021-01-13,127.68343353271484
2021-01-14,125.75196075439453
2021-01-15,124.0252914428711
2021-01-19,124.69840240478516
2021-01-20,128.79551696777344
2021-01-21,133.5169219970703
2021-01-22,135.66305541992188
2021-01-25,139.41873168945312
2021-01-26,139.65280151367188
2021-01-27,138.57980346679688
2021-01-28,133.73155212402344
2021-01-29,128.72723388671875
2021-02-01,130.8538360595703
2021-02-02,131.68296813964844
2021-02-03,130.6587371826172
2021-02-04,134.024169921875
2021-02-05,133.6090087890625
2021-02-08,133.75552368164062
2021-02-09,132.8762664794922
2021-02-10,132.27052307128906
2021-02-11,132.0165557861328
2021-02-12,132.25100708007812
2021-02-16,130.12124633789062
2021-02-17,127.82539367675781
2021-02-18,126.721435546875
2021-02-19,126.8777084350586
2021-02-22,123.096923828125
2021-02-23,122.96012115478516
2021-02-24,122.46188354492188
2021-02-25,118.20233154296875
2021-02-26,118.46611785888672
2021-03-01,124.84565734863281
2021-03-02,122.2371826171875
2021-03-03,119.24766540527344
2021-03-04,117.36214447021484
2021-03-05,118.6224136352539
2021-03-08,113.67902374267578
2021-03-09,118.30001831054688
2021-03-10,117.2155990600586
2021-03-11,119.14996337890625
2021-03-12,118.24141693115234
2021-03-15,121.1332015991211
2021-03-16,122.67679595947266
2021-03-17,121.88546752929688
2021-03-18,117.75292205810547
2021-03-19,117.2253646850586
2021-03-22,120.54702758789062
2021-03-23,119.71662902832031
2021-03-24,117.32305908203125
2021-03-25,117.81153869628906
2021-03-26,118.4172592163086
2021-03-29,118.59310913085938
2021-03-30,117.137451171875
2021-03-31,119.33560943603516
2021-04-01,120.16600036621094
2021-04-05,122.99920654296875
2021-04-06,123.30205535888672
2021-04-07,124.95311737060547
2021-04-08,127.3564453125
2021-04-09,129.9356231689453
2021-04-12,128.21615600585938
2021-04-13,131.33267211914062
2021-04-14,128.98797607421875
2021-04-15,131.40106201171875
2021-04-16,131.06890869140625
2021-04-19,131.73321533203125
2021-04-20,130.04307556152344
2021-04-21,130.42408752441406
2021-04-22,128.9000244140625
2021-04-23,131.22523498535156
2021-04-26,131.61599731445312
2021-04-27,131.29360961914062
2021-04-28,130.50225830078125
2021-04-29,130.40457153320312
2021-04-30,128.4310760498047
2021-05-03,129.48619079589844
2021-05-04,124.9042739868164
2021-05-05,125.14851379394531
2021-05-06,126.75071716308594
2021-05-07,127.42598724365234
2021-05-10,124.13780975341797
2021-05-11,123.21791076660156
2021-05-12,120.1450424194336
2021-05-13,122.29802703857422
2021-05-14,124.7249984741211
2021-05-17,123.57022857666016
2021-05-18,122.18058013916016
2021-05-19,122.02399444580078
2021-05-20,124.5879898071289
2021-05-21,122.74818420410156
2021-05-24,124.38245391845703
2021-05-25,124.18675231933594
2021-05-26,124.13780975341797
2021-05-27,122.60139465332031
2021-05-28,121.9457015991211
2021-06-01,121.62275695800781
2021-06-02,122.3860855102539
2021-06-03,120.89859771728516
2021-06-04,123.19834899902344
2021-06-07,123.20813751220703
2021-06-08,124.03015899658203
2021-06-09,124.41182708740234
2021-06-10,123.41362762451172
2021-06-11,124.62712860107422
2021-06-14,127.6902084350586
2021-06-15,126.86817169189453
2021-06-16,127.36726379394531
2021-06-17,128.97222900390625
2021-06-18,127.67060852050781
2021-06-21,129.4712677001953
2021-06-22,131.11532592773438
2021-06-23,130.84132385253906
2021-06-24,130.55755615234375
2021-06-25,130.26397705078125
2021-06-28,131.8982696533203
2021-06-29,133.4151153564453
2021-06-30,134.0316925048828
2021-07-01,134.33502197265625
2021-07-02,136.96749877929688
2021-07-06,138.98345947265625
2021-07-07,141.47898864746094
2021-07-08,140.17738342285156
2021-07-09,142.0074005126953
2021-07-12,141.4104461669922
2021-07-13,142.52603149414062
2021-07-14,145.96102905273438
2021-07-15,145.30535888671875
2021-07-16,143.26002502441406
2021-07-19,139.404296875
2021-07-20,143.025146484375
2021-07-21,142.29119873046875
2021-07-22,143.66127014160156
2021-07-23,145.38360595703125
2021-07-26,145.80445861816406
2021-07-27,143.6318817138672
2021-07-28,141.88014221191406
2021-07-29,142.52603149414062
2021-07-30,142.74136352539062
2021-08-02,142.40863037109375
2021-08-03,144.20932006835938
2021-08-04,143.80804443359375
2021-08-05,143.91566467285156
2021-08-06,143.22964477539062
2021-08-09,143.18063354492188
2021-08-10,142.70040893554688
2021-08-11,142.95521545410156
2021-08-12,145.9248809814453
2021-08-13,146.1306610107422
2021-08-16,148.11050415039062
2021-08-17,147.1990203857422
2021-08-18,143.4452667236328
2021-08-19,143.77850341796875
2021-08-20,145.2388458251953
2021-08-23,146.7285614013672
2021-08-24,146.6403350830078
2021-08-25,145.40542602539062
2021-08-26,144.60179138183594
2021-08-27,145.6406707763672
2021-08-30,150.07064819335938
2021-08-31,148.80630493164062
2021-09-01,149.47276306152344
2021-09-02,150.59007263183594
2021-09-03,151.22714233398438
2021-09-07,153.56954956054688
2021-09-08,152.02098083496094
2021-09-09,151.00173950195312
2021-09-10,146.00331115722656
2021-09-13,146.5717315673828
2021-09-14,145.17022705078125
2021-09-15,146.0620880126953
2021-09-16,145.82684326171875
2021-09-17,143.15122985839844
2021-09-20,140.09341430664062
2021-09-21,140.5736083984375
2021-09-22,142.94541931152344
2021-09-23,143.90591430664062
2021-09-24,143.9940948486328
2021-09-27,142.47500610351562
2021-09-28,139.08389282226562
2021-09-29,139.98556518554688
2021-09-30,138.6820831298828
2021-10-01,139.8091278076172
2021-10-04,136.3690185546875
2021-10-05,138.29978942871094
2021-10-06,139.17210388183594
2021-10-07,140.43641662597656
2021-10-08,140.0541534423828
2021-10-11,139.96595764160156
2021-10-12,138.69186401367188
2021-10-13,138.10382080078125
2021-10-14,140.8970489501953
2021-10-15,141.9555206298828
2021-10-18,143.63148498535156
2021-10-19,145.79745483398438
2021-10-20,146.28753662109375
2021-10-21,146.50311279296875
2021-10-22,145.72885131835938
2021-10-25,145.67987060546875
2021-10-26,146.34632873535156
2021-10-27,145.8856658935547
2021-10-28,149.5316162109375
2021-10-29,146.8167724609375
2021-11-01,145.99349975585938
2021-11-02,147.03236389160156
2021-11-03,148.47308349609375
2021-11-04,147.9536590576172
2021-11-05,148.48367309570312
2021-11-08,147.65921020507812
2021-11-09,148.0223388671875
2021-11-10,145.185791015625
2021-11-11,145.13673400878906
2021-11-12,147.217529296875
2021-11-15,147.22732543945312
2021-11-16,148.20887756347656
2021-11-17,150.65284729003906
2021-11-18,154.95181274414062
2021-11-19,157.58230590820312
2021-11-22,158.0436248779297
2021-11-23,158.4264373779297
2021-11-24,158.9466552734375
2021-11-26,153.91143798828125
2021-11-29,157.27804565429688
2021-11-30,162.2445526123047
2021-12-01,161.7243194580078
2021-12-02,160.73297119140625
2021-12-03,158.84848022460938
2021-12-06,162.26414489746094
2021-12-07,168.0158233642578
2021-12-08,171.84373474121094
2021-12-09,171.33335876464844
2021-12-10,176.13296508789062
2021-12-13,172.49154663085938
2021-12-14,171.10760498046875
2021-12-15,175.9857635498047
2021-12-16,169.07586669921875
2021-12-17,167.97657775878906
2021-12-20,166.61228942871094
2021-12-21,169.79238891601562
2021-12-22,172.39340209960938
2021-12-23,173.0215606689453
2021-12-27,176.99673461914062
2021-12-28,175.97592163085938
2021-12-29,176.0642547607422
2021-12-30,174.9060821533203
2021-12-31,174.28773498535156
2022-01-03,178.64566040039062
2022-01-04,176.37832641601562
2022-01-05,171.68670654296875
2022-01-06,168.8206787109375
2022-01-07,168.98751831054688
2022-01-10,169.00718688964844
2022-01-11,171.84373474121094
2022-01-12,172.28543090820312
2022-01-13,169.00718688964844
2022-01-14,169.8709259033203
2022-01-18,166.66134643554688
2022-01-19,163.15731811523438
2022-01-20,161.46913146972656
2022-01-21,159.40794372558594
2022-01-24,158.63255310058594
2022-01-25,156.82655334472656
2022-01-26,156.7382049560547
2022-01-27,156.27688598632812
2022-01-28,167.18157958984375
2022-01-31,171.54930114746094
2022-02-01,171.3824462890625
2022-02-02,172.58969116210938
2022-02-03,169.7040557861328
2022-02-04,169.41905212402344
2022-02-07,168.70164489746094
2022-02-08,171.81700134277344
2022-02-09,173.2419891357422
2022-02-10,169.15370178222656
2022-02-11,165.7336883544922
2022-02-14,165.96951293945312
2022-02-15,169.81216430664062
2022-02-16,169.57626342773438
2022-02-17,165.96951293945312
2022-02-18,164.41676330566406
2022-02-22,161.48812866210938
2022-02-23,157.31138610839844
2022-02-24,159.93536376953125
2022-02-25,162.00900268554688
2022-02-28,162.27430725097656
2022-03-01,160.38742065429688
2022-03-02,163.6895294189453
2022-03-03,163.36521911621094
2022-03-04,160.35794067382812
2022-03-07,156.55462646484375
2022-03-08,154.72669982910156
2022-03-09,160.14175415039062
2022-03-10,155.7880859375
2022-03-11,152.06338500976562
2022-03-14,148.0242156982422
2022-03-15,152.4171905517578
2022-03-16,156.83963012695312
2022-03-17,157.85189819335938
2022-03-18,161.15399169921875
2022-03-21,162.5298614501953
2022-03-22,165.91058349609375
2022-03-23,167.27662658691406
2022-03-24,171.070068359375
2022-03-25,171.7089080810547
2022-03-28,172.57374572753906
2022-03-29,175.87582397460938
2022-03-30,174.70632934570312
2022-03-31,171.6007843017578
2022-04-01,171.30592346191406
2022-04-04,175.36476135253906
2022-04-05,172.0430145263672
2022-04-06,168.86871337890625
2022-04-07,169.17337036132812
2022-04-08,167.15869140625
2022-04-11,162.8934783935547
2022-04-12,164.7705841064453
2022-04-13,167.46336364746094
2022-04-14,162.44142150878906
2022-04-18,162.22520446777344
2022-04-19,164.51504516601562
2022-04-20,164.3479461669922
2022-04-21,163.5519256591797
2022-04-22,159.00173950195312
2022-04-25,160.07293701171875
2022-04-26,154.09774780273438
2022-04-27,153.87168884277344
2022-04-28,160.81985473632812
2022-04-29,154.9330596923828
2022-05-02,155.23773193359375
2022-05-03,156.73153686523438
2022-05-04,163.15884399414062
2022-05-05,154.0682373046875
2022-05-06,154.7965850830078
2022-05-09,149.65895080566406
2022-05-10,152.07028198242188
2022-05-11,144.186767578125
2022-05-12,140.30899047851562
2022-05-13,144.78712463378906
2022-05-16,143.24192810058594
2022-05-17,146.88351440429688
2022-05-18,138.59646606445312
2022-05-19,135.18125915527344
2022-05-20,135.41744995117188
2022-05-23,140.85028076171875
2022-05-24,138.1437225341797
2022-05-25,138.3011932373047
2022-05-26,141.50970458984375
2022-05-27,147.27719116210938
2022-05-31,146.4898223876953
2022-06-01,146.3618621826172
2022-06-02,148.8224334716797
2022-06-03,143.08445739746094
2022-06-06,143.83248901367188
2022-06-07,146.3618621826172
2022-06-08,145.6237335205078
2022-06-09,140.38772583007812
2022-06-10,134.96473693847656
2022-06-13,129.79763793945312
2022-06-14,130.66371154785156
2022-06-15,133.2915496826172
2022-06-16,128.00633239746094
2022-06-17,129.482666015625
2022-06-21,133.72459411621094
2022-06-22,133.21282958984375
2022-06-23,136.0867462158203
2022-06-24,139.42318725585938
2022-06-27,139.42318725585938
2022-06-28,135.26983642578125
2022-06-29,137.0315704345703
2022-06-30,134.56121826171875
2022-07-01,136.73629760742188
2022-07-05,139.32476806640625
2022-07-06,140.66331481933594
2022-07-07,144.03915405273438
2022-07-08,144.71823120117188
2022-07-11,142.58250427246094
2022-07-12,143.55686950683594
2022-07-13,143.1927032470703
2022-07-14,146.12567138671875
2022-07-15,147.79879760742188
2022-07-18,144.74777221679688
2022-07-19,148.61572265625
2022-07-20,150.62347412109375
2022-07-21,152.89703369140625
2022-07-22,151.65695190429688
2022-07-25,150.53492736816406
2022-07-26,149.20626831054688
2022-07-27,154.31430053710938
2022-07-28,154.86544799804688
2022-07-29,159.9439697265625
2022-08-01,158.95977783203125
2022-08-02,157.48342895507812
2022-08-03,163.50680541992188
2022-08-04,163.19186401367188
2022-08-05,162.96517944335938
2022-08-08,162.49209594726562
2022-08-09,162.54139709472656
2022-08-10,166.799072265625
2022-08-11,166.0599365234375
2022-08-12,169.61782836914062
2022-08-15,170.6920928955078
2022-08-16,170.53440856933594
2022-08-17,172.03250122070312
2022-08-18,171.63824462890625
2022-08-19,169.0461883544922
2022-08-22,165.15318298339844
2022-08-23,164.8180389404297
2022-08-24,165.11373901367188
2022-08-25,167.57766723632812
2022-08-26,161.26014709472656
2022-08-29,159.05242919921875
2022-08-30,156.61805725097656
2022-08-31,154.9524383544922
2022-09-01,155.68174743652344
2022-09-02,153.56275939941406
2022-09-06,152.3012237548828
2022-09-07,153.7106170654297
2022-09-08,152.23223876953125
2022-09-09,155.1002655029297
2022-09-12,161.0728302001953
2022-09-13,151.6211700439453
2022-09-14,153.06997680664062
2022-09-15,150.17237854003906
2022-09-16,148.5264434814453
2022-09-19,152.25198364257812
2022-09-20,154.63705444335938
2022-09-21,151.50289916992188
2022-09-22,150.5370635986328
2022-09-23,148.26039123535156
2022-09-26,148.595458984375
2022-09-27,149.5711669921875
2022-09-28,147.6788787841797
2022-09-29,140.42503356933594
2022-09-30,136.20677185058594
2022-10-03,140.3954620361328
2022-10-04,143.99281311035156
2022-10-05,144.28848266601562
2022-10-06,143.3324737548828
2022-10-07,138.06948852539062
2022-10-10,138.39476013183594
2022-10-11,136.9755096435547
2022-10-12,136.3447265625
2022-10-13,140.92770385742188
2022-10-14,136.3841552734375
2022-10-17,140.35606384277344
2022-10-18,141.67672729492188
2022-10-19,141.78512573242188
2022-10-20,141.32192993164062
2022-10-21,145.14593505859375
2022-10-24,147.2945098876953
2022-10-25,150.14283752441406
2022-10-26,147.1959686279297
2022-10-27,142.7115936279297
2022-10-28,153.4937744140625
2022-10-31,151.12840270996094
2022-11-01,148.47718811035156
2022-11-02,142.93826293945312
2022-11-03,136.87696838378906
2022-11-04,136.6104278564453
2022-11-07,137.1435089111328
2022-11-08,137.716064453125
2022-11-09,133.14529418945312
2022-11-10,144.9918212890625
2022-11-11,147.78565979003906
2022-11-14,146.38380432128906
2022-11-15,148.1212921142578
2022-11-16,146.8872833251953
2022-11-17,148.7926025390625
2022-11-18,149.35531616210938
2022-11-21,146.1172637939453
2022-11-22,148.25950622558594
2022-11-23,149.13815307617188
2022-11-25,146.2159881591797
2022-11-28,142.37574768066406
2022-11-29,139.36471557617188
2022-11-30,146.13699340820312
2022-12-01,146.4134063720703
2022-12-02,145.9197998046875
2022-12-05,144.7549285888672
2022-12-06,141.0824737548828
2022-12-07,139.13766479492188
2022-12-08,140.82579040527344
2022-12-09,140.3420867919922
2022-12-12,142.6422882080078
2022-12-13,143.6097412109375
2022-12-14,141.3786163330078
2022-12-15,134.75445556640625
2022-12-16,132.7899169921875
2022-12-19,130.67723083496094
2022-12-20,130.60813903808594
2022-12-21,133.7178955078125
2022-12-22,130.53903198242188
2022-12-23,130.17376708984375
2022-12-27,128.3671875
2022-12-28,124.42820739746094
2022-12-29,127.95257568359375
2022-12-30,128.26846313476562
2023-01-03,123.47061920166016
2023-01-04,124.74413299560547
2023-01-05,123.42124938964844
2023-01-06,127.96243286132812
2023-01-09,128.4856414794922
2023-01-10,129.05825805664062
2023-01-11,131.78294372558594
2023-01-12,131.7039794921875
2023-01-13,133.0366973876953
2023-01-17,134.20162963867188
2023-01-18,133.48094177246094
2023-01-19,133.54017639160156
2023-01-20,136.10691833496094
2023-01-23,139.3054962158203
2023-01-24,140.7073211669922
2023-01-25,140.0458984375
2023-01-26,142.11904907226562
2023-01-27,144.0638427734375
2023-01-30,141.1713104248047
2023-01-31,142.44480895996094
2023-02-01,143.5702362060547
2023-02-02,148.891357421875
2023-02-03,152.52426147460938
2023-02-06,149.7896728515625
2023-02-07,152.67233276367188
2023-02-08,149.97723388671875
2023-02-09,148.94068908691406
2023-02-10,149.30650329589844
2023-02-13,152.11448669433594
2023-02-14,151.47181701660156
2023-02-15,153.5777587890625
2023-02-16,151.97607421875
2023-02-17,150.8291473388672
2023-02-21,146.8050537109375
2023-02-22,147.23019409179688
2023-02-23,147.7146759033203
2023-02-24,145.05503845214844
2023-02-27,146.2513885498047
2023-02-28,145.7471466064453
2023-03-01,143.6708221435547
2023-03-02,144.26406860351562
2023-03-03,149.3262939453125
2023-03-06,152.09469604492188
2023-03-07,149.88987731933594
2023-03-08,151.14553833007812
2023-03-09,148.89125061035156
2023-03-10,146.82481384277344
2023-03-13,148.7726287841797
2023-03-14,150.86868286132812
2023-03-15,151.2642059326172
2023-03-16,154.0919189453125
2023-03-17,153.25152587890625
2023-03-20,155.62442016601562
2023-03-21,157.48321533203125
2023-03-22,156.04959106445312
2023-03-23,157.1371612548828
2023-03-24,158.4422607421875
2023-03-27,156.4945068359375
2023-03-28,155.87159729003906
2023-03-29,158.9564208984375
2023-03-30,160.5284881591797
2023-03-31,163.03981018066406
2023-04-03,164.29550170898438
2023-04-04,163.76158142089844
2023-04-05,161.9127197265625
2023-04-06,162.80255126953125
2023-04-10,160.20220947265625
2023-04-11,158.986083984375
2023-04-12,158.29397583007812
2023-04-13,163.6923828125
2023-04-14,163.34634399414062
2023-04-17,163.3660888671875
2023-04-18,164.5921173095703
2023-04-19,165.73902893066406
2023-04-20,164.77008056640625
2023-04-21,163.15846252441406
2023-04-24,163.4649658203125
2023-04-25,161.92259216308594
2023-04-26,161.9127197265625
2023-04-27,166.51023864746094
2023-04-28,167.76589965820312
2023-05-01,167.6769256591797
2023-05-02,166.63873291015625
2023-05-03,165.56106567382812
2023-05-04,163.91978454589844
2023-05-05,171.6120147705078
2023-05-08,171.5428009033203
2023-05-09,169.8323211669922
2023-05-10,171.60214233398438
2023-05-11,171.7899627685547
2023-05-12,170.8592987060547
2023-05-15,170.36427307128906
2023-05-16,170.36427307128906
2023-05-17,170.9781494140625
2023-05-18,173.31471252441406
2023-05-19,173.4236602783203
2023-05-22,172.47315979003906
2023-05-23,169.8593292236328
2023-05-24,170.1365509033203
2023-05-25,171.275146484375
2023-05-26,173.6909637451172
2023-05-30,175.5424346923828
2023-05-31,175.492919921875
2023-06-01,178.30474853515625
2023-06-02,179.15623474121094
2023-06-05,177.7998046875
2023-06-06,177.43348693847656
2023-06-07,176.05728149414062
2023-06-08,178.78001403808594
2023-06-09,179.1661376953125
2023-06-12,181.9680633544922
2023-06-13,181.4928436279297
2023-06-14,182.1265106201172
2023-06-15,184.16607666015625
2023-06-16,183.08689880371094
2023-06-20,183.17599487304688
2023-06-21,182.13641357421875
2023-06-22,185.14627075195312
2023-06-23,184.8294219970703
2023-06-26,183.4334259033203
2023-06-27,186.1957550048828
2023-06-28,187.3739471435547
2023-06-29,187.7105712890625
2023-06-30,192.04718017578125
2023-07-03,190.55215454101562
2023-07-05,189.43333435058594
2023-07-06,189.9085693359375
2023-07-07,188.789794921875
2023-07-10,186.7403106689453
2023-07-11,186.215576171875
2023-07-12,187.88880920410156
2023-07-13,188.65115356445312
2023-07-14,188.7996826171875
2023-07-17,192.0669708251953
2023-07-18,191.80953979492188
2023-07-19,193.1659698486328
2023-07-20,191.2154998779297
2023-07-21,190.0373077392578
2023-07-24,190.83926391601562
2023-07-25,191.7006378173828
2023-07-26,192.57191467285156
2023-07-27,191.30459594726562
2023-07-28,193.8887176513672
2023-07-31,194.5026092529297
2023-08-01,193.67092895507812
2023-08-02,190.6709442138672
2023-08-03,189.27493286132812
2023-08-04,180.1859588623047
2023-08-07,177.0770721435547
2023-08-08,178.0176239013672
2023-08-09,176.42359924316406
2023-08-10,176.20579528808594
2023-08-11,176.26524353027344
2023-08-14,177.9209442138672
2023-08-15,175.92819213867188
2023-08-16,175.05575561523438
2023-08-17,172.5077667236328
2023-08-18,172.99356079101562
2023-08-21,174.33200073242188
2023-08-22,175.71005249023438
2023-08-23,179.5666961669922
2023-08-24,174.8673553466797
2023-08-25,177.07823181152344
2023-08-28,178.6446990966797
2023-08-29,182.5409698486328
2023-08-30,186.04071044921875
2023-08-31,186.25881958007812
2023-09-01,187.83518981933594
2023-09-05,188.0731201171875
2023-09-06,181.3413543701172
2023-09-07,176.0372314453125
2023-09-08,176.65191650390625
2023-09-11,177.82180786132812
2023-09-12,174.7880401611328
2023-09-13,172.71595764160156
2023-09-14,174.23284912109375
2023-09-15,173.50909423828125
2023-09-18,176.4437255859375
2023-09-19,177.5343017578125
2023-09-20,173.98500061035156
2023-09-21,172.43833923339844
2023-09-22,173.29098510742188
2023-09-25,174.5699462890625
2023-09-26,170.48524475097656
2023-09-27,168.9683837890625
2023-09-28,169.2261505126953
2023-09-29,169.74171447753906
2023-10-02,172.2598876953125
2023-10-03,170.92147827148438
2023-10-04,172.1707000732422
2023-10-05,173.40997314453125
2023-10-06,175.9678497314453
2023-10-09,177.45497131347656
2023-10-10,176.860107421875
2023-10-11,178.25802612304688
2023-10-12,179.16021728515625
2023-10-13,177.31619262695312
2023-10-16,177.1873016357422
2023-10-17,175.63075256347656
2023-10-18,174.33200073242188
2023-10-19,173.9552459716797
2023-10-20,171.3973846435547
2023-10-23,171.51634216308594
2023-10-24,171.95257568359375
2023-10-25,169.6326446533203
2023-10-26,165.45875549316406
2023-10-27,166.77735900878906
2023-10-30,168.82957458496094
2023-10-31,169.3054656982422
2023-11-01,172.47804260253906
2023-11-02,176.04718017578125
2023-11-03,175.13504028320312
2023-11-06,177.69290161132812
2023-11-07,180.2606964111328
2023-11-08,181.321533203125
2023-11-09,180.84564208984375
2023-11-10,185.0448760986328
2023-11-13,183.45652770996094
2023-11-14,186.0773468017578
2023-11-15,186.6431884765625
2023-11-16,188.33082580566406
2023-11-17,188.3109588623047
2023-11-20,190.0581817626953
2023-11-21,189.25405883789062
2023-11-22,189.91917419433594
2023-11-24,188.58892822265625
2023-11-27,188.41024780273438
2023-11-28,189.01580810546875
2023-11-29,187.99330139160156
2023-11-30,188.569091796875
2023-12-01,189.84970092773438
2023-12-04,188.0528564453125
2023-12-05,192.0138397216797
2023-12-06,190.92185974121094
2023-12-07,192.857666015625
2023-12-08,194.28721618652344
2023-12-11,191.77560424804688
2023-12-12,193.2944793701172
2023-12-13,196.52084350585938
2023-12-14,196.6697540283203
2023-12-15,196.13369750976562
2023-12-18,194.4658966064453
2023-12-19,195.50827026367188
2023-12-20,193.41360473632812
2023-12-21,193.26467895507812
2023-12-22,192.1925506591797
2023-12-26,191.64654541015625
2023-12-27,191.74583435058594
2023-12-28,192.17269897460938
2023-12-29,191.1303253173828
2024-01-02,184.2904052734375
2024-01-03,182.91053771972656
2024-01-04,180.58753967285156
2024-01-05,179.8628387451172
2024-01-08,184.2109832763672
2024-01-09,183.79405212402344
2024-01-10,184.83642578125
2024-01-11,184.24078369140625
2024-01-12,184.568359375
2024-01-16,182.29502868652344
2024-01-17,181.35191345214844
2024-01-18,187.25868225097656
2024-01-19,190.16737365722656
2024-01-22,192.48043823242188
2024-01-23,193.76104736328125
2024-01-24,193.0860137939453
2024-01-25,192.75840759277344
2024-01-26,191.02113342285156
2024-01-29,190.3361358642578
2024-01-30,186.67298889160156
2024-01-31,183.05943298339844
2024-02-01,185.50155639648438
2024-02-02,184.49887084960938
2024-02-05,186.31558227539062
2024-02-06,187.923828125
2024-02-07,188.0330047607422
2024-02-08,186.95094299316406
2024-02-09,187.71629333496094
2024-02-12,186.02651977539062
2024-02-13,183.92919921875
2024-02-14,183.0445098876953
2024-02-15,182.7562713623047
2024-02-16,181.21554565429688
2024-02-20,180.47006225585938
2024-02-21,181.22552490234375
2024-02-22,183.26319885253906
2024-02-23,181.42431640625
2024-02-26,180.0724639892578
2024-02-27,181.53363037109375
2024-02-28,180.33091735839844
2024-02-29,179.66494750976562
2024-03-01,178.5814666748047
2024-03-04,174.04885864257812
2024-03-05,169.09873962402344
2024-03-06,168.104736328125
2024-03-07,167.9854736328125
2024-03-08,169.70509338378906
2024-03-11,171.71295166015625
2024-03-12,172.19004821777344
2024-03-13,170.10267639160156
2024-03-14,171.96145629882812
2024-03-15,171.58372497558594
2024-03-18,172.6771240234375
2024-03-19,175.02296447753906
2024-03-20,177.59742736816406
2024-03-21,170.3412322998047
2024-03-22,171.24578857421875
2024-03-25,169.82437133789062
2024-03-26,168.69122314453125
2024-03-27,172.26959228515625
2024-03-28,170.4505615234375
2024-04-01,169.00929260253906
2024-04-02,167.82643127441406
2024-04-03,168.63156127929688
2024-04-04,167.8065643310547
2024-04-05,168.56198120117188
2024-04-08,167.43878173828125
2024-04-09,168.65147399902344
2024-04-10,166.77279663085938
2024-04-11,173.9892120361328
2024-04-12,175.49014282226562
2024-04-15,171.6533203125
2024-04-16,168.36317443847656
2024-04-17,166.99147033691406
2024-04-18,166.0372314453125
2024-04-19,164.00949096679688
2024-04-22,164.8444366455078
2024-04-23,165.89805603027344
2024-04-24,168.00535583496094
2024-04-25,168.87013244628906
2024-04-26,168.2836456298828
2024-04-29,172.45846557617188
2024-04-30,169.30747985839844
2024-05-01,168.2836456298828
2024-05-02,171.99127197265625
2024-05-03,182.27915954589844
2024-05-06,180.6191864013672
2024-05-07,181.30502319335938
2024-05-08,181.64297485351562
2024-05-09,183.46200561523438
2024-05-10,182.19790649414062
2024-05-13,185.41287231445312
2024-05-14,186.55752563476562
2024-05-15,188.8368682861328
2024-05-16,188.956298828125
2024-05-17,188.98617553710938
2024-05-20,190.15072631835938
2024-05-21,191.4546356201172
2024-05-22,190.01136779785156
2024-05-23,186.0100860595703
2024-05-24,189.0956573486328
2024-05-28,189.10560607910156
2024-05-29,189.4042205810547
2024-05-30,190.39956665039062
2024-05-31,191.35508728027344
2024-06-03,193.12680053710938
2024-06-04,193.44532775878906
2024-06-05,194.95823669433594
2024-06-06,193.57470703125
2024-06-07,195.97349548339844
2024-06-10,192.22103881835938
2024-06-11,206.1857147216797
2024-06-12,212.07818603515625
2024-06-13,213.24273681640625
2024-06-14,211.50088500976562
2024-06-17,215.6614227294922
2024-06-18,213.29248046875
2024-06-20,208.7039337158203
2024-06-21,206.524169921875
2024-06-24,207.17112731933594
2024-06-25,208.0968017578125
2024-06-26,212.25733947753906
2024-06-27,213.1033935546875
2024-06-28,209.6395721435547
2024-07-01,215.7410430908203
2024-07-02,219.24465942382812
2024-07-03,220.51870727539062
2024-07-05,225.28639221191406
2024-07-08,226.75953674316406
2024-07-09,227.61550903320312
2024-07-10,231.89549255371094
2024-07-11,226.51071166992188
2024-07-12,229.4668426513672
2024-07-15,233.3088836669922
2024-07-16,233.7269287109375
2024-07-17,227.81459045410156
2024-07-18,223.13644409179688
2024-07-19,223.26585388183594
2024-07-22,222.91749572753906
2024-07-23,223.9626007080078
2024-07-24,217.522705078125
2024-07-25,216.4776153564453
2024-07-26,216.94541931152344
2024-07-29,217.22412109375
2024-07-30,217.781494140625
2024-07-31,221.04623413085938
2024-08-01,217.3435516357422
2024-08-02,218.83657836914062
2024-08-05,208.29586791992188
2024-08-06,206.26535034179688
2024-08-07,208.8433074951172
2024-08-08,212.3170623779297
2024-08-09,215.23342895507812
2024-08-12,216.76803588867188
2024-08-13,220.49493408203125
2024-08-14,220.943359375
2024-08-15,223.93284606933594
2024-08-16,225.25819396972656
2024-08-19,225.0987548828125
2024-08-20,225.71656799316406
2024-08-21,225.60696411132812
2024-08-22,223.74351501464844
2024-08-23,226.04541015625
2024-08-26,226.3842315673828
2024-08-27,227.2312469482422
2024-08-28,225.69664001464844
2024-08-29,228.98507690429688
2024-08-30,228.19786071777344
2024-09-03,221.9896697998047
2024-09-04,220.076416015625
2024-09-05,221.60104370117188
2024-09-06,220.0465087890625
2024-09-09,220.13619995117188
2024-09-10,219.3389892578125
2024-09-11,221.88006591796875
2024-09-12,221.9896697998047
2024-09-13,221.7206268310547
2024-09-16,215.56228637695312
2024-09-17,216.03062438964844
2024-09-18,219.91696166992188
2024-09-19,228.06829833984375
2024-09-20,227.40065002441406
2024-09-23,225.67672729492188
2024-09-24,226.5735626220703
2024-09-25,225.57705688476562
2024-09-26,226.72303771972656
2024-09-27,226.99209594726562
2024-09-30,232.18385314941406
2024-10-01,225.41763305664062
2024-10-02,225.98562622070312
2024-10-03,224.87950134277344
2024-10-04,226.0055694580078
2024-10-07,220.91346740722656
2024-10-08,224.9791717529297
2024-10-09,228.7359619140625
2024-10-10,228.2377166748047
2024-10-11,226.7529296875
2024-10-14,230.48980712890625
2024-10-15,233.03086853027344
2024-10-16,230.96810913085938
2024-10-17,231.33682250976562
2024-10-18,234.1768341064453
2024-10-21,235.6516571044922
2024-10-22,235.03382873535156
2024-10-23,229.95169067382812
2024-10-24,229.76235961914062
2024-10-25,230.5994110107422
2024-10-28,232.5824432373047
2024-10-29,232.85150146484375
2024-10-30,229.29400634765625
2024-10-31,225.11868286132812
2024-11-01,222.12918090820312
2024-11-04,221.23233032226562
2024-11-05,222.66729736328125
2024-11-06,221.93984985351562
2024-11-07,226.68316650390625
2024-11-08,226.41383361816406
2024-11-11,223.69039916992188
2024-11-12,223.69039916992188
2024-11-13,224.5782470703125
2024-11-14,227.67079162597656
2024-11-15,224.4585418701172
2024-11-18,227.4712677001953
2024-11-19,227.73065185546875
2024-11-20,228.44891357421875
2024-11-21,227.97007751464844
2024-11-22,229.3168182373047
2024-11-25,232.30960083007812
2024-11-26,234.49432373046875
2024-11-27,234.36463928222656
2024-11-29,236.7588653564453
2024-12-02,239.013427734375
2024-12-03,242.06607055664062
2024-12-04,242.42520141601562
2024-12-05,242.4551239013672
2024-12-06,242.25559997558594
2024-12-09,246.1562042236328
2024-12-10,247.1737518310547
2024-12-11,245.89683532714844
2024-12-12,247.36329650878906
2024-12-13,247.5328826904297
2024-12-16,250.43588256835938
2024-12-17,252.8699951171875
2024-12-18,247.4530792236328
2024-12-19,249.1888885498047
2024-12-20,253.87759399414062
2024-12-23,254.6557159423828
2024-12-24,257.57867431640625
2024-12-26,258.39666748046875
2024-12-27,254.9749298095703
2024-12-30,251.59307861328125
2024-12-31,249.81736755371094
2025-01-02,243.26319885253906
2025-01-03,242.7743682861328
2025-01-06,244.41041564941406
2025-01-07,241.62713623046875
2025-01-08,242.11595153808594
2025-01-10,236.28004455566406
2025-01-13,233.83592224121094
2025-01-14,232.71861267089844
2025-01-15,237.2975616455078
2025-01-16,227.710693359375
2025-01-17,229.4265594482422
2025-01-21,222.10421752929688
2025-01-22,223.29136657714844
2025-01-23,223.1217803955078
2025-01-24,222.24388122558594
2025-01-27,229.30685424804688
2025-01-28,237.68663024902344
2025-01-29,238.7839813232422
2025-01-30,237.0182342529297
2025-01-31,235.4320831298828
2025-02-03,227.46128845214844
2025-02-04,232.23977661132812
2025-02-05,231.91058349609375
2025-02-06,232.6587677001953
2025-02-07,227.08221435546875
2025-02-10,227.3518524169922
2025-02-11,232.3153533935547
2025-02-12,236.55978393554688
2025-02-13,241.21368408203125
2025-02-14,244.2796630859375
2025-02-18,244.14984130859375
2025-02-19,244.54930114746094
2025-02-20,245.508056640625
2025-02-21,245.22842407226562
2025-02-24,246.77639770507812
2025-02-25,246.71646118164062
2025-02-26,240.0452117919922
2025-02-27,236.98922729492188
2025-02-28,241.5232696533203
2025-03-03,237.71826171875
2025-03-04,235.6210174560547
2025-03-05,235.4312744140625
2025-03-06,235.0218048095703
2025-03-07,238.7569122314453
2025-03-10,227.1820831298828
2025-03-11,220.55078125
2025-03-12,216.69583129882812
2025-03-13,209.4053955078125
2025-03-14,213.21041870117188
2025-03-17,213.71974182128906
2025-03-18,212.4114532470703
2025-03-19,214.95811462402344
2025-03-20,213.81961059570312
2025-03-21,217.98414611816406
2025-03-24,220.44091796875
2025-03-25,223.45697021484375
2025-03-26,221.2398681640625
2025-03-27,223.5568389892578
2025-03-28,217.6146240234375
2025-03-31,221.83909606933594
2025-04-01,222.897705078125
2025-04-02,223.59678649902344
2025-04-03,202.9239044189453
2025-04-04,188.13330078125
2025-04-07,181.2223663330078
2025-04-08,172.19419860839844
2025-04-09,198.58958435058594
2025-04-10,190.17062377929688
2025-04-11,197.89048767089844
2025-04-14,202.25477600097656
2025-04-15,201.87527465820312
2025-04-16,194.0155792236328
2025-04-17,196.72203063964844
2025-04-21,192.9070281982422
2025-04-22,199.47842407226562
2025-04-23,204.33206176757812
2025-04-24,208.09710693359375
2025-04-25,209.00592041015625
2025-04-28,209.8647918701172
2025-04-29,210.9333953857422
2025-04-30,212.22171020507812
2025-05-01,213.04063415527344
2025-05-02,205.08106994628906
2025-05-05,198.62953186035156
2025-05-06,198.25001525878906
2025-05-07,195.99298095703125
2025-05-08,197.2313690185547
2025-05-09,198.27000427246094
2025-05-12,210.7899932861328
2025-05-13,212.92999267578125
2025-05-14,212.3300018310547
2025-05-15,211.4499969482422
2025-05-16,211.25999450683594
2025-05-19,208.77999877929688
2025-05-20,206.86000061035156
2025-05-21,202.08999633789062
2025-05-22,201.36000061035156
2025-05-23,195.27000427246094
2025-05-27,200.2100067138672
2025-05-28,200.4199981689453
2025-05-29,199.9499969482422
2025-05-30,200.85000610351562
2025-06-02,201.6999969482422
2025-06-03,203.27000427246094
2025-06-04,202.82000732421875
2025-06-05,200.6300048828125
2025-06-06,203.9199981689453
2025-06-09,201.4499969482422
2025-06-10,202.6699981689453
2025-06-11,198.77999877929688
2025-06-12,199.1999969482422
2025-06-13,196.4499969482422
2025-06-16,198.4199981689453
2025-06-17,195.63999938964844
2025-06-18,196.5800018310547
2025-06-20,201.0
2025-06-23,201.5
2025-06-24,200.3000030517578
2025-06-25,201.55999755859375
2025-06-26,201.0
2025-06-27,201.0800018310547
2025-06-30,205.1699981689453
2025-07-01,207.82000732421875
2025-07-02,212.44000244140625
2025-07-03,213.5500030517578
2025-07-07,209.9499969482422
2025-07-08,210.00999450683594
2025-07-09,211.13999938964844
2025-07-10,212.41000366210938
2025-07-11,211.16000366210938
