Date,Close
2000-01-03,23.1257266998291
2000-01-04,22.618324279785156
2000-01-05,22.478708267211914
2000-01-06,22.797826766967773
2000-01-07,23.216678619384766
2000-01-10,22.817779541015625
2000-01-11,22.279237747192383
2000-01-12,22.418848037719727
2000-01-13,22.757936477661133
2000-01-14,23.575702667236328
2000-01-18,22.6582088470459
2000-01-19,23.65549659729004
2000-01-20,23.635541915893555
2000-01-21,23.276521682739258
2000-01-24,23.296457290649414
2000-01-25,23.815053939819336
2000-01-26,25.031740188598633
2000-01-27,25.749767303466797
2000-01-28,24.473251342773438
2000-01-31,25.749767303466797
2000-02-01,26.727113723754883
2000-02-02,26.288297653198242
2000-02-03,26.547609329223633
2000-02-04,26.0888614654541
2000-02-07,26.228483200073242
2000-02-08,27.145967483520508
2000-02-09,26.44786834716797
2000-02-10,26.52764892578125
2000-02-11,26.368087768554688
2000-02-14,25.23119354248047
2000-02-15,25.86945343017578
2000-02-16,25.370803833007812
2000-02-17,25.01179313659668
2000-02-18,23.854938507080078
2000-02-22,24.652774810791016
2000-02-23,24.692659378051758
2000-02-24,24.253843307495117
2000-02-25,24.213947296142578
2000-02-28,24.87216567993164
2000-02-29,25.41069984436035
2000-03-01,26.168624877929688
2000-03-02,25.709888458251953
2000-03-03,25.889394760131836
2000-03-06,26.62738037109375
2000-03-07,26.108781814575195
2000-03-08,25.211252212524414
2000-03-09,25.889394760131836
2000-03-10,25.111520767211914
2000-03-13,25.550336837768555
2000-03-14,25.211252212524414
2000-03-15,26.52764892578125
2000-03-16,28.761564254760742
2000-03-17,29.040796279907227
2000-03-20,27.624650955200195
2000-03-21,29.359922409057617
2000-03-22,29.22031021118164
2000-03-23,31.434261322021484
2000-03-24,30.69629669189453
2000-03-27,30.217594146728516
2000-03-28,30.07796859741211
2000-03-29,28.841333389282227
2000-03-30,27.764272689819336
2000-03-31,27.82410430908203
2000-04-03,29.519487380981445
2000-04-04,27.828895568847656
2000-04-05,27.708600997924805
2000-04-06,28.04944610595703
2000-04-07,27.708600997924805
2000-04-10,28.270004272460938
2000-04-11,27.58831024169922
2000-04-12,27.848962783813477
2000-04-13,27.107118606567383
2000-04-14,25.302644729614258
2000-04-17,25.222454071044922
2000-04-18,25.823955535888672
2000-04-19,25.021942138671875
2000-04-20,24.801416397094727
2000-04-24,23.979368209838867
2000-04-25,25.042007446289062
2000-04-26,24.520719528198242
2000-04-27,23.698680877685547
2000-04-28,23.137290954589844
2000-05-01,23.658580780029297
2000-05-02,24.42046546936035
2000-05-03,23.818979263305664
2000-05-04,23.498186111450195
2000-05-05,23.157333374023438
2000-05-08,23.097190856933594
2000-05-09,22.73630714416504
2000-05-10,22.054603576660156
2000-05-11,22.45560646057129
2000-05-12,22.976890563964844
2000-05-15,23.939281463623047
2000-05-16,23.818979263305664
2000-05-17,23.738773345947266
2000-05-18,24.09967041015625
2000-05-19,23.257585525512695
2000-05-22,23.157333374023438
2000-05-23,23.458086013793945
2000-05-24,22.976890563964844
2000-05-25,22.535791397094727
2000-05-26,22.616004943847656
2000-05-30,23.578367233276367
2000-05-31,23.959331512451172
2000-06-01,24.741268157958984
2000-06-02,25.88408660888672
2000-06-05,25.463043212890625
2000-06-06,24.701168060302734
2000-06-07,24.661069869995117
2000-06-08,24.540771484375
2000-06-09,23.51823616027832
2000-06-12,23.382904052734375
2000-06-13,23.18741798400879
2000-06-14,24.089649200439453
2000-06-15,23.4881591796875
2000-06-16,21.864147186279297
2000-06-19,22.555862426757812
2000-06-20,23.067115783691406
2000-06-21,22.616004943847656
2000-06-22,22.31525230407715
2000-06-23,22.555862426757812
2000-06-26,22.88667106628418
2000-06-27,23.067115783691406
2000-06-28,22.638547897338867
2000-06-29,22.916748046875
2000-06-30,22.16486930847168
2000-07-03,23.04677963256836
2000-07-05,23.137636184692383
2000-07-06,23.258766174316406
2000-07-07,24.258169174194336
2000-07-10,24.10674476623535
2000-07-11,24.56102180480957
2000-07-12,24.500442504882812
2000-07-13,24.5913028717041
2000-07-14,25.43927574157715
2000-07-17,25.212142944335938
2000-07-18,24.682157516479492
2000-07-19,24.56102180480957
2000-07-20,24.863861083984375
2000-07-21,25.552852630615234
2000-07-24,24.985010147094727
2000-07-25,24.833589553833008
2000-07-26,23.925046920776367
2000-07-27,24.167322158813477
2000-07-28,23.44048309326172
2000-07-31,24.137022018432617
2000-08-01,25.015281677246094
2000-08-02,24.9244441986084
2000-08-03,24.349037170410156
2000-08-04,25.40900421142578
2000-08-07,25.954124450683594
2000-08-08,25.92384147644043
2000-08-09,25.34842300415039
2000-08-10,25.136444091796875
2000-08-11,25.196983337402344
2000-08-14,25.56041145324707
2000-08-15,25.10614585876465
2000-08-16,24.40959930419922
2000-08-17,24.56102180480957
2000-08-18,24.5913028717041
2000-08-21,24.682157516479492
2000-08-22,25.56041145324707
2000-08-23,26.317548751831055
2000-08-24,25.80268669128418
2000-08-25,25.22728729248047
2000-08-28,25.530126571655273
2000-08-29,25.136444091796875
2000-08-30,25.80268669128418
2000-08-31,27.07465934753418
2000-09-01,27.286664962768555
2000-09-05,27.680368423461914
2000-09-06,27.13522720336914
2000-09-07,27.740924835205078
2000-09-08,28.013507843017578
2000-09-11,27.862060546875
2000-09-12,25.590709686279297
2000-09-13,24.56102180480957
2000-09-14,24.22789192199707
2000-09-15,23.80390739440918
2000-09-18,22.562219619750977
2000-09-19,22.713653564453125
2000-09-20,22.531932830810547
2000-09-21,21.62339210510254
2000-09-22,22.895368576049805
2000-09-25,22.77421760559082
2000-09-26,22.31993293762207
2000-09-27,22.047380447387695
2000-09-28,22.713653564453125
2000-09-29,22.380510330200195
2000-10-02,23.01649284362793
2000-10-03,22.653085708618164
2000-10-04,22.229822158813477
2000-10-05,21.680938720703125
2000-10-06,20.918594360351562
2000-10-09,20.52218246459961
2000-10-10,19.912315368652344
2000-10-11,19.851320266723633
2000-10-12,18.4486141204834
2000-10-13,19.363426208496094
2000-10-16,19.302438735961914
2000-10-17,18.509611129760742
2000-10-18,17.9912166595459
2000-10-19,18.997507095336914
2000-10-20,18.723054885864258
2000-10-23,18.723054885864258
2000-10-24,19.5463924407959
2000-10-25,19.515893936157227
2000-10-26,19.515893936157227
2000-10-27,20.82712173461914
2000-10-30,21.34551239013672
2000-10-31,22.1993350982666
2000-11-01,22.290807723999023
2000-11-02,22.1993350982666
2000-11-03,21.680938720703125
2000-11-06,22.1993350982666
2000-11-07,21.924890518188477
2000-11-08,21.254032135009766
2000-11-09,21.528470993041992
2000-11-10,20.888107299804688
2000-11-13,20.552677154541016
2000-11-14,20.766132354736328
2000-11-15,19.88181495666504
2000-11-16,19.942806243896484
2000-11-17,19.332931518554688
2000-11-20,18.814550399780273
2000-11-21,18.875539779663086
2000-11-22,18.265657424926758
2000-11-24,19.088985443115234
2000-11-27,19.210948944091797
2000-11-28,18.54009246826172
2000-11-29,18.509611129760742
2000-11-30,17.9912166595459
2000-12-01,18.204668045043945
2000-12-04,18.509611129760742
2000-12-05,20.156265258789062
2000-12-06,19.5463924407959
2000-12-07,19.119476318359375
2000-12-08,19.515893936157227
2000-12-11,20.735637664794922
2000-12-12,20.979597091674805
2000-12-13,21.7114315032959
2000-12-14,20.918594360351562
2000-12-15,21.436983108520508
2000-12-18,22.138338088989258
2000-12-19,21.863893508911133
2000-12-20,21.22353744506836
2000-12-21,22.046863555908203
2000-12-22,22.26031494140625
2000-12-26,22.321304321289062
2000-12-27,22.626245498657227
2000-12-28,22.90067481994629
2000-12-29,22.16883659362793
2001-01-02,21.467477798461914
2001-01-03,24.880741119384766
2001-01-04,25.556529998779297
2001-01-05,24.05139923095703
2001-01-08,24.204984664916992
2001-01-09,23.928529739379883
2001-01-10,25.034339904785156
2001-01-11,26.600902557373047
2001-01-12,26.201583862304688
2001-01-16,26.140159606933594
2001-01-17,26.048006057739258
2001-01-18,25.280086517333984
2001-01-19,24.850051879882812
2001-01-22,25.003610610961914
2001-01-23,25.402938842773438
2001-01-24,26.170867919921875
2001-01-25,26.078706741333008
2001-01-26,26.631614685058594
2001-01-29,27.089921951293945
2001-01-30,27.512584686279297
2001-01-31,27.026025772094727
2001-02-01,27.44869041442871
2001-02-02,26.85402488708496
2001-02-05,26.834360122680664
2001-02-06,25.69413185119629
2001-02-07,25.71872329711914
2001-02-08,25.399267196655273
2001-02-09,25.53195571899414
2001-02-12,25.82684326171875
2001-02-13,25.133865356445312
2001-02-14,25.1584415435791
2001-02-15,25.11911964416504
2001-02-16,25.55161476135254
2001-02-20,24.549015045166016
2001-02-21,23.271181106567383
2001-02-22,23.73809242248535
2001-02-23,23.123743057250977
2001-02-26,23.86094856262207
2001-02-27,23.39405632019043
2001-02-28,22.932069778442383
2001-03-01,22.66175651550293
2001-03-02,22.5094051361084
2001-03-05,22.981218338012695
2001-03-06,23.570987701416016
2001-03-07,24.69645881652832
2001-03-08,24.691543579101562
2001-03-09,24.057538986206055
2001-03-12,22.357051849365234
2001-03-13,23.295766830444336
2001-03-14,21.501890182495117
2001-03-15,22.24401092529297
2001-03-16,21.909814834594727
2001-03-19,22.189950942993164
2001-03-20,20.93178367614746
2001-03-21,19.757173538208008
2001-03-22,19.123167037963867
2001-03-23,20.49929428100586
2001-03-26,20.69586944580078
2001-03-27,21.310216903686523
2001-03-28,20.9121150970459
2001-03-29,21.13329315185547
2001-03-30,22.06708335876465
2001-04-02,21.919645309448242
2001-04-03,20.445222854614258
2001-04-04,20.06367301940918
2001-04-05,21.05967140197754
2001-04-06,20.01411247253418
2001-04-09,20.028980255126953
2001-04-10,21.456087112426758
2001-04-11,22.169652938842773
2001-04-12,22.48181915283203
2001-04-16,22.54623794555664
2001-04-17,22.48181915283203
2001-04-18,24.330106735229492
2001-04-19,24.18146324157715
2001-04-20,23.68593978881836
2001-04-23,23.43817138671875
2001-04-24,23.48773193359375
2001-04-25,23.527368545532227
2001-04-26,24.032808303833008
2001-04-27,24.701751708984375
2001-04-30,23.775114059448242
2001-05-01,24.146772384643555
2001-05-02,24.563003540039062
2001-05-03,24.28055763244629
2001-05-04,25.07339859008789
2001-05-07,24.37965965270996
2001-05-08,23.661161422729492
2001-05-09,23.413393020629883
2001-05-10,23.54224395751953
2001-05-11,23.012025833129883
2001-05-14,23.60665512084961
2001-05-15,23.428260803222656
2001-05-16,23.938650131225586
2001-05-17,23.879188537597656
2001-05-18,23.864322662353516
2001-05-21,24.493637084960938
2001-05-22,24.78598403930664
2001-05-23,24.24091911315918
2001-05-24,24.44904136657715
2001-05-25,24.13189697265625
2001-05-29,24.4440860748291
2001-05-30,24.09225082397461
2001-05-31,24.35489845275879
2001-06-01,24.226062774658203
2001-06-04,24.528322219848633
2001-06-05,24.032808303833008
2001-06-06,23.210227966308594
2001-06-07,22.610654830932617
2001-06-08,21.902061462402344
2001-06-11,21.89215087890625
2001-06-12,21.55023956298828
2001-06-13,21.75340461730957
2001-06-14,21.59978675842285
2001-06-15,22.248929977416992
2001-06-18,21.956573486328125
2001-06-19,22.060632705688477
2001-06-20,22.595781326293945
2001-06-21,23.348979949951172
2001-06-22,22.744443893432617
2001-06-25,22.704805374145508
2001-06-26,22.139894485473633
2001-06-27,21.8128662109375
2001-06-28,22.29846954345703
2001-06-29,22.035852432250977
2001-07-02,22.694894790649414
2001-07-03,22.789749145507812
2001-07-05,22.72983169555664
2001-07-06,22.220619201660156
2001-07-09,21.961017608642578
2001-07-10,20.972553253173828
2001-07-11,20.992530822753906
2001-07-12,21.23714828491211
2001-07-13,21.242136001586914
2001-07-16,20.56818199157715
2001-07-17,21.117334365844727
2001-07-18,21.75634002685547
2001-07-19,21.816253662109375
2001-07-20,21.666473388671875
2001-07-23,21.47177505493164
2001-07-24,21.30704116821289
2001-07-25,21.416868209838867
2001-07-26,21.586606979370117
2001-07-27,22.07085418701172
2001-07-30,21.871171951293945
2001-07-31,21.616559982299805
2001-08-01,21.716405868530273
2001-08-02,21.716405868530273
2001-08-03,21.626543045043945
2001-08-06,21.346965789794922
2001-08-07,21.351970672607422
2001-08-08,21.007503509521484
2001-08-09,20.917640686035156
2001-08-10,21.092376708984375
2001-08-13,21.02747344970703
2001-08-14,21.092376708984375
2001-08-15,21.042451858520508
2001-08-16,21.057430267333984
2001-08-17,20.70796775817871
2001-08-20,20.513263702392578
2001-08-21,20.173791885375977
2001-08-22,20.56818199157715
2001-08-23,20.328548431396484
2001-08-24,20.43338966369629
2001-08-27,20.518259048461914
2001-08-28,20.21373748779297
2001-08-29,19.754430770874023
2001-08-30,19.589691162109375
2001-08-31,19.669570922851562
2001-09-04,19.884233474731445
2001-09-05,19.145387649536133
2001-09-06,18.44147300720215
2001-09-07,18.47142791748047
2001-09-10,18.601221084594727
2001-09-17,17.597776412963867
2001-09-18,17.393102645874023
2001-09-19,17.028654098510742
2001-09-20,15.755631446838379
2001-09-21,15.38619327545166
2001-09-24,16.26483726501465
2001-09-25,16.599315643310547
2001-09-26,16.269826889038086
2001-09-27,16.534420013427734
2001-09-28,17.048629760742188
2001-10-01,16.973743438720703
2001-10-02,17.467975616455078
2001-10-03,17.478055953979492
2001-10-04,17.22095489501953
2001-10-05,16.842857360839844
2001-10-08,16.35385513305664
2001-10-09,16.610960006713867
2001-10-10,16.832780838012695
2001-10-11,16.84789276123047
2001-10-12,16.580717086791992
2001-10-15,16.913440704345703
2001-10-16,17.110050201416016
2001-10-17,17.44277572631836
2001-10-18,17.21087646484375
2001-10-19,17.07475471496582
2001-10-22,17.800703048706055
2001-10-23,18.027557373046875
2001-10-24,18.25945281982422
2001-10-25,18.89464569091797
2001-10-26,18.929946899414062
2001-10-29,18.002355575561523
2001-10-30,17.901527404785156
2001-10-31,17.825899124145508
2001-11-01,18.319950103759766
2001-11-02,18.168716430664062
2001-11-05,18.330036163330078
2001-11-06,18.924896240234375
2001-11-07,19.454233169555664
2001-11-08,19.560096740722656
2001-11-09,19.686128616333008
2001-11-12,19.560096740722656
2001-11-13,19.837373733520508
2001-11-14,19.988609313964844
2001-11-15,19.93819236755371
2001-11-16,19.867618560791016
2001-11-19,20.215465545654297
2001-11-20,19.862573623657227
2001-11-21,19.58026695251465
2001-11-23,19.857540130615234
2001-11-26,19.907955169677734
2001-11-27,20.064231872558594
2001-11-28,18.90473747253418
2001-11-29,19.187049865722656
2001-11-30,19.015649795532227
2001-12-03,18.425813674926758
2001-12-04,18.76357650756836
2001-12-05,19.67100715637207
2001-12-06,20.356618881225586
2001-12-07,20.049110412597656
2001-12-10,19.499601364135742
2001-12-11,19.40885353088379
2001-12-12,19.34332847595215
2001-12-13,18.698049545288086
2001-12-14,18.168716430664062
2001-12-17,18.501440048217773
2001-12-18,18.74846649169922
2001-12-19,19.156803131103516
2001-12-20,18.410690307617188
2001-12-21,18.022520065307617
2001-12-24,18.168716430664062
2001-12-26,18.30482292175293
2001-12-27,18.309864044189453
2001-12-28,18.425813674926758
2001-12-31,18.32499122619629
2002-01-02,18.49800682067871
2002-01-03,18.99163055419922
2002-01-04,19.8465576171875
2002-01-07,19.795682907104492
2002-01-08,19.643009185791016
2002-01-09,19.6989803314209
2002-01-10,19.917804718017578
2002-01-11,19.510700225830078
2002-01-14,18.986541748046875
2002-01-15,19.271520614624023
2002-01-16,18.579439163208008
2002-01-17,18.752460479736328
2002-01-18,18.274105072021484
2002-01-22,18.19778060913086
2002-01-23,18.192691802978516
2002-01-24,18.269018173217773
2002-01-25,17.80592918395996
2002-01-28,17.459884643554688
2002-01-29,16.309804916381836
2002-01-30,16.82377815246582
2002-01-31,17.32757568359375
2002-02-01,16.365774154663086
2002-02-04,15.551553726196289
2002-02-05,14.767876625061035
2002-02-06,14.981613159179688
2002-02-07,15.302207946777344
2002-02-08,15.836546897888184
2002-02-11,16.202938079833984
2002-02-12,16.024831771850586
2002-02-13,15.393804550170898
2002-02-14,15.373451232910156
2002-02-15,15.29202651977539
2002-02-19,14.772961616516113
2002-02-20,14.96634578704834
2002-02-21,14.82894515991211
2002-02-22,14.345500946044922
2002-02-25,14.757694244384766
2002-02-26,14.73733901977539
2002-02-27,14.73733901977539
2002-02-28,14.884921073913574
2002-03-01,15.0935697555542
2002-03-04,16.538803100585938
2002-03-05,16.543888092041016
2002-03-06,17.32757568359375
2002-03-07,17.32757568359375
2002-03-08,17.678712844848633
2002-03-11,18.472566604614258
2002-03-12,18.447128295898438
2002-03-13,17.99930763244629
2002-03-14,17.866989135742188
2002-03-15,18.32499122619629
2002-03-18,17.984037399291992
2002-03-19,18.365697860717773
2002-03-20,17.907697677612305
2002-03-21,17.704151153564453
2002-03-22,17.912792205810547
2002-03-25,17.78557586669922
2002-03-26,17.887348175048828
2002-03-27,18.06545066833496
2002-03-28,18.14179229736328
2002-04-01,18.121431350708008
2002-04-02,17.968774795532227
2002-04-03,17.98931884765625
2002-04-04,17.696441650390625
2002-04-05,17.91225242614746
2002-04-08,17.973907470703125
2002-04-09,18.081815719604492
2002-04-10,18.004737854003906
2002-04-11,17.1928768157959
2002-04-12,17.61422348022461
2002-04-15,17.675878524780273
2002-04-16,18.179447174072266
2002-04-17,19.150596618652344
2002-04-18,19.145450592041016
2002-04-19,19.402355194091797
2002-04-22,18.806316375732422
2002-04-23,18.806316375732422
2002-04-24,18.44150161743164
2002-04-25,17.99959945678711
2002-04-26,17.979049682617188
2002-04-29,17.64505386352539
2002-04-30,18.03557014465332
2002-05-01,18.241106033325195
2002-05-02,18.626482009887695
2002-05-03,18.333587646484375
2002-05-06,17.675878524780273
2002-05-07,17.7940673828125
2002-05-08,18.965606689453125
2002-05-09,18.379846572875977
2002-05-10,18.02529525756836
2002-05-13,18.6727237701416
2002-05-14,19.315011978149414
2002-05-15,18.991300582885742
2002-05-16,19.438339233398438
2002-05-17,19.577068328857422
2002-05-20,19.248210906982422
2002-05-21,19.279048919677734
2002-05-22,19.299598693847656
2002-05-23,19.715805053710938
2002-05-24,19.42291831970215
2002-05-28,19.1146297454834
2002-05-29,18.996448516845703
2002-05-30,18.50316047668457
2002-05-31,18.472326278686523
2002-06-03,17.809484481811523
2002-06-04,17.804344177246094
2002-06-05,17.830039978027344
2002-06-06,17.31106185913086
2002-06-07,17.31106185913086
2002-06-10,17.40869140625
2002-06-11,16.92055320739746
2002-06-12,17.043869018554688
2002-06-13,16.78180503845215
2002-06-14,16.956520080566406
2002-06-17,18.23082160949707
2002-06-18,17.994468688964844
2002-06-19,17.78379249572754
2002-06-20,17.15176773071289
2002-06-21,16.951383590698242
2002-06-24,17.049001693725586
2002-06-25,16.92055320739746
2002-06-26,16.18062973022461
2002-06-27,16.812646865844727
2002-06-28,17.429250717163086
2002-07-01,16.113834381103516
2002-07-02,16.222929000854492
2002-07-03,16.07746124267578
2002-07-05,16.929393768310547
2002-07-08,16.768354415893555
2002-07-09,16.243696212768555
2002-07-10,15.661892890930176
2002-07-11,15.880073547363281
2002-07-12,15.693062782287598
2002-07-15,15.625531196594238
2002-07-16,14.80477523803711
2002-07-17,14.617775917053223
2002-07-18,14.12947940826416
2002-07-19,13.558059692382812
2002-07-22,12.73730182647705
2002-07-23,10.430874824523926
2002-07-24,12.103555679321289
2002-07-25,11.610062599182129
2002-07-26,11.558116912841797
2002-07-29,13.038589477539062
2002-07-30,12.929505348205566
2002-07-31,12.96586799621582
2002-08-01,12.997031211853027
2002-08-02,12.389269828796387
2002-08-05,11.610062599182129
2002-08-06,12.28536605834961
2002-08-07,12.487959861755371
2002-08-08,13.703509330749512
2002-08-09,13.687931060791016
2002-08-12,13.225601196289062
2002-08-13,12.674962997436523
2002-08-14,13.059375762939453
2002-08-15,12.877558708190918
2002-08-16,12.913921356201172
2002-08-19,14.134668350219727
2002-08-20,13.786619186401367
2002-08-21,13.963240623474121
2002-08-22,13.864545822143555
2002-08-23,13.355464935302734
2002-08-26,13.76065731048584
2002-08-27,13.895716667175293
2002-08-28,13.651561737060547
2002-08-29,13.817797660827637
2002-08-30,13.71390151977539
2002-09-03,12.856779098510742
2002-09-04,13.189238548278809
2002-09-05,12.519133567810059
2002-09-06,12.420428276062012
2002-09-09,12.254199028015137
2002-09-10,12.025630950927734
2002-09-11,11.93732738494873
2002-09-12,11.433444023132324
2002-09-13,11.449028015136719
2002-09-16,11.277606010437012
2002-09-17,11.194489479064941
2002-09-18,10.617881774902344
2002-09-19,10.32178783416748
2002-09-20,10.482817649841309
2002-09-23,9.99971866607666
2002-09-24,9.682841300964355
2002-09-25,9.812713623046875
2002-09-26,10.010107040405273
2002-09-27,9.527006149291992
2002-09-30,9.86465835571289
2002-10-01,10.25425910949707
2002-10-02,9.646405220031738
2002-10-03,9.313398361206055
2002-10-04,8.742544174194336
2002-10-07,8.864119529724121
2002-10-08,8.774260520935059
2002-10-09,8.166406631469727
2002-10-10,8.430688858032227
2002-10-11,9.08612060546875
2002-10-14,8.922260284423828
2002-10-15,9.836685180664062
2002-10-16,9.667546272277832
2002-10-17,9.931828498840332
2002-10-18,10.02696704864502
2002-10-21,10.714111328125
2002-10-22,10.523828506469727
2002-10-23,10.449824333190918
2002-10-24,10.41283130645752
2002-10-25,10.766968727111816
2002-10-28,11.232110977172852
2002-10-29,10.814542770385742
2002-10-30,11.126394271850586
2002-10-31,10.967825889587402
2002-11-01,11.374821662902832
2002-11-04,11.63382339477539
2002-11-05,11.87696647644043
2002-11-06,11.660256385803223
2002-11-07,10.888542175292969
2002-11-08,10.677112579345703
2002-11-11,10.79339599609375
2002-11-12,10.85682487487793
2002-11-13,11.073543548583984
2002-11-14,11.58625602722168
2002-11-15,11.676108360290527
2002-11-18,11.570393562316895
2002-11-19,11.60211181640625
2002-11-20,12.537677764892578
2002-11-21,13.15610408782959
2002-11-22,13.20896053314209
2002-11-25,13.187816619873047
2002-11-26,12.78610610961914
2002-11-27,13.31467342376709
2002-11-29,13.304105758666992
2002-12-02,13.330535888671875
2002-12-03,13.00810432434082
2002-12-04,13.055681228637695
2002-12-05,12.479531288146973
2002-12-06,12.91296672821045
2002-12-09,12.294537544250488
2002-12-10,12.764965057373047
2002-12-11,12.733250617980957
2002-12-12,12.764965057373047
2002-12-13,12.484814643859863
2002-12-16,13.108537673950195
2002-12-17,13.224813461303711
2002-12-18,12.685678482055664
2002-12-19,12.331536293029785
2002-12-20,13.145537376403809
2002-12-23,13.060966491699219
2002-12-24,12.791391372680664
2002-12-26,12.923531532287598
2002-12-27,12.579959869384766
2002-12-30,12.680392265319824
2002-12-31,12.685678482055664
2003-01-02,13.640057563781738
2003-01-03,13.908141136169434
2003-01-06,15.001906394958496
2003-01-07,14.926852226257324
2003-01-08,14.353157997131348
2003-01-09,14.63731861114502
2003-01-10,14.524727821350098
2003-01-13,14.626595497131348
2003-01-14,14.792804718017578
2003-01-15,14.519362449645996
2003-01-16,14.358508110046387
2003-01-17,14.042181015014648
2003-01-21,13.629325866699219
2003-01-22,13.243290901184082
2003-01-23,13.473844528198242
2003-01-24,12.76609992980957
2003-01-27,12.487296104431152
2003-01-28,12.605255126953125
2003-01-29,12.599889755249023
2003-01-30,12.353260040283203
2003-01-31,12.514107704162598
2003-02-03,12.64278793334961
2003-02-04,12.358612060546875
2003-02-05,12.299637794494629
2003-02-06,11.96185302734375
2003-02-07,11.784916877746582
2003-02-10,11.849257469177246
2003-02-11,11.795641899108887
2003-02-12,11.532918930053711
2003-02-13,11.414961814880371
2003-02-14,11.715213775634766
2003-02-18,12.063727378845215
2003-02-19,12.063727378845215
2003-02-20,12.165595054626465
2003-02-21,12.267467498779297
2003-02-24,11.956494331359863
2003-02-25,12.090531349182129
2003-02-26,11.97793960571289
2003-02-27,12.14951229095459
2003-02-28,12.160231590270996
2003-03-03,12.251376152038574
2003-03-04,12.010108947753906
2003-03-05,12.229934692382812
2003-03-06,11.795641899108887
2003-03-07,11.951128959655762
2003-03-10,11.495390892028809
2003-03-11,11.12543773651123
2003-03-12,11.12543773651123
2003-03-13,11.645514488220215
2003-03-14,11.398880958557129
2003-03-17,12.095893859863281
2003-03-18,12.229934692382812
2003-03-19,12.508745193481445
2003-03-20,12.615981101989746
2003-03-21,13.216483116149902
2003-03-24,12.669596672058105
2003-03-25,12.943041801452637
2003-03-26,12.959124565124512
2003-03-27,12.9323148727417
2003-03-28,13.109247207641602
2003-03-31,12.712486267089844
2003-04-01,12.991291046142578
2003-04-02,13.65472412109375
2003-04-03,13.562285423278809
2003-04-04,13.91030502319336
2003-04-07,13.94293212890625
2003-04-08,14.13326358795166
2003-04-09,13.99187183380127
2003-04-10,13.98643970489502
2003-04-11,13.915746688842773
2003-04-14,14.432347297668457
2003-04-15,14.611808776855469
2003-04-16,14.410602569580078
2003-04-17,14.851072311401367
2003-04-21,14.92719841003418
2003-04-22,15.596074104309082
2003-04-23,16.009361267089844
2003-04-24,15.530824661254883
2003-04-25,15.204545974731445
2003-04-28,15.666765213012695
2003-04-29,15.846220016479492
2003-04-30,15.960416793823242
2003-05-01,15.92234992980957
2003-05-02,16.23774528503418
2003-05-05,16.509654998779297
2003-05-06,16.699983596801758
2003-05-07,16.759798049926758
2003-05-08,16.292129516601562
2003-05-09,16.357391357421875
2003-05-12,16.82505226135254
2003-05-13,16.705419540405273
2003-05-14,16.580345153808594
2003-05-15,16.879438400268555
2003-05-16,16.99363136291504
2003-05-19,16.542280197143555
2003-05-20,16.5477237701416
2003-05-21,16.612977981567383
2003-05-22,16.580345153808594
2003-05-23,16.803302764892578
2003-05-27,17.428672790527344
2003-05-28,17.7005672454834
2003-05-29,17.548307418823242
2003-05-30,17.8691463470459
2003-06-02,18.44556999206543
2003-06-03,18.391185760498047
2003-06-04,18.864280700683594
2003-06-05,19.087251663208008
2003-06-06,19.103559494018555
2003-06-09,18.358564376831055
2003-06-10,18.532573699951172
2003-06-11,18.7827205657959
2003-06-12,18.86973762512207
2003-06-13,18.86973762512207
2003-06-16,19.549470901489258
2003-06-17,19.625606536865234
2003-06-18,19.070938110351562
2003-06-19,18.73377799987793
2003-06-20,18.924108505249023
2003-06-23,18.407499313354492
2003-06-24,18.65220832824707
2003-06-25,18.4836368560791
2003-06-26,18.706584930419922
2003-06-27,18.434688568115234
2003-06-30,18.58694839477539
2003-07-01,18.79018211364746
2003-07-02,18.8780574798584
2003-07-03,18.74624252319336
2003-07-07,19.262548446655273
2003-07-08,19.443798065185547
2003-07-09,19.586606979370117
2003-07-10,19.229581832885742
2003-07-11,19.641538619995117
2003-07-14,20.48740005493164
2003-07-15,20.481903076171875
2003-07-16,19.91067123413086
2003-07-17,19.246068954467773
2003-07-18,19.40534782409668
2003-07-21,18.911012649536133
2003-07-22,19.191143035888672
2003-07-23,19.14720344543457
2003-07-24,18.993406295776367
2003-07-25,19.48225212097168
2003-07-28,19.493242263793945
2003-07-29,19.355915069580078
2003-07-30,19.257057189941406
2003-07-31,19.251548767089844
2003-08-01,18.323305130004883
2003-08-04,18.526540756225586
2003-08-05,17.993755340576172
2003-08-06,18.12008285522461
2003-08-07,18.04317855834961
2003-08-08,18.12008285522461
2003-08-11,18.24641227722168
2003-08-12,18.47710418701172
2003-08-13,18.361759185791016
2003-08-14,18.61990737915039
2003-08-15,18.488082885742188
2003-08-18,18.702293395996094
2003-08-19,18.779193878173828
2003-08-20,19.130720138549805
2003-08-21,19.004390716552734
2003-08-22,18.630897521972656
2003-08-25,18.532026290893555
2003-08-26,18.33429718017578
2003-08-27,18.268381118774414
2003-08-28,18.625394821166992
2003-08-29,18.795671463012695
2003-09-02,19.059324264526367
2003-09-03,19.14720344543457
2003-09-04,19.048337936401367
2003-09-05,18.779193878173828
2003-09-08,19.0318546295166
2003-09-09,18.817638397216797
2003-09-10,18.33429718017578
2003-09-11,18.499073028564453
2003-09-12,18.674833297729492
2003-09-15,18.658361434936523
2003-09-16,19.004390716552734
2003-09-17,19.037349700927734
2003-09-18,19.63054847717285
2003-09-19,19.493242263793945
2003-09-22,19.21861457824707
2003-09-23,19.47126579284668
2003-09-24,19.152685165405273
2003-09-25,18.9384822845459
2003-09-26,18.779193878173828
2003-09-29,19.0318546295166
2003-09-30,18.856094360351562
2003-10-01,19.432819366455078
2003-10-02,19.42172622680664
2003-10-03,19.504920959472656
2003-10-06,19.715654373168945
2003-10-07,20.01513671875
2003-10-08,19.74892807006836
2003-10-09,19.798837661743164
2003-10-10,19.699026107788086
2003-10-13,20.209243774414062
2003-10-14,20.39779281616211
2003-10-15,20.297969818115234
2003-10-16,20.431072235107422
2003-10-17,20.15377426147461
2003-10-20,20.297969818115234
2003-10-21,20.3367977142334
2003-10-22,19.3995304107666
2003-10-23,19.41063117980957
2003-10-24,19.283082962036133
2003-10-27,19.382896423339844
2003-10-28,19.715654373168945
2003-10-29,19.9263916015625
2003-10-30,19.876489639282227
2003-10-31,19.90976333618164
2003-11-03,20.358985900878906
2003-11-04,20.297969818115234
2003-11-05,20.259157180786133
2003-11-06,20.13714599609375
2003-11-07,19.987398147583008
2003-11-10,19.904212951660156
2003-11-11,19.987398147583008
2003-11-12,19.904212951660156
2003-11-13,19.887575149536133
2003-11-14,19.665740966796875
2003-11-17,19.638019561767578
2003-11-18,19.349624633789062
2003-11-19,19.277524948120117
2003-11-20,19.2054386138916
2003-11-21,19.41063117980957
2003-11-24,19.56038475036621
2003-11-25,19.704565048217773
2003-11-26,19.69346809387207
2003-11-28,19.632465362548828
2003-12-01,19.776657104492188
2003-12-02,19.859848022460938
2003-12-03,19.85430145263672
2003-12-04,19.626922607421875
2003-12-05,19.38844871520996
2003-12-08,19.665740966796875
2003-12-09,19.31634521484375
2003-12-10,19.227609634399414
2003-12-11,19.3995304107666
2003-12-12,19.460542678833008
2003-12-15,19.554826736450195
2003-12-16,19.809938430786133
2003-12-17,19.776657104492188
2003-12-18,19.7711238861084
2003-12-19,19.843204498291016
2003-12-22,20.02068328857422
2003-12-23,20.059499740600586
2003-12-24,20.03731346130371
2003-12-26,20.08723258972168
2003-12-29,20.259157180786133
2003-12-30,20.297969818115234
2003-12-31,20.37006950378418
2004-01-02,20.49881362915039
2004-01-05,20.459632873535156
2004-01-06,20.974634170532227
2004-01-07,21.282501220703125
2004-01-08,21.646350860595703
2004-01-09,21.696725845336914
2004-01-12,21.71352195739746
2004-01-13,21.77509117126465
2004-01-14,21.954214096069336
2004-01-15,21.786283493041992
2004-01-16,21.98221778869629
2004-01-20,21.881452560424805
2004-01-21,22.44682502746582
2004-01-22,22.35726547241211
2004-01-23,22.16693687438965
2004-01-26,22.536386489868164
2004-01-27,22.407625198364258
2004-01-28,21.898244857788086
2004-01-29,21.859066009521484
2004-01-30,21.769495010375977
2004-02-02,21.836666107177734
2004-02-03,21.903846740722656
2004-02-04,21.786283493041992
2004-02-05,21.80868148803711
2004-02-06,22.23969841003418
2004-02-09,22.116558074951172
2004-02-10,22.099767684936523
2004-02-11,22.541980743408203
2004-02-12,22.59235954284668
2004-02-13,22.480409622192383
2004-02-17,22.760292053222656
2004-02-18,22.65953254699707
2004-02-19,22.849853515625
2004-02-20,22.70991325378418
2004-02-23,22.56437110900879
2004-02-24,22.50279998779297
2004-02-25,22.58675765991211
2004-02-26,22.70431900024414
2004-02-27,22.961814880371094
2004-03-01,23.247291564941406
2004-03-02,23.32566261291504
2004-03-03,23.566364288330078
2004-03-04,23.846254348754883
2004-03-05,24.07575798034668
2004-03-08,24.036561965942383
2004-03-09,23.773479461669922
2004-03-10,23.527183532714844
2004-03-11,23.124147415161133
2004-03-12,23.24168586730957
2004-03-15,22.911426544189453
2004-03-16,23.135347366333008
2004-03-17,23.667118072509766
2004-03-18,23.521577835083008
2004-03-19,23.135347366333008
2004-03-22,22.838659286499023
2004-03-23,22.939422607421875
2004-03-24,22.805070877075195
2004-03-25,23.230504989624023
2004-03-26,23.090564727783203
2004-03-29,23.543987274169922
2004-03-30,23.49919319152832
2004-03-31,23.482397079467773
2004-04-01,23.65591812133789
2004-04-02,23.435842514038086
2004-04-05,23.559999465942383
2004-04-06,23.418916702270508
2004-04-07,23.345550537109375
2004-04-08,23.221412658691406
2004-04-12,23.452783584594727
2004-04-13,22.595020294189453
2004-04-14,22.16050910949707
2004-04-15,21.878353118896484
2004-04-16,22.15485191345215
2004-04-19,22.211299896240234
2004-04-20,21.74854850769043
2004-04-21,21.263248443603516
2004-04-22,21.658267974853516
2004-04-23,21.613117218017578
2004-04-26,21.75420379638672
2004-04-27,21.7936954498291
2004-04-28,21.404327392578125
2004-04-29,21.246322631835938
2004-04-30,21.218101501464844
2004-05-03,21.36482810974121
2004-05-04,21.61876678466797
2004-05-05,21.4720401763916
2004-05-06,21.218101501464844
2004-05-07,20.58606719970703
2004-05-10,19.982269287109375
2004-05-11,19.858108520507812
2004-05-12,20.1854190826416
2004-05-13,20.17412567138672
2004-05-14,20.123336791992188
2004-05-17,19.92583465576172
2004-05-18,20.07254981994629
2004-05-19,20.168487548828125
2004-05-20,20.264415740966797
2004-05-21,20.360340118408203
2004-05-24,20.360340118408203
2004-05-25,20.78922462463379
2004-05-26,20.783586502075195
2004-05-27,20.851295471191406
2004-05-28,20.78922462463379
2004-06-01,20.794872283935547
2004-06-02,21.048812866210938
2004-06-03,20.856943130493164
2004-06-04,21.037521362304688
2004-06-07,21.522829055786133
2004-06-08,21.477689743041992
2004-06-09,21.263248443603516
2004-06-10,21.330961227416992
2004-06-14,21.2011661529541
2004-06-15,21.020591735839844
2004-06-16,21.060096740722656
2004-06-17,21.060096740722656
2004-06-18,21.009302139282227
2004-06-21,20.879520416259766
2004-06-22,20.856943130493164
2004-06-23,21.229389190673828
2004-06-24,21.31403923034668
2004-06-25,21.43818473815918
2004-06-28,21.415613174438477
2004-06-29,21.60748291015625
2004-06-30,21.878353118896484
2004-07-01,21.73031997680664
2004-07-02,21.67909049987793
2004-07-06,21.206565856933594
2004-07-07,20.98454475402832
2004-07-08,20.921924591064453
2004-07-09,20.96746063232422
2004-07-12,21.007312774658203
2004-07-13,21.143943786621094
2004-07-14,20.751127243041992
2004-07-15,20.494945526123047
2004-07-16,20.420927047729492
2004-07-19,20.494945526123047
2004-07-20,20.722658157348633
2004-07-21,20.96177101135254
2004-07-22,20.938997268676758
2004-07-23,20.796669006347656
2004-07-26,20.762508392333984
2004-07-27,21.013004302978516
2004-07-28,21.104093551635742
2004-07-29,21.143943786621094
2004-07-30,21.25211524963379
2004-08-02,21.297658920288086
2004-08-03,21.104093551635742
2004-08-04,21.183795928955078
2004-08-05,20.654348373413086
2004-08-06,20.546173095703125
2004-08-09,20.534788131713867
2004-08-10,21.058549880981445
2004-08-11,21.007312774658203
2004-08-12,20.98454475402832
2004-08-13,20.9902286529541
2004-08-16,21.485525131225586
2004-08-17,21.593704223632812
2004-08-18,21.815719604492188
2004-08-19,21.633546829223633
2004-08-20,22.00360107421875
2004-08-23,21.946666717529297
2004-08-24,21.969432830810547
2004-08-25,22.453344345092773
2004-08-26,22.45903205871582
2004-08-27,22.612751007080078
2004-08-30,22.259780883789062
2004-08-31,22.533052444458008
2004-09-01,22.350868225097656
2004-09-02,22.692461013793945
2004-09-03,22.686750411987305
2004-09-07,22.698135375976562
2004-09-08,22.413494110107422
2004-09-09,22.624135971069336
2004-09-10,22.658292770385742
2004-09-13,22.29393768310547
2004-09-14,22.481807708740234
2004-09-15,22.248390197753906
2004-09-16,22.533052444458008
2004-09-17,22.572906494140625
2004-09-20,22.41918182373047
2004-09-21,22.829086303710938
2004-09-22,22.686750411987305
2004-09-23,22.4647274017334
2004-09-24,22.62982749938965
2004-09-27,22.276865005493164
2004-09-28,22.41918182373047
2004-09-29,22.589975357055664
2004-09-30,22.61843490600586
2004-10-01,22.965721130371094
2004-10-04,22.82791519165039
2004-10-05,22.65567398071289
2004-10-06,22.672910690307617
2004-10-07,22.695873260498047
2004-10-08,22.7647705078125
2004-10-11,22.609752655029297
2004-10-12,22.684385299682617
2004-10-13,22.529373168945312
2004-10-14,22.121732711791992
2004-10-15,22.2423095703125
2004-10-18,22.391576766967773
2004-10-19,21.805946350097656
2004-10-20,21.386816024780273
2004-10-21,21.64519691467285
2004-10-22,21.51313018798828
2004-10-25,21.2547664642334
2004-10-26,21.524627685546875
2004-10-27,21.82891845703125
2004-10-28,22.093019485473633
2004-10-29,22.161903381347656
2004-11-01,22.104501724243164
2004-11-02,22.13321876525879
2004-11-03,22.30545997619629
2004-11-04,22.75902557373047
2004-11-05,22.592517852783203
2004-11-08,22.552331924438477
2004-11-09,22.4547176361084
2004-11-10,22.36286735534668
2004-11-11,22.494922637939453
2004-11-12,22.48917007446289
2004-11-15,22.48343849182129
2004-11-16,22.087276458740234
2004-11-17,21.972450256347656
2004-11-18,21.714092254638672
2004-11-19,21.48442840576172
2004-11-22,21.559070587158203
2004-11-23,21.56481170654297
2004-11-24,21.64519691467285
2004-11-26,21.639450073242188
2004-11-29,21.421274185180664
2004-11-30,21.61647605895996
2004-12-01,21.978185653686523
2004-12-02,22.070049285888672
2004-12-03,21.851869583129883
2004-12-06,21.886327743530273
2004-12-07,21.708343505859375
2004-12-08,21.559070587158203
2004-12-09,21.639450073242188
2004-12-10,21.60499382019043
2004-12-13,21.960969924926758
2004-12-14,22.2423095703125
2004-12-15,22.40880584716797
2004-12-16,22.35138511657715
2004-12-17,22.115982055664062
2004-12-20,22.161903381347656
2004-12-21,22.431766510009766
2004-12-22,22.40880584716797
2004-12-23,22.48343849182129
2004-12-27,22.39731216430664
2004-12-28,22.51214027404785
2004-12-29,22.48343849182129
2004-12-30,22.437509536743164
2004-12-31,22.39731216430664
2005-01-03,22.477693557739258
2005-01-04,22.246021270751953
2005-01-05,22.292362213134766
2005-01-06,22.419775009155273
2005-01-07,22.240232467651367
2005-01-10,22.164947509765625
2005-01-11,21.950654983520508
2005-01-12,22.002775192260742
2005-01-13,21.875362396240234
2005-01-14,21.89852523803711
2005-01-18,22.240232467651367
2005-01-19,21.91590690612793
2005-01-20,21.574182510375977
2005-01-21,21.342517852783203
2005-01-24,21.359905242919922
2005-01-25,21.348310470581055
2005-01-26,21.3309326171875
2005-01-27,21.284597396850586
2005-01-28,21.429405212402344
2005-01-31,21.620521545410156
2005-02-01,21.71898078918457
2005-02-02,21.730560302734375
2005-02-03,21.6552734375
2005-02-04,21.829023361206055
2005-02-07,21.99118995666504
2005-02-08,21.86957359313965
2005-02-09,21.71898078918457
2005-02-10,21.690021514892578
2005-02-11,21.707393646240234
2005-02-14,21.71898078918457
2005-02-15,21.747949600219727
2005-02-16,21.620521545410156
2005-02-17,21.301979064941406
2005-02-18,21.14559555053711
2005-02-22,20.809673309326172
2005-02-23,21.12822151184082
2005-02-24,21.244060516357422
2005-02-25,21.412019729614258
2005-02-28,21.168766021728516
2005-03-01,21.481523513793945
2005-03-02,21.42359733581543
2005-03-03,21.435192108154297
2005-03-04,21.724775314331055
2005-03-07,21.626310348510742
2005-03-08,21.394643783569336
2005-03-09,21.1224308013916
2005-03-10,21.05872344970703
2005-03-11,20.91392707824707
2005-03-14,21.1108455657959
2005-03-15,20.995018005371094
2005-03-16,20.995018005371094
2005-03-17,20.93709945678711
2005-03-18,20.856006622314453
2005-03-21,20.728588104248047
2005-03-22,20.305801391601562
2005-03-23,20.230512619018555
2005-03-24,20.230512619018555
2005-03-28,20.184175491333008
2005-03-29,20.027799606323242
2005-03-30,20.242088317871094
2005-03-31,20.039379119873047
2005-04-01,19.8366756439209
2005-04-04,19.75476837158203
2005-04-05,20.228609085083008
2005-04-06,20.28709602355957
2005-04-07,20.3572998046875
2005-04-08,20.18180274963379
2005-04-11,20.251998901367188
2005-04-12,20.497697830200195
2005-04-13,20.22275161743164
2005-04-14,20.000465393066406
2005-04-15,19.848365783691406
2005-04-18,20.263702392578125
2005-04-19,20.44504737854004
2005-04-20,20.333908081054688
2005-04-21,20.497697830200195
2005-04-22,20.398258209228516
2005-04-25,20.573745727539062
2005-04-26,20.521093368530273
2005-04-27,20.76679039001465
2005-04-28,20.48600196838379
2005-04-29,20.760936737060547
2005-05-02,20.807735443115234
2005-05-03,20.76679039001465
2005-05-04,21.11777687072754
2005-05-05,21.00078582763672
2005-05-06,20.831134796142578
2005-05-09,21.035873413085938
2005-05-10,20.55618667602539
2005-05-11,20.649789810180664
2005-05-12,20.374853134155273
2005-05-13,20.15840721130371
2005-05-16,20.32219886779785
2005-05-17,20.597139358520508
2005-05-18,21.08852195739746
2005-05-19,21.170419692993164
2005-05-20,21.094377517700195
2005-05-23,21.00662612915039
2005-05-24,20.99492835998535
2005-05-25,21.00662612915039
2005-05-26,21.024168014526367
2005-05-27,20.942283630371094
2005-05-31,20.913028717041016
2005-06-01,20.91888427734375
2005-06-02,20.90718650817871
2005-06-03,20.79602813720703
2005-06-06,20.77263832092285
2005-06-07,20.755088806152344
2005-06-08,20.866239547729492
2005-06-09,20.76679039001465
2005-06-10,20.72584342956543
2005-06-13,20.76679039001465
2005-06-14,20.82527732849121
2005-06-15,20.88962745666504
2005-06-16,21.00078582763672
2005-06-17,21.106075286865234
2005-06-20,21.08852195739746
2005-06-21,21.082677841186523
2005-06-22,21.21137046813965
2005-06-23,21.018327713012695
2005-06-24,20.807735443115234
2005-06-27,20.819425582885742
2005-06-28,21.012475967407227
2005-06-29,21.035873413085938
2005-06-30,20.661495208740234
2005-07-01,20.70874786376953
2005-07-05,20.655582427978516
2005-07-06,20.437030792236328
2005-07-07,20.35434341430664
2005-07-08,20.561079025268555
2005-07-11,20.649682998657227
2005-07-12,20.820972442626953
2005-07-13,20.962732315063477
2005-07-14,21.080860137939453
2005-07-15,21.18128204345703
2005-07-18,20.97454261779785
2005-07-19,20.797340393066406
2005-07-20,20.76780891418457
2005-07-21,20.909568786621094
2005-07-22,21.027694702148438
2005-07-25,20.933197021484375
2005-07-26,20.8918514251709
2005-07-27,20.880037307739258
2005-07-28,20.945011138916016
2005-07-29,20.7559871673584
2005-08-01,20.850500106811523
2005-08-02,20.998165130615234
2005-08-03,21.033613204956055
2005-08-04,20.945011138916016
2005-08-05,20.820972442626953
2005-08-08,20.66739845275879
2005-08-09,20.69101905822754
2005-08-10,20.55516815185547
2005-08-11,20.561079025268555
2005-08-12,20.26573944091797
2005-08-15,20.466571807861328
2005-08-16,20.425228118896484
2005-08-17,20.35434341430664
2005-08-18,20.47248077392578
2005-08-19,20.401599884033203
2005-08-22,20.383880615234375
2005-08-23,20.28937530517578
2005-08-24,19.994037628173828
2005-08-25,20.153520584106445
2005-08-26,19.87590980529785
2005-08-29,20.029470443725586
2005-08-30,19.834566116333008
2005-08-31,20.017667770385742
2005-09-01,20.118085861206055
2005-09-02,20.147607803344727
2005-09-06,20.4193172454834
2005-09-07,20.608335494995117
2005-09-08,20.460662841796875
2005-09-09,20.566987991333008
2005-09-12,20.4193172454834
2005-09-13,20.17123794555664
2005-09-14,20.224401473999023
2005-09-15,20.1594295501709
2005-09-16,20.66739845275879
2005-09-19,20.431129455566406
2005-09-20,20.395687103271484
2005-09-21,20.088542938232422
2005-09-22,20.230300903320312
2005-09-23,20.12398338317871
2005-09-26,20.035381317138672
2005-09-27,20.01175880432129
2005-09-28,20.035381317138672
2005-09-29,20.28937530517578
2005-09-30,20.041290283203125
2005-10-03,20.153520584106445
2005-10-04,20.046125411987305
2005-10-05,19.956649780273438
2005-10-06,20.081926345825195
2005-10-07,20.225112915039062
2005-10-10,19.998397827148438
2005-10-11,19.873111724853516
2005-10-12,19.8492488861084
2005-10-13,20.135618209838867
2005-10-14,20.332502365112305
2005-10-17,20.284780502319336
2005-10-18,20.147550582885742
2005-10-19,20.72030258178711
2005-10-20,20.732229232788086
2005-10-21,20.958953857421875
2005-10-24,21.334808349609375
2005-10-25,21.31093978881836
2005-10-26,21.537654876708984
2005-10-27,21.495895385742188
2005-10-28,21.740501403808594
2005-10-31,21.8478946685791
2005-11-01,21.985111236572266
2005-11-02,22.193931579589844
2005-11-03,22.12830352783203
2005-11-04,22.259553909301758
2005-11-07,22.480297088623047
2005-11-08,22.277450561523438
2005-11-09,22.504161834716797
2005-11-10,22.86212158203125
2005-11-11,22.826337814331055
2005-11-14,22.7487735748291
2005-11-15,22.510133743286133
2005-11-16,22.557861328125
2005-11-17,22.62944984436035
2005-11-18,22.689115524291992
2005-11-21,22.56382179260254
2005-11-22,22.790523529052734
2005-11-23,23.136573791503906
2005-11-25,23.18430519104004
2005-11-28,23.20816421508789
2005-11-29,23.24396514892578
2005-11-30,22.82036590576172
2005-12-01,23.01129150390625
2005-12-02,23.26185417175293
2005-12-05,23.1783390045166
2005-12-06,23.1783390045166
2005-12-07,22.951618194580078
2005-12-08,23.059024810791016
2005-12-09,23.339412689208984
2005-12-12,23.357311248779297
2005-12-13,23.51243782043457
2005-12-14,23.595972061157227
2005-12-15,23.613866806030273
2005-12-16,23.73914909362793
2005-12-19,23.62579345703125
2005-12-20,23.62579345703125
2005-12-21,23.763015747070312
2005-12-22,23.894264221191406
2005-12-23,23.9837589263916
2005-12-27,23.924097061157227
2005-12-28,23.810749053955078
2005-12-29,23.780914306640625
2005-12-30,23.67949676513672
2006-01-03,23.977787017822266
2006-01-04,23.839399337768555
2006-01-05,23.91161346435547
2006-01-06,24.0800838470459
2006-01-09,24.471187591552734
2006-01-10,24.50728416442871
2006-01-11,24.489238739013672
2006-01-12,24.037967681884766
2006-01-13,24.019914627075195
2006-01-17,23.893566131591797
2006-01-18,23.63481903076172
2006-01-19,23.502450942993164
2006-01-20,22.894733428955078
2006-01-23,23.02710723876953
2006-01-24,22.930831909179688
2006-01-25,23.15346908569336
2006-01-26,23.821348190307617
2006-01-27,23.917633056640625
2006-01-30,23.977787017822266
2006-01-31,23.917633056640625
2006-02-01,23.995847702026367
2006-02-02,24.06202507019043
2006-02-03,23.785249710083008
2006-02-06,23.731094360351562
2006-02-07,23.622785568237305
2006-02-08,23.82736587524414
2006-02-09,23.929655075073242
2006-02-10,24.019914627075195
2006-02-13,23.929655075073242
2006-02-14,24.128219604492188
2006-02-15,24.26059341430664
2006-02-16,24.561450958251953
2006-02-17,24.537370681762695
2006-02-21,24.489238739013672
2006-02-22,24.91645622253418
2006-02-23,24.735937118530273
2006-02-24,25.066871643066406
2006-02-27,25.018735885620117
2006-02-28,24.753992080688477
2006-03-01,25.048816680908203
2006-03-02,25.066871643066406
2006-03-03,25.024763107299805
2006-03-06,24.928482055664062
2006-03-07,24.958566665649414
2006-03-08,25.030765533447266
2006-03-09,24.699840545654297
2006-03-10,24.74797248840332
2006-03-13,24.70585060119629
2006-03-14,24.898387908935547
2006-03-15,24.8021297454834
2006-03-16,24.862289428710938
2006-03-17,24.91044044494629
2006-03-20,24.940519332885742
2006-03-21,24.79009437561035
2006-03-22,25.301532745361328
2006-03-23,25.29551887512207
2006-03-24,25.331623077392578
2006-03-27,25.337635040283203
2006-03-28,25.00670051574707
2006-03-29,25.078907012939453
2006-03-30,24.98865509033203
2006-03-31,25.05483627319336
2006-04-03,25.22933578491211
2006-04-04,25.641836166381836
2006-04-05,25.805622100830078
2006-04-06,25.653961181640625
2006-04-07,25.296066284179688
2006-04-10,25.40526008605957
2006-04-11,25.24146270751953
2006-04-12,25.41738510131836
2006-04-13,25.593294143676758
2006-04-17,25.47806167602539
2006-04-18,25.842018127441406
2006-04-19,25.854143142700195
2006-04-20,25.842018127441406
2006-04-21,25.78135108947754
2006-04-24,25.89055061340332
2006-04-25,25.611509323120117
2006-04-26,25.87841796875
2006-04-27,26.660951614379883
2006-04-28,27.52842903137207
2006-05-01,27.164443969726562
2006-05-02,27.601224899291992
2006-05-03,27.57695770263672
2006-05-04,27.716476440429688
2006-05-05,28.298845291137695
2006-05-08,27.965173721313477
2006-05-09,27.916664123535156
2006-05-10,27.855995178222656
2006-05-11,27.38890266418457
2006-05-12,26.885408401489258
2006-05-15,27.018857955932617
2006-05-16,26.885408401489258
2006-05-17,26.236310958862305
2006-05-18,25.926939010620117
2006-05-19,25.93301773071289
2006-05-22,25.86627960205078
2006-05-23,25.581178665161133
2006-05-24,25.569034576416016
2006-05-25,25.993684768676758
2006-05-26,26.22418975830078
2006-05-30,25.744964599609375
2006-05-31,25.86627960205078
2006-06-01,26.436498641967773
2006-06-02,26.576030731201172
2006-06-05,26.066463470458984
2006-06-06,25.708572387695312
2006-06-07,25.629695892333984
2006-06-08,25.69036293029785
2006-06-09,25.538711547851562
2006-06-12,25.235397338867188
2006-06-13,24.58631134033203
2006-06-14,24.246604919433594
2006-06-15,24.6287784576416
2006-06-16,24.361867904663086
2006-06-19,24.23447608947754
2006-06-20,24.562055587768555
2006-06-21,24.998807907104492
2006-06-22,24.913883209228516
2006-06-23,24.79256248474121
2006-06-26,25.17473602294922
2006-06-27,24.774368286132812
2006-06-28,25.035215377807617
2006-06-29,25.89055061340332
2006-06-30,25.47806167602539
2006-07-03,26.218046188354492
2006-07-05,25.936731338500977
2006-07-06,25.961179733276367
2006-07-07,25.936731338500977
2006-07-10,26.040693283081055
2006-07-11,26.218046188354492
2006-07-12,25.838878631591797
2006-07-13,25.31291961669922
2006-07-14,25.00713348388672
2006-07-17,24.909278869628906
2006-07-18,24.897056579589844
2006-07-19,26.328125
2006-07-20,26.285314559936523
2006-07-21,26.38928985595703
2006-07-24,27.03144073486328
2006-07-25,27.294422149658203
2006-07-26,27.306657791137695
2006-07-27,27.337230682373047
2006-07-28,27.81424331665039
2006-07-31,27.899858474731445
2006-08-01,27.83258819580078
2006-08-02,27.82038116455078
2006-08-03,27.924333572387695
2006-08-04,27.594079971313477
2006-08-07,27.685813903808594
2006-08-08,27.514583587646484
2006-08-09,27.1231746673584
2006-08-10,26.939693450927734
2006-08-11,26.86631202697754
2006-08-14,26.841846466064453
2006-08-15,27.545154571533203
2006-08-16,27.808128356933594
2006-08-17,27.8020076751709
2006-08-18,27.954912185668945
2006-08-21,27.8020076751709
2006-08-22,27.734731674194336
2006-08-23,27.838712692260742
2006-08-24,27.936555862426758
2006-08-25,27.838712692260742
2006-08-28,28.144493103027344
2006-08-29,28.11391830444336
2006-08-30,27.967151641845703
2006-08-31,27.924333572387695
2006-09-01,27.967151641845703
2006-09-05,28.00994300842285
2006-09-06,28.058883666992188
2006-09-07,27.64299774169922
2006-09-08,27.67969512939453
2006-09-11,27.75920295715332
2006-09-12,28.138370513916016
2006-09-13,28.37689208984375
2006-09-14,28.438051223754883
2006-09-15,28.713253021240234
2006-09-18,28.486974716186523
2006-09-19,28.621524810791016
2006-09-20,28.878379821777344
2006-09-21,28.627641677856445
2006-09-22,28.633764266967773
2006-09-25,28.688796997070312
2006-09-26,28.682674407958984
2006-09-27,28.645980834960938
2006-09-28,28.835575103759766
2006-09-29,28.719375610351562
2006-10-02,28.66434097290039
2006-10-03,29.202512741088867
2006-10-04,29.251785278320312
2006-10-05,29.202512741088867
2006-10-06,28.863731384277344
2006-10-09,29.017724990844727
2006-10-10,29.276430130004883
2006-10-11,29.344188690185547
2006-10-12,29.72608757019043
2006-10-13,29.664485931396484
2006-10-16,29.399620056152344
2006-10-17,29.559778213500977
2006-10-18,29.07931900024414
2006-10-19,28.869903564453125
2006-10-20,29.02387809753418
2006-10-23,29.190202713012695
2006-10-24,29.036203384399414
2006-10-25,29.11628532409668
2006-10-26,29.424257278442383
2006-10-27,29.128589630126953
2006-10-30,29.22714614868164
2006-10-31,29.220985412597656
2006-11-01,28.906858444213867
2006-11-02,28.88837432861328
2006-11-03,28.882232666015625
2006-11-06,29.3503475189209
2006-11-07,29.251785278320312
2006-11-08,29.344188690185547
2006-11-09,29.09780502319336
2006-11-10,29.32571029663086
2006-11-13,29.35650062561035
2006-11-14,29.41193962097168
2006-11-15,29.22714614868164
2006-11-16,29.473533630371094
2006-11-17,29.35650062561035
2006-11-20,29.50433921813965
2006-11-21,29.41193962097168
2006-11-22,29.31338882446289
2006-11-24,29.11628532409668
2006-11-27,28.72207260131836
2006-11-28,28.45720863342285
2006-11-29,28.746702194213867
2006-11-30,28.506486892700195
2006-12-01,28.340164184570312
2006-12-04,28.85141372680664
2006-12-05,29.073156356811523
2006-12-06,28.845279693603516
2006-12-07,28.72207260131836
2006-12-08,28.802152633666992
2006-12-11,29.288740158081055
2006-12-12,29.338027954101562
2006-12-13,29.319538116455078
2006-12-14,29.535125732421875
2006-12-15,29.750699996948242
2006-12-18,29.707597732543945
2006-12-19,29.73224449157715
2006-12-20,29.701448440551758
2006-12-21,29.966297149658203
2006-12-22,29.498165130615234
2006-12-26,29.756881713867188
2006-12-27,30.15108299255371
2006-12-28,30.13261604309082
2006-12-29,29.750699996948242
2007-01-03,29.81894302368164
2007-01-04,29.893390655517578
2007-01-05,29.645261764526367
2007-01-08,29.744508743286133
2007-01-09,29.620445251464844
2007-01-10,29.837556838989258
2007-01-11,29.96783447265625
2007-01-12,29.76933479309082
2007-01-16,30.017459869384766
2007-01-17,30.042266845703125
2007-01-18,29.868576049804688
2007-01-19,30.246971130371094
2007-01-22,30.805274963378906
2007-01-23,30.91072654724121
2007-01-24,31.239490509033203
2007-01-25,31.146432876586914
2007-01-26,30.830080032348633
2007-01-29,30.687402725219727
2007-01-30,31.12782859802246
2007-01-31,31.59307289123535
2007-02-01,31.766767501831055
2007-02-02,31.59307289123535
2007-02-05,31.611703872680664
2007-02-06,31.636499404907227
2007-02-07,31.766767501831055
2007-02-08,31.59307289123535
2007-02-09,31.276710510253906
2007-02-12,31.28911018371582
2007-02-13,31.605493545532227
2007-02-14,31.89702606201172
2007-02-15,31.766767501831055
2007-02-16,31.791563034057617
2007-02-20,32.02729415893555
2007-02-21,32.03970718383789
2007-02-22,32.03350067138672
2007-02-23,31.65511131286621
2007-02-26,31.518648147583008
2007-02-27,30.53232192993164
2007-02-28,30.63777732849121
2007-03-01,30.519920349121094
2007-03-02,29.893390655517578
2007-03-05,29.490190505981445
2007-03-06,30.098093032836914
2007-03-07,29.99884033203125
2007-03-08,30.234575271606445
2007-03-09,30.284189224243164
2007-03-12,30.296606063842773
2007-03-13,28.969114303588867
2007-03-14,29.34130096435547
2007-03-15,29.589439392089844
2007-03-16,29.173805236816406
2007-03-19,29.514991760253906
2007-03-20,29.620445251464844
2007-03-21,30.42687225341797
2007-03-22,30.067073822021484
2007-03-23,30.098093032836914
2007-03-26,30.20975112915039
2007-03-27,30.129112243652344
2007-03-28,29.76933479309082
2007-03-29,30.08570671081543
2007-03-30,30.011255264282227
2007-04-02,29.92439842224121
2007-04-03,30.336734771728516
2007-04-04,30.336734771728516
2007-04-05,30.467910766601562
2007-04-09,30.611610412597656
2007-04-10,30.761537551879883
2007-04-11,30.705310821533203
2007-04-12,30.736549377441406
2007-04-13,30.667816162109375
2007-04-16,31.217580795288086
2007-04-17,31.348785400390625
2007-04-18,32.529510498046875
2007-04-19,32.541996002197266
2007-04-20,32.823123931884766
2007-04-23,32.66070556640625
2007-04-24,32.58573913574219
2007-04-25,32.9980583190918
2007-04-26,33.07303237915039
2007-04-27,32.829376220703125
2007-04-30,32.54826354980469
2007-05-01,32.648216247558594
2007-05-02,32.829376220703125
2007-05-03,32.923091888427734
2007-05-04,32.87936782836914
2007-05-07,32.94183349609375
2007-05-08,32.766902923583984
2007-05-09,33.23545837402344
2007-05-10,32.48579406738281
2007-05-11,32.579490661621094
2007-05-14,32.37959289550781
2007-05-15,32.5045280456543
2007-05-16,33.098018646240234
2007-05-17,32.83564376831055
2007-05-18,32.823123931884766
2007-05-21,32.83564376831055
2007-05-22,32.666969299316406
2007-05-23,32.47953796386719
2007-05-24,32.22964096069336
2007-05-25,32.26087951660156
2007-05-29,32.37333297729492
2007-05-30,32.52327346801758
2007-05-31,32.37959289550781
2007-06-01,32.423309326171875
2007-06-04,32.21715545654297
2007-06-05,31.998489379882812
2007-06-06,31.586179733276367
2007-06-07,31.123876571655273
2007-06-08,31.492469787597656
2007-06-11,31.50496482849121
2007-06-12,30.830259323120117
2007-06-13,31.41750717163086
2007-06-14,31.436254501342773
2007-06-15,31.586179733276367
2007-06-18,31.50496482849121
2007-06-19,31.767353057861328
2007-06-20,30.898984909057617
2007-06-21,31.13638687133789
2007-06-22,30.43667221069336
2007-06-25,30.21178436279297
2007-06-26,30.361709594726562
2007-06-27,30.761537551879883
2007-06-28,30.58662223815918
2007-06-29,30.26801109313965
2007-07-02,30.705310821533203
2007-07-03,31.064193725585938
2007-07-05,30.717906951904297
2007-07-06,30.83122444152832
2007-07-09,30.717906951904297
2007-07-10,29.912010192871094
2007-07-11,30.30237579345703
2007-07-12,31.183795928955078
2007-07-13,31.51119041442871
2007-07-16,31.372697830200195
2007-07-17,31.429357528686523
2007-07-18,30.77457618713379
2007-07-19,30.610872268676758
2007-07-20,29.94350242614746
2007-07-23,29.685367584228516
2007-07-24,28.545806884765625
2007-07-25,28.501731872558594
2007-07-26,27.752519607543945
2007-07-27,27.846952438354492
2007-07-30,28.174354553222656
2007-07-31,27.708444595336914
2007-08-01,27.941394805908203
2007-08-02,28.073606491088867
2007-08-03,27.481782913208008
2007-08-06,28.40100860595703
2007-08-07,28.545806884765625
2007-08-08,29.282434463500977
2007-08-09,27.809175491333008
2007-08-10,27.859548568725586
2007-08-13,27.595125198364258
2007-08-14,27.261432647705078
2007-08-15,27.072551727294922
2007-08-16,28.627647399902344
2007-08-17,29.597230911254883
2007-08-20,29.26984214782715
2007-08-21,29.08725929260254
2007-08-22,28.961326599121094
2007-08-23,28.753578186035156
2007-08-24,28.92986297607422
2007-08-27,28.275081634521484
2007-08-28,27.4503116607666
2007-08-29,27.78400230407715
2007-08-30,27.683263778686523
2007-08-31,28.029539108276367
2007-09-04,28.520612716674805
2007-09-05,27.809175491333008
2007-09-06,27.83436393737793
2007-09-07,27.399940490722656
2007-09-10,27.658084869384766
2007-09-11,28.042131423950195
2007-09-12,27.998058319091797
2007-09-13,28.709495544433594
2007-09-14,28.67171859741211
2007-09-17,28.51432228088379
2007-09-18,30.107196807861328
2007-09-19,29.949796676635742
2007-09-20,29.565746307373047
2007-09-21,29.67278480529785
2007-09-24,29.175390243530273
2007-09-25,29.024293899536133
2007-09-26,29.04318618774414
2007-09-27,29.093547821044922
2007-09-28,28.848003387451172
2007-10-01,29.471311569213867
2007-10-02,29.6916561126709
2007-10-03,29.83131217956543
2007-10-04,29.98998260498047
2007-10-05,30.199426651000977
2007-10-08,30.110572814941406
2007-10-09,30.193082809448242
2007-10-10,29.7741756439209
2007-10-11,29.615509033203125
2007-10-12,29.717069625854492
2007-10-15,29.367963790893555
2007-10-16,28.631711959838867
2007-10-17,29.431434631347656
2007-10-18,29.133121490478516
2007-10-19,28.574567794799805
2007-10-22,28.796720504760742
2007-10-23,29.158510208129883
2007-10-24,29.367963790893555
2007-10-25,29.22832489013672
2007-10-26,30.034412384033203
2007-10-29,29.621850967407227
2007-10-30,29.552024841308594
2007-10-31,29.83131217956543
2007-11-01,28.130281448364258
2007-11-02,27.38767433166504
2007-11-05,27.146488189697266
2007-11-06,27.996999740600586
2007-11-07,26.81010627746582
2007-11-08,27.04493522644043
2007-11-09,26.854516983032227
2007-11-12,26.90530014038086
2007-11-13,28.5936279296875
2007-11-14,28.657100677490234
2007-11-15,27.628862380981445
2007-11-16,27.34958267211914
2007-11-19,26.25789451599121
2007-11-20,26.42292022705078
2007-11-21,25.819942474365234
2007-11-23,26.62602424621582
2007-11-26,25.680315017700195
2007-11-27,26.879899978637695
2007-11-28,27.90180015563965
2007-11-29,27.705018997192383
2007-11-30,28.955392837524414
2007-12-03,28.69517707824707
2007-12-04,28.02237892150879
2007-12-05,28.49842643737793
2007-12-06,29.32987403869629
2007-12-07,29.24737548828125
2007-12-10,30.097881317138672
2007-12-11,29.158510208129883
2007-12-12,29.29179573059082
2007-12-13,29.044260025024414
2007-12-14,28.688825607299805
2007-12-17,28.263578414916992
2007-12-18,27.86370849609375
2007-12-19,27.91448211669922
2007-12-20,27.501922607421875
2007-12-21,27.996999740600586
2007-12-24,28.4539852142334
2007-12-26,28.523801803588867
2007-12-27,27.698698043823242
2007-12-28,27.45749855041504
2007-12-31,27.705018997192383
2008-01-02,27.000713348388672
2008-01-03,26.815034866333008
2008-01-04,26.206769943237305
2008-01-07,26.469287872314453
2008-01-08,25.419221878051758
2008-01-09,25.777772903442383
2008-01-10,26.4628849029541
2008-01-11,26.161945343017578
2008-01-14,26.482084274291992
2008-01-15,25.079864501953125
2008-01-16,26.526905059814453
2008-01-17,25.63690948486328
2008-01-18,25.348798751831055
2008-01-22,26.161945343017578
2008-01-23,29.273723602294922
2008-01-24,28.7871036529541
2008-01-25,27.941932678222656
2008-01-28,29.177677154541016
2008-01-29,30.381391525268555
2008-01-30,30.317378997802734
2008-01-31,30.349403381347656
2008-02-01,30.893632888793945
2008-02-04,29.593854904174805
2008-02-05,28.10199546813965
2008-02-06,27.9931583404541
2008-02-07,28.88315773010254
2008-02-08,28.05718231201172
2008-02-11,27.756254196166992
2008-02-12,27.730655670166016
2008-02-13,28.23646354675293
2008-02-14,27.282451629638672
2008-02-15,27.69222640991211
2008-02-19,27.423307418823242
2008-02-20,27.62819480895996
2008-02-21,27.57696533203125
2008-02-22,28.127613067626953
2008-02-25,28.191650390625
2008-02-26,27.9931583404541
2008-02-27,28.43494987487793
2008-02-28,27.17359733581543
2008-02-29,26.027490615844727
2008-03-03,25.49606704711914
2008-03-04,25.092683792114258
2008-03-05,24.80454444885254
2008-03-06,23.927356719970703
2008-03-07,24.04901695251465
2008-03-10,23.357511520385742
2008-03-11,24.86858367919922
2008-03-12,24.721317291259766
2008-03-13,24.401168823242188
2008-03-14,23.39592742919922
2008-03-17,25.809795379638672
2008-03-18,27.346467971801758
2008-03-19,27.192798614501953
2008-03-20,29.43380355834961
2008-03-24,29.80516815185547
2008-03-25,29.49142074584961
2008-03-26,28.242860794067383
2008-03-27,27.4425106048584
2008-03-28,27.346467971801758
2008-03-31,27.500137329101562
2008-04-01,30.09328269958496
2008-04-02,29.847990036010742
2008-04-03,29.873817443847656
2008-04-04,29.415498733520508
2008-04-07,29.396135330200195
2008-04-08,28.957204818725586
2008-04-09,28.59571647644043
2008-04-10,28.311695098876953
2008-04-11,27.45318031311035
2008-04-14,26.788320541381836
2008-04-15,27.188526153564453
2008-04-16,29.021747589111328
2008-04-17,29.125030517578125
2008-04-18,29.53814697265625
2008-04-21,29.196035385131836
2008-04-22,29.467144012451172
2008-04-23,29.144405364990234
2008-04-24,30.319211959838867
2008-04-25,30.848527908325195
2008-04-28,30.558032989501953
2008-04-29,30.390222549438477
2008-04-30,30.758148193359375
2008-05-01,31.79095458984375
2008-05-02,31.41008758544922
2008-05-05,30.98408317565918
2008-05-06,31.11316680908203
2008-05-07,30.061019897460938
2008-05-08,29.725357055664062
2008-05-09,30.061019897460938
2008-05-12,30.493501663208008
2008-05-13,29.357398986816406
2008-05-14,29.634979248046875
2008-05-15,30.35148048400879
2008-05-16,30.035186767578125
2008-05-19,29.686614990234375
2008-05-20,28.208423614501953
2008-05-21,27.38217544555664
2008-05-22,27.78882598876953
2008-05-23,27.317626953125
2008-05-27,27.763017654418945
2008-05-28,27.666210174560547
2008-05-29,28.1245059967041
2008-05-30,27.756567001342773
2008-06-02,27.207889556884766
2008-06-03,27.040063858032227
2008-06-04,26.87222671508789
2008-06-05,27.175617218017578
2008-06-06,25.878158569335938
2008-06-09,24.2127685546875
2008-06-10,24.716257095336914
2008-06-11,23.967470169067383
2008-06-12,24.5355167388916
2008-06-13,25.5489559173584
2008-06-16,25.78133201599121
2008-06-17,25.200380325317383
2008-06-18,25.00672721862793
2008-06-19,24.948638916015625
2008-06-20,24.438684463500977
2008-06-23,23.799646377563477
2008-06-24,24.34832000732422
2008-06-25,24.470956802368164
2008-06-26,23.444625854492188
2008-06-27,22.624834060668945
2008-06-30,22.147157669067383
2008-07-01,22.20589828491211
2008-07-02,22.584484100341797
2008-07-03,23.047935485839844
2008-07-07,22.218963623046875
2008-07-08,23.34818458557129
2008-07-09,22.375612258911133
2008-07-10,22.525747299194336
2008-07-11,21.644561767578125
2008-07-14,20.68504524230957
2008-07-15,20.247713088989258
2008-07-16,23.459142684936523
2008-07-17,26.631412506103516
2008-07-18,26.122295379638672
2008-07-21,25.22804832458496
2008-07-22,26.670583724975586
2008-07-23,27.388595581054688
2008-07-24,25.54788589477539
2008-07-25,25.795927047729492
2008-07-28,24.58184051513672
2008-07-29,26.598785400390625
2008-07-30,27.134016036987305
2008-07-31,26.520458221435547
2008-08-01,26.605318069458008
2008-08-04,26.20062255859375
2008-08-05,27.3428897857666
2008-08-06,27.01652717590332
2008-08-07,25.985218048095703
2008-08-08,26.807659149169922
2008-08-11,27.3428897857666
2008-08-12,24.751558303833008
2008-08-13,24.092296600341797
2008-08-14,24.679763793945312
2008-08-15,24.849468231201172
2008-08-18,23.98133087158203
2008-08-19,23.224157333374023
2008-08-20,24.151044845581055
2008-08-21,23.668012619018555
2008-08-22,24.588361740112305
2008-08-25,23.583171844482422
2008-08-26,23.896482467651367
2008-08-27,24.242422103881836
2008-08-28,25.378173828125
2008-08-29,25.123615264892578
2008-09-02,25.449974060058594
2008-09-03,25.919939041137695
2008-09-04,24.74502182006836
2008-09-05,25.848134994506836
2008-09-08,27.120975494384766
2008-09-09,25.763296127319336
2008-09-10,25.71759796142578
2008-09-11,27.186250686645508
2008-09-12,26.872936248779297
2008-09-15,24.151044845581055
2008-09-16,26.592254638671875
2008-09-17,23.34818458557129
2008-09-18,26.305055618286133
2008-09-19,30.710994720458984
2008-09-22,26.631412506103516
2008-09-23,26.47475814819336
2008-09-24,26.43560028076172
2008-09-25,28.367687225341797
2008-09-26,31.48773956298828
2008-09-29,26.761962890625
2008-09-30,30.482526779174805
2008-10-01,32.39503479003906
2008-10-02,32.789703369140625
2008-10-03,30.191503524780273
2008-10-06,28.941743850708008
2008-10-07,25.86341094970703
2008-10-08,25.85024642944336
2008-10-09,24.126903533935547
2008-10-10,27.38941764831543
2008-10-13,27.619646072387695
2008-10-14,26.777700424194336
2008-10-15,25.317459106445312
2008-10-16,26.632984161376953
2008-10-17,25.86998748779297
2008-10-20,26.74481201171875
2008-10-21,26.139663696289062
2008-10-22,24.44920539855957
2008-10-23,24.896484375
2008-10-24,23.30469512939453
2008-10-27,22.364086151123047
2008-10-28,24.732044219970703
2008-10-29,23.488862991333008
2008-10-30,24.745206832885742
2008-10-31,27.132898330688477
2008-11-03,26.79085922241211
2008-11-04,27.738035202026367
2008-11-05,25.79763412475586
2008-11-06,25.16617202758789
2008-11-07,24.830713272094727
2008-11-10,23.949304580688477
2008-11-11,23.90983772277832
2008-11-12,22.739009857177734
2008-11-13,24.46236801147461
2008-11-14,22.67323112487793
2008-11-17,21.55502700805664
2008-11-18,21.140636444091797
2008-11-19,18.726633071899414
2008-11-20,15.378594398498535
2008-11-21,14.944474220275879
2008-11-24,18.141220092773438
2008-11-25,19.58173179626465
2008-11-26,20.140832901000977
2008-11-28,20.82490348815918
2008-12-01,17.18088150024414
2008-12-02,18.76609992980957
2008-12-03,19.897464752197266
2008-12-04,20.443405151367188
2008-12-05,21.936540603637695
2008-12-08,24.00192642211914
2008-12-09,22.337770462036133
2008-12-10,22.048358917236328
2008-12-11,19.693553924560547
2008-12-12,20.351314544677734
2008-12-15,18.83187484741211
2008-12-16,21.278770446777344
2008-12-17,20.95646095275879
2008-12-18,19.871145248413086
2008-12-19,19.94350814819336
2008-12-22,19.61461639404297
2008-12-23,19.14760971069336
2008-12-24,19.634349822998047
2008-12-26,19.601459503173828
2008-12-29,19.588308334350586
2008-12-30,20.397357940673828
2008-12-31,20.739398956298828
2009-01-02,20.87255859375
2009-01-05,19.47439193725586
2009-01-06,19.893842697143555
2009-01-07,18.70207977294922
2009-01-08,18.122840881347656
2009-01-09,17.290597915649414
2009-01-12,16.584861755371094
2009-01-13,17.543603897094727
2009-01-14,17.25065803527832
2009-01-15,16.205366134643555
2009-01-16,15.193359375
2009-01-20,12.044159889221191
2009-01-21,15.066855430603027
2009-01-22,15.379777908325195
2009-01-23,16.165414810180664
2009-01-26,16.31188201904297
2009-01-27,16.68473243713379
2009-01-28,18.415794372558594
2009-01-29,16.93107032775879
2009-01-30,16.984342575073242
2009-02-02,16.777936935424805
2009-02-03,16.012285232543945
2009-02-04,16.005624771118164
2009-02-05,16.338518142700195
2009-02-06,18.395814895629883
2009-02-09,18.16278839111328
2009-02-10,16.39177894592285
2009-02-11,17.370494842529297
2009-02-12,17.43707847595215
2009-02-13,16.438392639160156
2009-02-17,14.414375305175781
2009-02-18,14.321175575256348
2009-02-19,13.715298652648926
2009-02-20,13.24924373626709
2009-02-23,12.989587783813477
2009-02-24,13.994935035705566
2009-02-25,14.467642784118652
2009-02-26,15.346487045288086
2009-02-27,15.213330268859863
2009-03-02,14.088144302368164
2009-03-03,13.988274574279785
2009-03-04,12.849770545959473
2009-03-05,11.052136421203613
2009-03-06,10.606058120727539
2009-03-09,10.586081504821777
2009-03-10,12.982924461364746
2009-03-11,13.582137107849121
2009-03-12,15.446356773376465
2009-03-13,15.812541007995605
2009-03-16,15.373119354248047
2009-03-17,16.737995147705078
2009-03-18,18.04960060119629
2009-03-19,16.61149024963379
2009-03-20,15.413065910339355
2009-03-23,19.214738845825195
2009-03-24,17.576892852783203
2009-03-25,19.014997482299805
2009-03-26,19.374521255493164
2009-03-27,18.242677688598633
2009-03-30,16.54490852355957
2009-03-31,17.696731567382812
2009-04-01,18.735368728637695
2009-04-02,18.782058715820312
2009-04-03,19.529064178466797
2009-04-06,18.80873680114746
2009-04-07,18.175111770629883
2009-04-08,18.295162200927734
2009-04-09,21.84347915649414
2009-04-13,22.47710609436035
2009-04-14,20.476177215576172
2009-04-15,21.71674919128418
2009-04-16,22.170297622680664
2009-04-17,22.183631896972656
2009-04-20,19.802522659301758
2009-04-21,21.696741104125977
2009-04-22,21.27654266357422
2009-04-23,22.150285720825195
2009-04-24,22.263668060302734
2009-04-27,21.86348533630371
2009-04-28,21.870155334472656
2009-04-29,22.997344970703125
2009-04-30,22.010229110717773
2009-05-01,21.670061111450195
2009-05-04,23.871084213256836
2009-05-05,23.224117279052734
2009-05-06,24.824871063232422
2009-05-07,23.504243850708008
2009-05-08,25.972055435180664
2009-05-11,23.89776039123535
2009-05-12,23.58428382873535
2009-05-13,22.710548400878906
2009-05-14,23.7043399810791
2009-05-15,23.284143447875977
2009-05-18,24.851531982421875
2009-05-19,23.884428024291992
2009-05-20,23.044031143188477
2009-05-21,23.277477264404297
2009-05-22,22.950660705566406
2009-05-26,24.37131118774414
2009-05-27,23.117399215698242
2009-05-28,24.444692611694336
2009-05-29,24.611438751220703
2009-06-01,24.084516525268555
2009-06-02,23.010683059692383
2009-06-03,22.663856506347656
2009-06-04,23.577604293823242
2009-06-05,23.044031143188477
2009-06-08,23.604293823242188
2009-06-09,23.517581939697266
2009-06-10,23.237459182739258
2009-06-11,23.304155349731445
2009-06-12,23.430875778198242
2009-06-15,22.677194595336914
2009-06-16,22.343713760375977
2009-06-17,21.83013153076172
2009-06-18,22.790586471557617
2009-06-19,23.344173431396484
2009-06-22,21.923511505126953
2009-06-23,22.39040184020996
2009-06-24,22.317031860351562
2009-06-25,22.77056884765625
2009-06-26,22.977338790893555
2009-06-29,23.07738494873047
2009-06-30,22.750566482543945
2009-07-01,22.55685043334961
2009-07-02,21.554929733276367
2009-07-06,21.775348663330078
2009-07-07,21.91562271118164
2009-07-08,21.848833084106445
2009-07-09,22.456663131713867
2009-07-10,21.601682662963867
2009-07-13,23.184734344482422
2009-07-14,23.17805290222168
2009-07-15,24.22006607055664
2009-07-16,24.133228302001953
2009-07-17,24.640878677368164
2009-07-20,24.70098876953125
2009-07-21,24.67427635192871
2009-07-22,24.600805282592773
2009-07-23,25.482511520385742
2009-07-24,25.32887077331543
2009-07-27,25.469144821166992
2009-07-28,25.435760498046875
2009-07-29,25.228681564331055
2009-07-30,25.696250915527344
2009-07-31,25.81648063659668
2009-08-03,26.4510440826416
2009-08-04,26.858482360839844
2009-08-05,27.907182693481445
2009-08-06,27.21919059753418
2009-08-07,28.294597625732422
2009-08-10,28.515018463134766
2009-08-11,27.546485900878906
2009-08-12,28.194398880004883
2009-08-13,28.655290603637695
2009-08-14,28.354724884033203
2009-08-17,27.20582389831543
2009-08-18,27.85374641418457
2009-08-19,27.66004180908203
2009-08-20,28.33466911315918
2009-08-21,29.162919998168945
2009-08-24,28.728763580322266
2009-08-25,29.1095027923584
2009-08-26,28.922466278076172
2009-08-27,29.022653579711914
2009-08-28,28.668649673461914
2009-08-31,29.029342651367188
2009-09-01,27.833707809448242
2009-09-02,27.29265785217285
2009-09-03,28.127614974975586
2009-09-04,28.281230926513672
2009-09-08,28.41482925415039
2009-09-09,28.628578186035156
2009-09-10,28.735458374023438
2009-09-11,28.388092041015625
2009-09-14,29.223066329956055
2009-09-15,28.848997116088867
2009-09-16,29.824216842651367
2009-09-17,30.031274795532227
2009-09-18,30.024595260620117
2009-09-21,29.757423400878906
2009-09-22,31.039897918701172
2009-09-23,30.098072052001953
2009-09-24,29.637191772460938
2009-09-25,29.156261444091797
2009-09-28,29.931081771850586
2009-09-29,29.977834701538086
2009-09-30,29.269811630249023
2009-10-01,27.633312225341797
2009-10-02,27.994462966918945
2009-10-05,29.29185676574707
2009-10-06,30.034196853637695
2009-10-07,30.562509536743164
2009-10-08,30.295001983642578
2009-10-09,30.66282081604004
2009-10-12,30.81664276123047
2009-10-13,30.53575897216797
2009-10-14,31.53888511657715
2009-10-15,31.53888511657715
2009-10-16,30.803260803222656
2009-10-19,30.749765396118164
2009-10-20,30.7831974029541
2009-10-21,29.860305786132812
2009-10-22,30.569183349609375
2009-10-23,30.248180389404297
2009-10-26,29.30523109436035
2009-10-27,29.358732223510742
2009-10-28,28.542844772338867
2009-10-29,29.659666061401367
2009-10-30,27.934276580810547
2009-11-02,28.475963592529297
2009-11-03,28.55620765686035
2009-11-04,28.228517532348633
2009-11-05,29.338668823242188
2009-11-06,29.07785987854004
2009-11-09,29.659666061401367
2009-11-10,29.53929901123047
2009-11-11,29.639610290527344
2009-11-12,28.957468032836914
2009-11-13,28.689970016479492
2009-11-16,28.783586502075195
2009-11-17,28.863845825195312
2009-11-18,29.010967254638672
2009-11-19,28.45589828491211
2009-11-20,28.395719528198242
2009-11-23,28.944095611572266
2009-11-24,28.409090042114258
2009-11-25,28.19507598876953
2009-11-27,27.640003204345703
2009-11-30,28.415782928466797
2009-12-01,28.235214233398438
2009-12-02,28.041269302368164
2009-12-03,27.68681526184082
2009-12-04,27.914201736450195
2009-12-07,27.586505889892578
2009-12-08,27.559762954711914
2009-12-09,27.546375274658203
2009-12-10,27.599872589111328
2009-12-11,27.39256477355957
2009-12-14,27.934276580810547
2009-12-15,27.3256893157959
2009-12-16,27.660070419311523
2009-12-17,26.93111801147461
2009-12-18,27.3858699798584
2009-12-21,28.02120018005371
2009-12-22,28.047956466674805
2009-12-23,27.793821334838867
2009-12-24,28.01451301574707
2009-12-28,27.90082359313965
2009-12-29,27.747011184692383
2009-12-30,27.77376365661621
2009-12-31,27.867399215698242
2010-01-04,28.690948486328125
2010-01-05,29.24669647216797
2010-01-06,29.407394409179688
2010-01-07,29.989910125732422
2010-01-08,29.916271209716797
2010-01-11,29.815818786621094
2010-01-12,29.11948585510254
2010-01-13,29.628345489501953
2010-01-14,29.922954559326172
2010-01-15,29.24669647216797
2010-01-19,28.978866577148438
2010-01-20,29.05921745300293
2010-01-21,27.14425277709961
2010-01-22,26.220260620117188
2010-01-25,26.253734588623047
2010-01-26,25.7381591796875
2010-01-27,26.334077835083008
2010-01-28,26.434505462646484
2010-01-29,26.07293701171875
2010-02-01,26.534954071044922
2010-02-02,27.150941848754883
2010-02-03,26.976865768432617
2010-02-04,25.677902221679688
2010-02-05,25.644432067871094
2010-02-08,25.2426700592041
2010-02-09,25.704679489135742
2010-02-10,26.02607536315918
2010-02-11,26.126506805419922
2010-02-12,26.079639434814453
2010-02-16,26.829553604125977
2010-02-17,26.80948257446289
2010-02-18,27.05721092224121
2010-02-19,26.802785873413086
2010-02-22,27.351816177368164
2010-02-23,26.70233917236328
2010-02-24,27.351816177368164
2010-02-25,27.21120834350586
2010-02-26,28.101747512817383
2010-03-01,28.00798797607422
2010-03-02,27.867385864257812
2010-03-03,27.80712890625
2010-03-04,28.068254470825195
2010-03-05,28.664169311523438
2010-03-08,28.516870498657227
2010-03-09,28.40304183959961
2010-03-10,28.74452018737793
2010-03-11,28.91191864013672
2010-03-12,28.89181900024414
2010-03-15,28.838266372680664
2010-03-16,28.952085494995117
2010-03-17,29.320350646972656
2010-03-18,29.21990394592285
2010-03-19,29.09268569946289
2010-03-22,29.286874771118164
2010-03-23,29.849313735961914
2010-03-24,30.090330123901367
2010-03-25,30.090330123901367
2010-03-26,30.143918991088867
2010-03-29,30.036788940429688
2010-03-30,29.849313735961914
2010-03-31,29.9631404876709
2010-04-01,30.284879684448242
2010-04-05,30.392139434814453
2010-04-06,30.727291107177734
2010-04-07,30.378721237182617
2010-04-08,30.673656463623047
2010-04-09,30.821142196655273
2010-04-12,30.928386688232422
2010-04-13,30.747394561767578
2010-04-14,31.994192123413086
2010-04-15,32.04781723022461
2010-04-16,30.53290367126465
2010-04-19,30.42564582824707
2010-04-20,30.754104614257812
2010-04-21,30.39883041381836
2010-04-22,29.98995590209961
2010-04-23,30.123992919921875
2010-04-26,29.420162200927734
2010-04-27,28.4281005859375
2010-04-28,29.131938934326172
2010-04-29,29.4939022064209
2010-04-30,28.542064666748047
2010-05-03,29.178861618041992
2010-05-04,28.468324661254883
2010-05-05,28.575580596923828
2010-05-06,27.35559844970703
2010-05-07,27.32207679748535
2010-05-10,28.11975860595703
2010-05-11,27.85163688659668
2010-05-12,27.94548225402832
2010-05-13,27.35559844970703
2010-05-14,26.73890495300293
2010-05-17,26.705392837524414
2010-05-18,26.155731201171875
2010-05-19,26.39706039428711
2010-05-20,25.358057022094727
2010-05-21,26.846153259277344
2010-05-24,25.887622833251953
2010-05-25,26.102100372314453
2010-05-26,25.994857788085938
2010-05-27,27.09416961669922
2010-05-28,26.531112670898438
2010-06-01,25.833988189697266
2010-06-02,26.511011123657227
2010-06-03,26.209362030029297
2010-06-04,25.217283248901367
2010-06-07,24.614004135131836
2010-06-08,25.324541091918945
2010-06-09,24.882125854492188
2010-06-10,25.66640281677246
2010-06-11,25.53234100341797
2010-06-14,25.02289581298828
2010-06-15,25.639591217041016
2010-06-16,25.820587158203125
2010-06-17,25.766948699951172
2010-06-18,26.262996673583984
2010-06-21,26.05518341064453
2010-06-22,25.693218231201172
2010-06-23,26.06859016418457
2010-06-24,25.492122650146484
2010-06-25,26.43726921081543
2010-06-28,25.833988189697266
2010-06-29,24.841917037963867
2010-06-30,24.540271759033203
2010-07-01,24.218074798583984
2010-07-02,24.05027198791504
2010-07-06,24.385896682739258
2010-07-07,25.60753631591797
2010-07-08,25.614242553710938
2010-07-09,26.077388763427734
2010-07-12,26.305614471435547
2010-07-13,27.171510696411133
2010-07-14,27.08424949645996
2010-07-15,27.158084869384766
2010-07-16,26.178077697753906
2010-07-19,26.204927444458008
2010-07-20,26.600963592529297
2010-07-21,25.78876304626465
2010-07-22,26.413015365600586
2010-07-23,26.735204696655273
2010-07-26,27.070816040039062
2010-07-27,27.31247329711914
2010-07-28,27.064115524291992
2010-07-29,26.990264892578125
2010-07-30,27.037267684936523
2010-08-02,27.95012664794922
2010-08-03,27.574254989624023
2010-08-04,27.715198516845703
2010-08-05,27.701784133911133
2010-08-06,27.144651412963867
2010-08-09,26.72849464416504
2010-08-10,26.29218101501465
2010-08-11,25.35246467590332
2010-08-12,25.379318237304688
2010-08-13,25.17123794555664
2010-08-16,25.29876136779785
2010-08-17,25.15780258178711
2010-08-18,25.433006286621094
2010-08-19,24.882604598999023
2010-08-20,24.929590225219727
2010-08-23,24.755075454711914
2010-08-24,24.305335998535156
2010-08-25,24.31875991821289
2010-08-26,23.91602897644043
2010-08-27,24.567119598388672
2010-08-30,24.06369972229004
2010-08-31,24.406028747558594
2010-09-01,25.332324981689453
2010-09-02,25.614242553710938
2010-09-03,26.29218101501465
2010-09-07,25.694793701171875
2010-09-08,26.258630752563477
2010-09-09,26.916431427001953
2010-09-10,26.68822479248047
2010-09-13,27.601091384887695
2010-09-14,27.332605361938477
2010-09-15,27.507118225097656
2010-09-16,27.51382827758789
2010-09-17,26.889591217041016
2010-09-20,27.64807891845703
2010-09-21,27.245346069335938
2010-09-22,26.809045791625977
2010-09-23,26.245201110839844
2010-09-24,26.681507110595703
2010-09-27,26.23178482055664
2010-09-28,26.144521713256836
2010-09-29,25.782052993774414
2010-09-30,25.547122955322266
2010-10-01,26.050554275512695
2010-10-04,26.178247451782227
2010-10-05,26.641990661621094
2010-10-06,26.81675148010254
2010-10-07,26.56133270263672
2010-10-08,26.420207977294922
2010-10-11,26.702470779418945
2010-10-12,27.152788162231445
2010-10-13,26.776409149169922
2010-10-14,26.023670196533203
2010-10-15,24.96847152709961
2010-10-18,25.674165725708008
2010-10-19,25.331401824951172
2010-10-20,25.60696029663086
2010-10-21,25.3381290435791
2010-10-22,25.3381290435791
2010-10-25,24.914695739746094
2010-10-26,25.0020809173584
2010-10-27,25.230594635009766
2010-10-28,25.210424423217773
2010-10-29,25.29107093811035
2010-11-01,25.149932861328125
2010-11-02,24.840770721435547
2010-11-03,25.351558685302734
2010-11-04,26.7495174407959
2010-11-05,27.515724182128906
2010-11-08,27.226716995239258
2010-11-09,26.81675148010254
2010-11-10,27.300643920898438
2010-11-11,26.89739990234375
2010-11-12,26.62183952331543
2010-11-15,26.937719345092773
2010-11-16,26.62183952331543
2010-11-17,26.332834243774414
2010-11-18,26.655441284179688
2010-11-19,26.48740577697754
2010-11-22,25.88251495361328
2010-11-23,25.29107093811035
2010-11-24,25.647287368774414
2010-11-26,25.203697204589844
2010-11-29,25.479263305664062
2010-11-30,25.13650131225586
2010-12-01,25.640579223632812
2010-12-02,26.420207977294922
2010-12-03,26.62183952331543
2010-12-06,26.81675148010254
2010-12-07,26.37987518310547
2010-12-08,27.058679580688477
2010-12-09,27.428346633911133
2010-12-10,27.84503936767578
2010-12-13,27.898822784423828
2010-12-14,27.414907455444336
2010-12-15,27.025087356567383
2010-12-16,26.89067268371582
2010-12-17,26.662160873413086
2010-12-20,26.850358963012695
2010-12-21,27.556058883666992
2010-12-22,28.3356876373291
2010-12-23,28.28192138671875
2010-12-27,28.678462982177734
2010-12-28,28.638126373291016
2010-12-29,28.470096588134766
2010-12-30,28.38273048400879
2010-12-31,28.510440826416016
2011-01-03,29.290075302124023
2011-01-04,29.713985443115234
2011-01-05,30.07732582092285
2011-01-06,29.929292678833008
2011-01-07,29.364078521728516
2011-01-10,29.20258903503418
2011-01-11,29.33717155456543
2011-01-12,30.084047317504883
2011-01-13,29.909101486206055
2011-01-14,30.2186279296875
2011-01-18,30.110963821411133
2011-01-19,29.411176681518555
2011-01-20,30.110963821411133
2011-01-21,30.474328994750977
2011-01-24,30.292646408081055
2011-01-25,30.19171142578125
2011-01-26,30.26572608947754
2011-01-27,30.346481323242188
2011-01-28,29.96965980529785
2011-01-31,30.23880386352539
2011-02-01,30.904958724975586
2011-02-02,30.581966400146484
2011-02-03,30.58868980407715
2011-02-04,30.003311157226562
2011-02-07,30.615633010864258
2011-02-08,30.77712059020996
2011-02-09,30.353195190429688
2011-02-10,30.635805130004883
2011-02-11,31.335594177246094
2011-02-14,31.315391540527344
2011-02-15,31.503820419311523
2011-02-16,32.257415771484375
2011-02-17,32.17668533325195
2011-02-18,32.297794342041016
2011-02-22,30.958778381347656
2011-02-23,30.925140380859375
2011-02-24,30.891494750976562
2011-02-25,31.40961456298828
2011-02-28,31.41633415222168
2011-03-01,30.68290901184082
2011-03-02,30.420490264892578
2011-03-03,31.005895614624023
2011-03-04,30.62906837463379
2011-03-07,30.407033920288086
2011-03-08,31.221193313598633
2011-03-09,31.328868865966797
2011-03-10,30.635805130004883
2011-03-11,30.77712059020996
2011-03-14,30.481042861938477
2011-03-15,30.016759872436523
2011-03-16,29.478466033935547
2011-03-17,29.983121871948242
2011-03-18,30.77712059020996
2011-03-21,30.703096389770508
2011-03-22,30.595443725585938
2011-03-23,30.68290901184082
2011-03-24,30.770374298095703
2011-03-25,30.85785484313965
2011-03-28,30.925140380859375
2011-03-29,30.965517044067383
2011-03-30,31.254840850830078
2011-03-31,31.01934814453125
2011-04-01,31.187557220458984
2011-04-04,31.34992027282715
2011-04-05,31.51228904724121
2011-04-06,32.22939682006836
2011-04-07,32.06703567504883
2011-04-08,31.688169479370117
2011-04-11,31.701711654663086
2011-04-12,31.552892684936523
2011-04-13,31.28903579711914
2011-04-14,30.423086166381836
2011-04-15,30.36897087097168
2011-04-18,29.739816665649414
2011-04-19,30.20661163330078
2011-04-20,30.14570426940918
2011-04-21,30.226911544799805
2011-04-25,30.179536819458008
2011-04-26,30.52457618713379
2011-04-27,30.78165626525879
2011-04-28,31.018421173095703
2011-04-29,30.869592666625977
2011-05-02,30.565160751342773
2011-05-03,31.06578254699707
2011-05-04,30.78165626525879
2011-05-05,30.55840301513672
2011-05-06,30.470449447631836
2011-05-09,30.416330337524414
2011-05-10,30.551620483398438
2011-05-11,29.922462463378906
2011-05-12,29.8277645111084
2011-05-13,29.191822052001953
2011-05-16,29.009157180786133
2011-05-17,29.63833999633789
2011-05-18,29.82098960876465
2011-05-19,29.766855239868164
2011-05-20,29.178300857543945
2011-05-23,28.78592300415039
2011-05-24,28.643848419189453
2011-05-25,28.596485137939453
2011-05-26,28.718263626098633
2011-05-27,28.948291778564453
2011-05-31,29.252704620361328
2011-06-01,28.251468658447266
2011-06-02,28.149999618530273
2011-06-03,28.122926712036133
2011-06-06,27.41933822631836
2011-06-07,27.547876358032227
2011-06-08,27.324621200561523
2011-06-09,27.723779678344727
2011-06-10,27.771148681640625
2011-06-13,28.190576553344727
2011-06-14,28.149999618530273
2011-06-15,27.520816802978516
2011-06-16,27.3043270111084
2011-06-17,27.60200309753418
2011-06-20,27.38551902770996
2011-06-21,27.676427841186523
2011-06-22,27.527589797973633
2011-06-23,27.108137130737305
2011-06-24,26.71576499938965
2011-06-27,26.979602813720703
2011-06-28,26.749591827392578
2011-06-29,27.36522102355957
2011-06-30,27.69671630859375
2011-07-01,28.30252456665039
2011-07-05,27.928136825561523
2011-07-06,27.60822868347168
2011-07-07,28.125547409057617
2011-07-08,27.730762481689453
2011-07-11,26.83907127380371
2011-07-12,26.811840057373047
2011-07-13,26.9683895111084
2011-07-14,27.46529197692871
2011-07-15,27.21343231201172
2011-07-18,27.11134147644043
2011-07-19,27.492511749267578
2011-07-20,27.88050079345703
2011-07-21,28.785797119140625
2011-07-22,28.717741012573242
2011-07-25,28.37739372253418
2011-07-26,28.207229614257812
2011-07-27,27.683101654052734
2011-07-28,27.689912796020508
2011-07-29,27.53335952758789
2011-08-01,27.526552200317383
2011-08-02,27.118131637573242
2011-08-03,27.15899085998535
2011-08-04,25.811246871948242
2011-08-05,25.59343147277832
2011-08-08,23.183834075927734
2011-08-09,24.776615142822266
2011-08-10,23.394838333129883
2011-08-11,24.97401237487793
2011-08-12,24.443082809448242
2011-08-15,25.103343963623047
2011-08-16,24.524765014648438
2011-08-17,24.89232635498047
2011-08-18,23.95299530029297
2011-08-19,23.3812313079834
2011-08-22,22.741390228271484
2011-08-23,23.67391586303711
2011-08-24,24.38863182067871
2011-08-25,24.313758850097656
2011-08-26,24.647287368774414
2011-08-29,25.620655059814453
2011-08-30,25.225868225097656
2011-08-31,25.566205978393555
2011-09-01,24.708553314208984
2011-09-02,23.571819305419922
2011-09-06,22.761812210083008
2011-09-07,23.701143264770508
2011-09-08,22.809459686279297
2011-09-09,21.836091995239258
2011-09-12,22.067523956298828
2011-09-13,22.115175247192383
2011-09-14,22.326181411743164
2011-09-15,23.013669967651367
2011-09-16,22.7550106048584
2011-09-19,22.115175247192383
2011-09-20,21.951810836791992
2011-09-21,20.651718139648438
2011-09-22,19.92339515686035
2011-09-23,20.141210556030273
2011-09-26,21.54340362548828
2011-09-27,21.488956451416016
2011-09-28,20.740203857421875
2011-09-29,21.366430282592773
2011-09-30,20.50196647644043
2011-10-03,19.501375198364258
2011-10-04,20.77857780456543
2011-10-05,21.17684555053711
2011-10-06,22.234317779541016
2011-10-07,21.080713272094727
2011-10-10,22.17938232421875
2011-10-11,22.17938232421875
2011-10-12,22.797386169433594
2011-10-13,21.698719024658203
2011-10-14,21.89784812927246
2011-10-17,21.31418228149414
2011-10-18,22.570783615112305
2011-10-19,22.145048141479492
2011-10-20,22.749324798583984
2011-10-21,22.948444366455078
2011-10-24,23.738121032714844
2011-10-25,22.99651336669922
2011-10-26,23.470317840576172
2011-10-27,25.420461654663086
2011-10-28,25.1938533782959
2011-10-31,23.86858367919922
2011-11-01,22.460912704467773
2011-11-02,23.099515914916992
2011-11-03,23.607648849487305
2011-11-04,23.32611846923828
2011-11-07,23.51151466369629
2011-11-08,24.047117233276367
2011-11-09,22.34418296813965
2011-11-10,22.481515884399414
2011-11-11,22.852319717407227
2011-11-14,22.351045608520508
2011-11-15,22.454055786132812
2011-11-16,21.60944175720215
2011-11-17,20.936511993408203
2011-11-18,21.02577781677246
2011-11-21,20.53824806213379
2011-11-22,20.194910049438477
2011-11-23,19.48764419555664
2011-11-25,19.55630874633789
2011-11-28,20.023244857788086
2011-11-29,19.611242294311523
2011-11-30,21.266111373901367
2011-12-01,20.915910720825195
2011-12-02,22.199979782104492
2011-12-05,23.01024627685547
2011-12-06,22.81798553466797
2011-12-07,23.34671974182129
2011-12-08,22.12445068359375
2011-12-09,22.78365135192871
2011-12-12,22.000844955444336
2011-12-13,21.485841751098633
2011-12-14,21.63691520690918
2011-12-15,21.808582305908203
2011-12-16,21.89784812927246
2011-12-19,21.080713272094727
2011-12-20,22.117578506469727
2011-12-21,22.193117141723633
2011-12-22,22.96904945373535
2011-12-23,23.051450729370117
2011-12-27,22.680648803710938
2011-12-28,22.419713973999023
2011-12-29,22.948444366455078
2011-12-30,22.83172035217285
2012-01-03,24.019651412963867
2012-01-04,24.171810150146484
2012-01-05,24.676679611206055
2012-01-06,24.45536231994629
2012-01-09,24.41386604309082
2012-01-10,24.932575225830078
2012-01-11,25.35445785522461
2012-01-12,25.48586654663086
2012-01-13,24.842674255371094
2012-01-17,24.144147872924805
2012-01-18,25.271469116210938
2012-01-19,25.541202545166016
2012-01-20,25.838584899902344
2012-01-23,26.046079635620117
2012-01-24,26.046079635620117
2012-01-25,26.004579544067383
2012-01-26,25.928503036499023
2012-01-27,25.734851837158203
2012-01-30,25.596525192260742
2012-01-31,25.797088623046875
2012-02-01,26.004579544067383
2012-02-02,25.969993591308594
2012-02-03,26.474885940551758
2012-02-06,26.378049850463867
2012-02-07,26.191307067871094
2012-02-08,26.48869514465332
2012-02-09,26.184391021728516
2012-02-10,26.01148796081543
2012-02-13,26.48869514465332
2012-02-14,26.225889205932617
2012-02-15,25.866256713867188
2012-02-16,26.28120994567871
2012-02-17,26.606287002563477
2012-02-21,26.59935188293457
2012-02-22,26.329633712768555
2012-02-23,26.620113372802734
2012-02-24,26.474885940551758
2012-02-27,27.014328002929688
2012-02-28,27.118070602416992
2012-02-29,27.138816833496094
2012-03-01,27.92033576965332
2012-03-02,28.10016441345215
2012-03-05,27.94108009338379
2012-03-06,27.19413948059082
2012-03-07,27.629863739013672
2012-03-08,27.968753814697266
2012-03-09,28.376789093017578
2012-03-12,28.037914276123047
2012-03-13,30.009004592895508
2012-03-14,30.14041519165039
2012-03-15,30.91501235961914
2012-03-16,30.825117111206055
2012-03-19,31.12250328063965
2012-03-20,31.385318756103516
2012-03-21,31.20549201965332
2012-03-22,30.88042449951172
2012-03-23,31.233152389526367
2012-03-26,31.931684494018555
2012-03-27,31.73802375793457
2012-03-28,32.000823974609375
2012-03-29,31.585880279541016
2012-03-30,31.80028533935547
2012-04-02,31.90401840209961
2012-04-03,31.618595123291016
2012-04-04,30.91550636291504
2012-04-05,30.866783142089844
2012-04-09,30.553499221801758
2012-04-10,29.906108856201172
2012-04-11,30.63704490661621
2012-04-12,31.214841842651367
2012-04-13,30.080142974853516
2012-04-16,30.16367530822754
2012-04-17,30.560461044311523
2012-04-18,30.135831832885742
2012-04-19,30.08710289001465
2012-04-20,29.73902702331543
2012-04-23,29.82952308654785
2012-04-24,30.12886619567871
2012-04-25,30.045331954956055
2012-04-26,30.490856170654297
2012-04-27,30.170629501342773
2012-04-30,29.92001724243164
2012-05-01,30.48390769958496
2012-05-02,30.07317352294922
2012-05-03,29.940902709960938
2012-05-04,29.063764572143555
2012-05-07,29.084644317626953
2012-05-08,28.806211471557617
2012-05-09,28.29106330871582
2012-05-10,28.360673904418945
2012-05-11,25.729267120361328
2012-05-14,24.914791107177734
2012-05-15,25.228050231933594
2012-05-16,24.68506622314453
2012-05-17,23.619976043701172
2012-05-18,23.313669204711914
2012-05-21,22.631458282470703
2012-05-22,23.675661087036133
2012-05-23,23.849687576293945
2012-05-24,23.647817611694336
2012-05-25,23.32063865661621
2012-05-29,23.411130905151367
2012-05-30,22.94471549987793
2012-05-31,23.07698631286621
2012-06-01,22.22769546508789
2012-06-04,21.580284118652344
2012-06-05,22.269466400146484
2012-06-06,23.02128791809082
2012-06-07,22.84030532836914
2012-06-08,23.445940017700195
2012-06-11,22.84725570678711
2012-06-12,23.50859260559082
2012-06-13,23.877540588378906
2012-06-14,24.121187210083008
2012-06-15,24.385726928710938
2012-06-18,24.100318908691406
2012-06-19,24.629383087158203
2012-06-20,25.374244689941406
2012-06-21,24.719871520996094
2012-06-22,25.05402183532715
2012-06-25,24.58759880065918
2012-06-26,24.85909652709961
2012-06-27,25.603967666625977
2012-06-28,24.977439880371094
2012-06-29,24.873022079467773
2012-07-02,25.255887985229492
2012-07-03,25.185705184936523
2012-07-05,24.132787704467773
2012-07-06,23.795854568481445
2012-07-09,23.83797264099121
2012-07-10,24.041532516479492
2012-07-11,24.280195236206055
2012-07-12,23.894134521484375
2012-07-13,25.319074630737305
2012-07-16,24.631162643432617
2012-07-17,24.560976028442383
2012-07-18,24.539915084838867
2012-07-19,24.188947677612305
2012-07-20,23.795854568481445
2012-07-23,24.174907684326172
2012-07-24,24.378469467163086
2012-07-25,24.68732452392578
2012-07-26,25.136568069458008
2012-07-27,25.89466667175293
2012-07-30,25.368213653564453
2012-07-31,25.26993751525879
2012-08-01,25.26993751525879
2012-08-02,24.68732452392578
2012-08-03,25.333110809326172
2012-08-06,25.48051643371582
2012-08-07,25.97889518737793
2012-08-08,26.08419418334961
2012-08-09,25.915719985961914
2012-08-10,25.950822830200195
2012-08-13,25.964855194091797
2012-08-14,26.042076110839844
2012-08-15,26.02100944519043
2012-08-16,26.042076110839844
2012-08-17,25.95783805847168
2012-08-20,26.23159408569336
2012-08-21,26.701902389526367
2012-08-22,26.554485321044922
2012-08-23,26.133316040039062
2012-08-24,26.091205596923828
2012-08-27,26.133316040039062
2012-08-28,26.063129425048828
2012-08-29,26.182458877563477
2012-08-30,25.901681900024414
2012-08-31,26.070154190063477
2012-09-04,25.97889518737793
2012-09-05,26.049087524414062
2012-09-06,27.15815544128418
2012-09-07,27.58635139465332
2012-09-10,27.207298278808594
2012-09-11,27.79693031311035
2012-09-12,28.021549224853516
2012-09-13,29.060436248779297
2012-09-14,29.179752349853516
2012-09-17,28.91301918029785
2012-09-18,28.9621524810791
2012-09-19,29.01831817626953
2012-09-20,28.955127716064453
2012-09-21,28.695419311523438
2012-09-24,28.94109535217285
2012-09-25,28.46377182006836
2012-09-26,28.24616813659668
2012-09-27,28.55502700805664
2012-09-28,28.414628982543945
2012-10-01,28.758596420288086
2012-10-02,28.72348403930664
2012-10-03,28.893203735351562
2012-10-04,29.57204818725586
2012-10-05,29.494258880615234
2012-10-08,29.458911895751953
2012-10-09,29.26090431213379
2012-10-10,29.53668975830078
2012-10-11,29.77003288269043
2012-10-12,29.430618286132812
2012-10-15,29.968042373657227
2012-10-16,30.2862548828125
2012-10-17,30.632728576660156
2012-10-18,30.41351890563965
2012-10-19,29.925601959228516
2012-10-22,29.76297378540039
2012-10-23,29.22554588317871
2012-10-24,29.494258880615234
2012-10-25,29.465984344482422
2012-10-26,29.10533905029297
2012-10-31,29.473047256469727
2012-11-01,30.293315887451172
2012-11-02,29.996318817138672
2012-11-05,29.8902530670166
2012-11-06,30.32160758972168
2012-11-07,28.624488830566406
2012-11-08,28.56792640686035
2012-11-09,28.72348403930664
2012-11-12,28.69520378112793
2012-11-13,28.313350677490234
2012-11-14,27.78301429748535
2012-11-15,27.853721618652344
2012-11-16,27.952728271484375
2012-11-19,28.70228385925293
2012-11-20,28.780071258544922
2012-11-21,28.80126953125
2012-11-23,29.05584144592285
2012-11-26,28.907344818115234
2012-11-27,28.815420150756836
2012-11-28,28.871990203857422
2012-11-29,29.147769927978516
2012-11-30,29.04877471923828
2012-12-03,28.857852935791016
2012-12-04,28.688142776489258
2012-12-05,29.13363265991211
2012-12-06,29.324565887451172
2012-12-07,30.095321655273438
2012-12-10,29.918550491333008
2012-12-11,30.151893615722656
2012-12-12,30.24382209777832
2012-12-13,30.250879287719727
2012-12-14,30.27210235595703
2012-12-17,30.74588394165039
2012-12-18,31.021657943725586
2012-12-19,30.781240463256836
2012-12-20,31.488351821899414
2012-12-21,31.113582611083984
2012-12-24,31.057008743286133
2012-12-26,31.085294723510742
2012-12-27,30.851947784423828
2012-12-28,30.576160430908203
2012-12-31,31.092365264892578
2013-01-02,31.797231674194336
2013-01-03,31.733156204223633
2013-01-04,32.295623779296875
2013-01-07,32.33122253417969
2013-01-08,32.395301818847656
2013-01-09,32.37394332885742
2013-01-10,32.85808563232422
2013-01-11,32.85095977783203
2013-01-14,32.665855407714844
2013-01-15,33.00048828125
2013-01-16,33.335121154785156
2013-01-17,33.06456756591797
2013-01-18,33.07880401611328
2013-01-22,33.13578414916992
2013-01-23,32.91504669189453
2013-01-24,33.01473617553711
2013-01-25,33.57719421386719
2013-01-28,33.20695495605469
2013-01-29,33.54872512817383
2013-01-30,33.55583190917969
2013-01-31,33.49887466430664
2013-02-01,34.068458557128906
2013-02-04,33.947425842285156
2013-02-05,34.73773193359375
2013-02-06,34.60957336425781
2013-02-07,34.339019775390625
2013-02-08,34.62381362915039
2013-02-11,34.645179748535156
2013-02-12,34.98693084716797
2013-02-13,34.6594123840332
2013-02-14,35.043888092041016
2013-02-15,34.80181121826172
2013-02-19,35.2076416015625
2013-02-20,34.60957336425781
2013-02-21,34.353267669677734
2013-02-22,34.82317352294922
2013-02-25,33.961673736572266
2013-02-26,33.89045715332031
2013-02-27,35.08660125732422
2013-02-28,34.830284118652344
2013-03-01,34.82317352294922
2013-03-04,34.95844650268555
2013-03-05,35.23611068725586
2013-03-06,35.62059783935547
2013-03-07,36.047794342041016
2013-03-08,35.741634368896484
2013-03-11,35.94097900390625
2013-03-12,35.7985954284668
2013-03-13,35.71314239501953
2013-03-14,36.311214447021484
2013-03-15,35.61346435546875
2013-03-18,35.250362396240234
2013-03-19,35.02964782714844
2013-03-20,34.972686767578125
2013-03-21,34.424461364746094
2013-03-22,34.73059844970703
2013-03-25,34.545501708984375
2013-03-26,34.630943298339844
2013-03-27,34.01150894165039
2013-03-28,33.790794372558594
2013-04-01,34.0542106628418
2013-04-02,34.37461471557617
2013-04-03,33.56503677368164
2013-04-04,34.0235595703125
2013-04-05,34.32447052001953
2013-04-08,34.80447006225586
2013-04-09,34.87611770629883
2013-04-10,35.28449630737305
2013-04-11,35.327476501464844
2013-04-12,35.112545013427734
2013-04-15,34.33879852294922
2013-04-16,34.739986419677734
2013-04-17,33.522056579589844
2013-04-18,33.41459274291992
2013-04-19,33.8372917175293
2013-04-22,33.92326736450195
2013-04-23,34.51073455810547
2013-04-24,34.90476989746094
2013-04-25,35.105384826660156
2013-04-26,35.01940155029297
2013-04-29,35.04806137084961
2013-04-30,35.112545013427734
2013-05-01,34.39609909057617
2013-05-02,34.44626235961914
2013-05-03,34.080875396728516
2013-05-06,34.51789474487305
2013-05-07,35.20566940307617
2013-05-08,35.64987564086914
2013-05-09,35.1340446472168
2013-05-10,35.076725006103516
2013-05-13,35.585384368896484
2013-05-14,35.986595153808594
2013-05-15,36.602725982666016
2013-05-16,36.51676559448242
2013-05-17,37.469627380371094
2013-05-20,37.46245574951172
2013-05-21,37.98545455932617
2013-05-22,38.422481536865234
2013-05-23,38.22187423706055
2013-05-24,38.44397735595703
2013-05-28,39.117431640625
2013-05-29,39.167572021484375
2013-05-30,39.84819412231445
2013-05-31,39.110260009765625
2013-06-03,39.03861999511719
2013-06-04,38.71621322631836
2013-06-05,37.992618560791016
2013-06-06,38.329349517822266
2013-06-07,38.88100051879883
2013-06-10,38.94548416137695
2013-06-11,38.32218933105469
2013-06-12,38.100093841552734
2013-06-13,38.809349060058594
2013-06-14,38.064266204833984
2013-06-17,38.5800895690918
2013-06-18,38.766380310058594
2013-06-19,38.36516571044922
2013-06-20,37.598575592041016
2013-06-21,37.22603225708008
2013-06-24,36.48094177246094
2013-06-25,37.3120002746582
2013-06-26,37.612911224365234
2013-06-27,38.0786018371582
2013-06-28,37.820674896240234
2013-07-01,37.605751037597656
2013-07-02,38.10368728637695
2013-07-03,38.08203125
2013-07-05,38.96247100830078
2013-07-08,39.47483825683594
2013-07-09,39.61195373535156
2013-07-10,39.568668365478516
2013-07-11,39.79237747192383
2013-07-12,39.66969680786133
2013-07-15,39.61195373535156
2013-07-16,39.698543548583984
2013-07-17,39.88619613647461
2013-07-18,40.68001937866211
2013-07-19,40.52848815917969
2013-07-22,40.817138671875
2013-07-23,40.896522521972656
2013-07-24,40.86764144897461
2013-07-25,40.77383041381836
2013-07-26,40.4490966796875
2013-07-29,40.18928146362305
2013-07-30,39.92950439453125
2013-07-31,40.2181510925293
2013-08-01,40.802703857421875
2013-08-02,40.766632080078125
2013-08-05,40.485164642333984
2013-08-06,40.044952392578125
2013-08-07,39.907833099365234
2013-08-08,39.568668365478516
2013-08-09,39.344947814941406
2013-08-12,39.034637451171875
2013-08-13,39.17896270751953
2013-08-14,39.07793426513672
2013-08-15,38.45731735229492
2013-08-16,38.45731735229492
2013-08-19,37.403690338134766
2013-08-20,37.61295700073242
2013-08-21,37.25935363769531
2013-08-22,37.67790222167969
2013-08-23,37.75728988647461
2013-08-26,37.382022857666016
2013-08-27,36.51601791381836
2013-08-28,36.5015983581543
2013-08-29,36.58820343017578
2013-08-30,36.465518951416016
2013-09-03,36.89851379394531
2013-09-04,37.43254089355469
2013-09-05,37.605751037597656
2013-09-06,37.93050003051758
2013-09-09,38.146995544433594
2013-09-10,38.731536865234375
2013-09-11,38.43564987182617
2013-09-12,37.69955825805664
2013-09-13,37.95213317871094
2013-09-16,38.349063873291016
2013-09-17,38.31297302246094
2013-09-18,38.54388427734375
2013-09-19,38.06760787963867
2013-09-20,38.10368728637695
2013-09-23,37.136661529541016
2013-09-24,36.31396484375
2013-09-25,37.30986022949219
2013-09-26,37.44697189331055
2013-09-27,37.69955825805664
2013-09-30,37.30265426635742
2013-10-01,37.49749755859375
2013-10-02,37.868255615234375
2013-10-03,37.75920104980469
2013-10-04,38.289894104003906
2013-10-07,37.67924880981445
2013-10-08,36.98133850097656
2013-10-09,36.89409255981445
2013-10-10,38.180843353271484
2013-10-11,38.17359161376953
2013-10-14,38.318965911865234
2013-10-15,38.0281867980957
2013-10-16,39.25676727294922
2013-10-17,39.4094352722168
2013-10-18,39.47486877441406
2013-10-21,39.45306396484375
2013-10-22,38.980533599853516
2013-10-23,38.34805679321289
2013-10-24,38.15177536010742
2013-10-25,38.36259841918945
2013-10-28,38.29716873168945
2013-10-29,38.33352279663086
2013-10-30,38.239013671875
2013-10-31,37.46841049194336
2013-11-01,38.17359161376953
2013-11-04,37.83191680908203
2013-11-05,37.7664909362793
2013-11-06,37.875518798828125
2013-11-07,37.54839324951172
2013-11-08,39.22769546508789
2013-11-11,39.329471588134766
2013-11-12,39.23496627807617
2013-11-13,39.358551025390625
2013-11-14,39.547576904296875
2013-11-15,39.88924789428711
2013-11-18,40.52172088623047
2013-11-19,40.81978225708008
2013-11-20,40.783424377441406
2013-11-21,41.597652435302734
2013-11-22,41.7721061706543
2013-11-25,41.910255432128906
2013-11-26,41.5612907409668
2013-11-27,41.78666305541992
2013-11-29,41.597652435302734
2013-12-02,41.42317199707031
2013-12-03,41.33592987060547
2013-12-04,41.57583236694336
2013-12-05,40.57987976074219
2013-12-06,40.754356384277344
2013-12-09,41.08149337768555
2013-12-10,41.21961975097656
2013-12-11,40.761619567871094
2013-12-12,40.93609619140625
2013-12-13,40.834327697753906
2013-12-16,41.01605987548828
2013-12-17,40.50718688964844
2013-12-18,41.6121826171875
2013-12-19,41.60491943359375
2013-12-20,41.94658660888672
2013-12-23,42.33916473388672
2013-12-24,42.34642028808594
2013-12-26,42.310089111328125
2013-12-27,42.26647186279297
2013-12-30,42.12834930419922
2013-12-31,42.513641357421875
2014-01-02,42.5941162109375
2014-01-03,42.92341232299805
2014-01-06,43.17219924926758
2014-01-07,42.67462158203125
2014-01-08,43.07707214355469
2014-01-09,42.996578216552734
2014-01-10,42.799015045166016
2014-01-13,42.220943450927734
2014-01-14,42.25020980834961
2014-01-15,43.5307502746582
2014-01-16,43.164878845214844
2014-01-17,42.52095413208008
2014-01-21,42.56486511230469
2014-01-22,42.14045715332031
2014-01-23,41.3209114074707
2014-01-24,40.311126708984375
2014-01-27,40.311126708984375
2014-01-28,40.78675079345703
2014-01-29,40.633094787597656
2014-01-30,40.97698974609375
2014-01-31,40.508689880371094
2014-02-03,39.740379333496094
2014-02-04,40.20867919921875
2014-02-05,40.398929595947266
2014-02-06,41.328224182128906
2014-02-07,41.4306526184082
2014-02-10,41.51847457885742
2014-02-11,42.02338409423828
2014-02-12,42.0892333984375
2014-02-13,42.46242141723633
2014-02-14,42.55021667480469
2014-02-18,42.799015045166016
2014-02-19,41.89899826049805
2014-02-20,42.13314437866211
2014-02-21,42.15509033203125
2014-02-24,42.46242141723633
2014-02-25,41.73068618774414
2014-02-26,41.52579879760742
2014-02-27,41.48189163208008
2014-02-28,41.57701873779297
2014-03-03,41.13066482543945
2014-03-04,41.89899826049805
2014-03-05,42.55754089355469
2014-03-06,43.099021911621094
2014-03-07,43.46489334106445
2014-03-10,43.31854248046875
2014-03-11,42.57949447631836
2014-03-12,42.38192367553711
2014-03-13,42.01605224609375
2014-03-14,41.56238555908203
2014-03-17,42.13314437866211
2014-03-18,42.484371185302734
2014-03-19,42.65998077392578
2014-03-20,43.98441696166992
2014-03-21,44.028324127197266
2014-03-24,44.686893463134766
2014-03-25,44.58443069458008
2014-03-26,43.83075714111328
2014-03-27,43.84538650512695
2014-03-28,43.93320083618164
2014-03-31,44.42345428466797
2014-04-01,44.39418411254883
2014-04-02,44.53410339355469
2014-04-03,44.666629791259766
2014-04-04,44.040748596191406
2014-04-07,43.444297790527344
2014-04-08,43.33385467529297
2014-04-09,43.64311218261719
2014-04-10,42.26615524291992
2014-04-11,40.719818115234375
2014-04-14,40.46947479248047
2014-04-15,40.35167694091797
2014-04-16,40.690372467041016
2014-04-17,40.66093063354492
2014-04-21,40.52102279663086
2014-04-22,41.09535598754883
2014-04-23,41.27207946777344
2014-04-24,41.37518310546875
2014-04-25,41.014373779296875
2014-04-28,40.8597412109375
2014-04-29,41.30891036987305
2014-04-30,41.22053909301758
2014-05-01,41.02909851074219
2014-05-02,40.926002502441406
2014-05-05,39.92457962036133
2014-05-06,39.276615142822266
2014-05-07,39.799400329589844
2014-05-08,40.027679443359375
2014-05-09,39.76994705200195
2014-05-12,40.241207122802734
2014-05-13,40.21912384033203
2014-05-14,40.027679443359375
2014-05-15,39.40177917480469
2014-05-16,39.2545051574707
2014-05-19,39.63740539550781
2014-05-20,39.556427001953125
2014-05-21,39.8509521484375
2014-05-22,40.16757583618164
2014-05-23,40.1528434753418
2014-05-27,40.602020263671875
2014-05-28,40.83027267456055
2014-05-29,41.02909851074219
2014-05-30,40.918643951416016
2014-06-02,40.75665283203125
2014-06-03,40.94072723388672
2014-06-04,40.999637603759766
2014-06-05,41.69917678833008
2014-06-06,41.949527740478516
2014-06-09,42.28087615966797
2014-06-10,42.63432693481445
2014-06-11,42.1704216003418
2014-06-12,42.00106430053711
2014-06-13,42.00106430053711
2014-06-16,41.875885009765625
2014-06-17,42.28087615966797
2014-06-18,42.545963287353516
2014-06-19,42.19252395629883
2014-06-20,42.376609802246094
2014-06-23,42.847869873046875
2014-06-24,42.28087615966797
2014-06-25,42.361881256103516
2014-06-26,42.258785247802734
2014-06-27,42.361881256103516
2014-06-30,42.42814636230469
2014-07-01,42.68767166137695
2014-07-02,42.2427864074707
2014-07-03,42.302093505859375
2014-07-07,42.020328521728516
2014-07-08,41.34556579589844
2014-07-09,41.53837585449219
2014-07-10,41.19727325439453
2014-07-11,41.37522888183594
2014-07-14,41.73855972290039
2014-07-15,43.206722259521484
2014-07-16,43.53297424316406
2014-07-17,42.9026985168457
2014-07-18,43.17705535888672
2014-07-21,43.184471130371094
2014-07-22,43.50331115722656
2014-07-23,43.74801254272461
2014-07-24,43.874046325683594
2014-07-25,43.755409240722656
2014-07-28,43.88888931274414
2014-07-29,43.4810676574707
2014-07-30,43.6812744140625
2014-07-31,42.761817932128906
2014-08-01,41.87944030761719
2014-08-04,42.00550842285156
2014-08-05,41.568023681640625
2014-08-06,41.69406509399414
2014-08-07,41.45680236816406
2014-08-08,41.775638580322266
2014-08-11,41.76081085205078
2014-08-12,41.783058166503906
2014-08-13,42.05739974975586
2014-08-14,42.25018310546875
2014-08-15,42.07964324951172
2014-08-18,42.43555450439453
2014-08-19,42.68025588989258
2014-08-20,42.73957443237305
2014-08-21,43.37725830078125
2014-08-22,43.36985397338867
2014-08-25,44.0001106262207
2014-08-26,44.29671096801758
2014-08-27,44.185482025146484
2014-08-28,43.86664962768555
2014-08-29,44.08168029785156
2014-09-02,44.24479293823242
2014-09-03,44.267051696777344
2014-09-04,44.27446365356445
2014-09-05,44.42275619506836
2014-09-08,44.407920837402344
2014-09-09,43.792503356933594
2014-09-10,43.91114044189453
2014-09-11,44.3115348815918
2014-09-12,44.51173400878906
2014-09-15,44.445011138916016
2014-09-16,44.482086181640625
2014-09-17,44.71934509277344
2014-09-18,45.468257904052734
2014-09-19,45.31254959106445
2014-09-22,45.16425323486328
2014-09-23,45.18650436401367
2014-09-24,45.698143005371094
2014-09-25,44.60072326660156
2014-09-26,44.90473937988281
2014-09-29,44.73419189453125
2014-09-30,44.66745376586914
2014-10-01,44.31896209716797
2014-10-02,43.923316955566406
2014-10-03,45.01318359375
2014-10-06,44.9235954284668
2014-10-07,44.244293212890625
2014-10-08,45.08783721923828
2014-10-09,44.10248947143555
2014-10-10,43.68444061279297
2014-10-13,43.41569900512695
2014-10-14,43.2888069152832
2014-10-15,41.45243835449219
2014-10-16,41.11652374267578
2014-10-17,41.95259094238281
2014-10-20,42.27358627319336
2014-10-21,43.24401092529297
2014-10-22,42.885704040527344
2014-10-23,43.3410530090332
2014-10-24,43.84867477416992
2014-10-27,43.774017333984375
2014-10-28,44.51303482055664
2014-10-29,44.25923156738281
2014-10-30,44.33388900756836
2014-10-31,45.14756774902344
2014-11-03,45.4461555480957
2014-11-04,44.97586441040039
2014-11-05,45.647705078125
2014-11-06,45.70741653442383
2014-11-07,45.88657760620117
2014-11-10,46.229949951171875
2014-11-11,45.81193542480469
2014-11-12,45.20726776123047
2014-11-13,44.9609260559082
2014-11-14,44.998252868652344
2014-11-17,45.07291030883789
2014-11-18,45.184879302978516
2014-11-19,45.23712921142578
2014-11-20,44.87881851196289
2014-11-21,45.12516784667969
2014-11-24,45.50587463378906
2014-11-25,45.01318359375
2014-11-26,45.04304885864258
2014-11-28,44.9086799621582
2014-12-01,44.789249420166016
2014-12-02,45.59545135498047
2014-12-03,45.938838958740234
2014-12-04,45.81938934326172
2014-12-05,46.80476379394531
2014-12-08,46.78236770629883
2014-12-09,46.61813735961914
2014-12-10,45.29684066772461
2014-12-11,45.640235900878906
2014-12-12,44.819114685058594
2014-12-15,44.16219711303711
2014-12-16,43.61726379394531
2014-12-17,44.617557525634766
2014-12-18,45.894039154052734
2014-12-19,46.229949951171875
2014-12-22,46.237422943115234
2014-12-23,46.640533447265625
2014-12-24,46.640533447265625
2014-12-26,46.692779541015625
2014-12-29,46.99884796142578
2014-12-30,47.14067077636719
2014-12-31,46.71516799926758
2015-01-02,46.94807434082031
2015-01-05,45.490577697753906
2015-01-06,44.311058044433594
2015-01-07,44.37866973876953
2015-01-08,45.37037658691406
2015-01-09,44.58151626586914
2015-01-12,44.198368072509766
2015-01-13,44.205867767333984
2015-01-14,42.68075942993164
2015-01-15,41.31340408325195
2015-01-16,42.019622802734375
2015-01-20,41.854339599609375
2015-01-21,41.989566802978516
2015-01-22,43.26676940917969
2015-01-23,42.58310317993164
2015-01-26,42.650691986083984
2015-01-27,42.22246551513672
2015-01-28,41.13310623168945
2015-01-29,41.82427978515625
2015-01-30,40.855133056640625
2015-02-02,41.674034118652344
2015-02-03,42.613136291503906
2015-02-04,42.35770034790039
2015-02-05,42.650691986083984
2015-02-06,43.492149353027344
2015-02-09,43.43955612182617
2015-02-10,43.920372009277344
2015-02-11,43.85276412963867
2015-02-12,44.75431823730469
2015-02-13,44.829437255859375
2015-02-17,45.152496337890625
2015-02-18,44.604061126708984
2015-02-19,44.49887466430664
2015-02-20,44.92710876464844
2015-02-23,44.589027404785156
2015-02-24,45.69342041015625
2015-02-25,45.933834075927734
2015-02-26,46.26442337036133
2015-02-27,46.03901672363281
2015-03-02,46.40714645385742
2015-03-03,46.55739974975586
2015-03-04,46.677616119384766
2015-03-05,46.57993698120117
2015-03-06,45.74601745605469
2015-03-09,46.204307556152344
2015-03-10,45.04730987548828
2015-03-11,45.2576789855957
2015-03-12,46.106632232666016
2015-03-13,45.82864761352539
2015-03-16,46.46725082397461
2015-03-17,46.28693771362305
2015-03-18,46.392120361328125
2015-03-19,45.97891616821289
2015-03-20,46.392120361328125
2015-03-23,45.933834075927734
2015-03-24,45.42295837402344
2015-03-25,44.78437423706055
2015-03-26,44.73176956176758
2015-03-27,44.73929214477539
2015-03-30,45.79859924316406
2015-03-31,45.51311492919922
2015-04-01,45.339168548583984
2015-04-02,45.77024459838867
2015-04-06,45.732425689697266
2015-04-07,46.01982498168945
2015-04-08,46.17108154296875
2015-04-09,46.488712310791016
2015-04-10,46.66267013549805
2015-04-13,46.942474365234375
2015-04-14,47.67609405517578
2015-04-15,48.560935974121094
2015-04-16,48.25843048095703
2015-04-17,47.52482986450195
2015-04-20,47.827335357666016
2015-04-21,47.123992919921875
2015-04-22,47.6004524230957
2015-04-23,47.49457550048828
2015-04-24,47.34330368041992
2015-04-27,47.14668273925781
2015-04-28,47.46432876586914
2015-04-29,48.0995979309082
2015-04-30,47.842464447021484
2015-05-01,48.1071662902832
2015-05-04,48.9466438293457
2015-05-05,48.70461654663086
2015-05-06,48.341609954833984
2015-05-07,48.78025817871094
2015-05-08,49.52897644042969
2015-05-11,49.49872589111328
2015-05-12,49.430660247802734
2015-05-13,49.551666259765625
2015-05-14,49.95250701904297
2015-05-15,49.82392120361328
2015-05-18,50.232322692871094
2015-05-19,50.678531646728516
2015-05-20,50.277706146240234
2015-05-21,50.40626525878906
2015-05-22,50.27012634277344
2015-05-26,49.71047592163086
2015-05-27,50.27012634277344
2015-05-28,50.065948486328125
2015-05-29,49.748294830322266
2015-06-01,49.97518539428711
2015-06-02,49.9298095703125
2015-06-03,50.444087982177734
2015-06-04,50.16424560546875
2015-06-05,50.98861312866211
2015-06-08,50.58778762817383
2015-06-09,50.80709457397461
2015-06-10,51.62388229370117
2015-06-11,51.82051467895508
2015-06-12,51.61631774902344
2015-06-15,51.41969299316406
2015-06-16,51.70707702636719
2015-06-17,51.53312683105469
2015-06-18,52.01714324951172
2015-06-19,51.48775863647461
2015-06-22,52.153263092041016
2015-06-23,52.750728607177734
2015-06-24,52.19865036010742
2015-06-25,51.9188346862793
2015-06-26,52.14570617675781
2015-06-29,50.82222366333008
2015-06-30,51.24574661254883
2015-07-01,51.81664276123047
2015-07-02,51.39796447753906
2015-07-06,51.25336837768555
2015-07-07,50.849910736083984
2015-07-08,49.80702590942383
2015-07-09,50.32465744018555
2015-07-10,51.040225982666016
2015-07-13,51.83189010620117
2015-07-14,52.5550422668457
2015-07-15,52.669246673583984
2015-07-16,52.95087814331055
2015-07-17,52.68446350097656
2015-07-20,52.72252655029297
2015-07-21,52.60072326660156
2015-07-22,53.34672927856445
2015-07-23,53.01179504394531
2015-07-24,52.45610046386719
2015-07-27,51.77099609375
2015-07-28,51.80143737792969
2015-07-29,52.47893142700195
2015-07-30,52.5550422668457
2015-07-31,52.16682815551758
2015-08-03,52.16682815551758
2015-08-04,52.1135368347168
2015-08-05,52.3190803527832
2015-08-06,51.95368576049805
2015-08-07,51.80143737792969
2015-08-10,52.44086456298828
2015-08-11,51.93844985961914
2015-08-12,51.184837341308594
2015-08-13,51.42082214355469
2015-08-14,51.67964172363281
2015-08-17,51.81664276123047
2015-08-18,51.92323684692383
2015-08-19,51.458885192871094
2015-08-20,50.19524383544922
2015-08-21,48.413978576660156
2015-08-24,45.863868713378906
2015-08-25,45.60505294799805
2015-08-26,47.88874053955078
2015-08-27,49.08385467529297
2015-08-28,48.81742477416992
2015-08-31,48.79458236694336
2015-09-01,46.77733612060547
2015-09-02,47.62991714477539
2015-09-03,47.713661193847656
2015-09-04,46.81541442871094
2015-09-08,48.07905197143555
2015-09-09,47.33304214477539
2015-09-10,47.69844055175781
2015-09-11,47.62229919433594
2015-09-14,47.485294342041016
2015-09-15,48.39875411987305
2015-09-16,48.82503890991211
2015-09-17,47.69081497192383
2015-09-18,46.389122009277344
2015-09-21,46.77733612060547
2015-09-22,46.366275787353516
2015-09-23,46.16075134277344
2015-09-24,45.841041564941406
2015-09-25,46.79256820678711
2015-09-28,45.65833282470703
2015-09-29,45.55177307128906
2015-09-30,46.41194152832031
2015-10-01,46.7545166015625
2015-10-02,46.62417221069336
2015-10-05,47.55189895629883
2015-10-06,47.574893951416016
2015-10-07,47.63623809814453
2015-10-08,47.63623809814453
2015-10-09,47.482879638671875
2015-10-12,47.321876525878906
2015-10-13,47.19154357910156
2015-10-14,45.99546432495117
2015-10-15,47.452213287353516
2015-10-16,47.866249084472656
2015-10-19,47.705238342285156
2015-10-20,47.93525314331055
2015-10-21,47.582557678222656
2015-10-22,48.44895553588867
2015-10-23,48.97031021118164
2015-10-26,48.993316650390625
2015-10-27,48.793975830078125
2015-10-28,50.22007751464844
2015-10-29,49.99772262573242
2015-10-30,49.261680603027344
2015-11-02,50.25074005126953
2015-11-03,50.434749603271484
2015-11-04,50.48842239379883
2015-11-05,50.9407844543457
2015-11-06,52.48954772949219
2015-11-09,51.669158935546875
2015-11-10,51.89152526855469
2015-11-11,51.63851547241211
2015-11-12,50.60343933105469
2015-11-13,50.26607894897461
2015-11-16,50.99446487426758
2015-11-17,50.703125
2015-11-18,51.71517562866211
2015-11-19,51.87618637084961
2015-11-20,51.78418731689453
2015-11-23,51.27814483642578
2015-11-24,51.20147705078125
2015-11-25,51.262813568115234
2015-11-27,51.500484466552734
2015-11-30,51.12480163574219
2015-12-01,51.83785629272461
2015-12-02,51.109458923339844
2015-12-03,50.45010757446289
2015-12-04,52.05253982543945
2015-12-07,51.37016296386719
2015-12-08,50.57276153564453
2015-12-09,50.18940734863281
2015-12-10,50.304405212402344
2015-12-11,49.1236686706543
2015-12-14,49.27699661254883
2015-12-15,50.68011474609375
2015-12-16,51.776512145996094
2015-12-17,50.818115234375
2015-12-18,49.37667465209961
2015-12-21,50.25074005126953
2015-12-22,50.35808181762695
2015-12-23,51.16313934326172
2015-12-24,51.0634651184082
2015-12-28,50.8947868347168
2015-12-29,51.4238166809082
2015-12-30,51.0557861328125
2015-12-31,50.626441955566406
2016-01-04,49.10585021972656
2016-01-05,49.19076919555664
2016-01-06,48.48066329956055
2016-01-07,46.5201416015625
2016-01-08,45.47811508178711
2016-01-11,45.40864944458008
2016-01-12,45.50899124145508
2016-01-13,44.258575439453125
2016-01-14,44.922359466552734
2016-01-15,44.02701187133789
2016-01-19,44.003868103027344
2016-01-20,42.84606170654297
2016-01-21,42.64537048339844
2016-01-22,43.95756149291992
2016-01-25,42.96184539794922
2016-01-26,44.057891845703125
2016-01-27,44.02701187133789
2016-01-28,44.21226501464844
2016-01-29,45.92579650878906
2016-02-01,45.43180465698242
2016-02-02,44.01929473876953
2016-02-03,44.31259536743164
2016-02-04,45.076744079589844
2016-02-05,44.57502365112305
2016-02-08,43.64108657836914
2016-02-09,43.378662109375
2016-02-10,42.85378646850586
2016-02-11,40.96272277832031
2016-02-12,44.37436294555664
2016-02-16,45.038143157958984
2016-02-17,45.362335205078125
2016-02-18,44.62135314941406
2016-02-19,44.62907028198242
2016-02-22,45.207950592041016
2016-02-23,43.3169059753418
2016-02-24,43.33232879638672
2016-02-25,44.003868103027344
2016-02-26,44.41294479370117
2016-02-29,43.45584487915039
2016-03-01,45.6942253112793
2016-03-02,46.12647247314453
2016-03-03,46.280845642089844
2016-03-04,46.350318908691406
2016-03-07,46.265411376953125
2016-03-08,45.370052337646484
2016-03-09,45.63248825073242
2016-03-10,45.238834381103516
2016-03-11,45.80229568481445
2016-03-14,45.63248825073242
2016-03-15,45.6942253112793
2016-03-16,45.47811508178711
2016-03-17,45.34688949584961
2016-03-18,46.68222427368164
2016-03-21,46.666786193847656
2016-03-22,46.49697494506836
2016-03-23,46.265411376953125
2016-03-24,45.91035079956055
2016-03-28,45.84861373901367
2016-03-29,45.56302261352539
2016-03-30,46.08788299560547
2016-03-31,45.70967102050781
2016-04-01,46.21137237548828
2016-04-04,46.032535552978516
2016-04-05,45.37937545776367
2016-04-06,45.72929763793945
2016-04-07,44.57069396972656
2016-04-08,44.89727783203125
2016-04-11,45.254947662353516
2016-04-12,46.094757080078125
2016-04-13,48.04646682739258
2016-04-14,48.66852569580078
2016-04-15,48.108680725097656
2016-04-18,48.41970443725586
2016-04-19,49.23615264892578
2016-04-20,49.95153045654297
2016-04-21,49.4538688659668
2016-04-22,49.74159240722656
2016-04-25,49.4538688659668
2016-04-26,49.71046829223633
2016-04-27,49.85043716430664
2016-04-28,49.4538688659668
2016-04-29,49.14284896850586
2016-05-02,49.60162353515625
2016-05-03,48.64520263671875
2016-05-04,47.875396728515625
2016-05-05,47.61879348754883
2016-05-06,47.89872741699219
2016-05-09,47.5954704284668
2016-05-10,48.24085998535156
2016-05-11,48.06201171875
2016-05-12,48.03091812133789
2016-05-13,47.58769989013672
2016-05-16,47.945377349853516
2016-05-17,47.945377349853516
2016-05-18,49.796016693115234
2016-05-19,49.290592193603516
2016-05-20,49.38390350341797
2016-05-23,49.34502029418945
2016-05-24,50.18479919433594
2016-05-25,50.946834564208984
2016-05-26,50.5658073425293
2016-05-27,50.8768424987793
2016-05-31,50.75243377685547
2016-06-01,51.079017639160156
2016-06-02,51.172325134277344
2016-06-03,50.2625617980957
2016-06-06,50.76020812988281
2016-06-07,50.58912658691406
2016-06-08,50.736881256103516
2016-06-09,50.34809112548828
2016-06-10,49.64048767089844
2016-06-13,49.19727325439453
2016-06-14,48.2719612121582
2016-06-15,48.186431884765625
2016-06-16,48.38083267211914
2016-06-17,48.42747116088867
2016-06-20,48.49745178222656
2016-06-21,48.948448181152344
2016-06-22,48.76183319091797
2016-06-23,49.80378723144531
2016-06-24,46.34356689453125
2016-06-27,44.79619216918945
2016-06-28,46.28136444091797
2016-06-29,47.58769989013672
2016-06-30,48.31861114501953
2016-07-01,48.00515365600586
2016-07-05,46.66515350341797
2016-07-06,47.16667556762695
2016-07-07,47.4723014831543
2016-07-08,48.45182800292969
2016-07-11,48.796634674072266
2016-07-12,49.52540969848633
2016-07-13,49.49406051635742
2016-07-14,50.24634552001953
2016-07-15,50.29336166381836
2016-07-18,50.12095642089844
2016-07-19,50.0426025390625
2016-07-20,50.097450256347656
2016-07-21,49.90937805175781
2016-07-22,50.183658599853516
2016-07-25,50.05044174194336
2016-07-26,50.254173278808594
2016-07-27,50.41090774536133
2016-07-28,50.23066329956055
2016-07-29,50.128814697265625
2016-08-01,49.99558639526367
2016-08-02,49.87803649902344
2016-08-03,50.66950225830078
2016-08-04,50.59113693237305
2016-08-05,51.954654693603516
2016-08-08,51.79793167114258
2016-08-09,51.617706298828125
2016-08-10,51.15534973144531
2016-08-11,51.296409606933594
2016-08-12,51.18670654296875
2016-08-15,51.50015640258789
2016-08-16,51.49232482910156
2016-08-17,51.63335037231445
2016-08-18,51.68038558959961
2016-08-19,51.60987091064453
2016-08-22,51.56284713745117
2016-08-23,51.539337158203125
2016-08-24,51.68038558959961
2016-08-25,51.77442932128906
2016-08-26,51.891971588134766
2016-08-29,52.464019775390625
2016-08-30,52.895023345947266
2016-08-31,52.895023345947266
2016-09-01,52.667762756347656
2016-09-02,52.88716506958008
2016-09-06,52.847999572753906
2016-09-07,52.62858963012695
2016-09-08,52.69911193847656
2016-09-09,52.22893524169922
2016-09-12,52.55021286010742
2016-09-13,52.13489532470703
2016-09-14,52.03303146362305
2016-09-15,52.22109603881836
2016-09-16,51.578514099121094
2016-09-19,51.868446350097656
2016-09-20,52.08003234863281
2016-09-21,52.37782287597656
2016-09-22,52.80880355834961
2016-09-23,52.69911193847656
2016-09-26,51.547157287597656
2016-09-27,52.00168991088867
2016-09-28,52.27595520019531
2016-09-29,51.44529724121094
2016-09-30,52.1818962097168
2016-10-03,52.11921691894531
2016-10-04,52.569129943847656
2016-10-05,53.429500579833984
2016-10-06,53.57156753540039
2016-10-07,53.761016845703125
2016-10-10,54.17936325073242
2016-10-11,53.91889572143555
2016-10-12,53.77680206298828
2016-10-13,53.46895980834961
2016-10-14,53.2952995300293
2016-10-17,53.019046783447266
2016-10-18,53.4373893737793
2016-10-19,53.950435638427734
2016-10-20,53.87942123413086
2016-10-21,54.06096649169922
2016-10-24,54.36090850830078
2016-10-25,54.30564498901367
2016-10-26,54.566123962402344
2016-10-27,54.64506912231445
2016-10-28,54.55034637451172
2016-10-31,54.66874694824219
2016-11-01,54.43983840942383
2016-11-02,54.21094512939453
2016-11-03,53.9741325378418
2016-11-04,53.4847412109375
2016-11-07,55.158111572265625
2016-11-08,55.27652359008789
2016-11-09,57.818145751953125
2016-11-10,60.501853942871094
2016-11-11,60.53345489501953
2016-11-14,62.75933837890625
2016-11-15,62.64093780517578
2016-11-16,61.0938606262207
2016-11-17,61.58322525024414
2016-11-18,61.33855056762695
2016-11-21,61.60692596435547
2016-11-22,61.985809326171875
2016-11-23,62.24627685546875
2016-11-25,62.22259521484375
2016-11-28,61.82004165649414
2016-11-29,62.29363250732422
2016-11-30,63.28028869628906
2016-12-01,64.55899810791016
2016-12-02,64.40900421142578
2016-12-05,65.71929931640625
2016-12-06,66.05873107910156
2016-12-07,66.3586654663086
2016-12-08,67.18745422363281
2016-12-09,67.47953033447266
2016-12-12,66.8796157836914
2016-12-13,66.90331268310547
2016-12-14,66.8796157836914
2016-12-15,67.88204956054688
2016-12-16,67.04537200927734
2016-12-19,67.43215942382812
2016-12-20,68.30040740966797
2016-12-21,68.47405242919922
2016-12-22,68.5845718383789
2016-12-23,68.71086883544922
2016-12-27,68.77400970458984
2016-12-28,68.27672576904297
2016-12-29,67.79524230957031
2016-12-30,68.11097717285156
2017-01-03,68.85295104980469
2017-01-04,68.97994232177734
2017-01-05,68.34497833251953
2017-01-06,68.35291290283203
2017-01-09,68.4005355834961
2017-01-10,68.59896850585938
2017-01-11,69.11485290527344
2017-01-12,68.44815826416016
2017-01-13,68.81324768066406
2017-01-17,66.31311798095703
2017-01-18,66.6226577758789
2017-01-19,66.11470031738281
2017-01-20,66.40836334228516
2017-01-23,66.44012451171875
2017-01-24,67.24174499511719
2017-01-25,68.28147888183594
2017-01-26,68.85295867919922
2017-01-27,68.99579620361328
2017-01-30,68.28147888183594
2017-01-31,67.17029571533203
2017-02-01,67.42427062988281
2017-02-02,67.13855743408203
2017-02-03,69.19422912597656
2017-02-06,68.86881256103516
2017-02-07,68.82913970947266
2017-02-08,68.22592163085938
2017-02-09,69.21009063720703
2017-02-10,69.0513687133789
2017-02-13,69.964111328125
2017-02-14,71.0832290649414
2017-02-15,71.90071105957031
2017-02-16,71.85309600830078
2017-02-17,71.61499786376953
2017-02-21,72.23408508300781
2017-02-22,72.27374267578125
2017-02-23,72.32931518554688
2017-02-24,71.69437408447266
2017-02-27,71.77373504638672
2017-02-28,71.92453002929688
2017-03-01,74.28971099853516
2017-03-02,73.13092803955078
2017-03-03,73.65478515625
2017-03-06,72.95630645751953
2017-03-07,72.55155944824219
2017-03-08,72.3927993774414
2017-03-09,72.67854309082031
2017-03-10,72.44834899902344
2017-03-13,72.51185607910156
2017-03-14,72.63091278076172
2017-03-15,72.8055419921875
2017-03-16,72.7341079711914
2017-03-17,71.9721450805664
2017-03-20,71.45626068115234
2017-03-21,69.36090850830078
2017-03-22,69.47200012207031
2017-03-23,69.36090850830078
2017-03-24,69.28152465820312
2017-03-27,69.24183654785156
2017-03-28,70.32127380371094
2017-03-29,70.05935668945312
2017-03-30,70.66256713867188
2017-03-31,69.71804809570312
2017-04-03,69.4640884399414
2017-04-04,69.69560241699219
2017-04-05,68.80152893066406
2017-04-06,69.03303527832031
2017-04-07,68.79354858398438
2017-04-10,68.55406188964844
2017-04-11,68.434326171875
2017-04-12,68.1708984375
2017-04-13,67.3726577758789
2017-04-17,68.5381088256836
2017-04-18,67.97931671142578
2017-04-19,67.4205551147461
2017-04-20,68.29066467285156
2017-04-21,67.46843719482422
2017-04-24,69.84724426269531
2017-04-25,70.45392608642578
2017-04-26,70.5896224975586
2017-04-27,69.93505096435547
2017-04-28,69.4481201171875
2017-05-01,69.49602508544922
2017-05-02,69.04898071289062
2017-05-03,69.4481201171875
2017-05-04,69.52792358398438
2017-05-05,69.4481201171875
2017-05-08,69.52792358398438
2017-05-09,69.24857330322266
2017-05-10,69.7913818359375
2017-05-11,69.57585906982422
2017-05-12,69.38424682617188
2017-05-15,69.71953582763672
2017-05-16,69.93505096435547
2017-05-17,67.26890563964844
2017-05-18,67.02141571044922
2017-05-19,67.67599487304688
2017-05-22,67.61211395263672
2017-05-23,68.45828247070312
2017-05-24,68.41836547851562
2017-05-25,68.1310043334961
2017-05-26,68.13898468017578
2017-05-30,66.97352600097656
2017-05-31,65.57659149169922
2017-06-01,66.30298614501953
2017-06-02,65.96771240234375
2017-06-05,66.08746337890625
2017-06-06,66.22315979003906
2017-06-07,66.98152923583984
2017-06-08,67.8116683959961
2017-06-09,69.41619110107422
2017-06-12,69.43214416503906
2017-06-13,69.66365814208984
2017-06-14,69.51995086669922
2017-06-15,69.10487365722656
2017-06-16,68.79354858398438
2017-06-19,70.30224609375
2017-06-20,69.86318969726562
2017-06-21,69.54390716552734
2017-06-22,69.46408081054688
2017-06-23,69.33635711669922
2017-06-26,69.63968658447266
2017-06-27,70.28627014160156
2017-06-28,71.69921112060547
2017-06-29,72.76087188720703
2017-06-30,72.96043395996094
2017-07-03,74.44532012939453
2017-07-05,75.1917724609375
2017-07-06,74.95100402832031
2017-07-07,75.3282241821289
2017-07-10,74.79847717285156
2017-07-11,74.50955200195312
2017-07-12,74.25269317626953
2017-07-13,74.72625732421875
2017-07-14,74.04400634765625
2017-07-17,73.35372161865234
2017-07-18,73.09688568115234
2017-07-19,73.20120239257812
2017-07-20,73.20120239257812
2017-07-21,72.95240783691406
2017-07-24,73.26544952392578
2017-07-25,74.4854507446289
2017-07-26,73.78717041015625
2017-07-27,73.48216247558594
2017-07-28,73.26544952392578
2017-07-31,73.68282318115234
2017-08-01,74.67007446289062
2017-08-02,74.73428344726562
2017-08-03,74.24466705322266
2017-08-04,75.17572784423828
2017-08-07,75.46468353271484
2017-08-08,75.1917724609375
2017-08-09,75.07138061523438
2017-08-10,73.995849609375
2017-08-11,73.3778076171875
2017-08-14,74.23663330078125
2017-08-15,74.42929077148438
2017-08-16,73.91557312011719
2017-08-17,72.759765625
2017-08-18,72.83201599121094
2017-08-21,72.74370574951172
2017-08-22,73.49020385742188
2017-08-23,73.57847595214844
2017-08-24,73.45806884765625
2017-08-25,73.75505065917969
2017-08-28,73.52230834960938
2017-08-29,73.1209487915039
2017-08-30,73.28949737548828
2017-08-31,72.95240783691406
2017-09-01,73.60255432128906
2017-09-05,71.84476470947266
2017-09-06,72.32633209228516
2017-09-07,71.05817413330078
2017-09-08,70.96987915039062
2017-09-11,72.06951141357422
2017-09-12,72.95240783691406
2017-09-13,73.16108703613281
2017-09-14,73.0166244506836
2017-09-15,73.53833770751953
2017-09-18,74.58177947998047
2017-09-19,75.40047454833984
2017-09-20,75.93022155761719
2017-09-21,76.27535247802734
2017-09-22,76.1148452758789
2017-09-25,75.54493713378906
2017-09-26,75.20783996582031
2017-09-27,76.39573669433594
2017-09-28,76.55628204345703
2017-09-29,76.66061401367188
2017-10-02,77.72811889648438
2017-10-03,78.13748931884766
2017-10-04,77.3428726196289
2017-10-05,78.38432312011719
2017-10-06,78.24707794189453
2017-10-09,77.8353500366211
2017-10-10,78.41664123535156
2017-10-11,78.18247985839844
2017-10-12,77.49626922607422
2017-10-13,77.39134216308594
2017-10-16,78.98983001708984
2017-10-17,78.81221771240234
2017-10-18,79.1109390258789
2017-10-19,79.20783233642578
2017-10-20,80.33809661865234
2017-10-23,80.20085144042969
2017-10-24,81.47643280029297
2017-10-25,81.55717468261719
2017-10-26,82.1384506225586
2017-10-27,82.16266632080078
2017-10-30,81.87202453613281
2017-10-31,81.22615814208984
2017-11-01,81.47643280029297
2017-11-02,82.01734924316406
2017-11-03,81.87202453613281
2017-11-06,81.36341094970703
2017-11-07,79.72453308105469
2017-11-08,78.82838439941406
2017-11-09,78.82030487060547
2017-11-10,78.72342681884766
2017-11-13,79.00596618652344
2017-11-14,78.5296630859375
2017-11-15,79.27240753173828
2017-11-16,79.49846649169922
2017-11-17,79.23204040527344
2017-11-20,79.9344253540039
2017-11-21,79.86981964111328
2017-11-22,79.63569641113281
2017-11-24,79.37735748291016
2017-11-27,79.06249237060547
2017-11-28,81.83167266845703
2017-11-29,83.74507141113281
2017-11-30,84.38282775878906
2017-12-01,84.60082244873047
2017-12-04,86.34467315673828
2017-12-05,85.35166931152344
2017-12-06,84.71385955810547
2017-12-07,84.46358489990234
2017-12-08,85.52120971679688
2017-12-11,85.27091979980469
2017-12-12,86.2639389038086
2017-12-13,85.18212127685547
2017-12-14,84.49588775634766
2017-12-15,85.69075012207031
2017-12-18,86.35275268554688
2017-12-19,85.98943328857422
2017-12-20,85.69075012207031
2017-12-21,87.0551528930664
2017-12-22,86.74834442138672
2017-12-26,86.40118408203125
2017-12-27,86.56266021728516
2017-12-28,87.02284240722656
2017-12-29,86.33660888671875
2018-01-02,87.15200805664062
2018-01-03,87.24082946777344
2018-01-04,88.4906005859375
2018-01-05,87.9225082397461
2018-01-08,88.05233764648438
2018-01-09,88.49871826171875
2018-01-10,89.47254180908203
2018-01-11,89.95137023925781
2018-01-12,91.4365005493164
2018-01-16,91.11186981201172
2018-01-17,91.69620513916016
2018-01-18,91.91531372070312
2018-01-19,91.7124252319336
2018-01-22,92.7836685180664
2018-01-23,92.68627166748047
2018-01-24,93.8711166381836
2018-01-25,93.8954849243164
2018-01-26,94.39862823486328
2018-01-29,94.30125427246094
2018-01-30,93.41667175292969
2018-01-31,93.8711166381836
2018-02-01,94.84497833251953
2018-02-02,92.74309539794922
2018-02-05,88.29582214355469
2018-02-06,90.98204803466797
2018-02-07,91.59881591796875
2018-02-08,87.54920196533203
2018-02-09,89.30213928222656
2018-02-12,90.68177795410156
2018-02-13,91.24172973632812
2018-02-14,93.35173797607422
2018-02-15,93.74129486083984
2018-02-16,93.06770324707031
2018-02-20,93.0920639038086
2018-02-21,93.48159790039062
2018-02-22,93.31114196777344
2018-02-23,95.20206451416016
2018-02-26,96.38689422607422
2018-02-27,95.24264526367188
2018-02-28,93.733154296875
2018-03-01,92.05329132080078
2018-03-02,91.96401977539062
2018-03-05,93.37606048583984
2018-03-06,93.45724487304688
2018-03-07,93.1082534790039
2018-03-08,93.11638641357422
2018-03-09,95.79447937011719
2018-03-12,95.48611450195312
2018-03-13,94.34182739257812
2018-03-14,93.28681182861328
2018-03-15,93.52217102050781
2018-03-16,93.68445587158203
2018-03-19,92.94597625732422
2018-03-20,93.03524017333984
2018-03-21,93.11638641357422
2018-03-22,89.22908020019531
2018-03-23,86.84318542480469
2018-03-26,89.52127075195312
2018-03-27,87.78453826904297
2018-03-28,87.64661407470703
2018-03-29,89.24532318115234
2018-04-02,87.5248794555664
2018-04-03,88.7259521484375
2018-04-04,90.07311248779297
2018-04-05,91.25579833984375
2018-04-06,88.98011016845703
2018-04-09,90.04862976074219
2018-04-10,91.76966094970703
2018-04-11,90.22808837890625
2018-04-12,92.47113037109375
2018-04-13,89.96709442138672
2018-04-16,89.89366149902344
2018-04-17,89.89366149902344
2018-04-18,89.16771697998047
2018-04-19,91.12532043457031
2018-04-20,90.92137908935547
2018-04-23,90.48094177246094
2018-04-24,90.05680084228516
2018-04-25,89.71422576904297
2018-04-26,89.80393981933594
2018-04-27,89.23297119140625
2018-04-30,88.7272720336914
2018-05-01,88.7272720336914
2018-05-02,88.02580261230469
2018-05-03,87.47116088867188
2018-05-04,88.44180297851562
2018-05-07,89.2085189819336
2018-05-08,90.52987670898438
2018-05-09,92.5037612915039
2018-05-10,93.22154998779297
2018-05-11,92.87083435058594
2018-05-14,92.90345764160156
2018-05-15,92.19379425048828
2018-05-16,92.44666290283203
2018-05-17,92.13671875
2018-05-18,90.64407348632812
2018-05-21,91.47603607177734
2018-05-22,92.177490234375
2018-05-23,91.75337219238281
2018-05-24,90.72563934326172
2018-05-25,90.26068878173828
2018-05-29,86.40265655517578
2018-05-30,88.37653350830078
2018-05-31,87.28355407714844
2018-06-01,88.4173355102539
2018-06-04,88.4581069946289
2018-06-05,87.96054077148438
2018-06-06,90.01600646972656
2018-06-07,90.37489318847656
2018-06-08,90.62773895263672
2018-06-11,90.39936065673828
2018-06-12,89.87734985351562
2018-06-13,89.69790649414062
2018-06-14,88.11554718017578
2018-06-15,88.00951385498047
2018-06-18,88.23787689208984
2018-06-19,87.7240219116211
2018-06-20,87.71586608886719
2018-06-21,87.69137573242188
2018-06-22,86.25582122802734
2018-06-25,85.47280883789062
2018-06-26,85.52991485595703
2018-06-27,84.20852661132812
2018-06-28,85.58698272705078
2018-06-29,84.99156188964844
2018-07-02,85.70932006835938
2018-07-03,84.51032257080078
2018-07-05,85.05976867675781
2018-07-06,85.33860778808594
2018-07-09,87.97930908203125
2018-07-10,87.43803405761719
2018-07-11,87.24942016601562
2018-07-12,87.62664794921875
2018-07-13,87.2248306274414
2018-07-16,90.68561553955078
2018-07-17,90.61997985839844
2018-07-18,91.46465301513672
2018-07-19,90.11973571777344
2018-07-20,91.25965881347656
2018-07-23,92.95724487304688
2018-07-24,93.61333465576172
2018-07-25,94.45802307128906
2018-07-26,94.18739318847656
2018-07-27,95.15511322021484
2018-07-30,95.72917175292969
2018-07-31,94.26939392089844
2018-08-01,94.85165405273438
2018-08-02,95.25348663330078
2018-08-03,96.02438354492188
2018-08-06,96.04898834228516
2018-08-07,96.4016342163086
2018-08-08,96.59845733642578
2018-08-09,95.85214233398438
2018-08-10,94.90907287597656
2018-08-13,93.40008544921875
2018-08-14,94.02337646484375
2018-08-15,93.24429321289062
2018-08-16,94.12178039550781
2018-08-17,94.12178039550781
2018-08-20,93.998779296875
2018-08-21,94.57281494140625
2018-08-22,94.2857894897461
2018-08-23,94.08898162841797
2018-08-24,94.04796600341797
2018-08-27,95.71275329589844
2018-08-28,95.24530792236328
2018-08-29,94.93367004394531
2018-08-30,94.46622467041016
2018-08-31,93.96595764160156
2018-09-04,94.43341827392578
2018-09-05,93.97415161132812
2018-09-06,93.57233428955078
2018-09-07,93.75273132324219
2018-09-10,93.25248718261719
2018-09-11,93.84297180175781
2018-09-12,92.73583984375
2018-09-13,93.0966567993164
2018-09-14,93.08027648925781
2018-09-17,93.35908508300781
2018-09-18,93.73633575439453
2018-09-19,96.45902252197266
2018-09-20,97.28731536865234
2018-09-21,96.64765167236328
2018-09-24,95.720947265625
2018-09-25,95.45033264160156
2018-09-26,94.32679748535156
2018-09-27,93.91676330566406
2018-09-28,92.53900146484375
2018-10-01,93.08027648925781
2018-10-02,93.46570587158203
2018-10-03,94.34320831298828
2018-10-04,95.19380187988281
2018-10-05,94.65702056884766
2018-10-08,95.2350845336914
2018-10-09,94.5744400024414
2018-10-10,92.0556411743164
2018-10-11,89.29734802246094
2018-10-12,88.32286834716797
2018-10-15,87.81910705566406
2018-10-16,89.70203399658203
2018-10-17,90.7012710571289
2018-10-18,89.26432037353516
2018-10-19,89.11566925048828
2018-10-22,87.83562469482422
2018-10-23,86.91896057128906
2018-10-24,85.30033874511719
2018-10-25,86.59688568115234
2018-10-26,85.40767669677734
2018-10-29,86.58861541748047
2018-10-30,88.11640930175781
2018-10-31,90.03235626220703
2018-11-01,89.99932098388672
2018-11-02,89.50383758544922
2018-11-05,90.09016418457031
2018-11-06,90.51134490966797
2018-11-07,92.06390380859375
2018-11-08,92.8071517944336
2018-11-09,91.9070053100586
2018-11-12,89.97455596923828
2018-11-13,90.5030746459961
2018-11-14,88.63668060302734
2018-11-15,90.89948272705078
2018-11-16,90.8333969116211
2018-11-19,91.52710723876953
2018-11-20,89.5616226196289
2018-11-21,88.89271545410156
2018-11-23,88.07513427734375
2018-11-26,90.23056030273438
2018-11-27,90.61045837402344
2018-11-28,91.61795043945312
2018-11-29,90.89122009277344
2018-11-30,91.82442474365234
2018-12-03,92.69154357910156
2018-12-04,88.55412292480469
2018-12-06,86.8694076538086
2018-12-07,85.30033874511719
2018-12-10,83.70647430419922
2018-12-11,82.88890075683594
2018-12-12,83.42570495605469
2018-12-13,83.50826263427734
2018-12-14,82.82280731201172
2018-12-17,81.7657699584961
2018-12-18,81.37762451171875
2018-12-19,80.34532165527344
2018-12-20,79.65161895751953
2018-12-21,77.76873779296875
2018-12-24,76.0922622680664
2018-12-26,79.2469711303711
2018-12-27,80.13886260986328
2018-12-28,79.9654541015625
2018-12-31,80.61786651611328
2019-01-02,82.01351165771484
2019-01-03,80.84795379638672
2019-01-04,83.82845306396484
2019-01-07,83.88672637939453
2019-01-08,83.72853088378906
2019-01-09,83.58700561523438
2019-01-10,83.57867431640625
2019-01-11,83.17906188964844
2019-01-14,84.03658294677734
2019-01-15,84.65267181396484
2019-01-16,85.33533477783203
2019-01-17,85.68500518798828
2019-01-18,87.07535552978516
2019-01-22,85.70167541503906
2019-01-23,85.48519134521484
2019-01-24,85.53517150878906
2019-01-25,86.0762939453125
2019-01-28,86.4842529296875
2019-01-29,86.72566986083984
2019-01-30,86.92549133300781
2019-01-31,86.16785430908203
2019-02-01,86.4842529296875
2019-02-04,86.79231262207031
2019-02-05,86.40933227539062
2019-02-06,86.36769104003906
2019-02-07,85.23543548583984
2019-02-08,84.38624572753906
2019-02-11,83.98663330078125
2019-02-12,85.41859436035156
2019-02-13,85.82652282714844
2019-02-14,85.26871490478516
2019-02-15,87.87459564208984
2019-02-19,87.5665283203125
2019-02-20,87.99114227294922
2019-02-21,87.8080062866211
2019-02-22,87.41667938232422
2019-02-25,88.33248138427734
2019-02-26,87.6581039428711
2019-02-27,87.54989624023438
2019-02-28,86.88385772705078
2019-03-01,86.94214630126953
2019-03-04,86.74236297607422
2019-03-05,86.67573547363281
2019-03-06,86.35104370117188
2019-03-07,85.72663116455078
2019-03-08,85.75994873046875
2019-03-11,86.87555694580078
2019-03-12,86.61746215820312
2019-03-13,86.9088363647461
2019-03-14,87.69975280761719
2019-03-15,88.7071304321289
2019-03-18,89.23995208740234
2019-03-19,88.91527557373047
2019-03-20,87.0170669555664
2019-03-21,85.64337158203125
2019-03-22,83.0541763305664
2019-03-25,82.36316680908203
2019-03-26,83.18739318847656
2019-03-27,82.90434265136719
2019-03-28,83.84510803222656
2019-03-29,84.27802276611328
2019-04-01,87.11697387695312
2019-04-02,87.53325653076172
2019-04-03,87.70808410644531
2019-04-04,88.55538177490234
2019-04-05,88.34566497802734
2019-04-08,88.63088989257812
2019-04-09,87.97655487060547
2019-04-10,88.37081146240234
2019-04-11,89.11746215820312
2019-04-12,93.29523468017578
2019-04-15,92.22982025146484
2019-04-16,93.20294952392578
2019-04-17,95.88748168945312
2019-04-18,95.18276977539062
2019-04-22,95.30023193359375
2019-04-23,95.41767120361328
2019-04-24,95.2582778930664
2019-04-25,95.3086166381836
2019-04-26,96.03006744384766
2019-04-29,97.4142837524414
2019-04-30,97.35556030273438
2019-05-01,96.60892486572266
2019-05-02,96.81863403320312
2019-05-03,97.4142837524414
2019-05-06,96.55020141601562
2019-05-07,94.97303771972656
2019-05-08,94.46969604492188
2019-05-09,94.39419555664062
2019-05-10,94.38581848144531
2019-05-13,91.81874084472656
2019-05-14,92.54862976074219
2019-05-15,92.19625854492188
2019-05-16,93.37911224365234
2019-05-17,92.92610168457031
2019-05-20,93.41268157958984
2019-05-21,93.7314453125
2019-05-22,92.96802520751953
2019-05-23,91.13921356201172
2019-05-24,92.03687286376953
2019-05-28,91.03855895996094
2019-05-29,90.7868881225586
2019-05-30,89.8137435913086
2019-05-31,88.89093017578125
2019-06-03,89.31041717529297
2019-06-04,92.06201934814453
2019-06-05,92.38921356201172
2019-06-06,92.59054565429688
2019-06-07,91.57544708251953
2019-06-10,92.56536865234375
2019-06-11,92.85059356689453
2019-06-12,91.6677474975586
2019-06-13,91.89425659179688
2019-06-14,92.12914276123047
2019-06-17,91.62579345703125
2019-06-18,92.87576293945312
2019-06-19,92.20464324951172
2019-06-20,92.43953704833984
2019-06-21,91.81037139892578
2019-06-24,91.15599822998047
2019-06-25,90.40100860595703
2019-06-26,91.00501251220703
2019-06-27,91.3070068359375
2019-06-28,93.79019165039062
2019-07-01,95.36732482910156
2019-07-02,95.46800231933594
2019-07-03,95.3159408569336
2019-07-05,95.88199615478516
2019-07-08,95.35816955566406
2019-07-09,95.76368713378906
2019-07-10,95.48490142822266
2019-07-11,96.39735412597656
2019-07-12,97.4111557006836
2019-07-15,96.22837829589844
2019-07-16,97.25910186767578
2019-07-17,96.30440521240234
2019-07-18,96.87891387939453
2019-07-19,95.92420196533203
2019-07-22,96.54096984863281
2019-07-23,98.30670166015625
2019-07-24,98.70377349853516
2019-07-25,97.75755310058594
2019-07-26,98.18841552734375
2019-07-29,97.87582397460938
2019-07-30,97.65616607666016
2019-07-31,98.0025634765625
2019-08-01,95.41732788085938
2019-08-02,95.40886688232422
2019-08-05,92.57015991210938
2019-08-06,93.29676055908203
2019-08-07,91.26908874511719
2019-08-08,92.81517791748047
2019-08-09,92.71379852294922
2019-08-12,90.97341918945312
2019-08-13,92.37586212158203
2019-08-14,88.54025268554688
2019-08-15,88.878173828125
2019-08-16,91.00719451904297
2019-08-19,91.82670593261719
2019-08-20,90.66081237792969
2019-08-21,90.91426849365234
2019-08-22,91.85206604003906
2019-08-23,89.5709457397461
2019-08-26,90.28907775878906
2019-08-27,89.33440399169922
2019-08-28,90.22993469238281
2019-08-29,92.27445983886719
2019-08-30,92.81517791748047
2019-09-03,91.71685791015625
2019-09-04,92.82362365722656
2019-09-05,94.93572998046875
2019-09-06,95.13851928710938
2019-09-09,97.49564361572266
2019-09-10,98.7375717163086
2019-09-11,99.00792694091797
2019-09-12,99.6162338256836
2019-09-13,101.5762710571289
2019-09-16,100.67228698730469
2019-09-17,100.17381286621094
2019-09-18,101.17919921875
2019-09-19,100.85813903808594
2019-09-20,100.45260620117188
2019-09-23,100.43573760986328
2019-09-24,99.12621307373047
2019-09-25,99.69224548339844
2019-09-26,98.87274932861328
2019-09-27,99.45569610595703
2019-09-30,99.43035125732422
2019-10-01,97.62237548828125
2019-10-02,95.67921447753906
2019-10-03,95.54295349121094
2019-10-04,97.61239624023438
2019-10-07,97.39950561523438
2019-10-08,95.22785186767578
2019-10-09,95.91767883300781
2019-10-10,97.26322937011719
2019-10-11,98.90685272216797
2019-10-14,99.17084503173828
2019-10-15,102.16002655029297
2019-10-16,101.92156982421875
2019-10-17,102.49215698242188
2019-10-18,102.67098236083984
2019-10-21,105.21733856201172
2019-10-22,106.27332305908203
2019-10-23,106.55437469482422
2019-10-24,106.47770690917969
2019-10-25,107.3293228149414
2019-10-28,107.73812866210938
2019-10-29,107.66999053955078
2019-10-30,107.07386779785156
2019-10-31,106.3840560913086
2019-11-01,108.83670806884766
2019-11-04,109.70536041259766
2019-11-05,109.94380950927734
2019-11-06,110.11414337158203
2019-11-07,110.71025848388672
2019-11-08,111.03386688232422
2019-11-11,110.64212799072266
2019-11-12,109.99492645263672
2019-11-13,109.41581726074219
2019-11-14,109.51802062988281
2019-11-15,110.31000518798828
2019-11-18,111.23825073242188
2019-11-19,111.20419311523438
2019-11-20,110.39515686035156
2019-11-21,110.650634765625
2019-11-22,111.38304138183594
2019-11-25,111.97919464111328
2019-11-26,112.13245391845703
2019-11-27,112.46460723876953
2019-11-29,112.20909881591797
2019-12-02,111.96215057373047
2019-12-03,110.52289581298828
2019-12-04,112.70305633544922
2019-12-05,113.31620025634766
2019-12-06,115.00239562988281
2019-12-09,114.46591186523438
2019-12-10,114.54256439208984
2019-12-11,114.27002716064453
2019-12-12,117.54022216796875
2019-12-13,116.50980377197266
2019-12-16,116.96112060546875
2019-12-17,117.67646026611328
2019-12-18,117.5572738647461
2019-12-19,116.96965026855469
2019-12-20,116.8759994506836
2019-12-23,116.8419189453125
2019-12-24,117.16552734375
2019-12-26,118.40886688232422
2019-12-27,118.49401092529297
2019-12-30,118.05974578857422
2019-12-31,118.71546173095703
2020-01-02,120.15469360351562
2020-01-03,118.569091796875
2020-01-06,118.47480010986328
2020-01-07,116.46065521240234
2020-01-08,117.36917114257812
2020-01-09,117.7977066040039
2020-01-10,116.62350463867188
2020-01-13,117.59200286865234
2020-01-14,118.96334838867188
2020-01-15,117.18058013916016
2020-01-16,117.6348648071289
2020-01-17,118.44911193847656
2020-01-21,117.28347778320312
2020-01-22,117.1463394165039
2020-01-23,117.02635955810547
2020-01-24,114.120849609375
2020-01-27,113.160888671875
2020-01-28,115.21788024902344
2020-01-29,115.04647064208984
2020-01-30,116.46923065185547
2020-01-31,113.44373321533203
2020-02-03,114.30937957763672
2020-02-04,115.9549789428711
2020-02-05,117.9262466430664
2020-02-06,117.94343566894531
2020-02-07,117.56629180908203
2020-02-10,118.05487823486328
2020-02-11,118.27770233154297
2020-02-12,118.27770233154297
2020-02-13,118.1748275756836
2020-02-14,117.81488037109375
2020-02-18,116.25497436523438
2020-02-19,117.84056854248047
2020-02-20,117.84056854248047
2020-02-21,116.40067291259766
2020-02-24,113.2723159790039
2020-02-25,108.21551513671875
2020-02-26,108.54119873046875
2020-02-27,104.02436828613281
2020-02-28,99.51611328125
2020-03-02,104.1529541015625
2020-03-03,100.2446060180664
2020-03-04,102.7215805053711
2020-03-05,97.68194580078125
2020-03-06,92.63371276855469
2020-03-09,80.08599853515625
2020-03-10,86.30842590332031
2020-03-11,82.24585723876953
2020-03-12,75.46630096435547
2020-03-13,89.0596694946289
2020-03-16,75.73201751708984
2020-03-17,80.36026763916016
2020-03-18,71.90083312988281
2020-03-19,73.10933685302734
2020-03-20,71.56656646728516
2020-03-23,67.73538970947266
2020-03-24,75.79200744628906
2020-03-25,78.62037658691406
2020-03-26,84.09715270996094
2020-03-27,78.10614013671875
2020-03-30,80.13740539550781
2020-03-31,77.16332244873047
2020-04-01,72.30366516113281
2020-04-02,75.00349426269531
2020-04-03,72.78654479980469
2020-04-06,77.47156524658203
2020-04-07,78.49341583251953
2020-04-08,81.66297149658203
2020-04-09,88.9892349243164
2020-04-13,85.0316390991211
2020-04-14,82.70214080810547
2020-04-15,78.62333679199219
2020-04-16,75.62699127197266
2020-04-17,82.42501068115234
2020-04-20,79.42002868652344
2020-04-21,77.11650848388672
2020-04-22,77.36763000488281
2020-04-23,77.41094207763672
2020-04-24,78.55403900146484
2020-04-27,81.9400863647461
2020-04-28,82.5202865600586
2020-04-29,84.74588012695312
2020-04-30,82.92731475830078
2020-05-01,80.75366973876953
2020-05-04,79.79241943359375
2020-05-05,79.67118072509766
2020-05-06,78.17298889160156
2020-05-07,78.9870376586914
2020-05-08,80.27737426757812
2020-05-11,77.9132308959961
2020-05-12,75.3671875
2020-05-13,72.76922607421875
2020-05-14,75.79154205322266
2020-05-15,74.38863372802734
2020-05-18,78.3288803100586
2020-05-19,76.78742218017578
2020-05-20,79.0909652709961
2020-05-21,78.08642578125
2020-05-22,77.4802017211914
2020-05-26,82.97925567626953
2020-05-27,87.78550720214844
2020-05-28,86.47787475585938
2020-05-29,84.26957702636719
2020-06-01,85.38670349121094
2020-06-02,85.67250061035156
2020-06-03,90.296875
2020-06-04,92.17607879638672
2020-06-05,96.32418060302734
2020-06-08,98.24667358398438
2020-06-09,95.72665405273438
2020-06-10,91.84700775146484
2020-06-11,84.18299102783203
2020-06-12,86.48651123046875
2020-06-15,87.68159484863281
2020-06-16,88.38304901123047
2020-06-17,86.1488037109375
2020-06-18,85.68115997314453
2020-06-19,84.70258331298828
2020-06-22,83.7846450805664
2020-06-23,84.8064956665039
2020-06-24,81.97471618652344
2020-06-25,84.83248138427734
2020-06-26,80.18209838867188
2020-06-29,80.53716278076172
2020-06-30,81.45511627197266
2020-07-01,80.7623291015625
2020-07-02,81.02465057373047
2020-07-06,83.07083129882812
2020-07-07,80.72735595703125
2020-07-08,81.58428955078125
2020-07-09,79.81794738769531
2020-07-10,84.18135833740234
2020-07-13,85.38805389404297
2020-07-14,85.87773132324219
2020-07-15,87.2068862915039
2020-07-16,87.45170593261719
2020-07-17,85.83401489257812
2020-07-20,85.08199310302734
2020-07-21,86.92705535888672
2020-07-22,86.29745483398438
2020-07-23,86.5510482788086
2020-07-24,85.93895721435547
2020-07-27,84.73223114013672
2020-07-28,85.09950256347656
2020-07-29,87.16315460205078
2020-07-30,84.83717346191406
2020-07-31,84.50489807128906
2020-08-03,84.03266906738281
2020-08-04,83.55175018310547
2020-08-05,85.00331115722656
2020-08-06,85.02953338623047
2020-08-07,86.90081787109375
2020-08-10,88.00259399414062
2020-08-11,90.78327941894531
2020-08-12,90.0138168334961
2020-08-13,89.5153579711914
2020-08-14,89.55033111572266
2020-08-17,87.18939208984375
2020-08-18,85.97393035888672
2020-08-19,86.175048828125
2020-08-20,85.14322662353516
2020-08-21,85.09950256347656
2020-08-24,87.49542999267578
2020-08-25,87.88017272949219
2020-08-26,86.647216796875
2020-08-27,89.49786376953125
2020-08-28,89.86514282226562
2020-08-31,87.60911560058594
2020-09-01,87.56537628173828
2020-09-02,88.88578033447266
2020-09-03,88.60595703125
2020-09-04,90.5209732055664
2020-09-08,87.3730239868164
2020-09-09,88.2037353515625
2020-09-10,87.2943115234375
2020-09-11,88.37860870361328
2020-09-14,89.6028060913086
2020-09-15,86.81336975097656
2020-09-16,87.18063354492188
2020-09-17,86.18379211425781
2020-09-18,86.00017547607422
2020-09-21,83.34188079833984
2020-09-22,82.43247985839844
2020-09-23,81.09459686279297
2020-09-24,81.02465057373047
2020-09-25,81.7329330444336
2020-09-28,84.08515167236328
2020-09-29,83.37686920166016
2020-09-30,84.18135833740234
2020-10-01,84.79344940185547
2020-10-02,85.5979232788086
2020-10-05,87.40715026855469
2020-10-06,86.50695037841797
2020-10-07,88.01610565185547
2020-10-08,89.8252944946289
2020-10-09,89.31342315673828
2020-10-12,90.40778350830078
2020-10-13,88.9427719116211
2020-10-14,88.44853973388672
2020-10-15,89.77234649658203
2020-10-16,89.58702087402344
2020-10-19,88.07786560058594
2020-10-20,88.5809326171875
2020-10-21,87.69837188720703
2020-10-22,90.79609680175781
2020-10-23,91.61687469482422
2020-10-26,89.34871673583984
2020-10-27,87.66307067871094
2020-10-28,85.2007827758789
2020-10-29,85.75675964355469
2020-10-30,86.52458953857422
2020-11-02,88.4749984741211
2020-11-03,91.26385498046875
2020-11-04,88.4749984741211
2020-11-05,92.09344482421875
2020-11-06,90.8667221069336
2020-11-09,103.16936492919922
2020-11-10,102.83399200439453
2020-11-11,101.29838562011719
2020-11-12,100.05399322509766
2020-11-13,100.68061065673828
2020-11-16,103.52239227294922
2020-11-17,102.47216796875
2020-11-18,101.71317291259766
2020-11-19,101.98675537109375
2020-11-20,101.11304473876953
2020-11-23,104.02544403076172
2020-11-24,108.8353042602539
2020-11-25,107.69682312011719
2020-11-27,106.98197174072266
2020-11-30,104.03425598144531
2020-12-01,105.6758041381836
2020-12-02,107.70562744140625
2020-12-03,106.9996109008789
2020-12-04,107.97041320800781
2020-12-07,107.56442260742188
2020-12-08,107.67036437988281
2020-12-09,106.83195495605469
2020-12-10,106.1435546875
2020-12-11,105.51692962646484
2020-12-14,104.40493774414062
2020-12-15,106.18767547607422
2020-12-16,106.49655151367188
2020-12-17,105.61400604248047
2020-12-18,105.09332275390625
2020-12-21,109.03829193115234
2020-12-22,107.37910461425781
2020-12-23,110.3797378540039
2020-12-24,109.89435577392578
2020-12-28,110.61802673339844
2020-12-29,110.3268051147461
2020-12-30,110.63568115234375
2020-12-31,112.14483642578125
2021-01-04,111.08578491210938
2021-01-05,111.69023895263672
2021-01-06,116.93474578857422
2021-01-07,120.77478790283203
2021-01-08,120.90814971923828
2021-01-11,122.71259307861328
2021-01-12,124.64149475097656
2021-01-13,124.75707244873047
2021-01-14,125.48592376708984
2021-01-15,123.23704528808594
2021-01-19,122.70370483398438
2021-01-20,120.86367797851562
2021-01-21,119.85033416748047
2021-01-22,118.92585754394531
2021-01-25,117.44140625
2021-01-26,116.96141052246094
2021-01-27,113.65470123291016
2021-01-28,115.65473175048828
2021-01-29,114.37472534179688
2021-02-01,115.21916198730469
2021-02-02,118.76587677001953
2021-02-03,120.12586975097656
2021-02-04,122.89037322998047
2021-02-05,122.65036010742188
2021-02-08,124.57036590576172
2021-02-09,124.07260131835938
2021-02-10,124.14370727539062
2021-02-11,123.79705810546875
2021-02-12,125.55706024169922
2021-02-16,128.57933044433594
2021-02-17,128.97933959960938
2021-02-18,129.41490173339844
2021-02-19,131.574951171875
2021-02-22,132.81048583984375
2021-02-23,133.87716674804688
2021-02-24,136.23277282714844
2021-02-25,134.38385009765625
2021-02-26,130.81935119628906
2021-03-01,133.77940368652344
2021-03-02,133.34384155273438
2021-03-03,135.92164611816406
2021-03-04,133.83274841308594
2021-03-05,134.14389038085938
2021-03-08,135.92164611816406
2021-03-09,134.961669921875
2021-03-10,137.89501953125
2021-03-11,137.17501831054688
2021-03-12,138.8016815185547
2021-03-15,138.10833740234375
2021-03-16,136.45497131347656
2021-03-17,137.85943603515625
2021-03-18,140.135009765625
2021-03-19,137.90390014648438
2021-03-22,134.19717407226562
2021-03-23,132.8549346923828
2021-03-24,133.8860626220703
2021-03-25,135.60162353515625
2021-03-26,137.85943603515625
2021-03-29,135.71719360351562
2021-03-30,137.31719970703125
2021-03-31,135.3172149658203
2021-04-01,136.6327667236328
2021-04-05,137.3570098876953
2021-04-06,136.39134216308594
2021-04-07,138.5283203125
2021-04-08,138.6982421875
2021-04-09,139.7354278564453
2021-04-12,139.44033813476562
2021-04-13,137.7772674560547
2021-04-14,135.2021484375
2021-04-15,136.06053161621094
2021-04-16,137.0708770751953
2021-04-19,136.4896697998047
2021-04-20,133.467529296875
2021-04-21,134.6030731201172
2021-04-22,131.76866149902344
2021-04-23,134.2901153564453
2021-04-26,134.62095642089844
2021-04-27,135.23789978027344
2021-04-28,136.11416625976562
2021-04-29,138.7608184814453
2021-04-30,137.52687072753906
2021-05-03,137.12452697753906
2021-05-04,139.02012634277344
2021-05-05,140.84413146972656
2021-05-06,143.67855834960938
2021-05-07,144.1703338623047
2021-05-10,144.1524200439453
2021-05-11,141.7561798095703
2021-05-12,140.7815399169922
2021-05-13,144.40280151367188
2021-05-14,146.64710998535156
2021-05-17,147.23721313476562
2021-05-18,145.16281127929688
2021-05-19,144.0540771484375
2021-05-20,143.80372619628906
2021-05-21,145.4399871826172
2021-05-24,146.2268524169922
2021-05-25,144.7157745361328
2021-05-26,144.69781494140625
2021-05-27,146.9510955810547
2021-05-28,146.85275268554688
2021-06-01,148.4711151123047
2021-06-02,148.48007202148438
2021-06-03,148.57839965820312
2021-06-04,148.81980895996094
2021-06-07,148.12237548828125
2021-06-08,147.53225708007812
2021-06-09,145.69036865234375
2021-06-10,143.41925048828125
2021-06-11,143.32089233398438
2021-06-14,140.88885498046875
2021-06-15,138.75184631347656
2021-06-16,139.72647094726562
2021-06-17,135.69390869140625
2021-06-18,132.2604217529297
2021-06-21,134.5046844482422
2021-06-22,134.3080291748047
2021-06-23,135.12167358398438
2021-06-24,136.36451721191406
2021-06-25,137.74148559570312
2021-06-28,137.9918670654297
2021-06-29,137.82196044921875
2021-06-30,139.07374572753906
2021-07-01,140.45071411132812
2021-07-02,140.31582641601562
2021-07-06,137.95970153808594
2021-07-07,138.12156677246094
2021-07-08,135.7384490966797
2021-07-09,140.08200073242188
2021-07-12,142.0874481201172
2021-07-13,139.9740753173828
2021-07-14,139.49749755859375
2021-07-15,139.80322265625
2021-07-16,136.6107635498047
2021-07-19,132.16830444335938
2021-07-20,134.63232421875
2021-07-21,137.46507263183594
2021-07-22,135.72947692871094
2021-07-23,135.46865844726562
2021-07-26,136.376953125
2021-07-27,136.19708251953125
2021-07-28,136.4219207763672
2021-07-29,137.59095764160156
2021-07-30,136.49383544921875
2021-08-02,135.94528198242188
2021-08-03,137.4920654296875
2021-08-04,136.00823974609375
2021-08-05,137.72586059570312
2021-08-06,141.63780212402344
2021-08-09,141.48492431640625
2021-08-10,143.2205047607422
2021-08-11,144.92916870117188
2021-08-12,145.4957275390625
2021-08-13,143.8679962158203
2021-08-16,142.92373657226562
2021-08-17,141.19712829589844
2021-08-18,139.9111785888672
2021-08-19,138.74205017089844
2021-08-20,139.1377716064453
2021-08-23,140.9183349609375
2021-08-24,141.79063415527344
2021-08-25,144.71334838867188
2021-08-26,145.45973205566406
2021-08-27,146.6288299560547
2021-08-30,144.28167724609375
2021-08-31,143.84103393554688
2021-09-01,143.6342010498047
2021-09-02,144.29966735839844
2021-09-03,143.42739868164062
2021-09-07,143.17556762695312
2021-09-08,142.53704833984375
2021-09-09,143.1575927734375
2021-09-10,141.51187133789062
2021-09-13,143.7600860595703
2021-09-14,141.25106811523438
2021-09-15,142.2313232421875
2021-09-16,142.16836547851562
2021-09-17,141.79966735839844
2021-09-20,137.55503845214844
2021-09-21,137.572998046875
2021-09-22,140.20790100097656
2021-09-23,144.94715881347656
2021-09-24,146.6198272705078
2021-09-27,150.1630096435547
2021-09-28,149.3536376953125
2021-09-29,149.23675537109375
2021-09-30,147.20437622070312
2021-10-01,150.29791259765625
2021-10-04,150.1360321044922
2021-10-05,152.58779907226562
2021-10-06,152.9134979248047
2021-10-07,153.88153076171875
2021-10-08,153.99916076660156
2021-10-11,150.7602996826172
2021-10-12,149.60227966308594
2021-10-13,145.65773010253906
2021-10-14,147.8923797607422
2021-10-15,150.733154296875
2021-10-18,150.67886352539062
2021-10-19,152.5063934326172
2021-10-20,154.56005859375
2021-10-21,153.34774780273438
2021-10-22,155.41046142578125
2021-10-25,154.65054321289062
2021-10-26,155.06668090820312
2021-10-27,151.83692932128906
2021-10-28,154.12579345703125
2021-10-29,153.70057678222656
2021-11-01,153.61915588378906
2021-11-02,154.225341796875
2021-11-03,154.27957153320312
2021-11-04,152.25303649902344
2021-11-05,152.0359344482422
2021-11-08,152.9496612548828
2021-11-09,151.79165649414062
2021-11-10,151.6468963623047
2021-11-11,151.63784790039062
2021-11-12,150.9593048095703
2021-11-15,150.68792724609375
2021-11-16,149.60227966308594
2021-11-17,148.7970733642578
2021-11-18,147.5123748779297
2021-11-19,145.5853729248047
2021-11-22,148.6885223388672
2021-11-23,152.24403381347656
2021-11-24,151.04977416992188
2021-11-26,146.4991455078125
2021-11-29,145.86582946777344
2021-11-30,143.6945343017578
2021-12-01,142.84408569335938
2021-12-02,145.84774780273438
2021-12-03,143.2059783935547
2021-12-06,144.89781188964844
2021-12-07,147.078125
2021-12-08,145.39540100097656
2021-12-09,145.169189453125
2021-12-10,144.59019470214844
2021-12-13,142.87127685546875
2021-12-14,143.96595764160156
2021-12-15,142.88934326171875
2021-12-16,145.12396240234375
2021-12-17,141.82176208496094
2021-12-20,139.2705078125
2021-12-21,141.21563720703125
2021-12-22,141.7675018310547
2021-12-23,142.27415466308594
2021-12-27,143.08837890625
2021-12-28,143.5226287841797
2021-12-29,143.45022583007812
2021-12-30,143.3778839111328
2021-12-31,143.26025390625
2022-01-03,146.291015625
2022-01-04,151.83692932128906
2022-01-05,149.0609893798828
2022-01-06,150.6446075439453
2022-01-07,152.1372528076172
2022-01-10,152.28286743164062
2022-01-11,152.4375762939453
2022-01-12,153.30221557617188
2022-01-13,153.11106872558594
2022-01-14,143.70034790039062
2022-01-18,137.67529296875
2022-01-19,135.5455780029297
2022-01-20,134.3897247314453
2022-01-21,132.04156494140625
2022-01-24,131.92324829101562
2022-01-25,133.36126708984375
2022-01-26,134.6263427734375
2022-01-27,132.25091552734375
2022-01-28,133.43408203125
2022-01-31,135.2452392578125
2022-02-01,137.56607055664062
2022-02-02,136.46478271484375
2022-02-03,135.3362274169922
2022-02-04,138.84934997558594
2022-02-07,139.31349182128906
2022-02-08,141.93467712402344
2022-02-09,142.52626037597656
2022-02-10,141.93467712402344
2022-02-11,140.08712768554688
2022-02-14,138.78561401367188
2022-02-15,140.8152618408203
2022-02-16,141.070068359375
2022-02-17,137.82089233398438
2022-02-18,138.4670867919922
2022-02-22,138.22137451171875
2022-02-23,135.32716369628906
2022-02-24,131.5592041015625
2022-02-25,134.67185974121094
2022-02-28,129.0563507080078
2022-03-01,124.18714904785156
2022-03-02,126.76280975341797
2022-03-03,125.86178588867188
2022-03-04,122.32140350341797
2022-03-07,117.59782409667969
2022-03-08,116.76959991455078
2022-03-09,121.44769287109375
2022-03-10,120.00968170166016
2022-03-11,117.30659484863281
2022-03-14,118.47154235839844
2022-03-15,120.57394409179688
2022-03-16,125.96192932128906
2022-03-17,127.55464172363281
2022-03-18,127.50914764404297
2022-03-21,127.09957122802734
2022-03-22,129.80264282226562
2022-03-23,127.21786499023438
2022-03-24,128.04608154296875
2022-03-25,129.1656036376953
2022-03-28,128.20994567871094
2022-03-29,128.49205017089844
2022-03-30,127.90958404541016
2022-03-31,124.0688705444336
2022-04-01,123.14962005615234
2022-04-04,123.69569396972656
2022-04-05,122.25617980957031
2022-04-06,120.56000518798828
2022-04-07,120.1932373046875
2022-04-08,122.39373779296875
2022-04-11,121.9444580078125
2022-04-12,120.6058349609375
2022-04-13,116.71826934814453
2022-04-14,115.63636016845703
2022-04-18,117.7818603515625
2022-04-19,120.2207260131836
2022-04-20,120.6424789428711
2022-04-21,119.70729064941406
2022-04-22,116.26900482177734
2022-04-25,116.23233032226562
2022-04-26,112.79403686523438
2022-04-27,111.32704162597656
2022-04-28,113.08744049072266
2022-04-29,109.4382553100586
2022-05-02,110.43766784667969
2022-05-03,112.80320739746094
2022-05-04,116.53490447998047
2022-05-05,113.61922454833984
2022-05-06,113.43584442138672
2022-05-09,111.73046112060547
2022-05-10,109.00735473632812
2022-05-11,108.31968688964844
2022-05-12,108.22799682617188
2022-05-13,109.19071960449219
2022-05-16,108.42972564697266
2022-05-17,112.02385711669922
2022-05-18,110.10758209228516
2022-05-19,108.4755630493164
2022-05-20,107.58619689941406
2022-05-23,114.24269104003906
2022-05-24,115.85639953613281
2022-05-25,116.66326141357422
2022-05-26,118.68038940429688
2022-05-27,120.35826110839844
2022-05-31,121.23844909667969
2022-06-01,119.11132049560547
2022-06-02,121.02760314941406
2022-06-03,119.34054565429688
2022-06-06,118.94627380371094
2022-06-07,119.25801849365234
2022-06-08,117.36007690429688
2022-06-09,114.89369201660156
2022-06-10,109.61248779296875
2022-06-13,106.34840393066406
2022-06-14,104.5788345336914
2022-06-15,105.8166275024414
2022-06-16,104.00121307373047
2022-06-17,103.63446044921875
2022-06-21,106.20172119140625
2022-06-22,105.60575103759766
2022-06-23,104.45048522949219
2022-06-24,107.5678482055664
2022-06-27,106.70598602294922
2022-06-28,106.19253540039062
2022-06-29,105.71576690673828
2022-06-30,103.2493667602539
2022-07-01,104.5696792602539
2022-07-05,104.17192840576172
2022-07-06,103.49668884277344
2022-07-07,106.1144027709961
2022-07-08,105.78138732910156
2022-07-11,104.39391326904297
2022-07-12,104.49567413330078
2022-07-13,103.51519012451172
2022-07-14,99.89849853515625
2022-07-15,104.4771728515625
2022-07-18,103.4041976928711
2022-07-19,105.96640014648438
2022-07-20,105.94789123535156
2022-07-21,106.66938018798828
2022-07-22,106.15140533447266
2022-07-25,106.57688903808594
2022-07-26,104.91191101074219
2022-07-27,106.59539794921875
2022-07-28,106.1976318359375
2022-07-29,106.7063980102539
2022-08-01,105.64264678955078
2022-08-02,103.99617767333984
2022-08-03,105.08766174316406
2022-08-04,103.93143463134766
2022-08-05,107.07638549804688
2022-08-08,105.77214813232422
2022-08-09,106.72489929199219
2022-08-10,109.50908660888672
2022-08-11,111.1278076171875
2022-08-12,112.96853637695312
2022-08-15,113.27378845214844
2022-08-16,114.35602569580078
2022-08-17,113.39402770996094
2022-08-18,112.51529693603516
2022-08-19,109.7310791015625
2022-08-22,107.9181137084961
2022-08-23,106.85438537597656
2022-08-24,107.11339569091797
2022-08-25,109.65708923339844
2022-08-26,106.0681381225586
2022-08-29,105.80914306640625
2022-08-30,105.82765197753906
2022-08-31,105.19867706298828
2022-09-01,105.92015075683594
2022-09-02,105.18016052246094
2022-09-06,105.2079086303711
2022-09-07,107.20588684082031
2022-09-08,109.70333862304688
2022-09-09,110.2305679321289
2022-09-12,111.53480529785156
2022-09-13,107.65911102294922
2022-09-14,107.40937805175781
2022-09-15,109.02810668945312
2022-09-16,108.29737091064453
2022-09-19,109.29635620117188
2022-09-20,107.14115142822266
2022-09-21,104.05167388916016
2022-09-22,102.86768341064453
2022-09-23,100.95297241210938
2022-09-26,98.77925109863281
2022-09-27,97.9097671508789
2022-09-28,99.88923645019531
2022-09-29,98.19652557373047
2022-09-30,96.66104125976562
2022-10-03,99.64875030517578
2022-10-04,104.3106689453125
2022-10-05,103.02277374267578
2022-10-06,100.92292785644531
2022-10-07,98.9070816040039
2022-10-10,97.983154296875
2022-10-11,95.1553726196289
2022-10-12,96.69525909423828
2022-10-13,102.07086181640625
2022-10-14,103.7693862915039
2022-10-17,108.12772369384766
2022-10-18,110.9088363647461
2022-10-19,108.73433685302734
2022-10-20,108.37970733642578
2022-10-21,114.0726089477539
2022-10-24,114.21257781982422
2022-10-25,114.51123046875
2022-10-26,115.82711029052734
2022-10-27,116.28441619873047
2022-10-28,117.6656494140625
2022-10-31,117.47899627685547
2022-11-01,119.59748840332031
2022-11-02,118.49625396728516
2022-11-03,118.71089172363281
2022-11-04,121.95864868164062
2022-11-07,122.60259246826172
2022-11-08,122.67727661132812
2022-11-09,121.08139038085938
2022-11-10,126.06503295898438
2022-11-11,126.27033996582031
2022-11-14,124.97309112548828
2022-11-15,124.06783294677734
2022-11-16,124.23580932617188
2022-11-17,123.69450378417969
2022-11-18,124.90776062011719
2022-11-21,124.17049407958984
2022-11-22,126.02767944335938
2022-11-23,127.37156677246094
2022-11-25,127.61421203613281
2022-11-28,125.38373565673828
2022-11-29,127.44623565673828
2022-11-30,128.9580841064453
2022-12-01,127.14759826660156
2022-12-02,126.1396713256836
2022-12-05,122.60259246826172
2022-12-06,122.80793762207031
2022-12-07,122.72396087646484
2022-12-08,124.01185607910156
2022-12-09,123.33988952636719
2022-12-12,125.25306701660156
2022-12-13,125.1317367553711
2022-12-14,124.50645446777344
2022-12-15,121.41737365722656
2022-12-16,120.66141510009766
2022-12-19,121.38003540039062
2022-12-20,121.9679946899414
2022-12-21,123.33988952636719
2022-12-22,121.94000244140625
2022-12-23,122.51860809326172
2022-12-27,122.94793701171875
2022-12-28,123.61986541748047
2022-12-29,124.32913970947266
2022-12-30,125.15042877197266
2023-01-03,126.10233306884766
2023-01-04,127.27825164794922
2023-01-05,127.25004577636719
2023-01-06,129.68502807617188
2023-01-09,129.149169921875
2023-01-10,130.3055419921875
2023-01-11,131.27392578125
2023-01-12,131.1422882080078
2023-01-13,134.4516143798828
2023-01-17,132.3739013671875
2023-01-18,128.3970489501953
2023-01-19,126.68595123291016
2023-01-20,126.9962158203125
2023-01-23,129.05514526367188
2023-01-24,130.16452026367188
2023-01-25,130.79443359375
2023-01-26,131.60296630859375
2023-01-27,131.92263793945312
2023-01-30,130.8038330078125
2023-01-31,131.5841522216797
2023-02-01,131.23629760742188
2023-02-02,130.6251983642578
2023-02-03,132.64654541015625
2023-02-06,133.42686462402344
2023-02-07,135.0533447265625
2023-02-08,134.10377502441406
2023-02-09,132.0166473388672
2023-02-10,132.59951782226562
2023-02-13,134.03797912597656
2023-02-14,134.63026428222656
2023-02-15,135.19435119628906
2023-02-16,133.33285522460938
2023-02-17,133.7277374267578
2023-02-21,131.27392578125
2023-02-22,130.26792907714844
2023-02-23,131.3115234375
2023-02-24,132.49607849121094
2023-02-27,133.65249633789062
2023-02-28,134.77130126953125
2023-03-01,134.0191650390625
2023-03-02,132.62774658203125
2023-03-03,135.06272888183594
2023-03-06,134.27301025390625
2023-03-07,130.3243408203125
2023-03-08,129.55343627929688
2023-03-09,122.53986358642578
2023-03-10,125.65177154541016
2023-03-13,123.3954086303711
2023-03-14,126.56371307373047
2023-03-15,120.58433532714844
2023-03-16,122.92533111572266
2023-03-17,118.28095245361328
2023-03-20,119.5313720703125
2023-03-21,122.73729705810547
2023-03-22,119.56896209716797
2023-03-23,119.24932098388672
2023-03-24,117.43482971191406
2023-03-27,120.80059051513672
2023-03-28,121.16725158691406
2023-03-29,121.41167449951172
2023-03-30,121.04500579833984
2023-03-31,122.51164245605469
2023-04-03,122.37064361572266
2023-04-04,120.7347640991211
2023-04-05,120.91478729248047
2023-04-06,120.78213500976562
2023-04-10,121.18009185791016
2023-04-11,121.77704620361328
2023-04-12,121.75810241699219
2023-04-13,122.22240447998047
2023-04-14,131.4513702392578
2023-04-17,132.49363708496094
2023-04-18,133.9812774658203
2023-04-19,133.8107452392578
2023-04-20,133.42222595214844
2023-04-21,133.16641235351562
2023-04-24,133.34645080566406
2023-04-25,130.4469757080078
2023-04-26,128.13497924804688
2023-04-27,129.8594970703125
2023-04-28,130.98707580566406
2023-05-01,133.79177856445312
2023-05-02,131.63140869140625
2023-05-03,128.8456573486328
2023-05-04,127.0832290649414
2023-05-05,129.56578063964844
2023-05-08,129.87844848632812
2023-05-09,129.25308227539062
2023-05-10,129.3194122314453
2023-05-11,128.91197204589844
2023-05-12,127.06430053710938
2023-05-15,128.13497924804688
2023-05-16,127.27275085449219
2023-05-17,131.18605041503906
2023-05-18,132.18096923828125
2023-05-19,131.87774658203125
2023-05-22,130.7880859375
2023-05-23,129.42364501953125
2023-05-24,128.2392120361328
2023-05-25,128.55189514160156
2023-05-26,129.7552947998047
2023-05-30,130.24801635742188
2023-05-31,128.58982849121094
2023-06-01,130.36172485351562
2023-06-02,133.10009765625
2023-06-05,131.79248046875
2023-06-06,132.02935791015625
2023-06-07,133.30853271484375
2023-06-08,133.34645080566406
2023-06-09,133.61172485351562
2023-06-12,133.60227966308594
2023-06-13,134.56878662109375
2023-06-14,134.06655883789062
2023-06-15,135.58261108398438
2023-06-16,135.74368286132812
2023-06-20,135.052001953125
2023-06-21,134.85301208496094
2023-06-22,132.25677490234375
2023-06-23,131.56507873535156
2023-06-26,131.88723754882812
2023-06-27,131.8966827392578
2023-06-28,131.31869506835938
2023-06-29,135.90478515625
2023-06-30,137.80929565429688
2023-07-03,138.91795349121094
2023-07-05,137.99252319335938
2023-07-06,136.6282501220703
2023-07-07,137.706298828125
2023-07-10,138.47906494140625
2023-07-11,140.64474487304688
2023-07-12,141.34120178222656
2023-07-13,142.02809143066406
2023-07-14,142.8867645263672
2023-07-17,146.33084106445312
2023-07-18,146.59799194335938
2023-07-19,147.16082763671875
2023-07-20,148.97354125976562
2023-07-21,147.82867431640625
2023-07-24,150.7384796142578
2023-07-25,149.6127471923828
2023-07-26,150.509521484375
2023-07-27,148.84950256347656
2023-07-28,149.69857788085938
2023-07-31,150.7003631591797
2023-08-01,149.9561767578125
2023-08-02,148.2579803466797
2023-08-03,149.16433715820312
2023-08-04,148.84950256347656
2023-08-07,149.55548095703125
2023-08-08,148.7159423828125
2023-08-09,146.7220001220703
2023-08-10,146.50254821777344
2023-08-11,147.3516387939453
2023-08-14,147.656982421875
2023-08-15,143.89804077148438
2023-08-16,143.28744506835938
2023-08-17,141.7991485595703
2023-08-18,142.12351989746094
2023-08-21,142.61007690429688
2023-08-22,139.6525421142578
2023-08-23,140.59703063964844
2023-08-24,140.46348571777344
2023-08-25,140.291748046875
2023-08-28,140.77830505371094
2023-08-29,141.92315673828125
2023-08-30,141.35073852539062
2023-08-31,139.60482788085938
2023-09-01,140.07232666015625
2023-09-05,138.52676391601562
2023-09-06,138.29779052734375
2023-09-07,137.11480712890625
2023-09-08,137.21974182128906
2023-09-11,137.82077026367188
2023-09-12,139.6143798828125
2023-09-13,139.68118286132812
2023-09-14,142.39064025878906
2023-09-15,141.97085571289062
2023-09-18,142.26661682128906
2023-09-19,142.08535766601562
2023-09-20,141.48431396484375
2023-09-21,140.3776092529297
2023-09-22,139.03240966796875
2023-09-25,139.7193145751953
2023-09-26,138.26918029785156
2023-09-27,139.08009338378906
2023-09-28,140.80694580078125
2023-09-29,138.3550567626953
2023-10-02,137.16250610351562
2023-10-03,136.15121459960938
2023-10-04,136.76182556152344
2023-10-05,137.33843994140625
2023-10-06,139.4528350830078
2023-10-09,139.1356658935547
2023-10-10,139.9813995361328
2023-10-11,140.46197509765625
2023-10-12,140.13519287109375
2023-10-13,142.23997497558594
2023-10-16,142.09579467773438
2023-10-17,141.7882537841797
2023-10-18,140.23129272460938
2023-10-19,139.6354217529297
2023-10-20,137.38650512695312
2023-10-23,135.5124053955078
2023-10-24,135.67578125
2023-10-25,134.93572998046875
2023-10-26,135.28170776367188
2023-10-27,130.40904235839844
2023-10-30,132.0717315673828
2023-10-31,133.6479034423828
2023-11-01,133.53257751464844
2023-11-02,135.9160614013672
2023-11-03,137.43453979492188
2023-11-06,138.4725341796875
2023-11-07,138.40524291992188
2023-11-08,139.08761596679688
2023-11-09,138.67433166503906
2023-11-10,140.73106384277344
2023-11-13,140.10633850097656
2023-11-14,142.662841796875
2023-11-15,143.91224670410156
2023-11-16,145.55567932128906
2023-11-17,146.8723907470703
2023-11-20,147.32406616210938
2023-11-21,147.0165557861328
2023-11-22,147.36253356933594
2023-11-24,147.5643310546875
2023-11-27,147.22796630859375
2023-11-28,147.5643310546875
2023-11-29,148.31399536132812
2023-11-30,150.0054931640625
2023-12-01,150.7359161376953
2023-12-04,151.8411865234375
2023-12-05,151.82196044921875
2023-12-06,150.22654724121094
2023-12-07,150.6878662109375
2023-12-08,152.35052490234375
2023-12-11,152.90798950195312
2023-12-12,154.272705078125
2023-12-13,154.7916717529297
2023-12-14,157.60765075683594
2023-12-15,158.79937744140625
2023-12-18,159.76043701171875
2023-12-19,161.89404296875
2023-12-20,160.06802368164062
2023-12-21,160.9810333251953
2023-12-22,160.88494873046875
2023-12-26,161.8363800048828
2023-12-27,162.80709838867188
2023-12-28,163.6720428466797
2023-12-29,163.47984313964844
2024-01-02,165.38278198242188
2024-01-03,164.6619873046875
2024-01-04,165.75469970703125
2024-01-05,166.5863494873047
2024-01-08,166.34458923339844
2024-01-09,165.02944946289062
2024-01-10,165.3775634765625
2024-01-11,164.68133544921875
2024-01-12,163.47256469726562
2024-01-16,162.4475555419922
2024-01-17,161.5772247314453
2024-01-18,161.89634704589844
2024-01-19,164.6909942626953
2024-01-22,164.49758911132812
2024-01-23,163.41453552246094
2024-01-24,164.8747100830078
2024-01-25,167.23423767089844
2024-01-26,166.59600830078125
2024-01-29,167.03114318847656
2024-01-30,170.45436096191406
2024-01-31,168.60736083984375
2024-02-01,167.99813842773438
2024-02-02,168.9651641845703
2024-02-05,168.74273681640625
2024-02-06,169.3229522705078
2024-02-07,169.64207458496094
2024-02-08,169.03285217285156
2024-02-09,169.2359161376953
2024-02-12,169.9901885986328
2024-02-13,168.5106658935547
2024-02-14,170.2222900390625
2024-02-15,173.93557739257812
2024-02-16,173.12327575683594
2024-02-20,173.80018615722656
2024-02-21,174.9315948486328
2024-02-22,177.03001403808594
2024-02-23,177.91964721679688
2024-02-26,177.31044006347656
2024-02-27,177.3974609375
2024-02-28,178.2967987060547
2024-02-29,179.92135620117188
2024-03-01,179.1767578125
2024-03-04,180.52090454101562
2024-03-05,182.32920837402344
2024-03-06,183.27688598632812
2024-03-07,181.67164611816406
2024-03-08,182.01010131835938
2024-03-11,182.07778930664062
2024-03-12,183.57664489746094
2024-03-13,185.0658416748047
2024-03-14,181.76834106445312
2024-03-15,184.021484375
2024-03-18,186.30361938476562
2024-03-19,187.3963165283203
2024-03-20,189.85250854492188
2024-03-21,192.49244689941406
2024-03-22,190.13294982910156
2024-03-25,188.39234924316406
2024-03-26,189.27230834960938
2024-03-27,192.93727111816406
2024-03-28,193.6915283203125
2024-04-01,192.37640380859375
2024-04-02,192.29905700683594
2024-04-03,191.75753784179688
2024-04-04,190.29855346679688
2024-04-05,192.04931640625
2024-04-08,193.0511474609375
2024-04-09,191.7575225830078
2024-04-10,190.1234893798828
2024-04-11,190.08456420898438
2024-04-12,177.79029846191406
2024-04-15,177.88755798339844
2024-04-16,175.854736328125
2024-04-17,175.15443420410156
2024-04-18,176.2924346923828
2024-04-19,180.7179718017578
2024-04-22,184.229248046875
2024-04-23,186.8845672607422
2024-04-24,187.79884338378906
2024-04-25,188.08090209960938
2024-04-26,188.1976318359375
2024-04-29,187.99339294433594
2024-04-30,186.49549865722656
2024-05-01,186.6122283935547
2024-05-02,186.4176788330078
2024-05-03,185.29913330078125
2024-05-06,186.74838256835938
2024-05-07,186.50521850585938
2024-05-08,190.29855346679688
2024-05-09,192.09796142578125
2024-05-10,193.33322143554688
2024-05-13,193.2943115234375
2024-05-14,195.9982452392578
2024-05-15,196.58184814453125
2024-05-16,196.93202209472656
2024-05-17,199.18853759765625
2024-05-20,190.23048400878906
2024-05-21,194.06271362304688
2024-05-22,192.88580322265625
2024-05-23,191.5338134765625
2024-05-24,195.22015380859375
2024-05-28,194.04324340820312
2024-05-29,192.69125366210938
2024-05-30,193.87791442871094
2024-05-31,197.087646484375
2024-06-03,196.2998046875
2024-06-04,193.7125701904297
2024-06-05,191.864501953125
2024-06-06,191.52407836914062
2024-06-07,194.48094177246094
2024-06-10,194.15023803710938
2024-06-11,189.04383850097656
2024-06-12,186.29124450683594
2024-06-13,188.36297607421875
2024-06-14,188.4796905517578
2024-06-17,189.64688110351562
2024-06-18,191.61163330078125
2024-06-20,193.23594665527344
2024-06-21,190.9307861328125
2024-06-24,193.44021606445312
2024-06-25,192.65235900878906
2024-06-26,192.02984619140625
2024-06-27,193.72225952148438
2024-06-28,196.72775268554688
2024-07-01,199.83050537109375
2024-07-02,203.11805725097656
2024-07-03,202.9818878173828
2024-07-05,200.2922821044922
2024-07-08,200.6639404296875
2024-07-09,203.06993103027344
2024-07-10,203.23617553710938
2024-07-11,202.89385986328125
2024-07-12,200.43899536132812
2024-07-15,205.43675231933594
2024-07-16,208.9283447265625
2024-07-17,212.10696411132812
2024-07-18,205.3682861328125
2024-07-19,205.17269897460938
2024-07-22,205.66168212890625
2024-07-23,205.71060180664062
2024-07-24,204.00881958007812
2024-07-25,204.08706665039062
2024-07-26,207.57867431640625
2024-07-29,206.21917724609375
2024-07-30,210.46388244628906
2024-07-31,208.12637329101562
2024-08-01,203.39266967773438
2024-08-02,194.76637268066406
2024-08-05,190.61947631835938
2024-08-06,195.9400177001953
2024-08-07,195.99868774414062
2024-08-08,199.57830810546875
2024-08-09,201.2801055908203
2024-08-12,201.6615447998047
2024-08-13,203.3730926513672
2024-08-14,205.62258911132812
2024-08-15,206.90380859375
2024-08-16,209.2706756591797
2024-08-19,210.7181396484375
2024-08-20,209.80859375
2024-08-21,209.8868408203125
2024-08-22,211.8722381591797
2024-08-23,213.5153350830078
2024-08-26,214.35646057128906
2024-08-27,215.3442840576172
2024-08-28,216.42990112304688
2024-08-29,217.32968139648438
2024-08-30,219.86280822753906
2024-09-03,215.46163940429688
2024-09-04,214.512939453125
2024-09-05,212.85028076171875
2024-09-06,207.79383850097656
2024-09-09,212.04827880859375
2024-09-10,201.04537963867188
2024-09-11,202.67869567871094
2024-09-12,202.06253051757812
2024-09-13,199.8325958251953
2024-09-16,203.29486083984375
2024-09-17,204.65431213378906
2024-09-18,202.9720916748047
2024-09-19,205.8572998046875
2024-09-20,206.45391845703125
2024-09-23,206.79623413085938
2024-09-24,206.94293212890625
2024-09-25,205.57369995117188
2024-09-26,205.17269897460938
2024-09-27,205.8768768310547
2024-09-30,206.2289581298828
2024-10-01,202.49285888671875
2024-10-02,202.73736572265625
2024-10-03,200.7226104736328
2024-10-04,207.8470001220703
2024-10-07,207.56161499023438
2024-10-08,207.38449096679688
2024-10-09,210.01185607910156
2024-10-10,209.4411163330078
2024-10-11,218.74020385742188
2024-10-14,217.94314575195312
2024-10-15,218.838623046875
2024-10-16,220.06866455078125
2024-10-17,220.83619689941406
2024-10-18,221.77102661132812
2024-10-21,219.43887329101562
2024-10-22,220.54098510742188
2024-10-23,219.8423309326172
2024-10-24,221.3872528076172
2024-10-25,218.7598876953125
2024-10-28,221.89895629882812
2024-10-29,219.34046936035156
2024-10-30,220.82635498046875
2024-10-31,218.37612915039062
2024-11-01,219.3798370361328
2024-11-04,216.27029418945312
2024-11-05,217.9530029296875
2024-11-06,243.11465454101562
2024-11-07,232.605224609375
2024-11-08,233.1956329345703
2024-11-11,235.46873474121094
2024-11-12,235.7344207763672
2024-11-13,237.30886840820312
2024-11-14,238.0075225830078
2024-11-15,241.39260864257812
2024-11-18,241.11708068847656
2024-11-19,239.2080535888672
2024-11-20,236.9349365234375
2024-11-21,240.85137939453125
2024-11-22,244.58087158203125
2024-11-25,246.29307556152344
2024-11-26,245.97817993164062
2024-11-27,245.80105590820312
2024-11-29,245.732177734375
2024-12-02,242.31759643554688
2024-12-03,240.9104461669922
2024-12-04,239.5131072998047
2024-12-05,241.55987548828125
2024-12-06,243.4098663330078
2024-12-09,239.91656494140625
2024-12-10,238.9817352294922
2024-12-11,239.64102172851562
2024-12-12,237.67295837402344
2024-12-13,236.10836791992188
2024-12-16,235.7541046142578
2024-12-17,234.55360412597656
2024-12-18,226.691162109375
2024-12-19,229.23983764648438
2024-12-20,233.8057403564453
2024-12-23,234.58311462402344
2024-12-24,238.44052124023438
2024-12-26,239.2572479248047
2024-12-27,237.31871032714844
2024-12-30,235.49826049804688
2024-12-31,235.8820343017578
2025-01-02,236.1674041748047
2025-01-03,239.39501953125
2025-01-06,238.2278594970703
2025-01-07,240.52259826660156
2025-01-08,240.48304748535156
2025-01-10,237.25852966308594
2025-01-13,241.55130004882812
2025-01-14,244.77578735351562
2025-01-15,249.60267639160156
2025-01-16,251.50177001953125
2025-01-17,256.3385314941406
2025-01-21,260.1663818359375
2025-01-22,259.97845458984375
2025-01-23,263.0545959472656
2025-01-24,261.9566955566406
2025-01-27,262.9556884765625
2025-01-28,264.2316589355469
2025-01-29,263.677734375
2025-01-30,265.3097839355469
2025-01-31,264.389892578125
2025-02-03,263.9052429199219
2025-02-04,265.02294921875
2025-02-05,267.4858093261719
2025-02-06,273.8853759765625
2025-02-07,272.79736328125
2025-02-10,268.0892028808594
2025-02-11,271.9961853027344
2025-02-12,272.4512023925781
2025-02-13,273.31170654296875
2025-02-14,273.5787658691406
2025-02-18,276.9021911621094
2025-02-19,276.2098083496094
2025-02-20,263.8953552246094
2025-02-21,261.36322021484375
2025-02-24,258.49481201171875
2025-02-25,254.59768676757812
2025-02-26,255.97254943847656
2025-02-27,256.2297058105469
2025-02-28,261.7687683105469
2025-03-03,257.7826232910156
2025-03-04,247.52552795410156
2025-03-05,248.79159545898438
2025-03-06,243.8559112548828
2025-03-07,239.6422882080078
2025-03-10,229.6918182373047
2025-03-11,226.64535522460938
2025-03-12,225.41883850097656
2025-03-13,222.7383575439453
2025-03-14,229.909423828125
2025-03-17,231.38319396972656
2025-03-18,232.41188049316406
2025-03-19,236.50680541992188
2025-03-20,236.40789794921875
2025-03-21,238.99937438964844
2025-03-24,245.359375
2025-03-25,248.3959503173828
2025-03-26,248.2970428466797
2025-03-27,245.41871643066406
2025-03-28,240.2061004638672
2025-03-31,242.62942504882812
2025-04-01,241.00726318359375
2025-04-02,243.14376831054688
2025-04-03,226.20025634765625
2025-04-04,209.2718048095703
2025-04-07,213.411865234375
2025-04-08,215.8302001953125
2025-04-09,233.21644592285156
2025-04-10,226.0211181640625
2025-04-11,235.06752014160156
2025-04-14,233.59461975097656
2025-04-15,232.0122528076172
2025-04-16,228.50912475585938
2025-04-17,230.84786987304688
2025-04-21,227.89210510253906
2025-04-22,234.46044921875
2025-04-23,239.72509765625
2025-04-24,243.46705627441406
2025-04-25,242.38229370117188
2025-04-28,242.0538787841797
2025-04-29,243.44715881347656
2025-04-30,243.44715881347656
2025-05-01,245.70626831054688
2025-05-02,251.29933166503906
2025-05-05,251.34909057617188
2025-05-06,248.05496215820312
2025-05-07,248.1942901611328
2025-05-08,252.25473022460938
2025-05-09,251.86660766601562
2025-05-12,258.80316162109375
2025-05-13,261.7489929199219
2025-05-14,264.36639404296875
2025-05-15,266.2074890136719
2025-05-16,266.27716064453125
2025-05-19,263.6100158691406
2025-05-20,264.40618896484375
2025-05-21,259.7884521484375
2025-05-22,259.42022705078125
2025-05-23,259.46002197265625
2025-05-27,264.01806640625
2025-05-28,262.2266845703125
2025-05-29,263.10247802734375
2025-05-30,262.7342529296875
2025-06-02,263.3910827636719
2025-06-03,264.99334716796875
2025-06-04,262.95318603515625
2025-06-05,260.694091796875
2025-06-06,264.4559631347656
2025-06-09,265.4610900878906
2025-06-10,267.31219482421875
2025-06-11,266.8643493652344
2025-06-12,266.95391845703125
2025-06-13,263.6796875
2025-06-16,269.063720703125
2025-06-17,268.2277526855469
2025-06-18,272.646484375
2025-06-20,273.6814880371094
2025-06-23,276.9358215332031
2025-06-24,279.9114990234375
2025-06-25,282.69805908203125
2025-06-26,287.3655700683594
2025-06-27,285.7334289550781
2025-06-30,288.52001953125
2025-07-01,289.0176086425781
2025-07-02,290.6000061035156
2025-07-03,296.0
2025-07-07,291.9700012207031
2025-07-08,282.7799987792969
2025-07-09,283.1600036621094
2025-07-10,288.19000244140625
2025-07-11,286.8599853515625
