Date,Close
,MSFT
2000-01-03,35.726715087890625
2000-01-04,34.51985168457031
2000-01-05,34.88383483886719
2000-01-06,33.71529769897461
2000-01-07,34.1558837890625
2000-01-10,34.40492630004883
2000-01-11,33.52372741699219
2000-01-12,32.43182373046875
2000-01-13,33.04482650756836
2000-01-14,34.40492630004883
2000-01-18,35.34357833862305
2000-01-19,32.79578399658203
2000-01-20,32.489280700683594
2000-01-21,31.799657821655273
2000-01-24,31.033395767211914
2000-01-25,31.512313842773438
2000-01-26,30.458702087402344
2000-01-27,30.267135620117188
2000-01-28,30.113903045654297
2000-01-31,29.998943328857422
2000-02-01,31.550617218017578
2000-02-02,30.899295806884766
2000-02-03,31.76133918762207
2000-02-04,32.66169357299805
2000-02-07,32.680850982666016
2000-02-08,33.69614791870117
2000-02-09,31.87627410888672
2000-02-10,32.489280700683594
2000-02-11,30.631122589111328
2000-02-14,30.53533363342285
2000-02-15,30.209671020507812
2000-02-16,29.922330856323242
2000-02-17,30.53533363342285
2000-02-18,29.13692283630371
2000-02-22,28.753774642944336
2000-02-23,28.887882232666016
2000-02-24,29.0411376953125
2000-02-25,27.98752784729004
2000-02-28,28.064151763916016
2000-02-29,27.393672943115234
2000-03-01,27.83426856994629
2000-03-02,28.619688034057617
2000-03-03,29.46257781982422
2000-03-06,27.776813507080078
2000-03-07,28.4664306640625
2000-03-08,29.290159225463867
2000-03-09,30.650270462036133
2000-03-10,30.956769943237305
2000-03-13,30.037263870239258
2000-03-14,29.156064987182617
2000-03-15,29.23267936706543
2000-03-16,29.23267936706543
2000-03-17,30.458702087402344
2000-03-20,29.8456974029541
2000-03-21,31.49315643310547
2000-03-22,31.64638900756836
2000-03-23,34.289974212646484
2000-03-24,34.23252868652344
2000-03-27,31.895429611206055
2000-03-28,31.972063064575195
2000-03-29,32.85325241088867
2000-03-30,31.68471908569336
2000-03-31,32.565921783447266
2000-04-03,27.853429794311523
2000-04-04,27.14463996887207
2000-04-05,26.474170684814453
2000-04-06,26.359241485595703
2000-04-07,27.29789924621582
2000-04-10,26.378395080566406
2000-04-11,25.707914352416992
2000-04-12,24.32865333557129
2000-04-13,24.290334701538086
2000-04-14,22.719505310058594
2000-04-17,23.25589942932129
2000-04-18,24.692625045776367
2000-04-19,24.11792755126953
2000-04-20,24.19455337524414
2000-04-24,20.420747756958008
2000-04-25,21.263614654541016
2000-04-26,20.84218406677246
2000-04-27,21.39771270751953
2000-04-28,21.378559112548828
2000-05-01,22.508787155151367
2000-05-02,21.416868209838867
2000-05-03,21.627595901489258
2000-05-04,21.58928680419922
2000-05-05,21.800004959106445
2000-05-08,21.39771270751953
2000-05-09,20.784713745117188
2000-05-10,20.286649703979492
2000-05-11,20.80387306213379
2000-05-12,21.091215133666992
2000-05-15,21.263614654541016
2000-05-16,21.301929473876953
2000-05-17,20.74640464782715
2000-05-18,20.286649703979492
2000-05-19,19.941837310791016
2000-05-22,19.673643112182617
2000-05-23,19.367128372192383
2000-05-24,20.09507942199707
2000-05-25,18.84990882873535
2000-05-26,18.830751419067383
2000-05-30,19.424604415893555
2000-05-31,19.175580978393555
2000-06-01,19.78858184814453
2000-06-02,20.324968338012695
2000-06-05,20.49736976623535
2000-06-06,21.34024429321289
2000-06-07,21.608449935913086
2000-06-08,21.091215133666992
2000-06-09,21.091215133666992
2000-06-12,20.49736976623535
2000-06-13,20.80387306213379
2000-06-14,21.608449935913086
2000-06-15,22.183130264282227
2000-06-16,22.240598678588867
2000-06-19,22.585420608520508
2000-06-20,22.968544006347656
2000-06-21,24.730937957763672
2000-06-22,24.481901168823242
2000-06-23,23.81142234802246
2000-06-26,24.366947174072266
2000-06-27,24.1562442779541
2000-06-28,24.19455337524414
2000-06-29,23.65817642211914
2000-06-30,24.52021598815918
2000-07-03,24.52021598815918
2000-07-05,24.060449600219727
2000-07-06,24.807558059692383
2000-07-07,25.133211135864258
2000-07-10,24.347801208496094
2000-07-11,24.252025604248047
2000-07-12,24.616004943847656
2000-07-13,24.501062393188477
2000-07-14,24.19455337524414
2000-07-17,23.964683532714844
2000-07-18,24.060449600219727
2000-07-19,22.41299819946289
2000-07-20,22.93024444580078
2000-07-21,22.163970947265625
2000-07-24,21.627595901489258
2000-07-25,21.1486873626709
2000-07-26,20.784713745117188
2000-07-27,21.263614654541016
2000-07-28,21.359411239624023
2000-07-31,21.39771270751953
2000-08-01,21.05290412902832
2000-08-02,21.263614654541016
2000-08-03,21.531818389892578
2000-08-04,21.186988830566406
2000-08-07,21.455183029174805
2000-08-08,22.719505310058594
2000-08-09,22.75782585144043
2000-08-10,22.259756088256836
2000-08-11,22.202287673950195
2000-08-14,22.12566375732422
2000-08-15,21.95325469970703
2000-08-16,21.761688232421875
2000-08-17,21.93410873413086
2000-08-18,21.761688232421875
2000-08-21,21.64674949645996
2000-08-22,21.838315963745117
2000-08-23,21.685062408447266
2000-08-24,21.800004959106445
2000-08-25,21.64674949645996
2000-08-28,21.857479095458984
2000-08-29,21.742536544799805
2000-08-30,21.455183029174805
2000-08-31,21.39771270751953
2000-09-01,21.512653350830078
2000-09-05,21.493499755859375
2000-09-06,21.282777786254883
2000-09-07,21.47434425354004
2000-09-08,21.244470596313477
2000-09-11,21.091215133666992
2000-09-12,20.880496978759766
2000-09-13,20.918811798095703
2000-09-14,20.17169952392578
2000-09-15,19.673643112182617
2000-09-18,19.309663772583008
2000-09-19,19.92267417907715
2000-09-20,19.69280242919922
2000-09-21,19.673643112182617
2000-09-22,19.386293411254883
2000-09-25,18.77329444885254
2000-09-26,19.21388816833496
2000-09-27,18.58172607421875
2000-09-28,18.792448043823242
2000-09-29,18.485944747924805
2000-10-02,18.121971130371094
2000-10-03,17.336557388305664
2000-10-04,16.99174690246582
2000-10-05,16.97258758544922
2000-10-06,17.030052185058594
2000-10-09,16.608613967895508
2000-10-10,16.723543167114258
2000-10-11,17.08753204345703
2000-10-12,16.666086196899414
2000-10-13,16.474523544311523
2000-10-16,15.440073013305664
2000-10-17,15.459229469299316
2000-10-18,15.861507415771484
2000-10-19,18.96485710144043
2000-10-20,19.98014259338379
2000-10-23,19.041475296020508
2000-10-24,18.84990882873535
2000-10-25,18.77329444885254
2000-10-26,19.750274658203125
2000-10-27,20.74640464782715
2000-10-30,21.167842864990234
2000-10-31,21.110376358032227
2000-11-01,21.34024429321289
2000-11-02,21.550975799560547
2000-11-03,20.918811798095703
2000-11-06,21.301929473876953
2000-11-07,21.608449935913086
2000-11-08,21.282777786254883
2000-11-09,21.72337532043457
2000-11-10,20.65061378479004
2000-11-13,20.36327362060547
2000-11-14,21.091215133666992
2000-11-15,21.47434425354004
2000-11-16,21.129528045654297
2000-11-17,21.167842864990234
2000-11-20,20.59315299987793
2000-11-21,20.76555633544922
2000-11-22,20.918811798095703
2000-11-24,21.436031341552734
2000-11-27,21.665908813476562
2000-11-28,20.53568458557129
2000-11-29,19.941837310791016
2000-11-30,17.585596084594727
2000-12-01,17.3557186126709
2000-12-04,17.298246383666992
2000-12-05,18.351848602294922
2000-12-06,17.374858856201172
2000-12-07,16.282960891723633
2000-12-08,16.68523406982422
2000-12-11,17.796314239501953
2000-12-12,17.89209747314453
2000-12-13,17.547277450561523
2000-12-14,17.010900497436523
2000-12-15,15.076094627380371
2000-12-18,14.65466022491455
2000-12-19,13.735149383544922
2000-12-20,12.719863891601562
2000-12-21,13.313713073730469
2000-12-22,14.23321533203125
2000-12-26,14.367311477661133
2000-12-27,14.23321533203125
2000-12-28,13.658528327941895
2000-12-29,13.29455280303955
2001-01-02,13.29455280303955
2001-01-03,14.692976951599121
2001-01-04,14.84622573852539
2001-01-05,15.056951522827148
2001-01-08,14.999471664428711
2001-01-09,15.880669593811035
2001-01-10,16.206331253051758
2001-01-11,16.857648849487305
2001-01-12,16.397891998291016
2001-01-16,16.110553741455078
2001-01-17,16.225488662719727
2001-01-18,17.010900497436523
2001-01-19,18.696666717529297
2001-01-22,18.428478240966797
2001-01-23,18.562570571899414
2001-01-24,19.290510177612305
2001-01-25,18.945695877075195
2001-01-26,19.616161346435547
2001-01-29,19.769426345825195
2001-01-30,19.424604415893555
2001-01-31,18.715824127197266
2001-02-01,19.118104934692383
2001-02-02,18.63920021057129
2001-02-05,18.984012603759766
2001-02-06,19.175580978393555
2001-02-07,19.82689094543457
2001-02-08,19.079782485961914
2001-02-09,18.121971130371094
2001-02-12,18.00702476501465
2001-02-13,17.834623336791992
2001-02-14,17.89209747314453
2001-02-15,18.026182174682617
2001-02-16,17.566436767578125
2001-02-20,17.125839233398438
2001-02-21,17.24077796936035
2001-02-22,16.91511344909668
2001-02-23,17.394027709960938
2001-02-26,18.256061553955078
2001-02-27,18.198598861694336
2001-02-28,18.08365249633789
2001-03-01,18.193805694580078
2001-03-02,17.374858856201172
2001-03-05,17.60474395751953
2001-03-06,18.217748641967773
2001-03-07,18.600879669189453
2001-03-08,18.1602840423584
2001-03-09,17.374858856201172
2001-03-12,15.918987274169922
2001-03-13,16.608613967895508
2001-03-14,16.551143646240234
2001-03-15,16.455364227294922
2001-03-16,16.723543167114258
2001-03-19,16.646923065185547
2001-03-20,16.148860931396484
2001-03-21,15.34428596496582
2001-03-22,16.551143646240234
2001-03-23,17.336557388305664
2001-03-26,17.18330192565918
2001-03-27,17.85378074645996
2001-03-28,17.030052185058594
2001-03-29,16.97258758544922
2001-03-30,16.761863708496094
2001-04-02,17.10668182373047
2001-04-03,16.35957908630371
2001-04-04,15.918987274169922
2001-04-05,17.394027709960938
2001-04-06,17.22161865234375
2001-04-09,17.516632080078125
2001-04-10,18.292081832885742
2001-04-11,18.402427673339844
2001-04-12,19.058338165283203
2001-04-16,18.63230323791504
2001-04-17,18.843788146972656
2001-04-18,20.054471969604492
2001-04-19,20.85444450378418
2001-04-20,21.1486873626709
2001-04-23,20.918811798095703
2001-04-24,20.704261779785156
2001-04-25,21.360172271728516
2001-04-26,21.188526153564453
2001-04-27,20.572465896606445
2001-04-30,20.76555633544922
2001-05-01,21.50728988647461
2001-05-02,21.381622314453125
2001-05-03,21.00462532043457
2001-05-04,21.685062408447266
2001-05-07,21.87816047668457
2001-05-08,22.086580276489258
2001-05-09,21.57778549194336
2001-05-10,21.455183029174805
2001-05-11,21.271284103393555
2001-05-14,21.0628604888916
2001-05-15,20.924945831298828
2001-05-16,21.197721481323242
2001-05-17,20.8942928314209
2001-05-18,20.86976432800293
2001-05-21,21.084314346313477
2001-05-22,21.55019760131836
2001-05-23,21.363231658935547
2001-05-24,21.982370376586914
2001-05-25,21.73410415649414
2001-05-29,21.559410095214844
2001-05-30,21.20692253112793
2001-05-31,21.20384979248047
2001-06-01,21.559410095214844
2001-06-04,21.694265365600586
2001-06-05,22.252098083496094
2001-06-06,22.178539276123047
2001-06-07,22.5831241607666
2001-06-08,22.43292999267578
2001-06-11,22.10496711730957
2001-06-12,22.092710494995117
2001-06-13,21.66667938232422
2001-06-14,21.118038177490234
2001-06-15,20.848308563232422
2001-06-18,20.498905181884766
2001-06-19,20.633764266967773
2001-06-20,21.274354934692383
2001-06-21,21.406147003173828
2001-06-22,21.096582412719727
2001-06-25,21.102712631225586
2001-06-26,21.498098373413086
2001-06-27,21.804601669311523
2001-06-28,22.295007705688477
2001-06-29,22.374696731567383
2001-07-02,21.63909339904785
2001-07-03,21.599246978759766
2001-07-05,20.998489379882812
2001-07-06,20.247562408447266
2001-07-09,20.1341552734375
2001-07-10,19.763296127319336
2001-07-11,20.382423400878906
2001-07-12,21.945592880249023
2001-07-13,21.865901947021484
2001-07-16,21.816862106323242
2001-07-17,22.013019561767578
2001-07-18,21.62989616394043
2001-07-19,22.242904663085938
2001-07-20,21.20384979248047
2001-07-23,20.563270568847656
2001-07-24,20.32725715637207
2001-07-25,20.68280029296875
2001-07-26,20.410011291503906
2001-07-27,20.06673240661621
2001-07-30,20.167877197265625
2001-07-31,20.287418365478516
2001-08-01,20.37323570251465
2001-08-02,20.673616409301758
2001-08-03,20.501968383789062
2001-08-06,20.269020080566406
2001-08-07,20.33645248413086
2001-08-08,19.8797664642334
2001-08-09,19.925737380981445
2001-08-10,20.082063674926758
2001-08-13,20.177078247070312
2001-08-14,19.827655792236328
2001-08-15,19.370973587036133
2001-08-16,19.80620002746582
2001-08-17,18.966392517089844
2001-08-20,19.21772003173828
2001-08-21,18.629230499267578
2001-08-22,18.592449188232422
2001-08-23,18.120433807373047
2001-08-24,19.01848602294922
2001-08-27,19.098182678222656
2001-08-28,18.616968154907227
2001-08-29,18.466787338256836
2001-08-30,17.4522647857666
2001-08-31,17.485979080200195
2001-09-04,17.194807052612305
2001-09-05,17.697463989257812
2001-09-06,17.17028045654297
2001-09-07,16.98024559020996
2001-09-10,17.64842414855957
2001-09-17,16.217060089111328
2001-09-18,16.649229049682617
2001-09-19,16.51129913330078
2001-09-20,15.558080673217773
2001-09-21,15.23624324798584
2001-09-24,15.941200256347656
2001-09-25,15.723583221435547
2001-09-26,15.407893180847168
2001-09-27,15.31287670135498
2001-09-28,15.683732986450195
2001-10-01,15.873773574829102
2001-10-02,16.259971618652344
2001-10-03,17.234643936157227
2001-10-04,17.299009323120117
2001-10-05,17.691333770751953
2001-10-08,17.789417266845703
2001-10-09,16.7227840423584
2001-10-10,17.013961791992188
2001-10-11,17.262231826782227
2001-10-12,17.280620574951172
2001-10-15,17.79554557800293
2001-10-16,17.915088653564453
2001-10-17,17.17334747314453
2001-10-18,17.394027709960938
2001-10-19,17.74650764465332
2001-10-22,18.4392032623291
2001-10-23,18.521961212158203
2001-10-24,18.794742584228516
2001-10-25,19.1748104095459
2001-10-26,19.064468383789062
2001-10-29,18.279813766479492
2001-10-30,18.046875
2001-10-31,17.823129653930664
2001-11-01,18.954124450683594
2001-11-02,18.81926918029785
2001-11-05,19.39242935180664
2001-11-06,19.855239868164062
2001-11-07,19.69280242919922
2001-11-08,19.74489974975586
2001-11-09,19.987037658691406
2001-11-12,20.164806365966797
2001-11-13,20.81154441833496
2001-11-14,20.213848114013672
2001-11-15,20.265960693359375
2001-11-16,20.152551651000977
2001-11-19,20.394691467285156
2001-11-20,20.045278549194336
2001-11-21,19.631492614746094
2001-11-23,19.83378791809082
2001-11-26,19.965587615966797
2001-11-27,19.53648567199707
2001-11-28,19.248367309570312
2001-11-29,19.87363624572754
2001-11-30,19.6805362701416
2001-12-03,19.8521785736084
2001-12-04,20.22918128967285
2001-12-05,20.872835159301758
2001-12-06,21.04141616821289
2001-12-07,20.79007911682129
2001-12-10,20.5540714263916
2001-12-11,20.633764266967773
2001-12-12,20.826858520507812
2001-12-13,20.31192970275879
2001-12-14,20.670543670654297
2001-12-17,21.142555236816406
2001-12-18,21.2314395904541
2001-12-19,21.298871994018555
2001-12-20,20.46211814880371
2001-12-21,20.701189041137695
2001-12-24,20.61843490600586
2001-12-26,20.74410629272461
2001-12-27,20.79620361328125
2001-12-28,20.802331924438477
2001-12-31,20.30580711364746
2002-01-02,20.54793930053711
2002-01-03,21.219181060791016
2002-01-04,21.118038177490234
2002-01-07,21.013824462890625
2002-01-08,21.265159606933594
2002-01-09,21.059795379638672
2002-01-10,21.2344970703125
2002-01-11,21.029150009155273
2002-01-14,20.986244201660156
2002-01-15,21.317262649536133
2002-01-16,20.802331924438477
2002-01-17,21.412277221679688
2002-01-18,20.25982666015625
2002-01-22,19.75716209411621
2002-01-23,19.53648567199707
2002-01-24,19.80006217956543
2002-01-25,19.554868698120117
2002-01-28,19.561002731323242
2002-01-29,19.10124969482422
2002-01-30,19.263696670532227
2002-01-31,19.52728271484375
2002-02-01,19.20545768737793
2002-02-04,18.733440399169922
2002-02-05,18.742643356323242
2002-02-06,18.51276206970215
2002-02-07,18.328868865966797
2002-02-08,18.589385986328125
2002-02-11,18.73650360107422
2002-02-12,18.433069229125977
2002-02-13,18.947988510131836
2002-02-14,18.905080795288086
2002-02-15,18.460655212402344
2002-02-19,18.062211990356445
2002-02-20,18.35950469970703
2002-02-21,17.792490005493164
2002-02-22,17.77408790588379
2002-02-25,18.108171463012695
2002-02-26,17.945720672607422
2002-02-27,17.896692276000977
2002-02-28,17.88136863708496
2002-03-01,18.81007194519043
2002-03-04,19.401620864868164
2002-03-05,19.334186553955078
2002-03-06,19.50276756286621
2002-03-07,19.223844528198242
2002-03-08,19.600847244262695
2002-03-11,19.720382690429688
2002-03-12,19.168676376342773
2002-03-13,19.033811569213867
2002-03-14,18.76409912109375
2002-03-15,19.153348922729492
2002-03-18,19.046079635620117
2002-03-19,19.07366943359375
2002-03-20,18.420812606811523
2002-03-21,18.807010650634766
2002-03-22,18.528087615966797
2002-03-25,18.15415382385254
2002-03-26,18.108171463012695
2002-03-27,18.218515396118164
2002-03-28,18.48517608642578
2002-04-01,18.506635665893555
2002-04-02,17.55646514892578
2002-04-03,17.265304565429688
2002-04-04,17.30207633972168
2002-04-05,17.124309539794922
2002-04-08,17.538084030151367
2002-04-09,16.81780433654785
2002-04-10,17.256099700927734
2002-04-11,16.793275833129883
2002-04-12,17.142696380615234
2002-04-15,17.069135665893555
2002-04-16,17.71891975402832
2002-04-17,17.35724449157715
2002-04-18,17.277559280395508
2002-04-19,17.531953811645508
2002-04-22,17.038482666015625
2002-04-23,16.54808235168457
2002-04-24,16.250770568847656
2002-04-25,16.468395233154297
2002-04-26,15.78488826751709
2002-04-29,16.01169204711914
2002-04-30,16.017831802368164
2002-05-01,16.168012619018555
2002-05-02,15.695998191833496
2002-05-03,15.190268516540527
2002-05-06,14.902162551879883
2002-05-07,15.162690162658691
2002-05-08,16.848453521728516
2002-05-09,15.974916458129883
2002-05-10,15.340460777282715
2002-05-13,16.149629592895508
2002-05-14,16.820873260498047
2002-05-15,16.78102684020996
2002-05-16,17.08446502685547
2002-05-17,17.17334747314453
2002-05-20,16.554208755493164
2002-05-21,15.996376991271973
2002-05-22,16.456130981445312
2002-05-23,16.802478790283203
2002-05-24,16.32433319091797
2002-05-28,16.036226272583008
2002-05-29,15.953460693359375
2002-05-30,16.134305953979492
2002-05-31,15.604049682617188
2002-06-03,15.147364616394043
2002-06-04,15.319001197814941
2002-06-05,15.833929061889648
2002-06-06,15.907486915588379
2002-06-07,15.932012557983398
2002-06-10,16.18947410583496
2002-06-11,16.11284065246582
2002-06-12,17.02315902709961
2002-06-13,16.61857795715332
2002-06-14,16.934268951416016
2002-06-17,17.06607437133789
2002-06-18,17.161087036132812
2002-06-19,16.6614933013916
2002-06-20,16.58179473876953
2002-06-21,16.023956298828125
2002-06-24,16.60017967224121
2002-06-25,16.22931671142578
2002-06-26,16.590986251831055
2002-06-27,16.8331298828125
2002-06-28,16.765695571899414
2002-07-01,16.140438079833984
2002-07-02,15.766498565673828
2002-07-03,15.889092445373535
2002-07-05,16.811670303344727
2002-07-08,16.220125198364258
2002-07-09,16.309005737304688
2002-07-10,16.01169204711914
2002-07-11,16.217060089111328
2002-07-12,15.895227432250977
2002-07-15,15.876832962036133
2002-07-16,15.708266258239746
2002-07-17,15.93813705444336
2002-07-18,15.665349960327148
2002-07-19,15.190268516540527
2002-07-22,14.561948776245117
2002-07-23,13.182679176330566
2002-07-24,14.16961669921875
2002-07-25,13.127516746520996
2002-07-26,13.899900436401367
2002-07-29,14.788756370544434
2002-07-30,14.742777824401855
2002-07-31,14.70599365234375
2002-08-01,14.022494316101074
2002-08-02,13.61178970336914
2002-08-05,13.483047485351562
2002-08-06,13.997980117797852
2002-08-07,14.433216094970703
2002-08-08,14.991044044494629
2002-08-09,14.748908042907715
2002-08-12,14.856189727783203
2002-08-13,14.424023628234863
2002-08-14,15.23624324798584
2002-08-15,15.254636764526367
2002-08-16,15.325135231018066
2002-08-19,15.93813705444336
2002-08-20,15.643901824951172
2002-08-21,16.023956298828125
2002-08-22,16.315135955810547
2002-08-23,16.00556755065918
2002-08-26,15.968788146972656
2002-08-27,15.582598686218262
2002-08-28,15.13510799407959
2002-08-29,15.502904891967773
2002-08-30,15.043148040771484
2002-09-03,14.411757469177246
2002-09-04,14.776493072509766
2002-09-05,14.071545600891113
2002-09-06,14.656962394714355
2002-09-09,14.926679611206055
2002-09-10,15.260764122009277
2002-09-11,14.889897346496582
2002-09-12,14.451601028442383
2002-09-13,14.68454647064209
2002-09-16,14.644698143005371
2002-09-17,14.494501113891602
2002-09-18,14.635503768920898
2002-09-19,14.466926574707031
2002-09-20,14.54662036895752
2002-09-23,13.863112449645996
2002-09-24,13.988779067993164
2002-09-25,14.255440711975098
2002-09-26,14.160425186157227
2002-09-27,13.869242668151855
2002-09-30,13.406431198120117
2002-10-01,14.16961669921875
2002-10-02,13.97958755493164
2002-10-03,13.731324195861816
2002-10-04,13.415624618530273
2002-10-07,13.50144100189209
2002-10-08,13.789554595947266
2002-10-09,13.483047485351562
2002-10-10,14.215597152709961
2002-10-11,14.978781700134277
2002-10-14,15.107519149780273
2002-10-15,16.02702522277832
2002-10-16,15.45080280303955
2002-10-17,15.561141014099121
2002-10-18,16.290618896484375
2002-10-21,16.094459533691406
2002-10-22,15.836992263793945
2002-10-23,16.305952072143555
2002-10-24,15.70213508605957
2002-10-25,16.146560668945312
2002-10-28,15.922818183898926
2002-10-29,15.959592819213867
2002-10-30,16.27835464477539
2002-10-31,16.38869857788086
2002-11-01,16.244640350341797
2002-11-04,17.194807052612305
2002-11-05,17.37256622314453
2002-11-06,17.47984504699707
2002-11-07,17.167221069335938
2002-11-08,16.888303756713867
2002-11-11,16.508235931396484
2002-11-12,16.70746421813965
2002-11-13,16.967992782592773
2002-11-14,17.467592239379883
2002-11-15,17.375629425048828
2002-11-18,17.11817741394043
2002-11-19,16.814739227294922
2002-11-20,17.354185104370117
2002-11-21,17.728120803833008
2002-11-22,17.844585418701172
2002-11-25,17.847646713256836
2002-11-26,17.44001007080078
2002-11-27,17.801673889160156
2002-11-29,17.6790828704834
2002-12-02,17.682140350341797
2002-12-03,17.381763458251953
2002-12-04,17.32966423034668
2002-12-05,16.961854934692383
2002-12-06,17.001697540283203
2002-12-09,16.407094955444336
2002-12-10,16.554208755493164
2002-12-11,16.753437042236328
2002-12-12,16.603252410888672
2002-12-13,16.09138298034668
2002-12-16,16.698270797729492
2002-12-17,16.6614933013916
2002-12-18,16.407094955444336
2002-12-19,16.27835464477539
2002-12-20,16.256908416748047
2002-12-23,16.551143646240234
2002-12-24,16.4959716796875
2002-12-26,16.364179611206055
2002-12-27,16.235454559326172
2002-12-30,16.168012619018555
2002-12-31,15.846192359924316
2003-01-02,16.465320587158203
2003-01-03,16.48677635192871
2003-01-06,16.78715705871582
2003-01-07,17.10284996032715
2003-01-08,16.624706268310547
2003-01-09,17.105911254882812
2003-01-10,17.139631271362305
2003-01-13,17.283676147460938
2003-01-14,17.461458206176758
2003-01-15,17.24690818786621
2003-01-16,16.96492576599121
2003-01-17,15.772628784179688
2003-01-21,15.732778549194336
2003-01-22,15.631636619567871
2003-01-23,16.023956298828125
2003-01-24,15.279152870178223
2003-01-27,15.070734977722168
2003-01-28,14.96346378326416
2003-01-29,15.297553062438965
2003-01-30,14.785689353942871
2003-01-31,14.54662036895752
2003-02-03,14.883769035339355
2003-02-04,14.503704071044922
2003-02-05,14.393364906311035
2003-02-06,14.534356117248535
2003-02-07,14.276890754699707
2003-02-10,14.52209758758545
2003-02-11,14.233985900878906
2003-02-12,14.233985900878906
2003-02-13,14.402562141418457
2003-02-14,14.804080963134766
2003-02-18,15.300615310668945
2003-02-19,15.085372924804688
2003-02-20,14.84553050994873
2003-02-21,15.146870613098145
2003-02-24,14.802485466003418
2003-02-25,14.876289367675781
2003-02-26,14.519587516784668
2003-02-27,14.501142501831055
2003-02-28,14.574938774108887
2003-03-03,14.476545333862305
2003-03-04,14.187501907348633
2003-03-05,14.415047645568848
2003-03-06,14.310502052307129
2003-03-07,14.488839149475098
2003-03-10,14.11370849609375
2003-03-11,14.021462440490723
2003-03-12,14.384302139282227
2003-03-13,15.171469688415527
2003-03-14,15.288310050964355
2003-03-17,15.946337699890137
2003-03-18,16.013980865478516
2003-03-19,16.18618392944336
2003-03-20,16.143123626708984
2003-03-21,16.33992576599121
2003-03-24,15.552755355834961
2003-03-25,15.67574405670166
2003-03-26,15.528151512145996
2003-03-27,15.39901351928711
2003-03-28,15.171469688415527
2003-03-31,14.888582229614258
2003-04-01,14.974676132202148
2003-04-02,15.81719970703125
2003-04-03,15.823343276977539
2003-04-04,15.429754257202148
2003-04-07,15.478955268859863
2003-04-08,15.731094360351562
2003-04-09,15.109973907470703
2003-04-10,15.122270584106445
2003-04-11,14.882429122924805
2003-04-14,15.226816177368164
2003-04-15,15.12841796875
2003-04-16,15.325215339660645
2003-04-17,15.68189811706543
2003-04-21,15.503556251525879
2003-04-22,15.841790199279785
2003-04-23,15.81719970703125
2003-04-24,15.67574405670166
2003-04-25,15.509710311889648
2003-04-28,15.829496383666992
2003-04-29,15.866392135620117
2003-04-30,15.724950790405273
2003-05-01,15.81719970703125
2003-05-02,16.050888061523438
2003-05-05,15.903288841247559
2003-05-06,16.2169246673584
2003-05-07,15.983238220214844
2003-05-08,15.829496383666992
2003-05-09,16.210773468017578
2003-05-12,16.11239242553711
2003-05-13,15.983238220214844
2003-05-14,15.755690574645996
2003-05-15,15.86024284362793
2003-05-16,15.724950790405273
2003-05-19,15.226816177368164
2003-05-20,15.146870613098145
2003-05-21,14.777885437011719
2003-05-22,14.857831001281738
2003-05-23,14.894730567932129
2003-05-27,15.245268821716309
2003-05-28,15.011577606201172
2003-05-29,15.005426406860352
2003-05-30,15.134575843811035
2003-06-02,15.153020858764648
2003-06-03,15.300617218017578
2003-06-04,15.294461250305176
2003-06-05,14.814777374267578
2003-06-06,14.556496620178223
2003-06-09,14.605690002441406
2003-06-10,15.177620887756348
2003-06-11,15.300617218017578
2003-06-12,15.368261337280273
2003-06-13,15.159172058105469
2003-06-16,15.61425495147705
2003-06-17,15.964781761169434
2003-06-18,16.032434463500977
2003-06-19,16.032434463500977
2003-06-20,16.192333221435547
2003-06-23,15.854089736938477
2003-06-24,15.804898262023926
2003-06-25,15.534314155578613
2003-06-26,15.835641860961914
2003-06-27,15.761845588684082
2003-06-30,15.767988204956055
2003-07-01,16.081634521484375
2003-07-02,16.530563354492188
2003-07-03,16.296873092651367
2003-07-07,16.862661361694336
2003-07-08,17.03484344482422
2003-07-09,16.893400192260742
2003-07-10,16.54901885986328
2003-07-11,16.79500961303711
2003-07-14,16.850353240966797
2003-07-15,16.770401000976562
2003-07-16,16.92414665222168
2003-07-17,16.41372299194336
2003-07-18,16.536712646484375
2003-07-21,16.013980865478516
2003-07-22,16.22307586669922
2003-07-23,16.26613426208496
2003-07-24,15.989386558532715
2003-07-25,16.536712646484375
2003-07-28,16.36452293395996
2003-07-29,16.27842903137207
2003-07-30,16.130836486816406
2003-07-31,16.241531372070312
2003-08-01,16.09393882751465
2003-08-04,16.10009002685547
2003-08-05,15.78029727935791
2003-08-06,15.774140357971191
2003-08-07,15.811039924621582
2003-08-08,15.731094360351562
2003-08-11,15.749540328979492
2003-08-12,15.823343276977539
2003-08-13,15.74339771270752
2003-08-14,15.761845588684082
2003-08-15,15.706501007080078
2003-08-18,15.804898262023926
2003-08-19,16.37066650390625
2003-08-20,16.26613426208496
2003-08-21,16.136985778808594
2003-08-22,16.124685287475586
2003-08-25,16.296873092651367
2003-08-26,16.33992576599121
2003-08-27,16.247682571411133
2003-08-28,16.303022384643555
2003-08-29,16.309179306030273
2003-09-02,16.76425552368164
2003-09-03,17.403833389282227
2003-09-04,17.483783721923828
2003-09-05,17.45303726196289
2003-09-08,17.735925674438477
2003-09-09,17.446880340576172
2003-09-10,16.94260597229004
2003-09-11,17.120946884155273
2003-09-12,17.42842674255371
2003-09-15,17.44073486328125
2003-09-16,17.772815704345703
2003-09-17,17.526826858520508
2003-09-18,18.14179801940918
2003-09-19,18.42469024658203
2003-09-22,17.877368927001953
2003-09-23,18.203298568725586
2003-09-24,17.50223159790039
2003-09-25,17.366933822631836
2003-09-26,17.33618927001953
2003-09-29,17.729772567749023
2003-09-30,17.096342086791992
2003-10-01,17.539127349853516
2003-10-02,17.526826858520508
2003-10-03,17.883522033691406
2003-10-06,17.951160430908203
2003-10-07,17.920413970947266
2003-10-08,17.72362518310547
2003-10-09,17.79741668701172
2003-10-10,17.778968811035156
2003-10-13,17.699010848999023
2003-10-14,17.637521743774414
2003-10-15,17.977663040161133
2003-10-16,18.07660484313965
2003-10-17,17.891077041625977
2003-10-20,18.150829315185547
2003-10-21,18.150829315185547
2003-10-22,17.8663387298584
2003-10-23,17.878713607788086
2003-10-24,16.456331253051758
2003-10-27,16.64185905456543
2003-10-28,16.821205139160156
2003-10-29,16.536725997924805
2003-10-30,16.153289794921875
2003-10-31,16.165664672851562
2003-11-03,16.499618530273438
2003-11-04,16.122377395629883
2003-11-05,16.14093589782715
2003-11-06,16.221332550048828
2003-11-07,16.14093589782715
2003-11-10,16.079090118408203
2003-11-11,15.955404281616211
2003-11-12,16.066720962524414
2003-11-13,15.88737964630127
2003-11-14,15.769875526428223
2003-11-17,15.553431510925293
2003-11-18,15.553431510925293
2003-11-19,15.677105903625488
2003-11-20,15.522503852844238
2003-11-21,15.528687477111816
2003-11-24,15.912114143371582
2003-11-25,15.708037376403809
2003-11-26,15.738959312438965
2003-11-28,15.899741172790527
2003-12-01,15.980141639709473
2003-12-02,15.868826866149902
2003-12-03,15.875009536743164
2003-12-04,16.20278549194336
2003-12-05,16.066720962524414
2003-12-08,16.227514266967773
2003-12-09,16.314090728759766
2003-12-10,16.443960189819336
2003-12-11,16.456331253051758
2003-12-12,16.48106575012207
2003-12-15,16.536725997924805
2003-12-16,16.73462677001953
2003-12-17,16.722251892089844
2003-12-18,16.94488525390625
2003-12-19,16.920156478881836
2003-12-22,16.808841705322266
2003-12-23,16.790279388427734
2003-12-24,16.722251892089844
2003-12-26,16.82738494873047
2003-12-29,16.981992721557617
2003-12-30,17.019092559814453
2003-12-31,16.92633819580078
2004-01-02,16.97580909729004
2004-01-05,17.402524948120117
2004-01-06,17.464366912841797
2004-01-07,17.445812225341797
2004-01-08,17.41489601135254
2004-01-09,17.105680465698242
2004-01-12,17.050016403198242
2004-01-13,16.96344566345215
2004-01-14,17.130413055419922
2004-01-15,17.031475067138672
2004-01-16,17.19843864440918
2004-01-20,17.37778091430664
2004-01-21,17.5014705657959
2004-01-22,17.322126388549805
2004-01-23,17.612781524658203
2004-01-26,17.810686111450195
2004-01-27,17.470542907714844
2004-01-28,17.136600494384766
2004-01-29,17.260276794433594
2004-01-30,17.099483489990234
2004-02-02,16.94488525390625
2004-02-03,16.876855850219727
2004-02-04,16.703691482543945
2004-02-05,16.672780990600586
2004-02-06,16.746984481811523
2004-02-09,16.63568115234375
2004-02-10,16.709882736206055
2004-02-11,16.790279388427734
2004-02-12,16.666595458984375
2004-02-13,16.443960189819336
2004-02-17,16.691333770751953
2004-02-18,16.55527114868164
2004-02-19,16.36357307434082
2004-02-20,16.431594848632812
2004-02-23,16.456331253051758
2004-02-24,16.623302459716797
2004-02-25,16.511993408203125
2004-02-26,16.388301849365234
2004-02-27,16.406856536865234
2004-03-01,16.511993408203125
2004-03-02,16.32027816772461
2004-03-03,16.307903289794922
2004-03-04,16.307903289794922
2004-03-05,16.2955379486084
2004-03-08,15.973958969116211
2004-03-09,15.905935287475586
2004-03-10,15.689474105834961
2004-03-11,15.516316413879395
2004-03-12,15.695666313171387
2004-03-15,15.559614181518555
2004-03-16,15.571982383728027
2004-03-17,15.541053771972656
2004-03-18,15.392631530761719
2004-03-19,15.23184585571289
2004-03-22,15.151450157165527
2004-03-23,14.9350004196167
2004-03-24,15.095793724060059
2004-03-25,15.578170776367188
2004-03-26,15.479216575622559
2004-03-29,15.652381896972656
2004-03-30,15.584358215332031
2004-03-31,15.417373657226562
2004-04-01,15.510135650634766
2004-04-02,15.986322402954102
2004-04-05,16.048171997070312
2004-04-06,15.955404281616211
2004-04-07,15.82553482055664
2004-04-08,15.757513046264648
2004-04-12,15.837897300720215
2004-04-13,15.738959312438965
2004-04-14,15.776066780090332
2004-04-15,15.596721649169922
2004-04-16,15.559614181518555
2004-04-19,15.788424491882324
2004-04-20,15.664749145507812
2004-04-21,15.738959312438965
2004-04-22,16.048171997070312
2004-04-23,17.031475067138672
2004-04-26,16.845937728881836
2004-04-27,16.833576202392578
2004-04-28,16.42540740966797
2004-04-29,16.375932693481445
2004-04-30,16.159482955932617
2004-05-03,16.2955379486084
2004-05-04,16.283174514770508
2004-05-05,16.26461410522461
2004-05-06,16.153289794921875
2004-05-07,15.943033218383789
2004-05-10,16.035799026489258
2004-05-11,16.041980743408203
2004-05-12,16.041980743408203
2004-05-13,16.14093589782715
2004-05-14,15.992506980895996
2004-05-17,15.794615745544434
2004-05-18,15.973958969116211
2004-05-19,15.844082832336426
2004-05-20,15.912114143371582
2004-05-21,16.011064529418945
2004-05-24,15.9306640625
2004-05-25,16.14093589782715
2004-05-26,16.165664672851562
2004-05-27,16.196590423583984
2004-05-28,16.221332550048828
2004-06-01,16.147113800048828
2004-06-02,16.159482955932617
2004-06-03,16.011064529418945
2004-06-04,16.048171997070312
2004-06-07,16.345012664794922
2004-06-08,16.450151443481445
2004-06-09,16.369752883911133
2004-06-10,16.55527114868164
2004-06-14,16.63568115234375
2004-06-15,16.951072692871094
2004-06-16,16.895423889160156
2004-06-17,17.173704147338867
2004-06-18,17.532394409179688
2004-06-21,17.532394409179688
2004-06-22,17.495288848876953
2004-06-23,17.5014705657959
2004-06-24,17.557138442993164
2004-06-25,17.6684513092041
2004-06-28,17.489099502563477
2004-06-29,17.625152587890625
2004-06-30,17.662263870239258
2004-07-01,17.705551147460938
2004-07-02,17.6684513092041
2004-07-06,17.328310012817383
2004-07-07,17.37778091430664
2004-07-08,17.093305587768555
2004-07-09,17.2293701171875
2004-07-12,17.24791717529297
2004-07-13,17.068567276000977
2004-07-14,17.396333694458008
2004-07-15,17.235551834106445
2004-07-16,16.99436378479004
2004-07-19,17.285022735595703
2004-07-20,17.513843536376953
2004-07-21,17.84778594970703
2004-07-22,17.934362411499023
2004-07-23,17.334497451782227
2004-07-26,17.724103927612305
2004-07-27,17.588048934936523
2004-07-28,17.67462921142578
2004-07-29,17.612781524658203
2004-07-30,17.61897087097168
2004-08-02,17.637521743774414
2004-08-03,17.35923194885254
2004-08-04,17.353050231933594
2004-08-05,17.02527618408203
2004-08-06,16.784103393554688
2004-08-09,16.808841705322266
2004-08-10,17.142786026000977
2004-08-11,16.951072692871094
2004-08-12,16.623302459716797
2004-08-13,16.709882736206055
2004-08-16,16.7531795501709
2004-08-17,16.728439331054688
2004-08-18,16.981992721557617
2004-08-19,16.771724700927734
2004-08-20,16.821205139160156
2004-08-23,16.895627975463867
2004-08-24,16.895627975463867
2004-08-25,17.08791732788086
2004-08-26,17.019689559936523
2004-08-27,17.032089233398438
2004-08-30,16.932849884033203
2004-08-31,16.932849884033203
2004-09-01,16.98866844177246
2004-09-02,17.131328582763672
2004-09-03,16.815004348754883
2004-09-07,16.97006607055664
2004-09-08,16.90804100036621
2004-09-09,16.92043685913086
2004-09-10,17.05069351196289
2004-09-13,16.90182876586914
2004-09-14,17.019689559936523
2004-09-15,16.8646183013916
2004-09-16,16.90804100036621
2004-09-17,17.06310272216797
2004-09-20,17.06310272216797
2004-09-21,16.90804100036621
2004-09-22,16.821199417114258
2004-09-23,16.96385955810547
2004-09-24,16.926645278930664
2004-09-27,16.8646183013916
2004-09-28,16.91423797607422
2004-09-29,17.106521606445312
2004-09-30,17.149932861328125
2004-10-01,17.522085189819336
2004-10-04,17.44145393371582
2004-10-05,17.602725982666016
2004-10-06,17.695756912231445
2004-10-07,17.47245979309082
2004-10-08,17.360816955566406
2004-10-11,17.404239654541016
2004-10-12,17.385635375976562
2004-10-13,17.385635375976562
2004-10-14,17.24296760559082
2004-10-15,17.360816955566406
2004-10-18,17.62133026123047
2004-10-19,17.478666305541992
2004-10-20,17.801193237304688
2004-10-21,17.714365005493164
2004-10-22,17.20575714111328
2004-10-25,17.137527465820312
2004-10-26,17.304988861083984
2004-10-27,17.46005630493164
2004-10-28,17.37322425842285
2004-10-29,17.348411560058594
2004-11-01,17.416635513305664
2004-11-02,17.515886306762695
2004-11-03,17.658538818359375
2004-11-04,17.98727035522461
2004-11-05,18.179548263549805
2004-11-08,18.16094398498535
2004-11-09,18.464860916137695
2004-11-10,18.440061569213867
2004-11-11,18.595125198364258
2004-11-12,18.588916778564453
2004-11-15,18.934568405151367
2004-11-16,18.747920989990234
2004-11-17,18.782482147216797
2004-11-18,18.713342666625977
2004-11-19,18.568178176879883
2004-11-22,18.423006057739258
2004-11-23,18.340055465698242
2004-11-24,18.416093826293945
2004-11-26,18.388444900512695
2004-11-29,18.505962371826172
2004-11-30,18.53361701965332
2004-12-01,18.837779998779297
2004-12-02,18.727169036865234
2004-12-03,18.823963165283203
2004-12-06,18.893081665039062
2004-12-07,18.713342666625977
2004-12-08,18.913820266723633
2004-12-09,18.823963165283203
2004-12-10,18.720252990722656
2004-12-13,18.837779998779297
2004-12-14,18.823963165283203
2004-12-15,18.74100112915039
2004-12-16,18.77556610107422
2004-12-17,18.637313842773438
2004-12-20,18.63039207458496
2004-12-21,18.713342666625977
2004-12-22,18.644216537475586
2004-12-23,18.67186737060547
2004-12-27,18.561264038085938
2004-12-28,18.63039207458496
2004-12-29,18.595836639404297
2004-12-30,18.499042510986328
2004-12-31,18.47139549255371
2005-01-03,18.485225677490234
2005-01-04,18.554346084594727
2005-01-05,18.512874603271484
2005-01-06,18.492130279541016
2005-01-07,18.43683624267578
2005-01-10,18.526697158813477
2005-01-11,18.47830581665039
2005-01-12,18.512874603271484
2005-01-13,18.16031837463379
2005-01-14,18.056617736816406
2005-01-18,18.194881439208984
2005-01-19,17.9598445892334
2005-01-20,17.876880645751953
2005-01-21,17.73171615600586
2005-01-24,17.745532989501953
2005-01-25,17.987483978271484
2005-01-26,17.980571746826172
2005-01-27,18.04970932006836
2005-01-28,18.098093032836914
2005-01-31,18.16722869873047
2005-02-01,18.243268966674805
2005-02-02,18.291662216186523
2005-02-03,18.098093032836914
2005-02-04,18.194881439208984
2005-02-07,18.08426856994629
2005-02-08,18.139570236206055
2005-02-09,18.022056579589844
2005-02-10,18.015140533447266
2005-02-11,17.952932357788086
2005-02-14,17.980571746826172
2005-02-15,17.98056983947754
2005-02-16,17.88349723815918
2005-02-17,17.786418914794922
2005-02-18,17.668533325195312
2005-02-22,17.495174407958984
2005-02-23,17.47438621520996
2005-02-24,17.59225082397461
2005-02-25,17.5090389251709
2005-02-28,17.446636199951172
2005-03-01,17.529857635498047
2005-03-02,17.51598358154297
2005-03-03,17.453569412231445
2005-03-04,17.453569412231445
2005-03-07,17.661596298217773
2005-03-08,17.613065719604492
2005-03-09,17.550647735595703
2005-03-10,17.633859634399414
2005-03-11,17.398096084594727
2005-03-14,17.411962509155273
2005-03-15,17.273277282714844
2005-03-16,17.079126358032227
2005-03-17,17.016714096069336
2005-03-18,16.857227325439453
2005-03-21,16.780954360961914
2005-03-22,16.63532829284668
2005-03-23,16.767080307006836
2005-03-24,16.8364200592041
2005-03-28,16.780954360961914
2005-03-29,16.586776733398438
2005-03-30,16.75321388244629
2005-03-31,16.76014518737793
2005-04-01,16.72547721862793
2005-04-04,16.801759719848633
2005-04-05,16.968168258666992
2005-04-06,17.106853485107422
2005-04-07,17.405031204223633
2005-04-08,17.294082641601562
2005-04-11,17.31487464904785
2005-04-12,17.55758285522461
2005-04-13,17.36342430114746
2005-04-14,17.22474479675293
2005-04-15,16.961240768432617
2005-04-18,17.092985153198242
2005-04-19,17.079126358032227
2005-04-20,16.864164352416992
2005-04-21,17.529857635498047
2005-04-22,17.321819305419922
2005-04-25,17.328754425048828
2005-04-26,17.169267654418945
2005-04-27,17.328754425048828
2005-04-28,16.95430564880371
2005-04-29,17.543718338012695
2005-05-02,17.495174407958984
2005-05-03,17.5853271484375
2005-05-04,17.481313705444336
2005-05-05,17.495174407958984
2005-05-06,17.488252639770508
2005-05-09,17.411962509155273
2005-05-10,17.26634979248047
2005-05-11,17.273277282714844
2005-05-12,17.33568000793457
2005-05-13,17.543718338012695
2005-05-16,17.731544494628906
2005-05-17,17.710670471191406
2005-05-18,17.87761878967285
2005-05-19,18.030654907226562
2005-05-20,17.905441284179688
2005-05-23,17.981962203979492
2005-05-24,17.91240119934082
2005-05-25,17.88456916809082
2005-05-26,18.016740798950195
2005-05-27,18.13500213623047
2005-05-31,17.947185516357422
2005-06-01,17.954137802124023
2005-06-02,17.940235137939453
2005-06-03,17.689794540405273
2005-06-06,17.6480655670166
2005-06-07,17.74544906616211
2005-06-08,17.668928146362305
2005-06-09,17.74544906616211
2005-06-10,17.689794540405273
2005-06-13,17.6063175201416
2005-06-14,17.641101837158203
2005-06-15,17.571550369262695
2005-06-16,17.418514251708984
2005-06-17,17.418514251708984
2005-06-20,17.467205047607422
2005-06-21,17.495027542114258
2005-06-22,17.439367294311523
2005-06-23,17.6063175201416
2005-06-24,17.418514251708984
2005-06-27,17.425453186035156
2005-06-28,17.439367294311523
2005-06-29,17.453289031982422
2005-06-30,17.27937126159668
2005-07-01,17.188947677612305
2005-07-05,17.376771926879883
2005-07-06,17.18199348449707
2005-07-07,17.1472110748291
2005-07-08,17.453289031982422
2005-07-11,17.592411041259766
2005-07-12,17.81501007080078
2005-07-13,17.84978675842285
2005-07-14,18.06544303894043
2005-07-15,17.940235137939453
2005-07-18,17.773283004760742
2005-07-19,18.19760513305664
2005-07-20,18.218477249145508
2005-07-21,18.392375946044922
2005-07-22,17.863706588745117
2005-07-25,17.870662689208984
2005-07-26,17.76630973815918
2005-07-27,17.891536712646484
2005-07-28,17.91240119934082
2005-07-29,17.81501007080078
2005-08-01,18.030654907226562
2005-08-02,18.649770736694336
2005-08-03,18.955841064453125
2005-08-04,19.00454330444336
2005-08-05,19.310609817504883
2005-08-08,18.872358322143555
2005-08-09,19.02539825439453
2005-08-10,18.747150421142578
2005-08-11,18.96975326538086
2005-08-12,18.81671905517578
2005-08-15,18.92833709716797
2005-08-16,18.65623664855957
2005-08-17,18.802759170532227
2005-08-18,18.712066650390625
2005-08-19,18.642284393310547
2005-08-22,18.774852752685547
2005-08-23,18.74694061279297
2005-08-24,18.705087661743164
2005-08-25,18.85857391357422
2005-08-26,18.81670570373535
2005-08-29,18.942302703857422
2005-08-30,18.963237762451172
2005-08-31,19.102760314941406
2005-09-01,18.977182388305664
2005-09-02,18.85159683227539
2005-09-06,18.837650299072266
2005-09-07,18.732988357543945
2005-09-08,18.56554412841797
2005-09-09,18.54461669921875
2005-09-12,18.56554412841797
2005-09-13,18.474851608276367
2005-09-14,18.356237411499023
2005-09-15,18.32833480834961
2005-09-16,18.18879508972168
2005-09-19,18.13994598388672
2005-09-20,18.028318405151367
2005-09-21,17.78413963317871
2005-09-22,17.679485321044922
2005-09-23,17.63064193725586
2005-09-26,17.63064193725586
2005-09-27,17.679485321044922
2005-09-28,17.90971565246582
2005-09-29,18.098093032836914
2005-09-30,17.951580047607422
2005-10-03,17.791114807128906
2005-10-04,17.428314208984375
2005-10-05,17.212024688720703
2005-10-06,17.253883361816406
2005-10-07,17.156208038330078
2005-10-10,17.065505981445312
2005-10-11,17.03061866760254
2005-10-12,16.95388412475586
2005-10-13,17.156208038330078
2005-10-14,17.212024688720703
2005-10-17,17.114351272583008
2005-10-18,17.142261505126953
2005-10-19,17.505056381225586
2005-10-20,17.295757293701172
2005-10-21,17.288776397705078
2005-10-24,17.512035369873047
2005-10-25,17.46318817138672
2005-10-26,17.51901626586914
2005-10-27,17.337615966796875
2005-10-28,17.812044143676758
2005-10-31,17.930648803710938
2005-11-01,18.112051010131836
2005-11-02,18.460895538330078
2005-11-03,18.446931838989258
2005-11-04,18.600433349609375
2005-11-07,18.84461784362793
2005-11-08,18.87253761291504
2005-11-09,18.80974006652832
2005-11-10,18.900440216064453
2005-11-11,19.03299903869629
2005-11-14,19.095796585083008
2005-11-15,19.24272918701172
2005-11-16,19.41066551208496
2005-11-17,19.57160758972168
2005-11-18,19.64158058166504
2005-11-21,19.70456314086914
2005-11-22,19.52962875366211
2005-11-23,19.53662109375
2005-11-25,19.42466926574707
2005-11-28,19.417667388916016
2005-11-29,19.368688583374023
2005-11-30,19.368688583374023
2005-12-01,19.515636444091797
2005-12-02,19.599599838256836
2005-12-05,19.487638473510742
2005-12-06,19.375686645507812
2005-12-07,19.417667388916016
2005-12-08,19.375686645507812
2005-12-09,19.38968276977539
2005-12-12,19.207748413085938
2005-12-13,18.98382568359375
2005-12-14,18.955848693847656
2005-12-15,18.83688735961914
2005-12-16,18.82289695739746
2005-12-19,18.773914337158203
2005-12-20,18.794902801513672
2005-12-21,18.70393943786621
2005-12-22,18.605974197387695
2005-12-23,18.640962600708008
2005-12-27,18.5150146484375
2005-12-28,18.46603775024414
2005-12-29,18.382062911987305
2005-12-30,18.298084259033203
2006-01-03,18.780908584594727
2006-01-04,18.87186622619629
2006-01-05,18.885875701904297
2006-01-06,18.829891204833984
2006-01-09,18.794902801513672
2006-01-10,18.89287567138672
2006-01-11,19.09578514099121
2006-01-12,18.99082374572754
2006-01-13,19.02581024169922
2006-01-17,18.885875701904297
2006-01-18,18.773914337158203
2006-01-19,18.9068603515625
2006-01-20,18.48002815246582
2006-01-23,18.438037872314453
2006-01-24,18.389053344726562
2006-01-25,18.473018646240234
2006-01-26,18.54300308227539
2006-01-27,19.445659637451172
2006-01-30,19.592601776123047
2006-01-31,19.69756317138672
2006-02-01,19.6205997467041
2006-02-02,19.368688583374023
2006-02-03,19.270729064941406
2006-02-06,19.011823654174805
2006-02-07,18.85088348388672
2006-02-08,18.829891204833984
2006-02-09,18.65496063232422
2006-02-10,18.67595100402832
2006-02-13,18.46603775024414
2006-02-14,18.647960662841797
2006-02-15,18.872623443603516
2006-02-16,18.823490142822266
2006-02-17,18.746252059936523
2006-02-21,18.633913040161133
2006-02-22,18.760299682617188
2006-02-23,18.718170166015625
2006-02-24,18.69711685180664
2006-02-27,18.99198341369629
2006-02-28,18.86561393737793
2006-03-01,19.0551815032959
2006-03-02,18.935815811157227
2006-03-03,18.90774154663086
2006-03-06,18.893699645996094
2006-03-07,18.999011993408203
2006-03-08,19.13240623474121
2006-03-09,18.956890106201172
2006-03-10,19.076250076293945
2006-03-13,19.03412628173828
2006-03-14,19.118366241455078
2006-03-15,19.209646224975586
2006-03-16,19.14645767211914
2006-03-17,19.30793571472168
2006-03-20,19.58176612854004
2006-03-21,19.47644805908203
2006-03-22,19.06220245361328
2006-03-23,18.851579666137695
2006-03-24,18.963909149169922
2006-03-27,18.963909149169922
2006-03-28,18.88667869567871
2006-03-29,18.97093391418457
2006-03-30,19.118366241455078
2006-03-31,19.10433006286621
2006-04-03,19.350074768066406
2006-04-04,19.406234741210938
2006-04-05,19.47644805908203
2006-04-06,19.350074768066406
2006-04-07,19.13240623474121
2006-04-10,19.160499572753906
2006-04-11,19.048160552978516
2006-04-12,19.09731101989746
2006-04-13,19.00602912902832
2006-04-17,18.84454917907715
2006-04-18,19.11135482788086
2006-04-19,18.977947235107422
2006-04-20,18.977947235107422
2006-04-21,19.06220245361328
2006-04-24,19.03412628173828
2006-04-25,19.03412628173828
2006-04-26,19.027101516723633
2006-04-27,19.13240623474121
2006-04-28,16.955881118774414
2006-05-01,17.054180145263672
2006-05-02,16.857593536376953
2006-05-03,16.26781463623047
2006-05-04,16.457387924194336
2006-05-05,16.710147857666016
2006-05-08,16.660993576049805
2006-05-09,16.583763122558594
2006-05-10,16.6890811920166
2006-05-11,16.302919387817383
2006-05-12,16.26781463623047
2006-05-15,16.317148208618164
2006-05-16,16.218475341796875
2006-05-17,16.021120071411133
2006-05-18,16.091609954833984
2006-05-19,15.901302337646484
2006-05-22,16.12684440612793
2006-05-23,16.063405990600586
2006-05-24,16.563854217529297
2006-05-25,16.733016967773438
2006-05-26,16.71891975402832
2006-05-30,16.317148208618164
2006-05-31,15.96473217010498
2006-06-01,16.084558486938477
2006-06-02,16.042264938354492
2006-06-05,15.8590087890625
2006-06-06,15.59821605682373
2006-06-07,15.534780502319336
2006-06-08,15.584117889404297
2006-06-09,15.450200080871582
2006-06-12,15.30217456817627
2006-06-13,15.161209106445312
2006-06-14,15.422000885009766
2006-06-15,15.555922508239746
2006-06-16,15.577069282531738
2006-06-19,15.89425277709961
2006-06-20,15.901302337646484
2006-06-21,16.26781463623047
2006-06-22,16.12684440612793
2006-06-23,15.8590087890625
2006-06-26,16.084558486938477
2006-06-27,16.112751007080078
2006-06-28,16.324207305908203
2006-06-29,16.542699813842773
2006-06-30,16.42287826538086
2006-07-03,16.704824447631836
2006-07-05,16.458126068115234
2006-07-06,16.549762725830078
2006-07-07,16.42287826538086
2006-07-10,16.563854217529297
2006-07-11,16.281917572021484
2006-07-12,15.957686424255371
2006-07-13,15.689850807189941
2006-07-14,15.710997581481934
2006-07-17,15.844908714294434
2006-07-18,16.028167724609375
2006-07-19,16.493370056152344
2006-07-20,16.105697631835938
2006-07-21,16.824649810791016
2006-07-24,16.91626739501953
2006-07-25,17.071334838867188
2006-07-26,17.17705726623535
2006-07-27,16.824649810791016
2006-07-28,17.092493057250977
2006-07-31,16.95856475830078
2006-08-01,16.909217834472656
2006-08-02,17.12773323059082
2006-08-03,17.064292907714844
2006-08-04,17.120683670043945
2006-08-07,17.071334838867188
2006-08-08,17.15591049194336
2006-08-09,17.226409912109375
2006-08-10,17.24050521850586
2006-08-11,17.2193546295166
2006-08-14,17.289844512939453
2006-08-15,17.417173385620117
2006-08-16,17.473779678344727
2006-08-17,17.473779678344727
2006-08-18,18.244884490966797
2006-08-21,18.47833824157715
2006-08-22,18.124616622924805
2006-08-23,18.15999984741211
2006-08-24,18.20951271057129
2006-08-25,18.287336349487305
2006-08-28,18.358076095581055
2006-08-29,18.280254364013672
2006-08-30,18.251955032348633
2006-08-31,18.18122100830078
2006-09-01,18.280254364013672
2006-09-05,18.117551803588867
2006-09-06,18.117551803588867
2006-09-07,17.99020767211914
2006-09-08,18.110477447509766
2006-09-11,18.32977867126465
2006-09-12,18.343929290771484
2006-09-13,18.379297256469727
2006-09-14,18.626909255981445
2006-09-15,18.994775772094727
2006-09-18,18.95233154296875
2006-09-19,19.001840591430664
2006-09-20,19.228233337402344
2006-09-21,19.0301513671875
2006-09-22,18.86035919189453
2006-09-25,19.065515518188477
2006-09-26,19.242368698120117
2006-09-27,19.41216278076172
2006-09-28,19.38387107849121
2006-09-29,19.348482131958008
2006-10-02,19.35556411743164
2006-10-03,19.362640380859375
2006-10-04,19.765892028808594
2006-10-05,19.751737594604492
2006-10-06,19.716360092163086
2006-10-09,19.610244750976562
2006-10-10,19.589019775390625
2006-10-11,19.48291015625
2006-10-12,19.963966369628906
2006-10-13,20.070079803466797
2006-10-16,20.126676559448242
2006-10-17,20.119606018066406
2006-10-18,20.176198959350586
2006-10-19,20.01348876953125
2006-10-20,20.112531661987305
2006-10-23,20.126676559448242
2006-10-24,20.006418228149414
2006-10-25,20.027639389038086
2006-10-26,20.055925369262695
2006-10-27,20.048858642578125
2006-10-30,20.183271408081055
2006-10-31,20.310611724853516
2006-11-01,20.38135528564453
2006-11-02,20.35306167602539
2006-11-03,20.32476043701172
2006-11-06,20.402572631835938
2006-11-07,20.480398178100586
2006-11-08,20.50162696838379
2006-11-09,20.699708938598633
2006-11-10,20.685558319091797
2006-11-13,20.76338005065918
2006-11-14,20.749183654785156
2006-11-15,20.67108917236328
2006-11-16,20.9195499420166
2006-11-17,20.869855880737305
2006-11-20,21.217683792114258
2006-11-21,21.238971710205078
2006-11-22,21.238971710205078
2006-11-24,21.125398635864258
2006-11-27,20.9266414642334
2006-11-28,20.862754821777344
2006-11-29,20.990530014038086
2006-11-30,20.84146499633789
2006-12-01,20.67108917236328
2006-12-04,20.82016372680664
2006-12-05,20.678184509277344
2006-12-06,20.578805923461914
2006-12-07,20.479433059692383
2006-12-08,20.869855880737305
2006-12-11,20.969226837158203
2006-12-12,20.891149520874023
2006-12-13,20.976327896118164
2006-12-14,21.345457077026367
2006-12-15,21.43064308166504
2006-12-18,21.217683792114258
2006-12-19,21.288671493530273
2006-12-20,21.359651565551758
2006-12-21,21.281574249267578
2006-12-22,21.04021644592285
2006-12-26,21.288671493530273
2006-12-27,21.309965133666992
2006-12-28,21.281574249267578
2006-12-29,21.196388244628906
2007-01-03,21.196388244628906
2007-01-04,21.160898208618164
2007-01-05,21.04021644592285
2007-01-08,21.246082305908203
2007-01-09,21.267370223999023
2007-01-10,21.054414749145508
2007-01-11,21.79267120361328
2007-01-12,22.15469741821289
2007-01-16,22.11920928955078
2007-01-17,22.076610565185547
2007-01-18,22.005634307861328
2007-01-19,22.083715438842773
2007-01-22,21.806875228881836
2007-01-23,21.821069717407227
2007-01-24,22.06951141357422
2007-01-25,21.61520004272461
2007-01-26,21.72168731689453
2007-01-29,21.671993255615234
2007-01-30,21.636497497558594
2007-01-31,21.906248092651367
2007-02-01,21.69328498840332
2007-02-02,21.43064308166504
2007-02-05,21.01892852783203
2007-02-06,20.947938919067383
2007-02-07,20.84855842590332
2007-02-08,20.770475387573242
2007-02-09,20.571718215942383
2007-02-12,20.543315887451172
2007-02-13,20.664409637451172
2007-02-14,20.942216873168945
2007-02-15,20.984960556030273
2007-02-16,20.472087860107422
2007-02-20,20.536195755004883
2007-02-21,20.9066104888916
2007-02-22,20.935089111328125
2007-02-23,20.586055755615234
2007-02-26,20.707157135009766
2007-02-27,19.85236358642578
2007-02-28,20.066059112548828
2007-03-01,20.009077072143555
2007-03-02,19.774015426635742
2007-03-05,19.62442398071289
2007-03-06,19.823869705200195
2007-03-07,19.667165756225586
2007-03-08,19.460594177246094
2007-03-09,19.439218521118164
2007-03-12,19.546072006225586
2007-03-13,19.033193588256836
2007-03-14,19.517574310302734
2007-03-15,19.432100296020508
2007-03-16,19.467708587646484
2007-03-19,19.823869705200195
2007-03-20,19.831003189086914
2007-03-21,20.31537628173828
2007-03-22,20.137290954589844
2007-03-23,19.959213256835938
2007-03-26,20.1016788482666
2007-03-27,19.745515823364258
2007-03-28,19.688526153564453
2007-03-29,19.766887664794922
2007-03-30,19.85236358642578
2007-04-02,19.759767532348633
2007-04-03,19.85236358642578
2007-04-04,20.301124572753906
2007-04-05,20.33674430847168
2007-04-09,20.35099220275879
2007-04-10,20.229890823364258
2007-04-11,20.02332305908203
2007-04-12,20.329620361328125
2007-04-13,20.37947654724121
2007-04-16,20.464954376220703
2007-04-17,20.550437927246094
2007-04-18,20.372356414794922
2007-04-19,20.436479568481445
2007-04-20,20.671539306640625
2007-04-23,20.500574111938477
2007-04-24,20.507701873779297
2007-04-25,20.65016746520996
2007-04-26,20.728525161743164
2007-04-27,21.45508575439453
2007-04-30,21.326868057250977
2007-05-01,21.654541015625
2007-05-02,21.804126739501953
2007-05-03,22.060558319091797
2007-05-04,21.768510818481445
2007-05-07,21.87535285949707
2007-05-08,21.90384864807129
2007-05-09,21.925216674804688
2007-05-10,21.782760620117188
2007-05-11,22.00356674194336
2007-05-14,22.060558319091797
2007-05-15,22.08200454711914
2007-05-16,22.203481674194336
2007-05-17,22.139169692993164
2007-05-18,22.0319766998291
2007-05-21,22.189191818237305
2007-05-22,21.93192481994629
2007-05-23,21.85332489013672
2007-05-24,21.56031608581543
2007-05-25,21.781856536865234
2007-05-29,22.00339126586914
2007-05-30,22.232070922851562
2007-05-31,21.93192481994629
2007-06-01,21.8604679107666
2007-06-04,21.9533634185791
2007-06-05,21.85332489013672
2007-06-06,21.64607048034668
2007-06-07,21.167274475097656
2007-06-08,21.474557876586914
2007-06-11,21.453125
2007-06-12,21.331645965576172
2007-06-13,21.717544555664062
2007-06-14,21.810436248779297
2007-06-15,21.78899574279785
2007-06-18,21.803295135498047
2007-06-19,21.767559051513672
2007-06-20,21.445985794067383
2007-06-21,21.596050262451172
2007-06-22,21.074373245239258
2007-06-25,21.074373245239258
2007-06-26,21.095815658569336
2007-06-27,21.345928192138672
2007-06-28,21.317344665527344
2007-06-29,21.06008529663086
2007-07-02,21.253026962280273
2007-07-03,21.453125
2007-07-05,21.431686401367188
2007-07-06,21.41739273071289
2007-07-09,21.345928192138672
2007-07-10,20.960041046142578
2007-07-11,21.074373245239258
2007-07-12,21.48884391784668
2007-07-13,21.310190200805664
2007-07-16,21.46027183532715
2007-07-17,21.99624252319336
2007-07-18,22.09628677368164
2007-07-19,22.517915725708008
2007-07-20,22.267803192138672
2007-07-23,22.289230346679688
2007-07-24,22.010526657104492
2007-07-25,21.946216583251953
2007-07-26,21.424541473388672
2007-07-27,21.002906799316406
2007-07-30,21.01005744934082
2007-07-31,20.71706199645996
2007-08-01,20.938594818115234
2007-08-02,21.095815658569336
2007-08-03,20.695619583129883
2007-08-06,21.110097885131836
2007-08-07,21.11724853515625
2007-08-08,21.43883514404297
2007-08-09,20.938594818115234
2007-08-10,20.516963958740234
2007-08-13,20.45979118347168
2007-08-14,20.273338317871094
2007-08-15,20.151430130004883
2007-08-16,19.943462371826172
2007-08-17,20.25899887084961
2007-08-20,20.26616668701172
2007-08-21,20.129913330078125
2007-08-22,20.237478256225586
2007-08-23,20.294857025146484
2007-08-24,20.660587310791016
2007-08-27,20.431114196777344
2007-08-28,20.029512405395508
2007-08-29,20.502822875976562
2007-08-30,20.402423858642578
2007-08-31,20.60321617126465
2007-09-04,20.660587310791016
2007-09-05,20.423938751220703
2007-09-06,20.7322940826416
2007-09-07,20.39525032043457
2007-09-10,20.423938751220703
2007-09-11,20.74663734436035
2007-09-12,20.74663734436035
2007-09-13,20.91158676147461
2007-09-14,20.825525283813477
2007-09-17,20.60321617126465
2007-09-18,20.74663734436035
2007-09-19,20.560184478759766
2007-09-20,20.38089942932129
2007-09-21,20.545848846435547
2007-09-24,20.854219436645508
2007-09-25,21.198434829711914
2007-09-26,21.15540313720703
2007-09-27,21.14823341369629
2007-09-28,21.12672996520996
2007-10-01,21.34903907775879
2007-10-02,21.2988338470459
2007-10-03,21.11955451965332
2007-10-04,21.306011199951172
2007-10-05,21.399234771728516
2007-10-08,21.399234771728516
2007-10-09,21.585693359375
2007-10-10,21.678913116455078
2007-10-11,21.449430465698242
2007-10-12,21.63589096069336
2007-10-15,21.542661666870117
2007-10-16,21.74345588684082
2007-10-17,22.288482666015625
2007-10-18,22.34585189819336
2007-10-19,21.63589096069336
2007-10-22,21.879716873168945
2007-10-23,22.15939712524414
2007-10-24,22.41039276123047
2007-10-25,22.941064834594727
2007-10-26,25.12116241455078
2007-10-29,24.791275024414062
2007-10-30,25.50840187072754
2007-10-31,26.39765739440918
2007-11-01,26.57693099975586
2007-11-02,26.57693099975586
2007-11-05,26.340286254882812
2007-11-06,26.110794067382812
2007-11-07,25.472545623779297
2007-11-08,24.913183212280273
2007-11-09,24.188884735107422
2007-11-12,23.937885284423828
2007-11-13,24.794086456298828
2007-11-14,24.41275978088379
2007-11-15,24.29043960571289
2007-11-16,24.527873992919922
2007-11-19,24.434343338012695
2007-11-20,24.880443572998047
2007-11-21,24.628602981567383
2007-11-23,24.542255401611328
2007-11-26,23.722026824951172
2007-11-27,23.786787033081055
2007-11-28,24.247270584106445
2007-11-29,24.168123245239258
2007-11-30,24.17531394958496
2007-12-03,23.686054229736328
2007-12-04,23.57813262939453
2007-12-05,24.5710506439209
2007-12-06,24.858856201171875
2007-12-07,24.844459533691406
2007-12-10,25.00994873046875
2007-12-11,24.535072326660156
2007-12-12,24.801294326782227
2007-12-13,25.34091567993164
2007-12-14,25.405677795410156
2007-12-17,24.743724822998047
2007-12-18,24.995559692382812
2007-12-19,25.031532287597656
2007-12-20,25.5567626953125
2007-12-21,25.945295333862305
2007-12-24,26.31945037841797
2007-12-26,26.34102439880371
2007-12-27,25.88054084777832
2007-12-28,25.988462448120117
2007-12-31,25.614322662353516
2008-01-02,25.34091567993164
2008-01-03,25.44884490966797
2008-01-04,24.736528396606445
2008-01-07,24.902029037475586
2008-01-08,24.067394256591797
2008-01-09,24.779701232910156
2008-01-10,24.7005558013916
2008-01-11,24.39836311340332
2008-01-14,24.743724822998047
2008-01-15,24.463119506835938
2008-01-16,23.909101486206055
2008-01-17,23.8227596282959
2008-01-18,23.75081443786621
2008-01-22,22.995336532592773
2008-01-23,22.9737548828125
2008-01-24,23.92349624633789
2008-01-25,23.700448989868164
2008-01-28,23.542158126831055
2008-01-29,23.45581817626953
2008-01-30,23.168014526367188
2008-01-31,23.45581817626953
2008-02-01,21.90888214111328
2008-02-04,21.721811294555664
2008-02-05,20.915973663330078
2008-02-06,20.52024269104004
2008-02-07,20.23244285583496
2008-02-08,20.549028396606445
2008-02-11,20.297195434570312
2008-02-12,20.390731811523438
2008-02-13,20.83682632446289
2008-02-14,20.505849838256836
2008-02-15,20.448291778564453
2008-02-19,20.347171783447266
2008-02-20,20.383289337158203
2008-02-21,20.29660987854004
2008-02-22,19.993234634399414
2008-02-25,20.108816146850586
2008-02-26,20.49884796142578
2008-02-27,20.412172317504883
2008-02-28,20.173818588256836
2008-02-29,19.646541595458984
2008-03-03,19.494861602783203
2008-03-04,19.928237915039062
2008-03-05,20.311058044433594
2008-03-06,19.913787841796875
2008-03-07,20.130477905273438
2008-03-10,20.260494232177734
2008-03-11,21.14892578125
2008-03-12,20.67943000793457
2008-03-13,20.672204971313477
2008-03-14,20.195491790771484
2008-03-17,20.44107437133789
2008-03-18,21.250049591064453
2008-03-19,20.672204971313477
2008-03-20,21.076692581176758
2008-03-24,21.069467544555664
2008-03-25,21.04780387878418
2008-03-26,20.628868103027344
2008-03-27,20.260494232177734
2008-03-28,20.159374237060547
2008-03-31,20.49884796142578
2008-04-01,21.307828903198242
2008-04-02,21.06224822998047
2008-04-03,20.946674346923828
2008-04-04,21.06224822998047
2008-04-07,21.06224822998047
2008-04-08,20.76611328125
2008-04-09,20.867233276367188
2008-04-10,21.026124954223633
2008-04-11,20.426620483398438
2008-04-14,20.26772117614746
2008-04-15,20.404958724975586
2008-04-16,20.910568237304688
2008-04-17,21.10558319091797
2008-04-18,21.66897964477539
2008-04-21,21.972341537475586
2008-04-22,21.849550247192383
2008-04-23,22.71630859375
2008-04-24,22.969114303588867
2008-04-25,21.54619026184082
2008-04-28,20.93944549560547
2008-04-29,20.686647415161133
2008-04-30,20.599971771240234
2008-05-01,21.235599517822266
2008-05-02,21.120031356811523
2008-05-05,21.00446319580078
2008-05-06,21.452289581298828
2008-05-07,21.098356246948242
2008-05-08,21.141698837280273
2008-05-09,21.228376388549805
2008-05-12,21.66175651550293
2008-05-13,21.589262008666992
2008-05-14,21.697996139526367
2008-05-15,22.074981689453125
2008-05-16,21.741500854492188
2008-05-19,21.357276916503906
2008-05-20,20.849796295166016
2008-05-21,20.480073928833008
2008-05-22,20.639568328857422
2008-05-23,20.3350830078125
2008-05-27,20.617815017700195
2008-05-28,20.4293270111084
2008-05-29,20.523569107055664
2008-05-30,20.530832290649414
2008-06-02,20.153846740722656
2008-06-03,19.798612594604492
2008-06-04,19.965351104736328
2008-06-05,20.516321182250977
2008-06-06,19.929101943969727
2008-06-09,20.088594436645508
2008-06-10,20.21908950805664
2008-06-11,19.660869598388672
2008-06-12,20.472822189331055
2008-06-13,21.074541091918945
2008-06-16,20.973045349121094
2008-06-17,20.878793716430664
2008-06-18,20.63231086730957
2008-06-19,20.973045349121094
2008-06-20,20.4655704498291
2008-06-23,20.277084350585938
2008-06-24,20.103090286254883
2008-06-25,20.552570343017578
2008-06-26,20.117595672607422
2008-06-27,20.030595779418945
2008-06-30,19.943603515625
2008-07-01,19.479631423950195
2008-07-02,18.761920928955078
2008-07-03,18.834421157836914
2008-07-07,18.870670318603516
2008-07-08,18.740177154541016
2008-07-09,18.290699005126953
2008-07-10,18.450191497802734
2008-07-11,18.30519676208496
2008-07-14,18.23270606994629
2008-07-15,18.957664489746094
2008-07-16,19.762361526489258
2008-07-17,19.95085334777832
2008-07-18,18.74742317199707
2008-07-21,18.587926864624023
2008-07-22,18.703927993774414
2008-07-23,19.160648345947266
2008-07-24,18.442934036254883
2008-07-25,18.96491050720215
2008-07-28,18.486438751220703
2008-07-29,18.928659439086914
2008-07-30,19.015657424926758
2008-07-31,18.64593505859375
2008-08-01,18.442934036254883
2008-08-04,18.32694435119629
2008-08-05,19.00115966796875
2008-08-06,19.58837127685547
2008-08-07,19.856609344482422
2008-08-08,20.39307403564453
2008-08-11,20.226329803466797
2008-08-12,20.385831832885742
2008-08-13,20.23358726501465
2008-08-14,20.23358726501465
2008-08-15,20.16109275817871
2008-08-18,20.074092864990234
2008-08-19,19.88485336303711
2008-08-20,19.86302375793457
2008-08-21,19.782955169677734
2008-08-22,20.263341903686523
2008-08-25,20.132322311401367
2008-08-26,19.848464965820312
2008-08-27,20.059539794921875
2008-08-28,20.33612632751465
2008-08-29,19.86302375793457
2008-09-02,19.724729537963867
2008-09-03,19.579164505004883
2008-09-04,19.178842544555664
2008-09-05,18.669343948364258
2008-09-08,19.011436462402344
2008-09-09,18.99687385559082
2008-09-10,19.244342803955078
2008-09-11,19.899415969848633
2008-09-12,20.103208541870117
2008-09-15,19.520933151245117
2008-09-16,18.91681480407715
2008-09-17,17.883270263671875
2008-09-18,18.385488510131836
2008-09-19,18.312694549560547
2008-09-22,18.48738670349121
2008-09-23,18.516496658325195
2008-09-24,18.72029685974121
2008-09-25,19.36808204650879
2008-09-26,19.94308090209961
2008-09-29,18.203521728515625
2008-09-30,19.426315307617188
2008-10-01,19.273462295532227
2008-10-02,19.106056213378906
2008-10-03,19.157011032104492
2008-10-06,18.130735397338867
2008-10-07,16.907949447631836
2008-10-08,16.747817993164062
2008-10-09,16.231048583984375
2008-10-10,15.64876937866211
2008-10-13,18.56017303466797
2008-10-14,17.541179656982422
2008-10-15,16.49307632446289
2008-10-16,17.606687545776367
2008-10-17,17.41744041442871
2008-10-20,17.992443084716797
2008-10-21,17.0025691986084
2008-10-22,15.670601844787598
2008-10-23,16.245607376098633
2008-10-24,15.983580589294434
2008-10-27,15.415860176086426
2008-10-28,16.81332778930664
2008-10-29,16.74054527282715
2008-10-30,16.47124481201172
2008-10-31,16.25288200378418
2008-11-03,16.463951110839844
2008-11-04,17.12630844116211
2008-11-05,16.0709228515625
2008-11-06,15.197500228881836
2008-11-07,15.64876937866211
2008-11-10,15.503195762634277
2008-11-11,15.430418014526367
2008-11-12,14.775347709655762
2008-11-13,15.46681022644043
2008-11-14,14.600666999816895
2008-11-17,14.062056541442871
2008-11-18,14.377156257629395
2008-11-19,13.402558326721191
2008-11-20,12.8456392288208
2008-11-21,14.421119689941406
2008-11-24,15.16123104095459
2008-11-25,14.64827823638916
2008-11-26,15.014671325683594
2008-11-28,14.816821098327637
2008-12-01,13.637042999267578
2008-12-02,14.032740592956543
2008-12-03,14.560346603393555
2008-12-04,14.003435134887695
2008-12-05,14.560346603393555
2008-12-08,15.395718574523926
2008-12-09,15.0952730178833
2008-12-10,15.102603912353516
2008-12-11,14.252578735351562
2008-12-12,14.186623573303223
2008-12-15,13.952138900756836
2008-12-16,14.736214637756348
2008-12-17,14.40646743774414
2008-12-18,14.142658233642578
2008-12-19,14.010769844055176
2008-12-22,14.054731369018555
2008-12-23,14.128005981445312
2008-12-24,14.047405242919922
2008-12-26,14.018087387084961
2008-12-29,13.893514633178711
2008-12-30,14.171977043151855
2008-12-31,14.245253562927246
2009-01-02,14.897430419921875
2009-01-05,15.03665542602539
2009-01-06,15.212522506713867
2009-01-07,14.29654598236084
2009-01-08,14.74354362487793
2009-01-09,14.303873062133789
2009-01-12,14.267236709594727
2009-01-13,14.52370548248291
2009-01-14,13.988778114318848
2009-01-15,14.09869384765625
2009-01-16,14.44310474395752
2009-01-20,13.541786193847656
2009-01-21,14.201287269592285
2009-01-22,12.53787612915039
2009-01-23,12.603821754455566
2009-01-26,12.918917655944824
2009-01-27,12.940908432006836
2009-01-28,13.219358444213867
2009-01-29,12.889605522155762
2009-01-30,12.530546188354492
2009-02-02,13.065474510192871
2009-02-03,13.556439399719238
2009-02-04,13.651700019836426
2009-02-05,13.952138900756836
2009-02-06,14.40646743774414
2009-02-09,14.245253562927246
2009-02-10,13.776275634765625
2009-02-11,14.076712608337402
2009-02-12,14.11335277557373
2009-02-13,13.988778114318848
2009-02-17,13.346882820129395
2009-02-18,13.369026184082031
2009-02-19,13.214085578918457
2009-02-20,13.280485153198242
2009-02-23,12.69762134552002
2009-02-24,12.668109893798828
2009-02-25,12.513167381286621
2009-02-26,12.114753723144531
2009-02-27,11.915545463562012
2009-03-02,11.649938583374023
2009-03-03,11.716339111328125
2009-03-04,11.893410682678223
2009-03-05,11.266279220581055
2009-03-06,11.27365779876709
2009-03-09,11.177743911743164
2009-03-10,12.159025192260742
2009-03-11,12.6238431930542
2009-03-12,12.550061225891113
2009-03-13,12.284448623657227
2009-03-16,11.989326477050781
2009-03-17,12.46889877319336
2009-03-18,12.513167381286621
2009-03-19,12.64597225189209
2009-03-20,12.58694839477539
2009-03-23,13.523959159851074
2009-03-24,13.228841781616211
2009-03-25,13.191948890686035
2009-03-26,13.892858505249023
2009-03-27,13.376399040222168
2009-03-30,12.896827697753906
2009-03-31,13.553474426269531
2009-04-01,14.2470121383667
2009-04-02,14.232258796691895
2009-04-03,13.83383846282959
2009-04-06,13.841218948364258
2009-04-07,13.841218948364258
2009-04-08,14.158468246459961
2009-04-09,14.51262092590332
2009-04-13,14.453596115112305
2009-04-14,14.276527404785156
2009-04-15,13.892858505249023
2009-04-16,14.579022407531738
2009-04-17,14.165853500366211
2009-04-20,13.730548858642578
2009-04-21,13.996156692504883
2009-04-22,13.855964660644531
2009-04-23,13.959266662597656
2009-04-24,15.427496910095215
2009-04-27,15.051215171813965
2009-04-28,14.704444885253906
2009-04-29,14.940543174743652
2009-04-30,14.947921752929688
2009-05-01,14.9331636428833
2009-05-04,14.896278381347656
2009-05-05,14.60115909576416
2009-05-06,14.60115909576416
2009-05-07,14.25438117980957
2009-05-08,14.328171730041504
2009-05-11,14.25438117980957
2009-05-12,14.674943923950195
2009-05-13,14.571647644042969
2009-05-14,14.800363540649414
2009-05-15,14.918416976928711
2009-05-18,15.19878101348877
2009-05-19,15.079983711242676
2009-05-20,15.131953239440918
2009-05-21,14.71615982055664
2009-05-22,14.664188385009766
2009-05-26,15.102250099182129
2009-05-27,14.94632625579834
2009-05-28,15.183931350708008
2009-05-29,15.51063060760498
2009-06-01,15.889290809631348
2009-06-02,15.889290809631348
2009-06-03,16.134319305419922
2009-06-04,16.20856475830078
2009-06-05,16.43872833251953
2009-06-08,16.371917724609375
2009-06-09,16.394187927246094
2009-06-10,16.743154525756836
2009-06-11,16.951053619384766
2009-06-12,17.322298049926758
2009-06-15,17.38912582397461
2009-06-16,17.41140365600586
2009-06-17,17.582170486450195
2009-06-18,17.448524475097656
2009-06-19,17.871749877929688
2009-06-22,17.285179138183594
2009-06-23,17.329729080200195
2009-06-24,17.42624282836914
2009-06-25,17.663848876953125
2009-06-26,17.33715057373047
2009-06-29,17.7158203125
2009-06-30,17.648996353149414
2009-07-01,17.849470138549805
2009-07-02,17.351993560791016
2009-07-06,17.22577667236328
2009-07-07,16.72831153869629
2009-07-08,16.750591278076172
2009-07-09,16.661489486694336
2009-07-10,16.62436294555664
2009-07-13,17.248050689697266
2009-07-14,17.158952713012695
2009-07-15,17.908864974975586
2009-07-16,18.146469116210938
2009-07-17,18.03508758544922
2009-07-20,18.213300704956055
2009-07-21,18.436038970947266
2009-07-22,18.41376495361328
2009-07-23,18.978052139282227
2009-07-24,17.41140365600586
2009-07-27,17.158952713012695
2009-07-28,17.42624282836914
2009-07-29,17.671268463134766
2009-07-30,17.678693771362305
2009-07-31,17.4633731842041
2009-08-03,17.693546295166016
2009-08-04,17.648996353149414
2009-08-05,17.678693771362305
2009-08-06,17.418825149536133
2009-08-07,17.493074417114258
2009-08-10,17.38912582397461
2009-08-11,17.173809051513672
2009-08-12,17.47079849243164
2009-08-13,17.53762435913086
2009-08-14,17.589601516723633
2009-08-17,17.26290512084961
2009-08-18,17.606369018554688
2009-08-19,17.658634185791016
2009-08-20,17.673572540283203
2009-08-21,18.226097106933594
2009-08-24,18.397830963134766
2009-08-25,18.397830963134766
2009-08-26,18.330629348754883
2009-08-27,18.435169219970703
2009-08-28,18.42770004272461
2009-08-31,18.40529441833496
2009-09-01,17.919965744018555
2009-09-02,17.8154239654541
2009-09-03,18.002099990844727
2009-09-04,18.382902145385742
2009-09-08,18.53223419189453
2009-09-09,18.502363204956055
2009-09-10,18.666637420654297
2009-09-11,18.562105178833008
2009-09-14,18.666637420654297
2009-09-15,18.815963745117188
2009-09-16,18.815963745117188
2009-09-17,18.890626907348633
2009-09-18,18.860769271850586
2009-09-21,18.890626907348633
2009-09-22,19.2415714263916
2009-09-23,19.196758270263672
2009-09-24,19.368501663208008
2009-09-25,19.077302932739258
2009-09-28,19.28636932373047
2009-09-29,19.226625442504883
2009-09-30,19.204240798950195
2009-10-01,18.577028274536133
2009-10-02,18.636768341064453
2009-10-05,18.397830963134766
2009-10-06,18.74876594543457
2009-10-07,18.741302490234375
2009-10-08,19.166900634765625
2009-10-09,19.077302932739258
2009-10-12,19.204240798950195
2009-10-13,19.27143096923828
2009-10-14,19.3834285736084
2009-10-15,19.943429946899414
2009-10-16,19.78662872314453
2009-10-19,19.682092666625977
2009-10-20,19.689563751220703
2009-10-21,19.84636688232422
2009-10-22,19.853832244873047
2009-10-23,20.921560287475586
2009-10-26,21.414369583129883
2009-10-27,21.34716796875
2009-10-28,20.921560287475586
2009-10-29,21.07089614868164
2009-10-30,20.705032348632812
2009-11-02,20.817026138305664
2009-11-03,20.55569839477539
2009-11-04,20.951417922973633
2009-11-05,21.25756072998047
2009-11-06,21.29490089416504
2009-11-09,21.645824432373047
2009-11-10,21.6607666015625
2009-11-11,21.742897033691406
2009-11-12,21.922086715698242
2009-11-13,22.12369728088379
2009-11-16,22.056501388549805
2009-11-17,22.498971939086914
2009-11-18,22.58146095275879
2009-11-19,22.3339786529541
2009-11-20,22.213985443115234
2009-11-23,22.4539794921875
2009-11-24,22.431476593017578
2009-11-25,22.341482162475586
2009-11-27,21.913999557495117
2009-11-30,22.056489944458008
2009-12-01,22.506473541259766
2009-12-02,22.3339786529541
2009-12-03,22.371477127075195
2009-12-04,22.48396873474121
2009-12-07,22.341482162475586
2009-12-08,22.176490783691406
2009-12-09,22.28148078918457
2009-12-10,22.4014835357666
2009-12-11,22.386472702026367
2009-12-14,22.58146095275879
2009-12-15,22.51397132873535
2009-12-16,22.5739688873291
2009-12-17,22.198984146118164
2009-12-18,22.768957138061523
2009-12-21,22.88895606994629
2009-12-22,23.113941192626953
2009-12-23,23.188940048217773
2009-12-24,23.24894142150879
2009-12-28,23.376441955566406
2009-12-29,23.541419982910156
2009-12-30,23.21893310546875
2009-12-31,22.858957290649414
2010-01-04,23.21143341064453
2010-01-05,23.21893310546875
2010-01-06,23.076448440551758
2010-01-07,22.836456298828125
2010-01-08,22.99394989013672
2010-01-11,22.701459884643555
2010-01-12,22.551475524902344
2010-01-13,22.761457443237305
2010-01-14,23.21893310546875
2010-01-15,23.143943786621094
2010-01-19,23.323932647705078
2010-01-20,22.94144630432129
2010-01-21,22.506473541259766
2010-01-22,21.71901512145996
2010-01-25,21.98899269104004
2010-01-26,22.12398338317871
2010-01-27,22.251476287841797
2010-01-28,21.86899757385254
2010-01-29,21.1340389251709
2010-02-01,21.3065242767334
2010-02-02,21.34403419494629
2010-02-03,21.471525192260742
2010-02-04,20.879047393798828
2010-02-05,21.014039993286133
2010-02-08,20.789043426513672
2010-02-09,21.006542205810547
2010-02-10,20.991546630859375
2010-02-11,21.089033126831055
2010-02-12,20.9465389251709
2010-02-16,21.36095428466797
2010-02-17,21.54178810119629
2010-02-18,21.828107833862305
2010-02-19,21.677406311035156
2010-02-22,21.64726448059082
2010-02-23,21.345876693725586
2010-02-24,21.571928024291992
2010-02-25,21.5493221282959
2010-02-26,21.602060317993164
2010-03-01,21.86577796936035
2010-03-02,21.44384002685547
2010-03-03,21.44384002685547
2010-03-04,21.571928024291992
2010-03-05,21.54178810119629
2010-03-08,21.571928024291992
2010-03-09,21.70001983642578
2010-03-10,21.828107833862305
2010-03-11,21.986331939697266
2010-03-12,22.054149627685547
2010-03-15,22.069211959838867
2010-03-16,22.129499435424805
2010-03-17,22.325397491455078
2010-03-18,22.310331344604492
2010-03-19,22.29526138305664
2010-03-22,22.302793502807617
2010-03-23,22.513765335083008
2010-03-24,22.340469360351562
2010-03-25,22.61171531677246
2010-03-26,22.348003387451172
2010-03-29,22.29526138305664
2010-03-30,22.43088150024414
2010-03-31,22.069211959838867
2010-04-01,21.971267700195312
2010-04-05,22.054149627685547
2010-04-06,22.091815948486328
2010-04-07,22.114425659179688
2010-04-08,22.543901443481445
2010-04-09,22.860363006591797
2010-04-12,22.84529685974121
2010-04-13,22.9432430267334
2010-04-14,23.222026824951172
2010-04-15,23.25970458984375
2010-04-16,23.109010696411133
2010-04-19,23.38779640197754
2010-04-20,23.628904342651367
2010-04-21,23.606307983398438
2010-04-22,23.651512145996094
2010-04-23,23.327516555786133
2010-04-26,23.44053840637207
2010-04-27,23.244632720947266
2010-04-28,23.289844512939453
2010-04-29,23.357654571533203
2010-04-30,23.01106071472168
2010-05-03,23.252172470092773
2010-05-04,22.702129364013672
2010-05-05,22.491159439086914
2010-05-06,21.83563804626465
2010-05-07,21.255462646484375
2010-05-10,21.805500030517578
2010-05-11,21.760286331176758
2010-05-12,22.182235717773438
2010-05-13,22.031539916992188
2010-05-14,21.797969818115234
2010-05-17,21.805500030517578
2010-05-18,21.646560668945312
2010-05-19,21.374082565307617
2010-05-20,20.518817901611328
2010-05-21,20.314455032348633
2010-05-24,19.88304901123047
2010-05-25,19.731666564941406
2010-05-26,18.92938804626465
2010-05-27,19.67868995666504
2010-05-28,19.52731704711914
2010-06-01,19.595426559448242
2010-06-02,20.0268497467041
2010-06-03,20.329608917236328
2010-06-04,19.51974868774414
2010-06-07,19.14130973815918
2010-06-08,19.005075454711914
2010-06-09,18.76287078857422
2010-06-10,18.92181396484375
2010-06-11,19.421348571777344
2010-06-14,19.300256729125977
2010-06-15,20.117677688598633
2010-06-16,19.920888900756836
2010-06-17,19.958724975585938
2010-06-18,20.0117130279541
2010-06-21,19.640844345092773
2010-06-22,19.504602432250977
2010-06-23,19.156452178955078
2010-06-24,18.92181396484375
2010-06-25,18.56608772277832
2010-06-28,18.399574279785156
2010-06-29,17.642702102661133
2010-06-30,17.41563606262207
2010-07-01,17.529176712036133
2010-07-02,17.612422943115234
2010-07-06,18.028715133666992
2010-07-07,18.39200782775879
2010-07-08,18.475255966186523
2010-07-09,18.36929702758789
2010-07-12,18.793148040771484
2010-07-13,19.020206451416016
2010-07-14,19.25484275817871
2010-07-15,19.30781364440918
2010-07-16,18.83856201171875
2010-07-19,19.09589195251465
2010-07-20,19.28511619567871
2010-07-21,19.012636184692383
2010-07-22,19.557588577270508
2010-07-23,19.53487777709961
2010-07-26,19.754379272460938
2010-07-27,19.799795150756836
2010-07-28,19.640844345092773
2010-07-29,19.701393127441406
2010-07-30,19.53487777709961
2010-08-02,19.928457260131836
2010-08-03,19.799795150756836
2010-08-04,19.47433090209961
2010-08-05,19.20186424255371
2010-08-06,19.338098526000977
2010-08-09,19.383506774902344
2010-08-10,18.97479820251465
2010-08-11,18.815855026245117
2010-08-12,18.535804748535156
2010-08-13,18.467689514160156
2010-08-16,18.543378829956055
2010-08-17,18.802080154418945
2010-08-18,18.88579559326172
2010-08-19,18.596641540527344
2010-08-20,18.436857223510742
2010-08-23,18.47490119934082
2010-08-24,18.292285919189453
2010-08-25,18.337934494018555
2010-08-26,18.12488555908203
2010-08-27,18.208580017089844
2010-08-30,17.987911224365234
2010-08-31,17.858558654785156
2010-09-01,18.185754776000977
2010-09-02,18.2161865234375
2010-09-03,18.482511520385742
2010-09-07,18.23140525817871
2010-09-08,18.208580017089844
2010-09-09,18.269453048706055
2010-09-10,18.147703170776367
2010-09-13,19.106456756591797
2010-09-14,19.045581817626953
2010-09-15,19.114057540893555
2010-09-16,19.273847579956055
2010-09-17,19.190160751342773
2010-09-20,19.34994125366211
2010-09-21,19.13688850402832
2010-09-22,18.72599220275879
2010-09-23,18.589035034179688
2010-09-24,18.85535430908203
2010-09-27,18.817306518554688
2010-09-28,18.779266357421875
2010-09-29,18.642297744750977
2010-09-30,18.634679794311523
2010-10-01,18.550987243652344
2010-10-04,18.193359375
2010-10-05,18.52815818786621
2010-10-06,18.589035034179688
2010-10-07,18.665124893188477
2010-10-08,18.6955623626709
2010-10-11,18.710784912109375
2010-10-12,18.893396377563477
2010-10-13,19.28146743774414
2010-10-14,19.1977596282959
2010-10-15,19.433645248413086
2010-10-18,19.646696090698242
2010-10-19,19.098838806152344
2010-10-20,19.258636474609375
2010-10-21,19.34233856201172
2010-10-22,19.311899185180664
2010-10-25,19.167329788208008
2010-10-26,19.707565307617188
2010-10-27,19.821714401245117
2010-10-28,19.996715545654297
2010-10-29,20.293474197387695
2010-11-01,20.506526947021484
2010-11-02,20.84132957458496
2010-11-03,20.56740379333496
2010-11-04,20.651100158691406
2010-11-05,20.43044090270996
2010-11-08,20.400007247924805
2010-11-09,20.506526947021484
2010-11-10,20.498920440673828
2010-11-11,20.301082611083984
2010-11-12,19.989116668701172
2010-11-15,19.935848236083984
2010-11-16,19.7597599029541
2010-11-17,19.576019287109375
2010-11-18,19.782724380493164
2010-11-19,19.667890548706055
2010-11-22,19.69852066040039
2010-11-23,19.231510162353516
2010-11-24,19.42291259765625
2010-11-26,19.33103370666504
2010-11-29,19.37696647644043
2010-11-30,19.338687896728516
2010-12-01,19.935848236083984
2010-12-02,20.586599349975586
2010-12-03,20.68611717224121
2010-12-06,20.548311233520508
2010-12-07,20.571285247802734
2010-12-08,20.84689712524414
2010-12-09,20.732053756713867
2010-12-10,20.931102752685547
2010-12-13,20.86220932006836
2010-12-14,21.14546775817871
2010-12-15,21.32155418395996
2010-12-16,21.428741455078125
2010-12-17,21.35983657836914
2010-12-20,21.290935516357422
2010-12-21,21.48998260498047
2010-12-22,21.581851959228516
2010-12-23,21.66606903076172
2010-12-27,21.48998260498047
2010-12-28,21.444049835205078
2010-12-29,21.413419723510742
2010-12-30,21.32155418395996
2010-12-31,21.36749267578125
2011-01-03,21.421077728271484
2011-01-04,21.505298614501953
2011-01-05,21.43639373779297
2011-01-06,22.06416893005371
2011-01-07,21.895748138427734
2011-01-10,21.604820251464844
2011-01-11,21.520610809326172
2011-01-12,21.857467651367188
2011-01-13,21.581851959228516
2011-01-14,21.66606903076172
2011-01-18,21.941682815551758
2011-01-19,21.796215057373047
2011-01-20,21.704343795776367
2011-01-21,21.451709747314453
2011-01-24,21.727317810058594
2011-01-25,21.780908584594727
2011-01-26,22.033544540405273
2011-01-27,22.102458953857422
2011-01-28,21.2449951171875
2011-01-31,21.229684829711914
2011-02-01,21.428741455078125
2011-02-02,21.390453338623047
2011-02-03,21.168437957763672
2011-02-04,21.260311126708984
2011-02-07,21.589519500732422
2011-02-08,21.650753021240234
2011-02-09,21.413419723510742
2011-02-10,21.053600311279297
2011-02-11,20.86220932006836
2011-02-14,20.84689712524414
2011-02-15,20.762178421020508
2011-02-16,20.808387756347656
2011-02-17,20.9547061920166
2011-02-18,20.839189529418945
2011-02-22,20.477235794067383
2011-02-23,20.477235794067383
2011-02-24,20.61585807800293
2011-02-25,20.446430206298828
2011-02-28,20.46953582763672
2011-03-01,20.146093368530273
2011-03-02,20.084484100341797
2011-03-03,20.17689323425293
2011-03-04,19.9843692779541
2011-03-07,19.807241439819336
2011-03-08,19.953563690185547
2011-03-09,19.93816566467285
2011-03-10,19.568511962890625
2011-03-11,19.776443481445312
2011-03-14,19.78413963317871
2011-03-15,19.553104400634766
2011-03-16,19.09104347229004
2011-03-17,19.08334732055664
2011-03-18,19.098737716674805
2011-03-21,19.50689697265625
2011-03-22,19.48379135131836
2011-03-23,19.668621063232422
2011-03-24,19.876550674438477
2011-03-25,19.7302303314209
2011-03-28,19.568511962890625
2011-03-29,19.630117416381836
2011-03-30,19.722532272338867
2011-03-31,19.553104400634766
2011-04-01,19.622413635253906
2011-04-04,19.676328659057617
2011-04-05,19.85344696044922
2011-04-06,20.13838768005371
2011-04-07,20.17689323425293
2011-04-08,20.0767822265625
2011-04-11,20.007474899291992
2011-04-12,19.745635986328125
2011-04-13,19.737937927246094
2011-04-14,19.576208114624023
2011-04-15,19.5377140045166
2011-04-18,19.314373016357422
2011-04-19,19.3682861328125
2011-04-20,19.83805274963379
2011-04-21,19.653223037719727
2011-04-25,19.722532272338867
2011-04-26,20.169198989868164
2011-04-27,20.31551742553711
2011-04-28,20.569652557373047
2011-04-29,19.961259841918945
2011-05-02,19.761035919189453
2011-05-03,19.876550674438477
2011-05-04,20.069080352783203
2011-05-05,19.861146926879883
2011-05-06,19.922758102416992
2011-05-09,19.89195442199707
2011-05-10,19.768739700317383
2011-05-11,19.530000686645508
2011-05-12,19.49920082092285
2011-05-13,19.27586555480957
2011-05-16,18.921621322631836
2011-05-17,19.00689125061035
2011-05-18,19.138660430908203
2011-05-19,19.16191864013672
2011-05-20,18.983627319335938
2011-05-23,18.735572814941406
2011-05-24,18.720069885253906
2011-05-25,18.751087188720703
2011-05-26,19.12315559387207
2011-05-27,19.19291877746582
2011-05-31,19.38670539855957
2011-06-01,18.937116622924805
2011-06-02,18.774341583251953
2011-06-03,18.534038543701172
2011-06-06,18.611555099487305
2011-06-07,18.650312423706055
2011-06-08,18.557300567626953
2011-06-09,18.572795867919922
2011-06-10,18.379003524780273
2011-06-13,18.634801864624023
2011-06-14,18.774341583251953
2011-06-15,18.402257919311523
2011-06-16,18.60379981994629
2011-06-17,18.805339813232422
2011-06-20,18.96812629699707
2011-06-21,19.19291877746582
2011-06-22,19.107654571533203
2011-06-23,19.0921573638916
2011-06-24,18.836347579956055
2011-06-27,19.53398323059082
2011-06-28,19.99909019470215
2011-06-29,19.859556198120117
2011-06-30,20.154115676879883
2011-07-01,20.169626235961914
2011-07-05,20.1773738861084
2011-07-06,20.409915924072266
2011-07-07,20.750988006591797
2011-07-08,20.867265701293945
2011-07-11,20.64246368408203
2011-07-12,20.572694778442383
2011-07-13,20.64246368408203
2011-07-14,20.518447875976562
2011-07-15,20.75874137878418
2011-07-18,20.6114559173584
2011-07-19,21.347862243652344
2011-07-20,20.97578239440918
2011-07-21,21.006797790527344
2011-07-22,21.340116500854492
2011-07-25,21.634672164916992
2011-07-26,21.76644515991211
2011-07-27,21.185077667236328
2011-07-28,21.487396240234375
2011-07-29,21.239334106445312
2011-08-01,21.138566970825195
2011-08-02,20.77425193786621
2011-08-03,20.867265701293945
2011-08-04,20.107616424560547
2011-08-05,19.90606689453125
2011-08-08,18.975875854492188
2011-08-09,19.828554153442383
2011-08-10,18.758827209472656
2011-08-11,19.52623748779297
2011-08-12,19.456470489501953
2011-08-15,19.774290084838867
2011-08-16,19.7742862701416
2011-08-17,19.6962890625
2011-08-18,19.243854522705078
2011-08-19,18.760221481323242
2011-08-22,18.70562171936035
2011-08-23,19.282859802246094
2011-08-24,19.423261642456055
2011-08-25,19.165847778320312
2011-08-26,19.6962890625
2011-08-29,20.156513214111328
2011-08-30,20.46073341369629
2011-08-31,20.749357223510742
2011-09-01,20.445131301879883
2011-09-02,20.125307083129883
2011-09-06,19.899099349975586
2011-09-07,20.28132438659668
2011-09-08,20.45293426513672
2011-09-09,20.07850456237793
2011-09-12,20.195514678955078
2011-09-13,20.312530517578125
2011-09-14,20.671354293823242
2011-09-15,21.05357551574707
2011-09-16,21.154977798461914
2011-09-19,21.225187301635742
2011-09-20,21.045774459838867
2011-09-21,20.273529052734375
2011-09-22,19.54807472229004
2011-09-23,19.54807472229004
2011-09-26,19.84449577331543
2011-09-27,20.023910522460938
2011-09-28,19.953699111938477
2011-09-29,19.852294921875
2011-09-30,19.415464401245117
2011-10-03,19.134654998779297
2011-10-04,19.76649284362793
2011-10-05,20.195514678955078
2011-10-06,20.546546936035156
2011-10-07,20.47633934020996
2011-10-10,21.014572143554688
2011-10-11,21.061370849609375
2011-10-12,21.03017234802246
2011-10-13,21.2017879486084
2011-10-14,21.271989822387695
2011-10-17,21.045774459838867
2011-10-18,21.30318832397461
2011-10-19,21.162776947021484
2011-10-20,21.092573165893555
2011-10-21,21.18617820739746
2011-10-24,21.209579467773438
2011-10-25,20.913158416748047
2011-10-26,20.741548538208008
2011-10-27,21.25638771057129
2011-10-28,21.045774459838867
2011-10-31,20.772750854492188
2011-11-01,20.273529052734375
2011-11-02,20.289125442504883
2011-11-03,20.694751739501953
2011-11-04,20.47633934020996
2011-11-07,20.905366897583008
2011-11-08,21.18617820739746
2011-11-09,20.43733024597168
2011-11-10,20.499738693237305
2011-11-11,20.991168975830078
2011-11-14,20.874162673950195
2011-11-15,21.015628814697266
2011-11-16,20.489057540893555
2011-11-17,20.072521209716797
2011-11-18,19.883893966674805
2011-11-21,19.64811897277832
2011-11-22,19.483081817626953
2011-11-23,19.231586456298828
2011-11-25,19.09797477722168
2011-11-28,19.545944213867188
2011-11-29,19.522369384765625
2011-11-30,20.10395622253418
2011-12-01,19.868175506591797
2011-12-02,19.821029663085938
2011-12-05,20.19826889038086
2011-12-06,20.166824340820312
2011-12-07,20.119678497314453
2011-12-08,19.962491989135742
2011-12-09,20.19826889038086
2011-12-12,20.048940658569336
2011-12-13,20.245420455932617
2011-12-14,20.11181640625
2011-12-15,20.088247299194336
2011-12-16,20.434045791625977
2011-12-19,20.064659118652344
2011-12-20,20.457624435424805
2011-12-21,20.245420455932617
2011-12-22,20.284711837768555
2011-12-23,20.457624435424805
2011-12-27,20.465486526489258
2011-12-28,20.292570114135742
2011-12-29,20.44976043701172
2011-12-30,20.40260124206543
2012-01-03,21.039203643798828
2012-01-04,21.534343719482422
2012-01-05,21.754398345947266
2012-01-06,22.09234619140625
2012-01-09,21.801551818847656
2012-01-10,21.88014793395996
2012-01-11,21.78583526611328
2012-01-12,22.00589942932129
2012-01-13,22.202375411987305
2012-01-17,22.210233688354492
2012-01-18,22.186656951904297
2012-01-19,22.100204467773438
2012-01-20,23.349821090698242
2012-01-23,23.36554527282715
2012-01-24,23.05903434753418
2012-01-25,23.2319278717041
2012-01-26,23.184778213500977
2012-01-27,22.972578048706055
2012-01-30,23.271230697631836
2012-01-31,23.208364486694336
2012-02-01,23.491291046142578
2012-02-02,23.538442611694336
2012-02-03,23.7663631439209
2012-02-06,23.73493194580078
2012-02-07,23.852821350097656
2012-02-08,24.096452713012695
2012-02-09,24.182903289794922
2012-02-10,23.970705032348633
2012-02-13,24.033578872680664
2012-02-14,23.930734634399414
2012-02-15,23.772512435913086
2012-02-16,24.75348472595215
2012-02-17,24.721837997436523
2012-02-21,24.872148513793945
2012-02-22,24.737659454345703
2012-02-23,24.81676483154297
2012-02-24,24.903785705566406
2012-02-27,24.800941467285156
2012-02-28,25.212316513061523
2012-02-29,25.109479904174805
2012-03-01,25.54458236694336
2012-03-02,25.37845802307129
2012-03-05,25.15694236755371
2012-03-06,24.967073440551758
2012-03-07,25.18858528137207
2012-03-08,25.323070526123047
2012-03-09,25.30725860595703
2012-03-12,25.346803665161133
2012-03-13,25.84518814086914
2012-03-14,25.92430877685547
2012-03-15,25.98758888244629
2012-03-16,25.789817810058594
2012-03-19,25.47338104248047
2012-03-20,25.30725860595703
2012-03-21,25.243959426879883
2012-03-22,25.31515884399414
2012-03-23,25.323070526123047
2012-03-26,25.78190803527832
2012-03-27,25.726531982421875
2012-03-28,25.46546745300293
2012-03-29,25.41009521484375
2012-03-30,25.520849227905273
2012-04-02,25.54458236694336
2012-04-03,25.26769256591797
2012-04-04,24.690189361572266
2012-04-05,24.935436248779297
2012-04-09,24.603168487548828
2012-04-10,24.104780197143555
2012-04-11,24.009845733642578
2012-04-12,24.508241653442383
2012-04-13,24.373754501342773
2012-04-16,24.587345123291016
2012-04-17,24.872148513793945
2012-04-18,24.634815216064453
2012-04-19,24.531972885131836
2012-04-20,25.647424697875977
2012-04-23,25.41009521484375
2012-04-24,25.251876831054688
2012-04-25,25.47338104248047
2012-04-26,25.402177810668945
2012-04-27,25.299331665039062
2012-04-30,25.33098030090332
2012-05-01,25.323070526123047
2012-05-02,25.15694236755371
2012-05-03,25.125293731689453
2012-05-04,24.508241653442383
2012-05-07,24.247177124023438
2012-05-08,24.128507614135742
2012-05-09,24.334197998046875
2012-05-10,24.318384170532227
2012-05-11,24.6506404876709
2012-05-14,24.270912170410156
2012-05-15,24.05591583251953
2012-05-16,23.80906105041504
2012-05-17,23.665735244750977
2012-05-18,23.307401657104492
2012-05-21,23.689613342285156
2012-05-22,23.697587966918945
2012-05-23,23.17999267578125
2012-05-24,23.14813804626465
2012-05-25,23.140182495117188
2012-05-29,23.538320541381836
2012-05-30,23.363142013549805
2012-05-31,23.243696212768555
2012-06-01,22.654443740844727
2012-06-04,22.73407745361328
2012-06-05,22.702219009399414
2012-06-06,23.371109008789062
2012-06-07,23.275541305541992
2012-06-08,23.6099910736084
2012-06-11,23.01276397705078
2012-06-12,23.323322296142578
2012-06-13,23.195920944213867
2012-06-14,23.363142013549805
2012-06-15,23.90462303161621
2012-06-18,23.761280059814453
2012-06-19,24.44609260559082
2012-06-20,24.62923812866211
2012-06-21,24.00016975402832
2012-06-22,24.44609260559082
2012-06-25,23.78517723083496
2012-06-26,23.90462303161621
2012-06-27,24.024059295654297
2012-06-28,23.81702995300293
2012-06-29,24.358501434326172
2012-07-02,24.334611892700195
2012-07-03,24.493871688842773
2012-07-05,24.44609260559082
2012-07-06,24.03998565673828
2012-07-09,23.888694763183594
2012-07-10,23.6816463470459
2012-07-11,23.331287384033203
2012-07-12,22.797775268554688
2012-07-13,23.4029598236084
2012-07-16,23.442773818969727
2012-07-17,23.61795425415039
2012-07-18,24.24702262878418
2012-07-19,24.422204971313477
2012-07-20,23.9842472076416
2012-07-23,23.31536293029785
2012-07-24,23.211849212646484
2012-07-25,22.95703125
2012-07-26,23.219802856445312
2012-07-27,23.697587966918945
2012-07-30,23.60202407836914
2012-07-31,23.466655731201172
2012-08-01,23.418874740600586
2012-08-02,23.243696212768555
2012-08-03,23.689613342285156
2012-08-06,23.848875045776367
2012-08-07,24.095726013183594
2012-08-08,24.151466369628906
2012-08-09,24.286834716796875
2012-08-10,24.223127365112305
2012-08-13,24.199241638183594
2012-08-14,24.15114402770996
2012-08-15,24.207263946533203
2012-08-16,24.67216682434082
2012-08-17,24.768354415893555
2012-08-20,24.640104293823242
2012-08-21,24.688196182250977
2012-08-22,24.47979736328125
2012-08-23,24.25535011291504
2012-08-24,24.495820999145508
2012-08-27,24.60002326965332
2012-08-28,24.55193519592285
2012-08-29,24.567960739135742
2012-08-30,24.30344581604004
2012-08-31,24.704233169555664
2012-09-04,24.35955047607422
2012-09-05,24.35955047607422
2012-09-06,25.129058837890625
2012-09-07,24.808439254760742
2012-09-10,24.62407684326172
2012-09-11,24.680185317993164
2012-09-12,24.67216682434082
2012-09-13,24.800411224365234
2012-09-14,25.01683807373047
2012-09-17,25.01683807373047
2012-09-18,24.99279022216797
2012-09-19,24.888593673706055
2012-09-20,25.20921516418457
2012-09-21,25.000810623168945
2012-09-24,24.67216682434082
2012-09-25,24.35955047607422
2012-09-26,24.18321418762207
2012-09-27,24.175199508666992
2012-09-28,23.854576110839844
2012-10-01,23.638147354125977
2012-10-02,23.7744197845459
2012-10-03,23.934728622436523
2012-10-04,24.070995330810547
2012-10-05,23.926706314086914
2012-10-08,23.87060546875
2012-10-09,23.46982192993164
2012-10-10,23.22934913635254
2012-10-11,23.205299377441406
2012-10-12,23.40569496154785
2012-10-15,23.654176712036133
2012-10-16,23.638147354125977
2012-10-17,23.718303680419922
2012-10-18,23.646156311035156
2012-10-19,22.956823348999023
2012-10-22,22.443819046020508
2012-10-23,22.4838924407959
2012-10-24,22.363658905029297
2012-10-25,22.347625732421875
2012-10-26,22.612146377563477
2012-10-31,22.876665115356445
2012-11-01,23.662200927734375
2012-11-02,23.646156311035156
2012-11-05,23.7503604888916
2012-11-06,23.934728622436523
2012-11-07,23.309507369995117
2012-11-08,23.09308624267578
2012-11-09,23.109115600585938
2012-11-12,22.62015151977539
2012-11-13,21.892822265625
2012-11-14,21.69078254699707
2012-11-15,21.545316696166992
2012-11-16,21.432174682617188
2012-11-19,21.601886749267578
2012-11-20,21.58572006225586
2012-11-21,21.779685974121094
2012-11-23,22.385799407958984
2012-11-26,22.135271072387695
2012-11-27,21.884742736816406
2012-11-28,22.11102867126465
2012-11-29,21.779685974121094
2012-11-30,21.512990951538086
2012-12-03,21.35944938659668
2012-12-04,21.310955047607422
2012-12-05,21.553407669067383
2012-12-06,21.601886749267578
2012-12-07,21.38368797302246
2012-12-10,21.77159881591797
2012-12-11,22.078697204589844
2012-12-12,22.014047622680664
2012-12-13,21.908985137939453
2012-12-14,21.666545867919922
2012-12-17,21.900909423828125
2012-12-18,22.27265167236328
2012-12-19,22.070613861083984
2012-12-20,22.369632720947266
2012-12-21,22.18375587463379
2012-12-24,21.868579864501953
2012-12-26,21.70694923400879
2012-12-27,21.787761688232422
2012-12-28,21.456424713134766
2012-12-31,21.58572006225586
2013-01-02,22.321144104003906
2013-01-03,22.022132873535156
2013-01-04,21.609968185424805
2013-01-07,21.569562911987305
2013-01-08,21.456424713134766
2013-01-09,21.5776424407959
2013-01-10,21.38368797302246
2013-01-11,21.68270492553711
2013-01-14,21.73119354248047
2013-01-15,21.989797592163086
2013-01-16,21.8524169921875
2013-01-17,22.022132873535156
2013-01-18,22.022132873535156
2013-01-22,21.94130516052246
2013-01-23,22.313064575195312
2013-01-24,22.3292236328125
2013-01-25,22.531265258789062
2013-01-28,22.555503845214844
2013-01-29,22.636322021484375
2013-01-30,22.507017135620117
2013-01-31,22.18375587463379
2013-02-01,22.571672439575195
2013-02-04,22.175676345825195
2013-02-05,22.224166870117188
2013-02-06,22.094860076904297
2013-02-07,22.046369552612305
2013-02-08,22.264575958251953
2013-02-11,22.515094757080078
2013-02-12,22.531265258789062
2013-02-13,22.652490615844727
2013-02-14,22.660566329956055
2013-02-15,22.636322021484375
2013-02-19,22.85633087158203
2013-02-20,22.709665298461914
2013-02-21,22.400022506713867
2013-02-22,22.620025634765625
2013-02-25,22.302242279052734
2013-02-26,22.302242279052734
2013-02-27,22.6607666015625
2013-02-28,22.652616500854492
2013-03-01,22.77484893798828
2013-03-04,22.937814712524414
2013-03-05,23.10079002380371
2013-03-06,22.888927459716797
2013-03-07,22.929662704467773
2013-03-08,22.815593719482422
2013-03-11,22.709665298461914
2013-03-12,22.742250442504883
2013-03-13,22.75040626525879
2013-03-14,22.929662704467773
2013-03-15,22.848188400268555
2013-03-18,22.897075653076172
2013-03-19,22.962263107299805
2013-03-20,23.076337814331055
2013-03-21,22.90521812438965
2013-03-22,23.019304275512695
2013-03-25,22.94596290588379
2013-03-26,22.94596290588379
2013-03-27,23.117080688476562
2013-03-28,23.312646865844727
2013-04-01,23.312646865844727
2013-04-02,23.46746063232422
2013-04-03,23.271892547607422
2013-04-04,23.30449104309082
2013-04-05,23.385976791381836
2013-04-08,23.29634666442871
2013-04-09,24.127483367919922
2013-04-10,24.673431396484375
2013-04-11,23.58154296875
2013-04-12,23.459314346313477
2013-04-15,23.377824783325195
2013-04-16,23.605979919433594
2013-04-17,23.491910934448242
2013-04-18,23.459314346313477
2013-04-19,24.257858276367188
2013-04-22,25.1215877532959
2013-04-23,24.934179306030273
2013-04-24,25.879392623901367
2013-04-25,26.026065826416016
2013-04-26,25.90384292602539
2013-04-29,26.572010040283203
2013-04-30,26.971282958984375
2013-05-01,26.66164779663086
2013-05-02,27.02017593383789
2013-05-03,27.289085388183594
2013-05-06,27.500930786132812
2013-05-07,27.142406463623047
2013-05-08,26.881654739379883
2013-05-09,26.612751007080078
2013-05-10,26.6372013092041
2013-05-13,26.914241790771484
2013-05-14,27.513254165649414
2013-05-15,27.775840759277344
2013-05-16,27.96455955505371
2013-05-17,28.612796783447266
2013-05-20,28.785110473632812
2013-05-21,28.596391677856445
2013-05-22,28.39946174621582
2013-05-23,28.021995544433594
2013-05-24,28.12047004699707
2013-05-28,28.73588752746582
2013-05-29,28.621007919311523
2013-05-30,28.74407958984375
2013-05-31,28.637418746948242
2013-06-03,29.20360565185547
2013-06-04,28.711267471313477
2013-06-05,28.538957595825195
2013-06-06,28.686649322509766
2013-06-07,29.269241333007812
2013-06-10,29.105133056640625
2013-06-11,28.58819007873535
2013-06-12,28.719470977783203
2013-06-13,28.489727020263672
2013-06-14,28.227128982543945
2013-06-17,28.719470977783203
2013-06-18,28.70305633544922
2013-06-19,28.383045196533203
2013-06-20,27.480436325073242
2013-06-21,27.299909591674805
2013-06-24,27.66915512084961
2013-06-25,27.62813377380371
2013-06-26,28.18610191345215
2013-06-27,28.407649993896484
2013-06-28,28.342016220092773
2013-07-01,28.194311141967773
2013-07-02,27.849681854248047
2013-07-03,27.907119750976562
2013-07-05,28.071231842041016
2013-07-08,28.16970443725586
2013-07-09,28.18610191345215
2013-07-10,28.47330093383789
2013-07-11,29.285661697387695
2013-07-12,29.269241333007812
2013-07-15,29.679523468017578
2013-07-16,29.761577606201172
2013-07-17,29.326684951782227
2013-07-18,29.080514907836914
2013-07-19,25.765466690063477
2013-07-22,26.266006469726562
2013-07-23,26.110105514526367
2013-07-24,26.224979400634766
2013-07-25,25.757259368896484
2013-07-26,25.94599723815918
2013-07-29,25.880353927612305
2013-07-30,26.134716033935547
2013-07-31,26.126510620117188
2013-08-01,25.987014770507812
2013-08-02,26.16753578186035
2013-08-05,26.011632919311523
2013-08-06,25.913169860839844
2013-08-07,26.30703353881836
2013-08-08,26.98809814453125
2013-08-09,26.832191467285156
2013-08-12,26.971691131591797
2013-08-13,26.63288688659668
2013-08-14,26.73204803466797
2013-08-15,26.26930046081543
2013-08-16,26.27755355834961
2013-08-19,25.938764572143555
2013-08-20,26.128826141357422
2013-08-21,26.12055015563965
2013-08-22,26.765100479125977
2013-08-23,28.715272903442383
2013-08-26,28.219463348388672
2013-08-27,27.48401641845703
2013-08-28,27.28569793701172
2013-08-29,27.72365379333496
2013-08-30,27.599706649780273
2013-09-03,26.343669891357422
2013-09-04,25.781755447387695
2013-09-05,25.806554794311523
2013-09-06,25.740442276000977
2013-09-09,26.161874771118164
2013-09-10,26.765100479125977
2013-09-11,27.054323196411133
2013-09-12,27.012998580932617
2013-09-13,27.29395294189453
2013-09-16,27.10390281677246
2013-09-17,27.211328506469727
2013-09-18,27.533594131469727
2013-09-19,27.79802131652832
2013-09-20,27.095632553100586
2013-09-23,27.054323196411133
2013-09-24,26.814680099487305
2013-09-25,26.8642635345459
2013-09-26,27.0791072845459
2013-09-27,27.492280960083008
2013-09-30,27.500537872314453
2013-10-01,27.74844741821289
2013-10-02,28.02939796447754
2013-10-03,27.979825973510742
2013-10-04,27.99635124206543
2013-10-07,27.517061233520508
2013-10-08,27.277423858642578
2013-10-09,27.327022552490234
2013-10-10,27.897180557250977
2013-10-11,28.202930450439453
2013-10-14,28.467363357543945
2013-10-15,28.500415802001953
2013-10-16,28.624364852905273
2013-10-17,28.855735778808594
2013-10-18,28.888795852661133
2013-10-21,28.913583755493164
2013-10-22,28.574790954589844
2013-10-23,27.897180557250977
2013-10-24,27.8641357421875
2013-10-25,29.52507781982422
2013-10-28,29.392850875854492
2013-10-29,29.35154151916504
2013-10-30,29.368074417114258
2013-10-31,29.260639190673828
2013-11-01,29.359806060791016
2013-11-04,29.69859504699707
2013-11-05,30.27704620361328
2013-11-06,31.54960060119629
2013-11-07,30.987703323364258
2013-11-08,31.21906089782715
2013-11-11,31.062053680419922
2013-11-12,30.87199592590332
2013-11-13,31.533090591430664
2013-11-14,31.417388916015625
2013-11-15,31.268640518188477
2013-11-18,30.73979377746582
2013-11-19,30.589929580688477
2013-11-20,30.873003005981445
2013-11-21,31.13943099975586
2013-11-22,31.280981063842773
2013-11-25,31.339279174804688
2013-11-26,31.097810745239258
2013-11-27,31.305946350097656
2013-11-29,31.74724006652832
2013-12-02,32.01367950439453
2013-12-03,31.897106170654297
2013-12-04,32.421653747558594
2013-12-05,31.638996124267578
2013-12-06,31.938735961914062
2013-12-09,32.23015213012695
2013-12-10,31.7305850982666
2013-12-11,31.314279556274414
2013-12-12,30.98956871032715
2013-12-13,30.548297882080078
2013-12-16,30.714807510375977
2013-12-17,30.406747817993164
2013-12-18,30.45669937133789
2013-12-19,30.18195343017578
2013-12-20,30.639869689941406
2013-12-23,30.490013122558594
2013-12-24,30.873003005981445
2013-12-26,31.172748565673828
2013-12-27,31.047855377197266
2013-12-30,31.047855377197266
2013-12-31,31.14776611328125
2014-01-02,30.939603805541992
2014-01-03,30.731475830078125
2014-01-06,30.082035064697266
2014-01-07,30.315162658691406
2014-01-08,29.773967742919922
2014-01-09,29.58246612548828
2014-01-10,30.007099151611328
2014-01-13,29.124544143676758
2014-01-14,29.790620803833008
2014-01-15,30.60658073425293
2014-01-16,30.714807510375977
2014-01-17,30.290185928344727
2014-01-21,30.115339279174805
2014-01-22,29.91550064086914
2014-01-23,30.023757934570312
2014-01-24,30.648210525512695
2014-01-27,29.9987735748291
2014-01-28,30.1986026763916
2014-01-29,30.5233154296875
2014-01-30,30.689834594726562
2014-01-31,31.505794525146484
2014-02-03,30.37345314025879
2014-02-04,30.26520347595215
2014-02-05,29.82392692565918
2014-02-06,30.1236629486084
2014-02-07,30.440053939819336
2014-02-10,30.639869689941406
2014-02-11,30.94793128967285
2014-02-12,31.197715759277344
2014-02-13,31.314279556274414
2014-02-14,31.322607040405273
2014-02-18,31.38971519470215
2014-02-19,31.46521759033203
2014-02-20,31.666536331176758
2014-02-21,31.859485626220703
2014-02-24,31.6162052154541
2014-02-25,31.490379333496094
2014-02-26,31.431657791137695
2014-02-27,31.758804321289062
2014-02-28,32.136295318603516
2014-03-03,31.691692352294922
2014-03-04,32.22017288208008
2014-03-05,31.968517303466797
2014-03-06,32.002071380615234
2014-03-07,31.792367935180664
2014-03-10,31.725248336791992
2014-03-11,31.893028259277344
2014-03-12,32.102745056152344
2014-03-13,31.783979415893555
2014-03-14,31.624608993530273
2014-03-17,31.918197631835938
2014-03-18,33.17646026611328
2014-03-19,32.94158935546875
2014-03-20,33.830772399902344
2014-03-21,33.68816375732422
2014-03-24,33.973392486572266
2014-03-25,33.83916091918945
2014-03-26,33.37779998779297
2014-03-27,33.017093658447266
2014-03-28,33.80559539794922
2014-03-31,34.38441467285156
2014-04-01,34.7451057434082
2014-04-02,34.68639373779297
2014-04-03,34.401180267333984
2014-04-04,33.44490051269531
2014-04-07,33.38617706298828
2014-04-08,33.40296173095703
2014-04-09,33.948211669921875
2014-04-10,33.017093658447266
2014-04-11,32.891258239746094
2014-04-14,32.8660888671875
2014-04-15,33.344242095947266
2014-04-16,33.88948440551758
2014-04-17,33.56233596801758
2014-04-21,33.50362014770508
2014-04-22,33.545555114746094
2014-04-23,33.29391098022461
2014-04-24,33.436519622802734
2014-04-25,33.47844314575195
2014-04-28,34.283748626708984
2014-04-29,33.981754302978516
2014-04-30,33.88948440551758
2014-05-01,33.553951263427734
2014-05-02,33.29391098022461
2014-05-05,33.075809478759766
2014-05-06,32.76543045043945
2014-05-07,33.067420959472656
2014-05-08,33.25197219848633
2014-05-09,33.1680908203125
2014-05-12,33.52880096435547
2014-05-13,34.14546203613281
2014-05-14,33.993404388427734
2014-05-15,33.4527587890625
2014-05-16,33.647056579589844
2014-05-19,33.57947540283203
2014-05-20,33.52034378051758
2014-05-21,34.086334228515625
2014-05-22,33.87513732910156
2014-05-23,33.89204406738281
2014-05-27,33.95115661621094
2014-05-28,33.79911422729492
2014-05-29,34.077884674072266
2014-05-30,34.58475875854492
2014-06-02,34.458030700683594
2014-06-03,34.035640716552734
2014-06-04,34.06098556518555
2014-06-05,34.812835693359375
2014-06-06,35.040924072265625
2014-06-09,34.863525390625
2014-06-10,34.728363037109375
2014-06-11,34.51716613769531
2014-06-12,34.2806396484375
2014-06-13,34.82973098754883
2014-06-16,35.05780792236328
2014-06-17,35.20986557006836
2014-06-18,35.184532165527344
2014-06-19,35.06624984741211
2014-06-20,35.20986557006836
2014-06-23,35.47174835205078
2014-06-24,35.26899719238281
2014-06-25,35.50554275512695
2014-06-26,35.2436637878418
2014-06-27,35.6913948059082
2014-06-30,35.22677230834961
2014-07-01,35.37037658691406
2014-07-02,35.39572525024414
2014-07-03,35.31125259399414
2014-07-07,35.47174835205078
2014-07-08,35.29434585571289
2014-07-09,35.20144271850586
2014-07-10,35.218318939208984
2014-07-11,35.55622863769531
2014-07-14,35.59846115112305
2014-07-15,35.8603401184082
2014-07-16,37.237308502197266
2014-07-17,37.61745834350586
2014-07-18,37.75261688232422
2014-07-21,37.87933349609375
2014-07-22,37.870880126953125
2014-07-23,37.9046745300293
2014-07-24,37.50762939453125
2014-07-25,37.59211730957031
2014-07-28,37.144386291503906
2014-07-29,37.076805114746094
2014-07-30,36.814937591552734
2014-07-31,36.46012878417969
2014-08-01,36.20669937133789
2014-08-04,36.63752746582031
2014-08-05,36.39254379272461
2014-08-06,36.105323791503906
2014-08-07,36.519248962402344
2014-08-08,36.4939079284668
2014-08-11,36.4939079284668
2014-08-12,36.764244079589844
2014-08-13,37.237308502197266
2014-08-14,37.39781951904297
2014-08-15,37.837093353271484
2014-08-18,38.107425689697266
2014-08-19,38.532447814941406
2014-08-20,38.20943069458008
2014-08-21,38.43894577026367
2014-08-22,38.37944412231445
2014-08-25,38.39643478393555
2014-08-26,38.26043701171875
2014-08-27,38.14143371582031
2014-08-28,38.14992141723633
2014-08-29,38.61744689941406
2014-09-02,38.328433990478516
2014-09-03,38.217918395996094
2014-09-04,38.47294235229492
2014-09-05,39.02547073364258
2014-09-08,39.50149917602539
2014-09-09,39.74800491333008
2014-09-10,39.816009521484375
2014-09-11,39.95200729370117
2014-09-12,39.69700241088867
2014-09-15,39.305992126464844
2014-09-16,39.74800491333008
2014-09-17,39.54399871826172
2014-09-18,39.67999267578125
2014-09-19,40.39403533935547
2014-09-22,40.00302505493164
2014-09-23,39.5779914855957
2014-09-24,40.020023345947266
2014-09-25,39.13597106933594
2014-09-26,39.45048904418945
2014-09-29,39.47598648071289
2014-09-30,39.40798568725586
2014-10-01,39.016971588134766
2014-10-02,38.8979606628418
2014-10-03,39.1784782409668
2014-10-06,39.1784782409668
2014-10-07,38.70246124267578
2014-10-08,39.7650032043457
2014-10-09,38.974456787109375
2014-10-10,37.42738723754883
2014-10-13,37.10436248779297
2014-10-14,37.172367095947266
2014-10-15,36.73884963989258
2014-10-16,36.33083724975586
2014-10-17,37.08737564086914
2014-10-20,37.46988296508789
2014-10-21,38.14992141723633
2014-10-22,37.72489929199219
2014-10-23,38.26892852783203
2014-10-24,39.21248245239258
2014-10-27,39.02547073364258
2014-10-28,39.51850128173828
2014-10-29,39.629005432128906
2014-10-30,39.14447021484375
2014-10-31,39.90950393676758
2014-11-03,40.32603073120117
2014-11-04,40.43653106689453
2014-11-05,40.68304443359375
2014-11-06,41.39708709716797
2014-11-07,41.38009262084961
2014-11-10,41.558597564697266
2014-11-11,41.54158401489258
2014-11-12,41.465087890625
2014-11-13,42.17061233520508
2014-11-14,42.14513397216797
2014-11-17,42.04311752319336
2014-11-18,41.69239807128906
2014-11-19,41.247596740722656
2014-11-20,41.6581916809082
2014-11-21,41.042293548583984
2014-11-24,40.70869445800781
2014-11-25,40.60602951049805
2014-11-26,40.84555435180664
2014-11-28,40.896873474121094
2014-12-01,41.589759826660156
2014-12-02,41.45288848876953
2014-12-03,41.127845764160156
2014-12-04,41.77794647216797
2014-12-05,41.41868209838867
2014-12-08,40.80278778076172
2014-12-09,40.70869445800781
2014-12-10,40.11846160888672
2014-12-11,40.34940719604492
2014-12-12,40.16123580932617
2014-12-15,39.92171096801758
2014-12-16,38.63005828857422
2014-12-17,39.126182556152344
2014-12-18,40.64879608154297
2014-12-19,40.7685661315918
2014-12-22,41.042293548583984
2014-12-23,41.444339752197266
2014-12-24,41.17915725708008
2014-12-26,40.95676040649414
2014-12-29,40.588932037353516
2014-12-30,40.22112274169922
2014-12-31,39.733524322509766
2015-01-02,39.99870300292969
2015-01-05,39.630882263183594
2015-01-06,39.049198150634766
2015-01-07,39.54534149169922
2015-01-08,40.70869445800781
2015-01-09,40.366512298583984
2015-01-12,39.86184310913086
2015-01-13,39.656532287597656
2015-01-14,39.314369201660156
2015-01-15,38.90378952026367
2015-01-16,39.553897857666016
2015-01-20,39.682212829589844
2015-01-21,39.28015899658203
2015-01-22,40.31520080566406
2015-01-23,40.357967376708984
2015-01-26,40.212562561035156
2015-01-27,36.491554260253906
2015-01-28,35.23410415649414
2015-01-29,35.93552780151367
2015-01-30,34.55833435058594
2015-02-02,35.31108474731445
2015-02-03,35.584815979003906
2015-02-04,35.79011154174805
2015-02-05,36.311912536621094
2015-02-06,36.27769088745117
2015-02-09,36.23491668701172
2015-02-10,36.440216064453125
2015-02-11,36.25202560424805
2015-02-12,36.85935592651367
2015-02-13,37.526580810546875
2015-02-17,37.543827056884766
2015-02-18,37.500728607177734
2015-02-19,37.47488784790039
2015-02-20,37.785037994384766
2015-02-23,38.03486251831055
2015-02-24,37.98316955566406
2015-02-25,37.89701843261719
2015-02-26,37.957340240478516
2015-02-27,37.77640914916992
2015-03-02,37.80226135253906
2015-03-03,37.28536605834961
2015-03-04,37.095829010009766
2015-03-05,37.1389045715332
2015-03-06,36.492794036865234
2015-03-09,36.914920806884766
2015-03-10,36.208499908447266
2015-03-11,36.16542434692383
2015-03-12,35.3383903503418
2015-03-13,35.648536682128906
2015-03-16,35.80360794067383
2015-03-17,35.92421340942383
2015-03-18,36.61339569091797
2015-03-19,36.43247604370117
2015-03-20,36.940773010253906
2015-03-23,36.92353820800781
2015-03-24,36.95799255371094
2015-03-25,35.717445373535156
2015-03-26,35.50209045410156
2015-03-27,35.29532241821289
2015-03-30,35.28671646118164
2015-03-31,35.02824401855469
2015-04-01,35.07994842529297
2015-04-02,34.70950698852539
2015-04-06,35.79499435424805
2015-04-07,35.77775955200195
2015-04-08,35.682987213134766
2015-04-09,35.734676361083984
2015-04-10,35.941444396972656
2015-04-13,35.97589874267578
2015-04-14,35.881134033203125
2015-04-15,36.40663528442383
2015-04-16,36.32048797607422
2015-04-17,35.85528564453125
2015-04-20,36.96660614013672
2015-04-21,36.734012603759766
2015-04-22,37.0355339050293
2015-04-23,37.3370475769043
2015-04-24,41.2396125793457
2015-04-27,41.377445220947266
2015-04-28,42.35094451904297
2015-04-29,42.26478958129883
2015-04-30,41.902950286865234
2015-05-01,41.92019271850586
2015-05-04,41.558372497558594
2015-05-05,41.00701141357422
2015-05-06,39.869842529296875
2015-05-07,40.23167037963867
2015-05-08,41.1362419128418
2015-05-11,40.808860778808594
2015-05-12,40.79163360595703
2015-05-13,41.032840728759766
2015-05-14,41.97187805175781
2015-05-15,41.61005783081055
2015-05-18,41.36021423339844
2015-05-19,41.256168365478516
2015-05-20,41.256168365478516
2015-05-21,41.117431640625
2015-05-22,40.66656494140625
2015-05-26,40.39775466918945
2015-05-27,41.28218460083008
2015-05-28,41.14344787597656
2015-05-29,40.63187026977539
2015-06-01,40.95268249511719
2015-06-02,40.68387985229492
2015-06-03,40.623191833496094
2015-06-04,40.198333740234375
2015-06-05,40.00756072998047
2015-06-08,39.65205001831055
2015-06-09,39.58268737792969
2015-06-10,40.41508865356445
2015-06-11,40.26768112182617
2015-06-12,39.86014938354492
2015-06-15,39.435272216796875
2015-06-16,39.7387580871582
2015-06-17,39.86014938354492
2015-06-18,40.51046371459961
2015-06-19,39.97288131713867
2015-06-22,40.085594177246094
2015-06-23,39.808135986328125
2015-06-24,39.574012756347656
2015-06-25,39.58268737792969
2015-06-26,39.244510650634766
2015-06-29,38.47280502319336
2015-06-30,38.28205490112305
2015-07-01,38.54218292236328
2015-07-02,38.498817443847656
2015-07-06,38.490150451660156
2015-07-07,38.412105560302734
2015-07-08,38.36008834838867
2015-07-09,38.602874755859375
2015-07-10,38.680912017822266
2015-07-13,39.48731231689453
2015-07-14,39.55666732788086
2015-07-15,39.67806625366211
2015-07-16,40.45844650268555
2015-07-17,40.42375946044922
2015-07-20,40.68387985229492
2015-07-21,40.99604034423828
2015-07-22,39.48731231689453
2015-07-23,39.98155212402344
2015-07-24,39.834136962890625
2015-07-27,39.32256317138672
2015-07-28,39.313880920410156
2015-07-29,40.13762664794922
2015-07-30,40.64921951293945
2015-07-31,40.493141174316406
2015-08-03,40.58850860595703
2015-08-04,41.22148513793945
2015-08-05,41.256168365478516
2015-08-06,40.42375946044922
2015-08-07,40.52781677246094
2015-08-10,41.039398193359375
2015-08-11,40.241676330566406
2015-08-12,40.52781677246094
2015-08-13,40.51914596557617
2015-08-14,40.75325393676758
2015-08-17,41.030731201171875
2015-08-18,41.25765609741211
2015-08-19,40.68159484863281
2015-08-20,39.85243225097656
2015-08-21,37.591854095458984
2015-08-24,36.37865447998047
2015-08-25,35.32257080078125
2015-08-26,37.27764892578125
2015-08-27,38.3162956237793
2015-08-28,38.34247589111328
2015-08-31,37.984622955322266
2015-09-01,36.50084686279297
2015-09-02,37.84498596191406
2015-09-03,37.9671630859375
2015-09-04,37.19036865234375
2015-09-08,38.30755615234375
2015-09-09,37.591854095458984
2015-09-10,37.78387451171875
2015-09-11,37.94970703125
2015-09-14,37.565673828125
2015-09-15,38.38611602783203
2015-09-16,38.665401458740234
2015-09-17,38.62178039550781
2015-09-18,37.94970703125
2015-09-21,38.49959182739258
2015-09-22,38.3162956237793
2015-09-23,38.29010772705078
2015-09-24,38.32503128051758
2015-09-25,38.351200103759766
2015-09-28,37.78387451171875
2015-09-29,37.914798736572266
2015-09-30,38.630496978759766
2015-10-01,38.93598556518555
2015-10-02,39.773887634277344
2015-10-05,40.699066162109375
2015-10-06,40.80380630493164
2015-10-07,40.847434997558594
2015-10-08,41.414764404296875
2015-10-09,41.11799621582031
2015-10-12,41.021995544433594
2015-10-13,40.92599105834961
2015-10-14,40.74269104003906
2015-10-15,41.03074264526367
2015-10-16,41.467124938964844
2015-10-19,41.563140869140625
2015-10-20,41.694053649902344
2015-10-21,41.196556091308594
2015-10-22,41.920997619628906
2015-10-23,46.1453857421875
2015-10-26,47.34986877441406
2015-10-27,46.861087799072266
2015-10-28,47.11420440673828
2015-10-29,46.57305908203125
2015-10-30,45.94462966918945
2015-11-02,46.46833038330078
2015-11-03,47.262569427490234
2015-11-04,47.48078155517578
2015-11-05,47.46333694458008
2015-11-06,47.93462371826172
2015-11-09,47.271297454833984
2015-11-10,46.703975677490234
2015-11-11,46.82618713378906
2015-11-12,46.53815460205078
2015-11-13,46.11919403076172
2015-11-16,46.93091583251953
2015-11-17,46.544288635253906
2015-11-18,47.31753921508789
2015-11-19,47.39661407470703
2015-11-20,47.61628723144531
2015-11-23,47.61628723144531
2015-11-24,47.66902160644531
2015-11-25,47.176944732666016
2015-11-27,47.38782501220703
2015-11-30,47.75688552856445
2015-12-01,48.52134704589844
2015-12-02,48.5125617980957
2015-12-03,47.62507629394531
2015-12-04,49.127647399902344
2015-12-07,49.03977584838867
2015-12-08,49.022193908691406
2015-12-09,48.31045150756836
2015-12-10,48.565277099609375
2015-12-11,47.502071380615234
2015-12-14,48.45104217529297
2015-12-15,48.5037841796875
2015-12-16,49.32095718383789
2015-12-17,48.94312286376953
2015-12-18,47.56357955932617
2015-12-21,48.17866516113281
2015-12-22,48.63557434082031
2015-12-23,49.04856491088867
2015-12-24,48.916751861572266
2015-12-28,49.162784576416016
2015-12-29,49.69000244140625
2015-12-30,49.4791145324707
2015-12-31,48.74980163574219
2016-01-04,48.15230178833008
2016-01-05,48.37196731567383
2016-01-06,47.493282318115234
2016-01-07,45.841331481933594
2016-01-08,45.98192596435547
2016-01-11,45.95555877685547
2016-01-12,46.37733840942383
2016-01-13,45.375633239746094
2016-01-14,46.66730880737305
2016-01-15,44.80448913574219
2016-01-19,44.42664337158203
2016-01-20,44.62873840332031
2016-01-21,44.35633850097656
2016-01-22,45.94678497314453
2016-01-25,45.50742721557617
2016-01-26,45.841331481933594
2016-01-27,45.0065803527832
2016-01-28,45.74468231201172
2016-01-29,48.40711975097656
2016-02-01,48.07321548461914
2016-02-02,46.57064437866211
2016-02-03,45.832550048828125
2016-02-04,45.69195556640625
2016-02-05,44.075172424316406
2016-02-08,43.4161491394043
2016-02-09,43.30192184448242
2016-02-10,43.67976760864258
2016-02-11,43.66218185424805
2016-02-12,44.373924255371094
2016-02-16,45.214664459228516
2016-02-17,46.39171600341797
2016-02-18,46.18816375732422
2016-02-19,45.860713958740234
2016-02-22,46.595279693603516
2016-02-23,45.29433059692383
2016-02-24,45.45363235473633
2016-02-25,46.108516693115234
2016-02-26,45.400516510009766
2016-02-29,45.0288200378418
2016-03-01,46.533321380615234
2016-03-02,46.86076736450195
2016-03-03,46.329776763916016
2016-03-04,46.04656219482422
2016-03-07,45.16157913208008
2016-03-08,45.71027374267578
2016-03-09,46.76340866088867
2016-03-10,46.064266204833984
2016-03-11,46.96696472167969
2016-03-14,47.05546569824219
2016-03-15,47.42716598510742
2016-03-16,48.099769592285156
2016-03-17,48.37413024902344
2016-03-18,47.33867645263672
2016-03-21,47.66612243652344
2016-03-22,47.85198211669922
2016-03-23,47.76347351074219
2016-03-24,47.975868225097656
2016-03-28,47.3829231262207
2016-03-29,48.41836929321289
2016-03-30,48.71927261352539
2016-03-31,48.87857437133789
2016-04-01,49.17947006225586
2016-04-04,49.055572509765625
2016-04-05,48.28561019897461
2016-04-06,48.78123474121094
2016-04-07,48.19712448120117
2016-04-08,48.16172790527344
2016-04-11,48.064369201660156
2016-04-12,48.36526870727539
2016-04-13,48.98477554321289
2016-04-14,48.993629455566406
2016-04-15,49.250274658203125
2016-04-18,49.96711730957031
2016-04-19,49.90517044067383
2016-04-20,49.19717788696289
2016-04-21,49.36532974243164
2016-04-22,45.82532501220703
2016-04-25,46.11737060546875
2016-04-26,45.5244255065918
2016-04-27,45.08192443847656
2016-04-28,44.161529541015625
2016-04-29,44.13496780395508
2016-05-02,44.78987121582031
2016-05-03,44.05532455444336
2016-05-04,44.13496780395508
2016-05-05,44.1969108581543
2016-05-06,44.59517288208008
2016-05-09,44.31196975708008
2016-05-10,45.15272903442383
2016-05-11,45.17926025390625
2016-05-12,45.58637619018555
2016-05-13,45.2058219909668
2016-05-16,45.86956787109375
2016-05-17,45.01403045654297
2016-05-18,45.281394958496094
2016-05-19,44.84469985961914
2016-05-20,45.112064361572266
2016-05-23,44.586246490478516
2016-05-24,45.97651672363281
2016-05-25,46.448848724365234
2016-05-26,46.243858337402344
2016-05-27,46.6270751953125
2016-05-31,47.233089447021484
2016-06-01,47.09941864013672
2016-06-02,46.76968002319336
2016-06-03,46.15475082397461
2016-06-06,46.457763671875
2016-06-07,46.4310188293457
2016-06-08,46.37754440307617
2016-06-09,46.00325012207031
2016-06-10,45.87848663330078
2016-06-13,44.68429183959961
2016-06-14,44.40802001953125
2016-06-15,44.283260345458984
2016-06-16,44.9070930480957
2016-06-17,44.675384521484375
2016-06-20,44.62190628051758
2016-06-21,45.62003707885742
2016-06-22,45.44179916381836
2016-06-23,46.261695861816406
2016-06-24,44.40802001953125
2016-06-27,43.16035842895508
2016-06-28,44.06045913696289
2016-06-29,45.040771484375
2016-06-30,45.60221481323242
2016-07-01,45.593299865722656
2016-07-05,45.60221481323242
2016-07-06,45.78937530517578
2016-07-07,45.78937530517578
2016-07-08,46.60927200317383
2016-07-11,46.86771011352539
2016-07-12,47.42023849487305
2016-07-13,47.687599182128906
2016-07-14,47.89257049560547
2016-07-15,47.85692596435547
2016-07-18,48.08863067626953
2016-07-19,47.313297271728516
2016-07-20,49.82645797729492
2016-07-21,49.728424072265625
2016-07-22,50.414649963378906
2016-07-25,50.5572395324707
2016-07-26,50.5839729309082
2016-07-27,50.07598114013672
2016-07-28,50.09380340576172
2016-07-29,50.5126838684082
2016-08-01,50.42355728149414
2016-08-02,50.42355728149414
2016-08-03,50.771121978759766
2016-08-04,51.145423889160156
2016-08-05,51.65339279174805
2016-08-08,51.74251937866211
2016-08-09,51.867286682128906
2016-08-10,51.70687484741211
2016-08-11,51.956390380859375
2016-08-12,51.63557815551758
2016-08-15,51.79597854614258
2016-08-16,51.50902557373047
2016-08-17,51.61663055419922
2016-08-18,51.65250015258789
2016-08-19,51.67045211791992
2016-08-22,51.715267181396484
2016-08-23,51.912559509277344
2016-08-24,51.966365814208984
2016-08-25,52.16363525390625
2016-08-26,52.03810119628906
2016-08-29,52.10087966918945
2016-08-30,51.912559509277344
2016-08-31,51.52696228027344
2016-09-01,51.6435432434082
2016-09-02,51.715267181396484
2016-09-06,51.661468505859375
2016-09-07,51.706298828125
2016-09-08,51.500057220458984
2016-09-09,50.40602111816406
2016-09-12,51.15929412841797
2016-09-13,50.69298553466797
2016-09-14,50.450862884521484
2016-09-15,51.28483963012695
2016-09-16,51.338645935058594
2016-09-19,51.05167770385742
2016-09-20,50.9440803527832
2016-09-21,51.79598617553711
2016-09-22,51.84980010986328
2016-09-23,51.500057220458984
2016-09-26,51.0247802734375
2016-09-27,51.966365814208984
2016-09-28,52.03810119628906
2016-09-29,51.473167419433594
2016-09-30,51.65250015258789
2016-10-03,51.491092681884766
2016-10-04,51.329673767089844
2016-10-05,51.688377380371094
2016-10-06,51.77804946899414
2016-10-07,51.83185577392578
2016-10-10,52.047080993652344
2016-10-11,51.28483963012695
2016-10-12,51.213104248046875
2016-10-13,51.042728424072266
2016-10-14,51.491092681884766
2016-10-17,51.31174850463867
2016-10-18,51.706298828125
2016-10-19,51.58972930908203
2016-10-20,51.338645935058594
2016-10-21,53.49980545043945
2016-10-24,54.7014274597168
2016-10-25,54.692466735839844
2016-10-26,54.36964797973633
2016-10-27,53.89435577392578
2016-10-28,53.6881217956543
2016-10-31,53.73296356201172
2016-11-01,53.62534713745117
2016-11-02,53.29354476928711
2016-11-03,53.09626388549805
2016-11-04,52.64789962768555
2016-11-07,54.18132019042969
2016-11-08,54.226165771484375
2016-11-09,53.95714569091797
2016-11-10,52.63892364501953
2016-11-11,52.925899505615234
2016-11-14,52.11880874633789
2016-11-15,53.14801025390625
2016-11-16,53.85219955444336
2016-11-17,54.7459716796875
2016-11-18,54.484161376953125
2016-11-21,54.944602966308594
2016-11-22,55.179317474365234
2016-11-23,54.5293083190918
2016-11-25,54.646663665771484
2016-11-28,54.71888732910156
2016-11-29,55.1522331237793
2016-11-30,54.40290451049805
2016-12-01,53.44594192504883
2016-12-02,53.49106979370117
2016-12-05,54.36680221557617
2016-12-06,54.12303161621094
2016-12-07,55.40500259399414
2016-12-08,55.080013275146484
2016-12-09,55.94670104980469
2016-12-12,56.12726974487305
2016-12-13,56.85853576660156
2016-12-14,56.587684631347656
2016-12-15,56.497413635253906
2016-12-16,56.244625091552734
2016-12-19,57.43632888793945
2016-12-20,57.364097595214844
2016-12-21,57.364097595214844
2016-12-22,57.373138427734375
2016-12-23,57.0932502746582
2016-12-27,57.129356384277344
2016-12-28,56.86756134033203
2016-12-29,56.78630065917969
2016-12-30,56.10017395019531
2017-01-03,56.497413635253906
2017-01-04,56.244625091552734
2017-01-05,56.244625091552734
2017-01-06,56.73214340209961
2017-01-09,56.55157470703125
2017-01-10,56.53351974487305
2017-01-11,57.04811096191406
2017-01-12,56.52449035644531
2017-01-13,56.60574722290039
2017-01-17,56.4522590637207
2017-01-18,56.425193786621094
2017-01-19,56.244625091552734
2017-01-20,56.6418571472168
2017-01-23,56.84048080444336
2017-01-24,57.346038818359375
2017-01-25,57.49049758911133
2017-01-26,58.02314376831055
2017-01-27,59.386375427246094
2017-01-30,58.799560546875
2017-01-31,58.3662223815918
2017-02-01,57.400203704833984
2017-02-02,57.03005599975586
2017-02-03,57.49049758911133
2017-02-06,57.45438003540039
2017-02-07,57.26478958129883
2017-02-08,57.18354415893555
2017-02-09,57.83355712890625
2017-02-10,57.779396057128906
2017-02-13,58.42940902709961
2017-02-14,58.64738845825195
2017-02-15,58.61106491088867
2017-02-16,58.60197448730469
2017-02-17,58.692813873291016
2017-02-21,58.574737548828125
2017-02-22,58.45665740966797
2017-02-23,58.692813873291016
2017-02-24,58.692813873291016
2017-02-27,58.33857727050781
2017-02-28,58.111515045166016
2017-03-01,58.98345184326172
2017-03-02,58.138755798339844
2017-03-03,58.35673904418945
2017-03-06,58.37491226196289
2017-03-07,58.49298858642578
2017-03-08,59.02886962890625
2017-03-09,58.792728424072266
2017-03-10,58.97437286376953
2017-03-13,58.77455520629883
2017-03-14,58.50208282470703
2017-03-15,58.810882568359375
2017-03-16,58.71097946166992
2017-03-17,58.91988754272461
2017-03-20,58.97437286376953
2017-03-21,58.32041549682617
2017-03-22,59.06520080566406
2017-03-23,58.91988754272461
2017-03-24,59.01979064941406
2017-03-27,59.128787994384766
2017-03-28,59.30135726928711
2017-03-29,59.46484375
2017-03-30,59.682830810546875
2017-03-31,59.81907272338867
2017-04-03,59.537498474121094
2017-04-04,59.70100021362305
2017-04-05,59.54658126831055
2017-04-06,59.70100021362305
2017-04-07,59.65556716918945
2017-04-10,59.51933670043945
2017-04-11,59.473915100097656
2017-04-12,59.24684524536133
2017-04-13,58.99253845214844
2017-04-17,59.473915100097656
2017-04-18,59.39218521118164
2017-04-19,59.07429504394531
2017-04-20,59.492095947265625
2017-04-21,60.309539794921875
2017-04-24,61.33591079711914
2017-04-25,61.69012451171875
2017-04-26,61.60837173461914
2017-04-27,62.00802230834961
2017-04-28,62.18058395385742
2017-05-01,63.043434143066406
2017-05-02,62.94354248046875
2017-05-03,62.74371337890625
2017-05-04,62.49848556518555
2017-05-05,62.67105484008789
2017-05-08,62.6165771484375
2017-05-09,62.70737838745117
2017-05-10,62.9526252746582
2017-05-11,62.18058395385742
2017-05-12,62.107933044433594
2017-05-15,62.1533203125
2017-05-16,63.404815673828125
2017-05-17,61.641780853271484
2017-05-18,61.85188674926758
2017-05-19,61.8336296081543
2017-05-22,62.52789306640625
2017-05-23,62.73796844482422
2017-05-24,62.820194244384766
2017-05-25,63.59666442871094
2017-05-26,63.90721893310547
2017-05-30,64.31829833984375
2017-05-31,63.797603607177734
2017-06-01,64.03511810302734
2017-06-02,65.5514907836914
2017-06-05,66.02651977539062
2017-06-06,66.24573516845703
2017-06-07,66.12696838378906
2017-06-08,65.72505187988281
2017-06-09,64.236083984375
2017-06-12,63.74281692504883
2017-06-13,64.53754425048828
2017-06-14,64.19042205810547
2017-06-15,63.852420806884766
2017-06-16,63.94376754760742
2017-06-19,64.73846435546875
2017-06-20,63.86156463623047
2017-06-21,64.19042205810547
2017-06-22,64.18125915527344
2017-06-23,65.0490951538086
2017-06-26,64.42788696289062
2017-06-27,63.222110748291016
2017-06-28,63.76106262207031
2017-06-29,62.56441879272461
2017-06-30,62.96634292602539
2017-07-03,62.272090911865234
2017-07-05,63.10336685180664
2017-07-06,62.63749313354492
2017-07-07,63.45048904418945
2017-07-10,63.925498962402344
2017-07-11,63.93463134765625
2017-07-12,64.99427032470703
2017-07-13,65.56063842773438
2017-07-14,66.48323822021484
2017-07-17,67.00393676757812
2017-07-18,66.95825958251953
2017-07-19,67.46981048583984
2017-07-20,67.79866790771484
2017-07-21,67.40585327148438
2017-07-24,67.23231506347656
2017-07-25,67.77124786376953
2017-07-26,67.64337921142578
2017-07-27,66.83036804199219
2017-07-28,66.72076416015625
2017-07-31,66.41018676757812
2017-08-01,66.3005599975586
2017-08-02,66.00824737548828
2017-08-03,65.90774536132812
2017-08-04,66.39190673828125
2017-08-07,66.13614654541016
2017-08-08,66.49238586425781
2017-08-09,66.2000732421875
2017-08-10,65.23176574707031
2017-08-11,66.22747039794922
2017-08-14,67.22317504882812
2017-08-15,67.2415542602539
2017-08-16,67.63640594482422
2017-08-17,66.48851013183594
2017-08-18,66.57112884521484
2017-08-21,66.2588882446289
2017-08-22,67.18643188476562
2017-08-23,66.7823715209961
2017-08-24,66.75480651855469
2017-08-25,66.87419891357422
2017-08-28,66.88337707519531
2017-08-29,67.08541870117188
2017-08-30,67.9670181274414
2017-08-31,68.66496276855469
2017-09-01,67.90275573730469
2017-09-05,67.59970092773438
2017-09-06,67.40685272216797
2017-09-07,68.27007293701172
2017-09-08,67.9394760131836
2017-09-11,68.65580749511719
2017-09-12,68.58231353759766
2017-09-13,69.0690689086914
2017-09-14,68.66496276855469
2017-09-15,69.16089630126953
2017-09-18,69.02313995361328
2017-09-19,69.2802734375
2017-09-20,68.82108306884766
2017-09-21,68.15068817138672
2017-09-22,68.3343734741211
2017-09-25,67.27828979492188
2017-09-26,67.27828979492188
2017-09-27,67.8200912475586
2017-09-28,67.83846282958984
2017-09-29,68.40784454345703
2017-10-02,68.51803588867188
2017-10-03,68.19661712646484
2017-10-04,68.59150695800781
2017-10-05,69.7669906616211
2017-10-06,69.79454803466797
2017-10-09,70.06086730957031
2017-10-10,70.06086730957031
2017-10-11,70.18023681640625
2017-10-12,70.8230972290039
2017-10-13,71.1628646850586
2017-10-16,71.30982208251953
2017-10-17,71.25469970703125
2017-10-18,71.27308654785156
2017-10-19,71.54859161376953
2017-10-20,72.37511444091797
2017-10-23,72.39347076416016
2017-10-24,72.42102813720703
2017-10-25,72.20979309082031
2017-10-26,72.3292007446289
2017-10-27,76.96685791015625
2017-10-30,77.04033660888672
2017-10-31,76.38829803466797
2017-11-01,76.38829803466797
2017-11-02,77.18727111816406
2017-11-03,77.2699203491211
2017-11-06,77.57295989990234
2017-11-07,77.38928985595703
2017-11-08,77.65560150146484
2017-11-09,77.22396087646484
2017-11-10,77.02194213867188
2017-11-13,77.07706451416016
2017-11-14,77.18727111816406
2017-11-15,76.58734893798828
2017-11-16,76.79039001464844
2017-11-17,76.05201721191406
2017-11-20,76.1720199584961
2017-11-21,77.27032470703125
2017-11-22,76.70732116699219
2017-11-24,76.84576416015625
2017-11-27,77.40876770019531
2017-11-28,78.3409423828125
2017-11-29,76.91960144042969
2017-11-30,77.68565368652344
2017-12-01,77.76873016357422
2017-12-04,74.83370971679688
2017-12-05,75.30441284179688
2017-12-06,76.4027328491211
2017-12-07,76.13507843017578
2017-12-08,77.67643737792969
2017-12-11,78.66400146484375
2017-12-12,78.98703002929688
2017-12-13,78.77474975585938
2017-12-14,78.16558074951172
2017-12-15,80.15918731689453
2017-12-18,79.72537994384766
2017-12-19,79.21778106689453
2017-12-20,78.93167114257812
2017-12-21,78.91319274902344
2017-12-22,78.92240142822266
2017-12-26,78.82090759277344
2017-12-27,79.10701751708984
2017-12-28,79.1162338256836
2017-12-29,78.95011138916016
2018-01-02,79.32852172851562
2018-01-03,79.69770050048828
2018-01-04,80.39917755126953
2018-01-05,81.39596557617188
2018-01-08,81.47904205322266
2018-01-09,81.42364501953125
2018-01-10,81.05448150634766
2018-01-11,81.29443359375
2018-01-12,82.69732666015625
2018-01-16,81.54366302490234
2018-01-17,83.19573211669922
2018-01-18,83.15882110595703
2018-01-19,83.0665283203125
2018-01-22,84.55249786376953
2018-01-23,84.82014465332031
2018-01-24,84.74632263183594
2018-01-25,85.2170181274414
2018-01-26,86.81375885009766
2018-01-29,86.68451690673828
2018-01-30,85.59542083740234
2018-01-31,87.6905517578125
2018-02-01,86.99833679199219
2018-02-02,84.70940399169922
2018-02-05,81.22059631347656
2018-02-06,84.2940673828125
2018-02-07,82.7065658569336
2018-02-08,78.4609375
2018-02-09,81.38672637939453
2018-02-12,82.26354217529297
2018-02-13,82.90962982177734
2018-02-14,84.20782470703125
2018-02-15,85.92333221435547
2018-02-16,85.31132507324219
2018-02-20,85.97897338867188
2018-02-21,84.83838653564453
2018-02-22,85.06095123291016
2018-02-23,87.22154235839844
2018-02-26,88.48267364501953
2018-02-27,87.35135650634766
2018-02-28,86.95262908935547
2018-03-01,86.09952545166016
2018-03-02,86.28497314453125
2018-03-05,86.83208465576172
2018-03-06,86.53533935546875
2018-03-07,87.03607177734375
2018-03-08,87.56465911865234
2018-03-09,89.52124786376953
2018-03-12,89.7345199584961
2018-03-13,87.54612731933594
2018-03-14,87.02680969238281
2018-03-15,87.33280944824219
2018-03-16,87.7222900390625
2018-03-19,86.1365966796875
2018-03-20,86.35916137695312
2018-03-21,85.75642395019531
2018-03-22,83.26199340820312
2018-03-23,80.84175109863281
2018-03-26,86.96189880371094
2018-03-27,82.96524047851562
2018-03-28,82.89108276367188
2018-03-29,84.6343765258789
2018-04-02,82.08430480957031
2018-04-03,83.18780517578125
2018-04-04,85.6173095703125
2018-04-05,85.66368103027344
2018-04-06,83.66999816894531
2018-04-09,84.17073822021484
2018-04-10,86.12732696533203
2018-04-11,85.18150329589844
2018-04-12,86.7764663696289
2018-04-13,86.31278228759766
2018-04-16,87.32356262207031
2018-04-17,89.08540344238281
2018-04-18,89.42852783203125
2018-04-19,89.12248992919922
2018-04-20,88.09321594238281
2018-04-23,88.41776275634766
2018-04-24,86.34989166259766
2018-04-25,85.59878540039062
2018-04-26,87.4070053100586
2018-04-27,88.85359954833984
2018-04-30,86.72081756591797
2018-05-01,88.09321594238281
2018-05-02,86.71150970458984
2018-05-03,87.2308120727539
2018-05-04,88.24158477783203
2018-05-07,89.2245101928711
2018-05-08,88.84429931640625
2018-05-09,89.89217376708984
2018-05-10,90.7916259765625
2018-05-11,90.59693145751953
2018-05-14,90.90290832519531
2018-05-15,90.24453735351562
2018-05-16,90.47734832763672
2018-05-17,89.5739974975586
2018-05-18,89.74162292480469
2018-05-21,90.896484375
2018-05-22,90.80333709716797
2018-05-23,91.88365936279297
2018-05-24,91.55768585205078
2018-05-25,91.60425567626953
2018-05-29,91.27830505371094
2018-05-30,92.15372467041016
2018-05-31,92.0512924194336
2018-06-01,93.86738586425781
2018-06-04,94.6869125366211
2018-06-05,95.17121124267578
2018-06-06,95.45060729980469
2018-06-07,93.95115661621094
2018-06-08,94.64964294433594
2018-06-11,94.10950469970703
2018-06-12,94.35163116455078
2018-06-13,93.92321014404297
2018-06-14,94.4540786743164
2018-06-15,93.25267791748047
2018-06-18,93.93257141113281
2018-06-19,93.93257141113281
2018-06-20,94.87318420410156
2018-06-21,94.19334411621094
2018-06-22,93.5134506225586
2018-06-25,91.63219451904297
2018-06-26,92.27481842041016
2018-06-27,90.840576171875
2018-06-28,91.85570526123047
2018-06-29,91.83708953857422
2018-07-02,93.14091491699219
2018-07-03,92.24688720703125
2018-07-05,92.90811157226562
2018-07-06,94.2119369506836
2018-07-09,94.85453796386719
2018-07-10,95.10601043701172
2018-07-11,94.97562408447266
2018-07-12,97.03385925292969
2018-07-13,98.18863677978516
2018-07-16,97.70439910888672
2018-07-17,98.67293548583984
2018-07-18,97.89995574951172
2018-07-19,97.22940063476562
2018-07-20,98.9709701538086
2018-07-23,100.55419158935547
2018-07-24,100.26548767089844
2018-07-25,103.21775817871094
2018-07-26,102.09089660644531
2018-07-27,100.28412628173828
2018-07-30,98.13278198242188
2018-07-31,98.79403686523438
2018-08-01,98.98027038574219
2018-08-02,100.18167114257812
2018-08-03,100.61939239501953
2018-08-06,100.70321655273438
2018-08-07,101.40169525146484
2018-08-08,101.96979522705078
2018-08-09,102.137451171875
2018-08-10,101.51345825195312
2018-08-13,100.7777328491211
2018-08-14,102.03499603271484
2018-08-15,100.65133666992188
2018-08-16,100.63265228271484
2018-08-17,100.5765609741211
2018-08-20,99.91279602050781
2018-08-21,99.08073425292969
2018-08-22,100.09042358398438
2018-08-23,100.557861328125
2018-08-24,101.34317779541016
2018-08-27,102.46505737304688
2018-08-28,103.08210754394531
2018-08-29,104.72748565673828
2018-08-30,104.66207122802734
2018-08-31,105.01734924316406
2018-09-04,104.43768310546875
2018-09-05,101.42729187011719
2018-09-06,101.66102600097656
2018-09-07,101.16555786132812
2018-09-10,102.2593994140625
2018-09-11,103.9983139038086
2018-09-12,104.43768310546875
2018-09-13,105.5595932006836
2018-09-14,105.98961639404297
2018-09-17,104.83971405029297
2018-09-18,105.84005737304688
2018-09-19,104.42835235595703
2018-09-20,106.1766128540039
2018-09-21,106.82170104980469
2018-09-24,107.20498657226562
2018-09-25,106.99933624267578
2018-09-26,106.5599136352539
2018-09-27,106.96192932128906
2018-09-28,106.92453002929688
2018-10-01,108.08380126953125
2018-10-02,107.65375518798828
2018-10-03,107.67244720458984
2018-10-04,105.44739532470703
2018-10-05,104.83036041259766
2018-10-08,103.6336898803711
2018-10-09,104.95189666748047
2018-10-10,99.24898529052734
2018-10-11,99.01529693603516
2018-10-12,102.43701171875
2018-10-15,100.59525299072266
2018-10-16,103.77391815185547
2018-10-17,103.5027847290039
2018-10-18,101.43666076660156
2018-10-19,101.58624267578125
2018-10-22,102.49309539794922
2018-10-23,101.06269836425781
2018-10-24,95.65898895263672
2018-10-25,101.24966430664062
2018-10-26,99.99691772460938
2018-10-29,97.08938598632812
2018-10-30,96.97720336914062
2018-10-31,99.85668182373047
2018-11-01,99.02461242675781
2018-11-02,99.24898529052734
2018-11-05,100.51111602783203
2018-11-06,100.70745086669922
2018-11-07,104.67143249511719
2018-11-08,104.47508239746094
2018-11-09,102.43701171875
2018-11-12,99.91279602050781
2018-11-13,99.97820281982422
2018-11-14,98.56041717529297
2018-11-15,100.72937774658203
2018-11-16,101.67770385742188
2018-11-19,98.2317886352539
2018-11-20,95.49948120117188
2018-11-21,96.81399536132812
2018-11-23,96.77645111083984
2018-11-26,99.96885681152344
2018-11-27,100.5979232788086
2018-11-28,104.33489990234375
2018-11-29,103.4616928100586
2018-11-30,104.11894989013672
2018-12-03,105.24565124511719
2018-12-04,101.89366149902344
2018-12-06,102.52273559570312
2018-12-07,98.4195785522461
2018-12-10,101.02044677734375
2018-12-11,101.9593734741211
2018-12-12,102.41948699951172
2018-12-13,102.7668685913086
2018-12-14,99.55567932128906
2018-12-17,96.607421875
2018-12-18,97.6214828491211
2018-12-19,97.35858154296875
2018-12-20,95.31169128417969
2018-12-21,92.23199462890625
2018-12-24,88.38233184814453
2018-12-26,94.41970825195312
2018-12-27,95.0018310546875
2018-12-28,94.26008605957031
2018-12-31,95.3680191040039
2019-01-02,94.94551849365234
2019-01-03,91.45265197753906
2019-01-04,95.7060317993164
2019-01-07,95.82810974121094
2019-01-08,96.52294158935547
2019-01-09,97.90316772460938
2019-01-10,97.27410125732422
2019-01-11,96.52294158935547
2019-01-14,95.81871795654297
2019-01-15,98.59796905517578
2019-01-16,98.94538116455078
2019-01-17,99.6402359008789
2019-01-18,101.13311767578125
2019-01-22,99.2270736694336
2019-01-23,100.19417572021484
2019-01-24,99.71532440185547
2019-01-25,100.62608337402344
2019-01-28,98.66371154785156
2019-01-29,96.65438842773438
2019-01-30,99.88430786132812
2019-01-31,98.05341339111328
2019-02-01,96.5041275024414
2019-02-04,99.28340911865234
2019-02-05,100.67302703857422
2019-02-06,99.55567932128906
2019-02-07,98.84210968017578
2019-02-08,99.21766662597656
2019-02-11,98.82333374023438
2019-02-12,100.3631820678711
2019-02-13,100.28807067871094
2019-02-14,100.37256622314453
2019-02-15,101.61197662353516
2019-02-19,101.5650405883789
2019-02-20,101.03697204589844
2019-02-21,103.16803741455078
2019-02-22,104.63904571533203
2019-02-25,105.22368621826172
2019-02-26,105.94974517822266
2019-02-27,105.77059936523438
2019-02-28,105.63856506347656
2019-03-01,106.11003875732422
2019-03-04,105.85545349121094
2019-03-05,105.32740783691406
2019-03-06,105.37455749511719
2019-03-07,104.09211730957031
2019-03-08,104.20529174804688
2019-03-11,106.39293670654297
2019-03-12,107.13784790039062
2019-03-13,107.96764373779297
2019-03-14,108.05252075195312
2019-03-15,109.29719543457031
2019-03-18,110.8625259399414
2019-03-19,110.93794250488281
2019-03-20,110.81535339355469
2019-03-21,113.36134338378906
2019-03-22,110.37217712402344
2019-03-25,110.94738006591797
2019-03-26,111.18312072753906
2019-03-27,110.10813903808594
2019-03-28,110.2590103149414
2019-03-29,111.21141052246094
2019-04-01,112.22977447509766
2019-04-02,112.39006805419922
2019-04-03,113.1255874633789
2019-04-04,112.55036926269531
2019-04-05,113.05015563964844
2019-04-08,113.08785247802734
2019-04-09,112.47493743896484
2019-04-10,113.33302307128906
2019-04-11,113.4650650024414
2019-04-12,114.0496597290039
2019-04-15,114.14395904541016
2019-04-16,113.87993621826172
2019-04-17,114.82289123535156
2019-04-18,116.33160400390625
2019-04-22,116.69934844970703
2019-04-23,118.28351593017578
2019-04-24,117.87803649902344
2019-04-25,121.7818603515625
2019-04-26,122.47965240478516
2019-04-29,122.36649322509766
2019-04-30,123.14913940429688
2019-05-01,120.58431243896484
2019-05-02,119.00957489013672
2019-05-03,121.54610443115234
2019-05-06,120.83889770507812
2019-05-07,118.35894775390625
2019-05-08,118.3495101928711
2019-05-09,118.3401107788086
2019-05-10,119.8770980834961
2019-05-13,116.31275939941406
2019-05-14,117.614013671875
2019-05-15,119.27030181884766
2019-05-16,122.0244140625
2019-05-17,121.21051025390625
2019-05-20,119.45958709716797
2019-05-21,120.10314178466797
2019-05-22,120.83192443847656
2019-05-23,119.42170715332031
2019-05-24,119.4784927368164
2019-05-28,119.40277862548828
2019-05-29,118.24813842773438
2019-05-30,118.9958267211914
2019-05-31,117.05561828613281
2019-06-03,113.4212875366211
2019-06-04,116.56348419189453
2019-06-05,119.09046936035156
2019-06-06,120.973876953125
2019-06-07,124.36214447021484
2019-06-10,125.49788665771484
2019-06-11,125.02464294433594
2019-06-12,124.44732666015625
2019-06-13,125.23287963867188
2019-06-14,125.35588836669922
2019-06-17,125.73453521728516
2019-06-18,127.92076873779297
2019-06-19,128.42236328125
2019-06-20,129.6148681640625
2019-06-21,129.63381958007812
2019-06-24,130.40042114257812
2019-06-25,126.28337860107422
2019-06-26,126.75662994384766
2019-06-27,126.96485900878906
2019-06-28,126.7850341796875
2019-07-01,128.4128875732422
2019-07-02,129.26470947265625
2019-07-03,130.09750366210938
2019-07-05,129.718994140625
2019-07-08,129.62432861328125
2019-07-09,129.15109252929688
2019-07-10,130.46664428710938
2019-07-11,130.9871826171875
2019-07-12,131.46041870117188
2019-07-15,131.46041870117188
2019-07-16,129.7379150390625
2019-07-17,128.9713134765625
2019-07-18,129.11328125
2019-07-19,129.3025665283203
2019-07-22,131.0155792236328
2019-07-23,131.82952880859375
2019-07-24,133.18296813964844
2019-07-25,132.6813507080078
2019-07-26,133.7697296142578
2019-07-29,133.47634887695312
2019-07-30,132.83277893066406
2019-07-31,128.9713134765625
2019-08-01,130.6654510498047
2019-08-02,129.56753540039062
2019-08-05,125.1287612915039
2019-08-06,127.4759292602539
2019-08-07,128.0343017578125
2019-08-08,131.45095825195312
2019-08-09,130.3341827392578
2019-08-12,128.5170135498047
2019-08-13,131.17654418945312
2019-08-14,127.22615814208984
2019-08-15,126.94132232666016
2019-08-16,129.26780700683594
2019-08-19,131.43289184570312
2019-08-20,130.34088134765625
2019-08-21,131.793701171875
2019-08-22,130.8346405029297
2019-08-23,126.66592407226562
2019-08-26,128.6220703125
2019-08-27,128.89747619628906
2019-08-28,128.72657775878906
2019-08-29,131.1575164794922
2019-08-30,130.9105987548828
2019-09-03,129.18234252929688
2019-09-04,130.6922149658203
2019-09-05,132.990234375
2019-09-06,132.0880889892578
2019-09-09,130.5877685546875
2019-09-10,129.22035217285156
2019-09-11,129.25831604003906
2019-09-12,130.5877685546875
2019-09-13,130.3978271484375
2019-09-16,129.45773315429688
2019-09-17,130.46434020996094
2019-09-18,131.53733825683594
2019-09-19,133.95884704589844
2019-09-20,132.4109649658203
2019-09-23,132.12608337402344
2019-09-24,130.45480346679688
2019-09-25,132.33499145507812
2019-09-26,132.50592041015625
2019-09-27,130.7871551513672
2019-09-30,132.02163696289062
2019-10-01,130.16043090820312
2019-10-02,127.86243438720703
2019-10-03,129.4102325439453
2019-10-04,131.1575164794922
2019-10-07,130.20790100097656
2019-10-08,128.8309783935547
2019-10-09,131.271484375
2019-10-10,132.0880889892578
2019-10-11,132.63888549804688
2019-10-14,132.5154266357422
2019-10-15,134.43359375
2019-10-16,133.33206176757812
2019-10-17,132.6483612060547
2019-10-18,130.4833221435547
2019-10-21,131.45187377929688
2019-10-22,129.4957275390625
2019-10-23,130.3218536376953
2019-10-24,132.8857421875
2019-10-25,133.63589477539062
2019-10-28,136.92153930664062
2019-10-29,135.63009643554688
2019-10-30,137.32028198242188
2019-10-31,136.14285278320312
2019-11-01,136.47523498535156
2019-11-04,137.2633819580078
2019-11-05,137.1779327392578
2019-11-06,136.7980499267578
2019-11-07,136.98797607421875
2019-11-08,138.60231018066406
2019-11-11,138.7447052001953
2019-11-12,139.65635681152344
2019-11-13,139.8842315673828
2019-11-14,140.59642028808594
2019-11-15,142.41018676757812
2019-11-18,142.76150512695312
2019-11-19,142.8090057373047
2019-11-20,142.56129455566406
2019-11-21,142.4278564453125
2019-11-22,142.53265380859375
2019-11-25,144.0952606201172
2019-11-26,144.85755920410156
2019-11-27,145.13385009765625
2019-11-29,144.23822021484375
2019-12-02,142.49456787109375
2019-12-03,142.26585388183594
2019-12-04,142.78041076660156
2019-12-05,142.8566436767578
2019-12-06,144.59075927734375
2019-12-09,144.2191619873047
2019-12-10,143.99998474121094
2019-12-11,144.54315185546875
2019-12-12,146.01046752929688
2019-12-13,147.23959350585938
2019-12-16,148.19247436523438
2019-12-17,147.39207458496094
2019-12-18,147.08717346191406
2019-12-19,148.3639373779297
2019-12-20,149.98373413085938
2019-12-23,149.98373413085938
2019-12-24,149.9551544189453
2019-12-26,151.184326171875
2019-12-27,151.46060180664062
2019-12-30,150.1552276611328
2019-12-31,150.26007080078125
2020-01-02,153.04229736328125
2020-01-03,151.13665771484375
2020-01-06,151.52735900878906
2020-01-07,150.14573669433594
2020-01-08,152.53732299804688
2020-01-09,154.4429473876953
2020-01-10,153.72830200195312
2020-01-13,155.57679748535156
2020-01-14,154.48106384277344
2020-01-15,155.48155212402344
2020-01-16,158.3304901123047
2020-01-17,159.21658325195312
2020-01-21,158.64486694335938
2020-01-22,157.8826446533203
2020-01-23,158.85452270507812
2020-01-24,157.2537841796875
2020-01-27,154.6239776611328
2020-01-28,157.6539764404297
2020-01-29,160.11221313476562
2020-01-30,164.62863159179688
2020-01-31,162.1988983154297
2020-02-03,166.15316772460938
2020-02-04,171.62232971191406
2020-02-05,171.41270446777344
2020-02-06,174.9667510986328
2020-02-07,175.21449279785156
2020-02-10,179.7975311279297
2020-02-11,175.73851013183594
2020-02-12,175.9957733154297
2020-02-13,175.04298400878906
2020-02-14,176.60557556152344
2020-02-18,178.3968963623047
2020-02-19,178.93191528320312
2020-02-20,176.199462890625
2020-02-21,170.62928771972656
2020-02-24,163.27249145507812
2020-02-25,160.57821655273438
2020-02-26,162.5845947265625
2020-02-27,151.1290740966797
2020-02-28,154.78831481933594
2020-03-02,165.0878448486328
2020-03-03,157.17691040039062
2020-03-04,162.94769287109375
2020-03-05,158.85848999023438
2020-03-06,154.36798095703125
2020-03-09,143.9060821533203
2020-03-10,153.74693298339844
2020-03-11,146.7819061279297
2020-03-12,132.86138916015625
2020-03-13,151.75013732910156
2020-03-16,129.38363647460938
2020-03-17,140.03662109375
2020-03-18,134.1416473388672
2020-03-19,136.34864807128906
2020-03-20,131.22756958007812
2020-03-23,129.91864013671875
2020-03-24,141.72769165039062
2020-03-25,140.3710479736328
2020-03-26,149.1513671875
2020-03-27,143.02706909179688
2020-03-30,153.0876922607422
2020-03-31,150.68006896972656
2020-04-01,145.32965087890625
2020-04-02,148.33921813964844
2020-04-03,146.9729766845703
2020-04-06,157.90304565429688
2020-04-07,156.20236206054688
2020-04-08,157.76927185058594
2020-04-09,157.7788543701172
2020-04-13,158.13230895996094
2020-04-14,165.95730590820312
2020-04-15,164.2183837890625
2020-04-16,169.1483917236328
2020-04-17,170.6388702392578
2020-04-20,167.25665283203125
2020-04-21,160.33937072753906
2020-04-22,165.7852783203125
2020-04-23,163.77891540527344
2020-04-24,166.76937866210938
2020-04-27,166.2917022705078
2020-04-28,162.24066162109375
2020-04-29,169.52096557617188
2020-04-30,171.22166442871094
2020-05-01,166.78846740722656
2020-05-04,170.86813354492188
2020-05-05,172.7025604248047
2020-05-06,174.4032440185547
2020-05-07,175.41598510742188
2020-05-08,176.44781494140625
2020-05-11,178.41600036621094
2020-05-12,174.3745574951172
2020-05-13,171.73760986328125
2020-05-14,172.4827880859375
2020-05-15,174.99560546875
2020-05-18,176.66757202148438
2020-05-19,175.4446563720703
2020-05-20,177.878173828125
2020-05-21,175.7416229248047
2020-05-22,175.81826782226562
2020-05-26,173.95960998535156
2020-05-27,174.1895294189453
2020-05-28,173.79673767089844
2020-05-29,175.56918334960938
2020-06-01,175.16680908203125
2020-06-02,177.15960693359375
2020-06-03,177.5907440185547
2020-06-04,175.2530059814453
2020-06-05,179.3536376953125
2020-06-08,180.4650115966797
2020-06-09,181.8446502685547
2020-06-10,188.58953857421875
2020-06-11,178.46261596679688
2020-06-12,179.8710174560547
2020-06-15,181.02073669433594
2020-06-16,185.45668029785156
2020-06-17,186.09854125976562
2020-06-18,188.0913543701172
2020-06-19,186.97039794921875
2020-06-22,192.16326904296875
2020-06-23,193.4470672607422
2020-06-24,189.54762268066406
2020-06-25,191.94290161132812
2020-06-26,188.10096740722656
2020-06-29,190.1225128173828
2020-06-30,194.98001098632812
2020-07-01,196.12013244628906
2020-07-02,197.61474609375
2020-07-06,201.86865234375
2020-07-07,199.52134704589844
2020-07-08,203.9093780517578
2020-07-09,205.33694458007812
2020-07-10,204.7141571044922
2020-07-13,198.39077758789062
2020-07-14,199.61712646484375
2020-07-15,199.32017517089844
2020-07-16,195.372802734375
2020-07-17,194.37637329101562
2020-07-20,202.73092651367188
2020-07-21,200.0003662109375
2020-07-22,202.8746337890625
2020-07-23,194.05067443847656
2020-07-24,192.86265563964844
2020-07-27,195.30575561523438
2020-07-28,193.55247497558594
2020-07-29,195.5069580078125
2020-07-30,195.3536376953125
2020-07-31,196.4171142578125
2020-08-03,207.46385192871094
2020-08-04,204.35009765625
2020-08-05,204.0147705078125
2020-08-06,207.28184509277344
2020-08-07,203.5740509033203
2020-08-10,199.52134704589844
2020-08-11,194.85543823242188
2020-08-12,200.4219512939453
2020-08-13,199.95249938964844
2020-08-14,200.1440887451172
2020-08-17,201.4662628173828
2020-08-18,202.6255340576172
2020-08-19,201.39622497558594
2020-08-20,206.08297729492188
2020-08-21,204.5847625732422
2020-08-24,205.22821044921875
2020-08-25,207.89813232421875
2020-08-26,212.39283752441406
2020-08-27,217.60780334472656
2020-08-28,219.84556579589844
2020-08-31,216.59938049316406
2020-09-01,218.27049255371094
2020-09-02,222.47703552246094
2020-09-03,208.6953125
2020-09-04,205.7660369873047
2020-09-08,194.63497924804688
2020-09-09,202.9232635498047
2020-09-10,197.23764038085938
2020-09-11,195.95071411132812
2020-09-14,197.27610778808594
2020-09-15,200.5126495361328
2020-09-16,196.93035888671875
2020-09-17,194.87509155273438
2020-09-18,192.45486450195312
2020-09-21,194.51974487304688
2020-09-22,199.20648193359375
2020-09-23,192.6469268798828
2020-09-24,195.14404296875
2020-09-25,199.5906982421875
2020-09-28,201.1465301513672
2020-09-29,199.05284118652344
2020-09-30,202.00125122070312
2020-10-01,204.04693603515625
2020-10-02,198.0251922607422
2020-10-05,202.04931640625
2020-10-06,197.7563018798828
2020-10-07,201.5210723876953
2020-10-08,202.24136352539062
2020-10-09,207.2642364501953
2020-10-12,212.6328887939453
2020-10-13,214.03509521484375
2020-10-14,212.1143341064453
2020-10-15,210.9618377685547
2020-10-16,210.9618377685547
2020-10-19,205.7372283935547
2020-10-20,206.1501922607422
2020-10-21,206.29428100585938
2020-10-22,206.38070678710938
2020-10-23,207.66763305664062
2020-10-26,201.7611846923828
2020-10-27,204.8056640625
2020-10-28,194.6542205810547
2020-10-29,196.61343383789062
2020-10-30,194.45252990722656
2020-11-02,194.3180694580078
2020-11-03,198.25570678710938
2020-11-04,207.8212890625
2020-11-05,214.44810485839844
2020-11-06,214.86106872558594
2020-11-09,209.7421112060547
2020-11-10,202.6543426513672
2020-11-11,207.97499084472656
2020-11-12,206.90895080566406
2020-11-13,207.93653869628906
2020-11-16,208.62806701660156
2020-11-17,205.9677734375
2020-11-18,203.25233459472656
2020-11-19,204.54261779785156
2020-11-20,202.5879364013672
2020-11-23,202.3183135986328
2020-11-24,205.92919921875
2020-11-25,205.93885803222656
2020-11-27,207.2483673095703
2020-11-30,206.1314239501953
2020-12-01,208.1920623779297
2020-12-02,207.38319396972656
2020-12-03,206.29513549804688
2020-12-04,206.4106903076172
2020-12-07,206.3433074951172
2020-12-08,207.99948120117188
2020-12-09,203.94561767578125
2020-12-10,202.71311950683594
2020-12-11,205.35147094726562
2020-12-14,206.25660705566406
2020-12-15,206.18919372558594
2020-12-16,211.1482391357422
2020-12-17,211.28306579589844
2020-12-18,210.48382568359375
2020-12-21,214.33544921875
2020-12-22,215.63539123535156
2020-12-23,212.82373046875
2020-12-24,214.4895782470703
2020-12-28,216.6175994873047
2020-12-29,215.83766174316406
2020-12-30,213.459228515625
2020-12-31,214.17178344726562
2021-01-04,209.6171875
2021-01-05,209.81939697265625
2021-01-06,204.37892150878906
2021-01-07,210.19493103027344
2021-01-08,211.47561645507812
2021-01-11,209.42462158203125
2021-01-12,206.95956420898438
2021-01-13,208.31723022460938
2021-01-14,205.120361328125
2021-01-15,204.76406860351562
2021-01-19,208.41355895996094
2021-01-20,216.02056884765625
2021-01-21,216.6272430419922
2021-01-22,217.57086181640625
2021-01-25,221.0181121826172
2021-01-26,223.7142791748047
2021-01-27,224.26316833496094
2021-01-28,230.06951904296875
2021-01-29,223.35800170898438
2021-02-01,230.7628173828125
2021-02-02,230.62803649902344
2021-02-03,233.98858642578125
2021-02-04,233.03530883789062
2021-02-05,233.21824645996094
2021-02-08,233.47824096679688
2021-02-09,234.7300567626953
2021-02-10,233.81527709960938
2021-02-11,235.42333984375
2021-02-12,235.90480041503906
2021-02-16,234.66262817382812
2021-02-17,235.68569946289062
2021-02-18,235.2899932861328
2021-02-19,232.5682830810547
2021-02-22,226.33352661132812
2021-02-23,225.13673400878906
2021-02-24,226.3721466064453
2021-02-25,221.00596618652344
2021-02-26,224.27780151367188
2021-03-01,228.6787567138672
2021-03-02,225.7158203125
2021-03-03,219.6258544921875
2021-03-04,218.82476806640625
2021-03-05,223.52500915527344
2021-03-08,219.46177673339844
2021-03-09,225.62899780273438
2021-03-10,224.31639099121094
2021-03-11,228.86219787597656
2021-03-12,227.53030395507812
2021-03-15,226.623046875
2021-03-16,229.4219512939453
2021-03-17,228.77529907226562
2021-03-18,222.67568969726562
2021-03-19,222.3185577392578
2021-03-22,227.7619171142578
2021-03-23,229.2964630126953
2021-03-24,227.25039672851562
2021-03-25,224.2392120361328
2021-03-26,228.2348175048828
2021-03-29,227.0380859375
2021-03-30,223.7662811279297
2021-03-31,227.5496063232422
2021-04-01,233.90016174316406
2021-04-05,240.38584899902344
2021-04-06,239.2180938720703
2021-04-07,241.18690490722656
2021-04-08,244.42013549804688
2021-04-09,246.9294891357422
2021-04-12,246.98739624023438
2021-04-13,249.47740173339844
2021-04-14,246.67849731445312
2021-04-15,250.4522247314453
2021-04-16,251.64898681640625
2021-04-19,249.71873474121094
2021-04-20,249.25547790527344
2021-04-21,251.4945526123047
2021-04-22,248.20346069335938
2021-04-23,252.04469299316406
2021-04-26,252.43075561523438
2021-04-27,252.83609008789062
2021-04-28,245.68443298339844
2021-04-29,243.70594787597656
2021-04-30,243.3874053955078
2021-05-03,243.0785675048828
2021-05-04,239.1505126953125
2021-05-05,237.8765106201172
2021-05-06,241.02284240722656
2021-05-07,243.65765380859375
2021-05-10,238.56178283691406
2021-05-11,237.64486694335938
2021-05-12,230.66700744628906
2021-05-13,234.55642700195312
2021-05-14,239.49795532226562
2021-05-17,236.63148498535156
2021-05-18,234.60472106933594
2021-05-19,235.1851348876953
2021-05-20,238.4354705810547
2021-05-21,237.168212890625
2021-05-24,242.5951385498047
2021-05-25,243.50445556640625
2021-05-26,243.28199768066406
2021-05-27,241.17311096191406
2021-05-28,241.531005859375
2021-06-01,239.325439453125
2021-06-02,239.22869873046875
2021-06-03,237.69061279296875
2021-06-04,242.60479736328125
2021-06-07,245.52621459960938
2021-06-08,244.32676696777344
2021-06-09,245.3134002685547
2021-06-10,248.84429931640625
2021-06-11,249.47308349609375
2021-06-14,251.4077911376953
2021-06-15,249.927734375
2021-06-16,248.97972106933594
2021-06-17,252.38485717773438
2021-06-18,250.96279907226562
2021-06-21,254.05838012695312
2021-06-22,256.8443603515625
2021-06-23,256.6121826171875
2021-06-24,257.9858093261719
2021-06-25,256.3703308105469
2021-06-28,259.9495849609375
2021-06-29,262.54217529296875
2021-06-30,262.0584411621094
2021-07-01,262.73553466796875
2021-07-02,268.5881042480469
2021-07-06,268.59783935546875
2021-07-07,270.79376220703125
2021-07-08,268.36566162109375
2021-07-09,268.86871337890625
2021-07-12,268.2688903808594
2021-07-13,271.80950927734375
2021-07-14,273.2895812988281
2021-07-15,271.8577575683594
2021-07-16,271.5870056152344
2021-07-19,267.9691162109375
2021-07-20,270.2037048339844
2021-07-21,272.2157287597656
2021-07-22,276.801025390625
2021-07-23,280.2158508300781
2021-07-26,279.6160583496094
2021-07-27,277.18798828125
2021-07-28,276.8785095214844
2021-07-29,277.1493225097656
2021-07-30,275.6112060546875
2021-08-02,275.5240783691406
2021-08-03,277.7491455078125
2021-08-04,277.1590270996094
2021-08-05,280.07073974609375
2021-08-06,280.0127258300781
2021-08-09,278.9195251464844
2021-08-10,277.09124755859375
2021-08-11,277.58465576171875
2021-08-12,280.35125732421875
2021-08-13,283.2920837402344
2021-08-16,284.9849548339844
2021-08-17,283.51458740234375
2021-08-18,281.7796936035156
2021-08-19,287.6336975097656
2021-08-20,294.9900207519531
2021-08-23,295.2711486816406
2021-08-24,293.3036193847656
2021-08-25,292.71240234375
2021-08-26,289.8823547363281
2021-08-27,290.4928894042969
2021-08-30,294.2438049316406
2021-08-31,292.58642578125
2021-09-01,292.5379638671875
2021-09-02,291.8788757324219
2021-09-03,291.86920166015625
2021-09-07,290.9387512207031
2021-09-08,290.9677429199219
2021-09-09,288.0989685058594
2021-09-10,286.6063537597656
2021-09-13,287.84686279296875
2021-09-14,290.560791015625
2021-09-15,295.43597412109375
2021-09-16,295.8236083984375
2021-09-17,290.6383056640625
2021-09-20,285.2397155761719
2021-09-21,285.724365234375
2021-09-22,289.3879699707031
2021-09-23,290.33782958984375
2021-09-24,290.1342468261719
2021-09-27,285.11383056640625
2021-09-28,274.7916259765625
2021-09-29,275.2568054199219
2021-09-30,273.24090576171875
2021-10-01,280.19989013671875
2021-10-04,274.3941955566406
2021-10-05,279.870361328125
2021-10-06,284.0863342285156
2021-10-07,285.77288818359375
2021-10-08,285.77288818359375
2021-10-11,285.1719970703125
2021-10-12,283.8634948730469
2021-10-13,287.1878967285156
2021-10-14,293.42962646484375
2021-10-15,294.84466552734375
2021-10-18,297.8298645019531
2021-10-19,298.74090576171875
2021-10-20,297.9461669921875
2021-10-21,301.19305419921875
2021-10-22,299.6422424316406
2021-10-25,298.64398193359375
2021-10-26,300.56304931640625
2021-10-27,313.2210388183594
2021-10-28,314.3645935058594
2021-10-29,321.4108581542969
2021-11-01,319.2301025390625
2021-11-02,322.8743896484375
2021-11-03,323.717529296875
2021-11-04,326.0824279785156
2021-11-05,325.7141418457031
2021-11-08,326.61553955078125
2021-11-09,325.6075439453125
2021-11-10,320.6161193847656
2021-11-11,322.1958923339844
2021-11-12,326.3538818359375
2021-11-15,325.7237854003906
2021-11-16,329.05792236328125
2021-11-17,329.28125
2021-11-18,331.3689270019531
2021-11-19,333.1555480957031
2021-11-22,329.9707336425781
2021-11-23,327.88299560546875
2021-11-24,328.1063537597656
2021-11-26,320.1151123046875
2021-11-29,326.8634948730469
2021-11-30,320.998779296875
2021-12-01,320.5035095214844
2021-12-02,319.93060302734375
2021-12-03,313.6387023925781
2021-12-06,316.7264099121094
2021-12-07,325.2031555175781
2021-12-08,325.25164794921875
2021-12-09,323.4359130859375
2021-12-10,332.6020812988281
2021-12-13,329.55316162109375
2021-12-14,318.81402587890625
2021-12-15,324.9410095214844
2021-12-16,315.4737854003906
2021-12-17,314.40570068359375
2021-12-20,310.6286315917969
2021-12-21,317.79449462890625
2021-12-22,323.5329895019531
2021-12-23,324.97979736328125
2021-12-27,332.51470947265625
2021-12-28,331.3494873046875
2021-12-29,332.0291442871094
2021-12-30,329.4754333496094
2021-12-31,326.5625
2022-01-03,325.0380554199219
2022-01-04,319.4645690917969
2022-01-05,307.2010803222656
2022-01-06,304.7735900878906
2022-01-07,304.9289245605469
2022-01-10,305.1522521972656
2022-01-11,305.84161376953125
2022-01-12,309.0361633300781
2022-01-13,295.9569091796875
2022-01-14,301.2003479003906
2022-01-18,293.86932373046875
2022-01-19,294.52960205078125
2022-01-20,292.849853515625
2022-01-21,287.44140625
2022-01-24,287.7715148925781
2022-01-25,280.1201171875
2022-01-26,288.10162353515625
2022-01-27,291.1408996582031
2022-01-28,299.3166198730469
2022-01-31,301.95770263671875
2022-02-01,299.8021240234375
2022-02-02,304.3656921386719
2022-02-03,292.510009765625
2022-02-04,297.0638732910156
2022-02-07,292.2187194824219
2022-02-08,295.72393798828125
2022-02-09,302.1809997558594
2022-02-10,293.607177734375
2022-02-11,286.4801025390625
2022-02-14,286.4413146972656
2022-02-15,291.7526550292969
2022-02-16,291.41204833984375
2022-02-17,282.87890625
2022-02-18,280.1545104980469
2022-02-22,279.95013427734375
2022-02-23,272.70135498046875
2022-02-24,286.6346435546875
2022-02-25,289.28125
2022-02-28,290.7212829589844
2022-03-01,286.98486328125
2022-03-02,292.0834045410156
2022-03-03,287.9287109375
2022-03-04,282.0323791503906
2022-03-07,271.3780822753906
2022-03-08,268.40069580078125
2022-03-09,280.7091369628906
2022-03-10,277.8777160644531
2022-03-11,272.5067443847656
2022-03-14,268.9747619628906
2022-03-15,279.3955383300781
2022-03-16,286.4400329589844
2022-03-17,287.2476501464844
2022-03-18,292.31695556640625
2022-03-21,291.0812683105469
2022-03-22,295.848876953125
2022-03-23,291.40228271484375
2022-03-24,295.88787841796875
2022-03-25,295.47918701171875
2022-03-28,302.30963134765625
2022-03-29,306.8924560546875
2022-03-30,305.3842468261719
2022-03-31,299.98419189453125
2022-04-01,301.064208984375
2022-04-04,306.46435546875
2022-04-05,302.4847717285156
2022-04-06,291.41204833984375
2022-04-07,293.2315673828125
2022-04-08,288.95037841796875
2022-04-11,277.556640625
2022-04-12,274.4430236816406
2022-04-13,279.8529052734375
2022-04-14,272.2731628417969
2022-04-18,272.9446105957031
2022-04-19,277.5954895019531
2022-04-20,278.6269226074219
2022-04-21,273.226806640625
2022-04-22,266.6298828125
2022-04-25,273.13922119140625
2022-04-26,262.9227294921875
2022-04-27,275.5716857910156
2022-04-28,281.80859375
2022-04-29,270.0256042480469
2022-05-02,276.78790283203125
2022-05-03,274.170654296875
2022-05-04,282.1491394042969
2022-05-05,269.8602600097656
2022-05-06,267.3109436035156
2022-05-09,257.43511962890625
2022-05-10,262.2221984863281
2022-05-11,253.51388549804688
2022-05-12,248.45431518554688
2022-05-13,254.0685272216797
2022-05-16,254.4382781982422
2022-05-17,259.61456298828125
2022-05-18,247.79446411132812
2022-05-19,246.877685546875
2022-05-20,246.31202697753906
2022-05-23,254.20187377929688
2022-05-24,253.1973876953125
2022-05-25,256.025634765625
2022-05-26,259.322021484375
2022-05-27,266.4803466796875
2022-05-31,265.14434814453125
2022-06-01,265.6807556152344
2022-06-02,267.78729248046875
2022-06-03,263.3400573730469
2022-06-06,262.10150146484375
2022-06-07,265.75872802734375
2022-06-08,263.7204284667969
2022-06-09,258.23944091796875
2022-06-10,246.73138427734375
2022-06-13,236.26686096191406
2022-06-14,238.441650390625
2022-06-15,245.53179931640625
2022-06-16,238.90977478027344
2022-06-17,241.5234832763672
2022-06-21,247.46286010742188
2022-06-22,246.86793518066406
2022-06-23,252.45619201660156
2022-06-24,261.0775451660156
2022-06-27,258.3369445800781
2022-06-28,250.1350555419922
2022-06-29,253.82150268554688
2022-06-30,250.47637939453125
2022-07-01,253.15834045410156
2022-07-05,256.34747314453125
2022-07-06,259.62432861328125
2022-07-07,261.76019287109375
2022-07-08,261.0384216308594
2022-07-11,257.9664001464844
2022-07-12,247.39454650878906
2022-07-13,246.46807861328125
2022-07-14,247.79446411132812
2022-07-15,250.36907958984375
2022-07-18,247.96022033691406
2022-07-19,253.10960388183594
2022-07-20,255.7817840576172
2022-07-21,258.2882385253906
2022-07-22,253.9190673828125
2022-07-25,252.4268798828125
2022-07-26,245.6683349609375
2022-07-27,262.0917053222656
2022-07-28,269.5719909667969
2022-07-29,273.79486083984375
2022-08-01,271.1324462890625
2022-08-02,268.0213317871094
2022-08-03,275.48211669921875
2022-08-04,276.63287353515625
2022-08-05,275.9112243652344
2022-08-08,273.38525390625
2022-08-09,275.3162536621094
2022-08-10,282.0065612792969
2022-08-11,279.9194641113281
2022-08-12,284.6885681152344
2022-08-15,286.2099609375
2022-08-16,285.4687194824219
2022-08-17,284.7162170410156
2022-08-18,283.59228515625
2022-08-19,279.6634216308594
2022-08-22,271.45379638671875
2022-08-23,270.1734924316406
2022-08-24,269.5382995605469
2022-08-25,272.5289001464844
2022-08-26,262.0128173828125
2022-08-29,259.2176208496094
2022-08-30,257.00885009765625
2022-08-31,255.5428466796875
2022-09-01,254.49708557128906
2022-09-02,250.25550842285156
2022-09-06,247.50918579101562
2022-09-07,252.23951721191406
2022-09-08,252.65972900390625
2022-09-09,258.465087890625
2022-09-12,260.60540771484375
2022-09-13,246.2777557373047
2022-09-14,246.5025634765625
2022-09-15,239.8175811767578
2022-09-16,239.19210815429688
2022-09-19,238.9770965576172
2022-09-20,236.95404052734375
2022-09-21,233.53334045410156
2022-09-22,235.517333984375
2022-09-23,232.52671813964844
2022-09-26,232.06736755371094
2022-09-27,231.0509490966797
2022-09-28,235.60533142089844
2022-09-29,232.11622619628906
2022-09-30,227.62049865722656
2022-10-03,235.28280639648438
2022-10-04,243.23825073242188
2022-10-05,243.5509796142578
2022-10-06,241.19564819335938
2022-10-07,228.9301300048828
2022-10-10,224.0532684326172
2022-10-11,220.30030822753906
2022-10-12,220.63258361816406
2022-10-13,228.9301300048828
2022-10-14,223.37889099121094
2022-10-17,232.1455535888672
2022-10-18,233.0935516357422
2022-10-19,231.11936950683594
2022-10-20,230.7968292236328
2022-10-21,236.63148498535156
2022-10-24,241.6452178955078
2022-10-25,244.9779052734375
2022-10-26,226.07632446289062
2022-10-27,221.60992431640625
2022-10-28,230.52316284179688
2022-10-31,226.8679656982422
2022-11-01,222.9977264404297
2022-11-02,215.1106719970703
2022-11-03,209.3932647705078
2022-11-04,216.3714141845703
2022-11-07,222.7045135498047
2022-11-08,223.6818389892578
2022-11-09,219.42068481445312
2022-11-10,237.4720001220703
2022-11-11,241.50839233398438
2022-11-14,236.07443237304688
2022-11-15,236.4849090576172
2022-11-16,236.91610717773438
2022-11-17,236.86712646484375
2022-11-18,236.4163055419922
2022-11-21,237.22975158691406
2022-11-22,240.15040588378906
2022-11-23,242.64964294433594
2022-11-25,242.5614471435547
2022-11-28,236.94554138183594
2022-11-29,235.54403686523438
2022-11-30,250.05906677246094
2022-12-01,249.61805725097656
2022-12-02,249.9414825439453
2022-12-05,245.21746826171875
2022-12-06,240.23861694335938
2022-12-07,239.50355529785156
2022-12-08,242.4732208251953
2022-12-09,240.53262329101562
2022-12-12,247.48146057128906
2022-12-13,251.8036346435547
2022-12-14,252.09767150878906
2022-12-15,244.0511474609375
2022-12-16,239.81716918945312
2022-12-19,235.66163635253906
2022-12-20,236.9847412109375
2022-12-21,239.56234741210938
2022-12-22,233.44664001464844
2022-12-23,233.97589111328125
2022-12-27,232.24114990234375
2022-12-28,229.8594970703125
2022-12-29,236.21046447753906
2022-12-30,235.04417419433594
2023-01-03,234.8089599609375
2023-01-04,224.5376434326172
2023-01-05,217.88287353515625
2023-01-06,220.45068359375
2023-01-09,222.5970916748047
2023-01-10,224.29263305664062
2023-01-11,231.0748291015625
2023-01-12,233.76023864746094
2023-01-13,234.46591186523438
2023-01-17,235.56361389160156
2023-01-18,231.114013671875
2023-01-19,227.31129455566406
2023-01-20,235.43621826171875
2023-01-23,237.7491912841797
2023-01-24,237.219970703125
2023-01-25,235.8184356689453
2023-01-26,243.06124877929688
2023-01-27,243.21807861328125
2023-01-30,237.87660217285156
2023-01-31,242.87503051757812
2023-02-01,247.7166748046875
2023-02-02,259.3306579589844
2023-02-03,253.2051544189453
2023-02-06,251.65660095214844
2023-02-07,262.2317199707031
2023-02-08,261.4183044433594
2023-02-09,258.3702087402344
2023-02-10,257.860595703125
2023-02-13,265.9168701171875
2023-02-14,266.75
2023-02-15,264.61785888671875
2023-02-16,257.5730285644531
2023-02-17,253.55442810058594
2023-02-21,248.25851440429688
2023-02-22,247.1187744140625
2023-02-23,250.32188415527344
2023-02-24,244.86874389648438
2023-02-27,245.79234313964844
2023-02-28,245.0652618408203
2023-03-01,241.97027587890625
2023-03-02,246.7257843017578
2023-03-03,250.83277893066406
2023-03-06,252.3852081298828
2023-03-07,249.71266174316406
2023-03-08,249.2705535888672
2023-03-09,247.9146728515625
2023-03-10,244.249755859375
2023-03-13,249.4866943359375
2023-03-14,256.23675537109375
2023-03-15,260.80560302734375
2023-03-16,271.3777160644531
2023-03-17,274.5513000488281
2023-03-20,267.4770202636719
2023-03-21,269.0
2023-03-22,267.53594970703125
2023-03-23,272.812255859375
2023-03-24,275.6714172363281
2023-03-27,271.5545654296875
2023-03-28,270.4247131347656
2023-03-29,275.6124572753906
2023-03-30,279.0906677246094
2023-03-31,283.2664489746094
2023-04-03,282.2151794433594
2023-04-04,282.1659851074219
2023-04-05,279.3755798339844
2023-04-06,286.5087890625
2023-04-10,284.33746337890625
2023-04-11,277.8919677734375
2023-04-12,278.5404357910156
2023-04-13,284.7795715332031
2023-04-14,281.1441955566406
2023-04-17,283.75775146484375
2023-04-18,283.3352355957031
2023-04-19,283.41387939453125
2023-04-20,281.1146545410156
2023-04-21,280.77081298828125
2023-04-24,276.8504333496094
2023-04-25,270.611328125
2023-04-26,290.2130432128906
2023-04-27,299.5078430175781
2023-04-28,301.8954162597656
2023-05-01,300.2251281738281
2023-05-02,300.0777587890625
2023-05-03,299.0853271484375
2023-05-04,300.0777587890625
2023-05-05,305.22625732421875
2023-05-08,303.2611389160156
2023-05-09,301.63995361328125
2023-05-10,306.85723876953125
2023-05-11,304.6956481933594
2023-05-12,303.5755615234375
2023-05-15,304.05694580078125
2023-05-16,306.2972106933594
2023-05-17,309.1921691894531
2023-05-18,313.6429748535156
2023-05-19,313.4657287597656
2023-05-22,316.26226806640625
2023-05-23,310.43292236328125
2023-05-24,309.04443359375
2023-05-25,320.9296875
2023-05-26,327.7929992675781
2023-05-30,326.1386413574219
2023-05-31,323.3618469238281
2023-06-01,327.4877014160156
2023-06-02,330.2644958496094
2023-06-05,330.7962341308594
2023-06-06,328.57086181640625
2023-06-07,318.4285583496094
2023-06-08,320.2797546386719
2023-06-09,321.7863464355469
2023-06-12,326.76885986328125
2023-06-13,329.1715087890625
2023-06-14,332.1748352050781
2023-06-15,342.77008056640625
2023-06-16,337.08837890625
2023-06-20,332.8739318847656
2023-06-21,328.4526672363281
2023-06-22,334.5085144042969
2023-06-23,329.89031982421875
2023-06-26,323.5686340332031
2023-06-27,329.44720458984375
2023-06-28,330.7076416015625
2023-06-29,329.91986083984375
2023-06-30,335.3258361816406
2023-07-03,332.8148498535156
2023-07-05,332.9723815917969
2023-07-06,336.04461669921875
2023-07-07,332.0566711425781
2023-07-10,326.7491760253906
2023-07-11,327.37939453125
2023-07-12,332.0369567871094
2023-07-13,337.41339111328125
2023-07-14,339.953857421875
2023-07-17,340.4363708496094
2023-07-18,353.9856872558594
2023-07-19,349.6432189941406
2023-07-20,341.55889892578125
2023-07-21,338.5063171386719
2023-07-24,339.8258361816406
2023-07-25,345.60595703125
2023-07-26,332.59820556640625
2023-07-27,325.65618896484375
2023-07-28,333.1890563964844
2023-07-31,330.77655029296875
2023-08-01,331.19012451171875
2023-08-02,322.4854736328125
2023-08-03,321.6583557128906
2023-08-04,322.76123046875
2023-08-07,325.0555114746094
2023-08-08,321.0577087402344
2023-08-09,317.2961730957031
2023-08-10,317.9854431152344
2023-08-11,316.0948486328125
2023-08-14,319.0784606933594
2023-08-15,316.9318542480469
2023-08-16,316.1621398925781
2023-08-17,312.6887512207031
2023-08-18,312.29400634765625
2023-08-21,317.6225891113281
2023-08-22,318.19488525390625
2023-08-23,322.6748962402344
2023-08-24,315.7378234863281
2023-08-25,318.7080078125
2023-08-28,319.4185485839844
2023-08-29,324.06622314453125
2023-08-30,324.4411926269531
2023-08-31,323.4248352050781
2023-09-01,324.3128967285156
2023-09-05,329.13824462890625
2023-09-06,328.47711181640625
2023-09-07,325.5463562011719
2023-09-08,329.84869384765625
2023-09-11,333.47015380859375
2023-09-12,327.38177490234375
2023-09-13,331.6150207519531
2023-09-14,334.2201232910156
2023-09-15,325.852294921875
2023-09-18,324.7076416015625
2023-09-19,324.3030090332031
2023-09-20,316.5272521972656
2023-09-21,315.3036804199219
2023-09-22,312.8170166015625
2023-09-25,313.3399963378906
2023-09-26,308.0114440917969
2023-09-27,308.65283203125
2023-09-28,309.4915771484375
2023-09-29,311.5736389160156
2023-10-02,317.5436096191406
2023-10-03,309.2449035644531
2023-10-04,314.7412109375
2023-10-05,315.1358642578125
2023-10-06,322.9314270019531
2023-10-09,325.4575500488281
2023-10-10,324.0464782714844
2023-10-11,328.023193359375
2023-10-12,326.7798156738281
2023-10-13,323.3952331542969
2023-10-16,328.2402648925781
2023-10-17,327.6679382324219
2023-10-18,325.74371337890625
2023-10-19,326.937744140625
2023-10-20,322.3492126464844
2023-10-23,324.96417236328125
2023-10-24,326.15814208984375
2023-10-25,336.1640319824219
2023-10-26,323.5531005859375
2023-10-27,325.44769287109375
2023-10-30,332.8484802246094
2023-10-31,333.63787841796875
2023-11-01,341.49267578125
2023-11-02,343.7129211425781
2023-11-03,348.1335754394531
2023-11-06,351.81427001953125
2023-11-07,355.7613525390625
2023-11-08,358.3960876464844
2023-11-09,355.9192810058594
2023-11-10,364.7804870605469
2023-11-13,361.83001708984375
2023-11-14,365.3725280761719
2023-11-15,365.5208435058594
2023-11-16,371.9479675292969
2023-11-17,365.69891357421875
2023-11-20,373.20367431640625
2023-11-21,368.8827209472656
2023-11-22,373.6091003417969
2023-11-24,373.1937255859375
2023-11-27,374.36053466796875
2023-11-28,378.40460205078125
2023-11-29,374.59783935546875
2023-11-30,374.6571960449219
2023-12-01,370.3065490722656
2023-12-04,364.996826171875
2023-12-05,368.3388671875
2023-12-06,364.6606140136719
2023-12-07,366.7864990234375
2023-12-08,370.0296630859375
2023-12-11,367.1325378417969
2023-12-12,370.1780090332031
2023-12-13,370.1680908203125
2023-12-14,361.8228454589844
2023-12-15,366.5689697265625
2023-12-18,368.4674072265625
2023-12-19,369.070556640625
2023-12-20,366.460205078125
2023-12-21,369.347412109375
2023-12-22,370.3757629394531
2023-12-26,370.4548645019531
2023-12-27,369.87152099609375
2023-12-28,371.06793212890625
2023-12-29,371.8193664550781
2024-01-02,366.7073669433594
2024-01-03,366.4404602050781
2024-01-04,363.81024169921875
2024-01-05,363.6224365234375
2024-01-08,370.4845275878906
2024-01-09,371.5721435546875
2024-01-10,378.4737854003906
2024-01-11,380.3129577636719
2024-01-12,384.10986328125
2024-01-16,385.8896179199219
2024-01-17,385.0986633300781
2024-01-18,389.44921875
2024-01-19,394.19537353515625
2024-01-22,392.05963134765625
2024-01-23,394.42279052734375
2024-01-24,398.0417175292969
2024-01-25,400.3257751464844
2024-01-26,399.3963317871094
2024-01-29,405.1213073730469
2024-01-30,404.0039978027344
2024-01-31,393.11761474609375
2024-02-01,399.2480163574219
2024-02-02,406.6044921875
2024-02-05,401.09698486328125
2024-02-06,400.9388427734375
2024-02-07,409.40277099609375
2024-02-08,409.4620666503906
2024-02-09,415.82977294921875
2024-02-12,410.59918212890625
2024-02-13,401.759521484375
2024-02-14,405.6426696777344
2024-02-15,402.7402038574219
2024-02-16,400.2636413574219
2024-02-20,399.005615234375
2024-02-21,398.4013366699219
2024-02-22,407.7823791503906
2024-02-23,406.48468017578125
2024-02-26,403.7110290527344
2024-02-27,403.65155029296875
2024-02-28,403.8892822265625
2024-02-29,409.7536926269531
2024-03-01,411.5962219238281
2024-03-04,411.0216979980469
2024-03-05,398.8669128417969
2024-03-06,398.31219482421875
2024-03-07,405.2960205078125
2024-03-08,402.4034118652344
2024-03-11,400.7193603515625
2024-03-12,411.3782653808594
2024-03-13,411.199951171875
2024-03-14,421.2248840332031
2024-03-15,412.5075988769531
2024-03-18,413.39910888671875
2024-03-19,417.4507141113281
2024-03-20,421.2348327636719
2024-03-21,425.33587646484375
2024-03-22,424.7118225097656
2024-03-25,418.8870544433594
2024-03-26,417.6883850097656
2024-03-27,417.470458984375
2024-03-28,416.76715087890625
2024-04-01,420.58099365234375
2024-04-02,417.4804382324219
2024-04-03,416.4997253417969
2024-04-04,413.953857421875
2024-04-05,421.5220642089844
2024-04-08,420.6007995605469
2024-04-09,422.27490234375
2024-04-10,419.2832946777344
2024-04-11,423.909423828125
2024-04-12,417.93609619140625
2024-04-15,409.7536926269531
2024-04-16,410.6848449707031
2024-04-17,407.9705810546875
2024-04-18,400.47174072265625
2024-04-19,395.3701171875
2024-04-22,397.19281005859375
2024-04-23,403.74072265625
2024-04-24,405.2167053222656
2024-04-25,395.29083251953125
2024-04-26,402.50250244140625
2024-04-29,398.4707336425781
2024-04-30,385.6720886230469
2024-05-01,391.2293701171875
2024-05-02,394.1021423339844
2024-05-03,402.8392639160156
2024-05-06,409.6546325683594
2024-05-07,405.49407958984375
2024-05-08,406.6828308105469
2024-05-09,408.44610595703125
2024-05-10,410.84332275390625
2024-05-13,409.8329162597656
2024-05-14,412.646240234375
2024-05-15,419.8609313964844
2024-05-16,417.7868347167969
2024-05-17,417.01275634765625
2024-05-20,422.1037292480469
2024-05-21,425.7756042480469
2024-05-22,427.24432373046875
2024-05-23,423.7511291503906
2024-05-24,426.8870849609375
2024-05-28,427.0458679199219
2024-05-29,425.9046325683594
2024-05-30,411.5149230957031
2024-05-31,411.971435546875
2024-06-03,410.3736572265625
2024-06-04,412.904296875
2024-06-05,420.78387451171875
2024-06-06,421.2899475097656
2024-06-07,420.6250915527344
2024-06-10,424.614501953125
2024-06-11,429.38787841796875
2024-06-12,437.7041320800781
2024-06-13,438.2201843261719
2024-06-14,439.2026672363281
2024-06-17,444.9585266113281
2024-06-18,442.9439697265625
2024-06-20,442.3088684082031
2024-06-21,446.3577880859375
2024-06-24,444.26385498046875
2024-06-25,447.5188903808594
2024-06-26,448.71966552734375
2024-06-27,449.4044494628906
2024-06-28,443.54931640625
2024-07-01,453.2549133300781
2024-07-02,455.7854919433594
2024-07-03,457.26416015625
2024-07-05,464.00250244140625
2024-07-08,462.69256591796875
2024-07-09,456.0435485839844
2024-07-10,462.7024841308594
2024-07-11,451.2403869628906
2024-07-12,450.0990905761719
2024-07-15,450.5059814453125
2024-07-16,446.0997619628906
2024-07-17,440.1454162597656
2024-07-18,437.0194091796875
2024-07-19,433.7841796875
2024-07-22,439.5698547363281
2024-07-23,441.46533203125
2024-07-24,425.63665771484375
2024-07-25,415.216552734375
2024-07-26,422.0342712402344
2024-07-29,423.4831848144531
2024-07-30,419.7021789550781
2024-07-31,415.1669616699219
2024-08-01,413.93634033203125
2024-08-02,405.3819580078125
2024-08-05,392.1434631347656
2024-08-06,396.56951904296875
2024-08-07,395.3984680175781
2024-08-08,399.6260681152344
2024-08-09,402.9307556152344
2024-08-12,403.7147521972656
2024-08-13,410.8599853515625
2024-08-14,413.6882629394531
2024-08-15,418.5796203613281
2024-08-16,416.0345458984375
2024-08-19,419.0767517089844
2024-08-20,422.32769775390625
2024-08-21,421.6715393066406
2024-08-22,413.13153076171875
2024-08-23,414.36431884765625
2024-08-26,411.08349609375
2024-08-27,411.43145751953125
2024-08-28,408.2103576660156
2024-08-29,410.7156982421875
2024-08-30,414.7122802734375
2024-09-03,407.0570983886719
2024-09-04,406.5202331542969
2024-09-05,406.01318359375
2024-09-06,399.3621520996094
2024-09-09,403.3587341308594
2024-09-10,411.7893981933594
2024-09-11,420.57794189453125
2024-09-12,424.514892578125
2024-09-13,428.0840148925781
2024-09-16,428.82965087890625
2024-09-17,432.6174621582031
2024-09-18,428.302734375
2024-09-19,436.1368713378906
2024-09-20,432.73675537109375
2024-09-23,430.9870300292969
2024-09-24,426.67230224609375
2024-09-25,429.59515380859375
2024-09-26,428.7998352050781
2024-09-27,425.5289306640625
2024-09-30,427.7956848144531
2024-10-01,418.24163818359375
2024-10-02,414.70233154296875
2024-10-03,414.11578369140625
2024-10-04,413.6385803222656
2024-10-07,407.1565246582031
2024-10-08,412.2964172363281
2024-10-09,415.0303955078125
2024-10-10,413.41986083984375
2024-10-11,413.89703369140625
2024-10-14,416.7006530761719
2024-10-15,416.3029479980469
2024-10-16,413.6982116699219
2024-10-17,414.2947082519531
2024-10-18,415.7263488769531
2024-10-21,416.3427429199219
2024-10-22,425.0219421386719
2024-10-23,422.1288757324219
2024-10-24,422.25811767578125
2024-10-25,425.658203125
2024-10-28,424.1072692871094
2024-10-29,429.43609619140625
2024-10-30,430.0127258300781
2024-10-31,403.9850769042969
2024-11-01,407.981689453125
2024-11-04,406.0827941894531
2024-11-05,409.0653381347656
2024-11-06,417.73455810546875
2024-11-07,422.9540100097656
2024-11-08,420.0808410644531
2024-11-11,415.57720947265625
2024-11-12,420.5679931640625
2024-11-13,422.7253723144531
2024-11-14,424.4055480957031
2024-11-15,412.5847473144531
2024-11-18,413.34033203125
2024-11-19,415.3584899902344
2024-11-20,413.0718688964844
2024-11-21,411.2887268066406
2024-11-22,415.4029235839844
2024-11-25,417.1860656738281
2024-11-26,426.350830078125
2024-11-27,421.3699951171875
2024-11-29,421.8381652832031
2024-12-02,429.32940673828125
2024-12-03,429.5485534667969
2024-12-04,435.7447204589844
2024-12-05,440.9247741699219
2024-12-06,441.87115478515625
2024-12-09,444.3117370605469
2024-12-10,441.632080078125
2024-12-11,447.2704162597656
2024-12-12,447.83819580078125
2024-12-13,445.5569763183594
2024-12-16,449.8604431152344
2024-12-17,452.7194519042969
2024-12-18,435.71484375
2024-12-19,435.356201171875
2024-12-20,434.9278564453125
2024-12-23,433.5830383300781
2024-12-24,437.6473693847656
2024-12-26,436.43206787109375
2024-12-27,428.881103515625
2024-12-30,423.2029113769531
2024-12-31,419.88568115234375
2025-01-02,416.97686767578125
2025-01-03,421.7286071777344
2025-01-06,426.21136474609375
2025-01-07,420.7523498535156
2025-01-08,422.9339904785156
2025-01-10,417.345458984375
2025-01-13,415.5921936035156
2025-01-14,414.0780334472656
2025-01-15,424.6772766113281
2025-01-16,422.953857421875
2025-01-17,427.3868713378906
2025-01-21,426.8588562011719
2025-01-22,444.4911193847656
2025-01-23,444.9991149902344
2025-01-24,442.3592834472656
2025-01-27,432.8956604003906
2025-01-28,445.4872741699219
2025-01-29,440.6358947753906
2025-01-30,413.4006042480469
2025-01-31,413.4703674316406
2025-02-03,409.3462219238281
2025-02-04,410.7906494140625
2025-02-05,411.7071533203125
2025-02-06,414.2274475097656
2025-02-07,408.1806945800781
2025-02-10,410.6412353515625
2025-02-11,409.8642272949219
2025-02-12,407.4734191894531
2025-02-13,408.9676818847656
2025-02-14,406.86572265625
2025-02-18,408.0711364746094
2025-02-19,413.18145751953125
2025-02-20,415.3674621582031
2025-02-21,407.4619445800781
2025-02-24,403.2596740722656
2025-02-25,397.17083740234375
2025-02-26,398.99749755859375
2025-02-27,391.8106994628906
2025-02-28,396.26251220703125
2025-03-03,387.778076171875
2025-03-04,387.8978576660156
2025-03-05,400.2851257324219
2025-03-06,396.1627197265625
2025-03-07,392.5892639160156
2025-03-10,379.46337890625
2025-03-11,379.7528381347656
2025-03-12,382.5676574707031
2025-03-13,378.0758972167969
2025-03-14,387.84796142578125
2025-03-17,387.98773193359375
2025-03-18,382.81719970703125
2025-03-19,387.1093444824219
2025-03-20,386.131103515625
2025-03-21,390.54302978515625
2025-03-24,392.35968017578125
2025-03-25,394.4358825683594
2025-03-26,389.2554016113281
2025-03-27,389.8642578125
2025-03-28,378.1058349609375
2025-03-31,374.7021179199219
2025-04-01,381.4896545410156
2025-04-02,381.43975830078125
2025-04-03,372.42626953125
2025-04-04,359.18060302734375
2025-04-07,357.2042236328125
2025-04-08,353.9102783203125
2025-04-09,389.7744140625
2025-04-10,380.65118408203125
2025-04-11,387.7381896972656
2025-04-14,387.0993347167969
2025-04-15,385.0231628417969
2025-04-16,370.92901611328125
2025-04-17,367.1060485839844
2025-04-21,358.4619140625
2025-04-22,366.1478271484375
2025-04-23,373.7039489746094
2025-04-24,386.59027099609375
2025-04-25,391.1319580078125
2025-04-28,390.4432067871094
2025-04-29,393.31793212890625
2025-04-30,394.53570556640625
2025-05-01,424.6204528808594
2025-05-02,434.48236083984375
2025-05-05,435.3707275390625
2025-05-06,432.5159606933594
2025-05-07,432.555908203125
2025-05-08,437.3670654296875
2025-05-09,437.9260559082031
2025-05-12,448.4367370605469
2025-05-13,448.3169860839844
2025-05-14,452.1099853515625
2025-05-15,453.1300048828125
2025-05-16,454.2699890136719
2025-05-19,458.8699951171875
2025-05-20,458.1700134277344
2025-05-21,452.57000732421875
2025-05-22,454.8599853515625
2025-05-23,450.17999267578125
2025-05-27,460.69000244140625
2025-05-28,457.3599853515625
2025-05-29,458.67999267578125
2025-05-30,460.3599853515625
2025-06-02,461.9700012207031
2025-06-03,462.9700012207031
2025-06-04,463.8699951171875
2025-06-05,467.67999267578125
2025-06-06,470.3800048828125
2025-06-09,472.75
2025-06-10,470.9200134277344
2025-06-11,472.6199951171875
2025-06-12,478.8699951171875
2025-06-13,474.9599914550781
2025-06-16,479.1400146484375
2025-06-17,478.0400085449219
2025-06-18,480.239990234375
2025-06-20,477.3999938964844
2025-06-23,486.0
2025-06-24,490.1099853515625
2025-06-25,492.2699890136719
2025-06-26,497.45001220703125
2025-06-27,495.94000244140625
2025-06-30,497.4100036621094
2025-07-01,492.04998779296875
2025-07-02,491.0899963378906
2025-07-03,498.8399963378906
2025-07-07,497.7200012207031
2025-07-08,496.6199951171875
2025-07-09,503.510009765625
2025-07-10,501.4800109863281
2025-07-11,503.32000732421875
