Date,Close
,T
2000-01-03,6.392261981964111
2000-01-04,6.018248558044434
2000-01-05,6.111751079559326
2000-01-06,5.993334770202637
2000-01-07,6.044703483581543
2000-01-10,6.130322456359863
2000-01-11,6.044703483581543
2000-01-12,5.727912425994873
2000-01-13,5.590921401977539
2000-01-14,5.753600120544434
2000-01-18,5.633728981018066
2000-01-19,5.556676864624023
2000-01-20,5.6166090965271
2000-01-21,5.890588283538818
2000-01-24,5.753600120544434
2000-01-25,5.479619026184082
2000-01-26,5.479619026184082
2000-01-27,5.342629432678223
2000-01-28,5.376877784729004
2000-01-31,5.873465538024902
2000-02-01,5.804973125457764
2000-02-02,5.8220930099487305
2000-02-03,5.753600120544434
2000-02-04,5.753600120544434
2000-02-07,5.736473560333252
2000-02-08,5.762162208557129
2000-02-09,5.839217662811279
2000-02-10,5.770725250244141
2000-02-11,5.539549827575684
2000-02-14,5.599486827850342
2000-02-15,5.5738019943237305
2000-02-16,5.351187705993652
2000-02-17,5.479619026184082
2000-02-18,5.239883899688721
2000-02-22,5.00015115737915
2000-02-23,4.897409439086914
2000-02-24,4.863160133361816
2000-02-25,4.854598045349121
2000-02-28,5.068646430969238
2000-02-29,5.171391487121582
2000-03-01,5.753600120544434
2000-03-02,6.198821067810059
2000-03-03,6.241626262664795
2000-03-06,5.94196081161499
2000-03-07,5.736473560333252
2000-03-08,5.702228546142578
2000-03-09,5.693668842315674
2000-03-10,5.753600120544434
2000-03-13,5.984771251678467
2000-03-14,5.770725250244141
2000-03-15,5.8220930099487305
2000-03-16,6.181694030761719
2000-03-17,6.267313003540039
2000-03-20,6.087510585784912
2000-03-21,6.198821067810059
2000-03-22,5.933396339416504
2000-03-23,5.967647552490234
2000-03-24,5.890588283538818
2000-03-27,5.9162774085998535
2000-03-28,5.8220930099487305
2000-03-29,5.787846565246582
2000-03-30,5.702228546142578
2000-03-31,5.770725250244141
2000-04-03,6.130322456359863
2000-04-04,6.301560401916504
2000-04-05,6.344367980957031
2000-04-06,6.43174409866333
2000-04-07,6.399403095245361
2000-04-10,6.382151126861572
2000-04-11,6.520144939422607
2000-04-12,6.485645294189453
2000-04-13,6.485645294189453
2000-04-14,5.881929874420166
2000-04-17,5.778433799743652
2000-04-18,5.726687431335449
2000-04-19,5.787060737609863
2000-04-20,5.683565616607666
2000-04-24,5.830183506011963
2000-04-25,6.2010369300842285
2000-04-26,6.0716681480407715
2000-04-27,5.968173027038574
2000-04-28,6.045795917510986
2000-05-01,6.157914638519287
2000-05-02,5.847434997558594
2000-05-03,5.787060737609863
2000-05-04,5.666314601898193
2000-05-05,5.933673858642578
2000-05-08,5.916426181793213
2000-05-09,5.838807106018066
2000-05-10,6.226911544799805
2000-05-11,6.2872819900512695
2000-05-12,6.188099384307861
2000-05-15,6.347653388977051
2000-05-16,6.304532051086426
2000-05-17,6.25278377532959
2000-05-18,6.106166362762451
2000-05-19,5.890553951263428
2000-05-22,5.864679336547852
2000-05-23,5.769810199737549
2000-05-24,5.950925350189209
2000-05-25,5.804308891296387
2000-05-26,5.881929874420166
2000-05-30,6.106166362762451
2000-05-31,6.028548717498779
2000-06-01,6.0716681480407715
2000-06-02,6.209662437438965
2000-06-05,6.114793300628662
2000-06-06,6.25278377532959
2000-06-07,6.399403095245361
2000-06-08,6.485645294189453
2000-06-09,6.640890121459961
2000-06-12,6.459773063659668
2000-06-13,6.623636722564697
2000-06-14,6.899625778198242
2000-06-15,6.718508720397949
2000-06-16,6.520144939422607
2000-06-19,6.554642677307129
2000-06-20,6.5115180015563965
2000-06-21,6.640890121459961
2000-06-22,6.7788825035095215
2000-06-23,6.701261520385742
2000-06-26,6.5373921394348145
2000-06-27,6.425278663635254
2000-06-28,6.198881149291992
2000-06-29,6.2872819900512695
2000-06-30,6.0716681480407715
2000-07-03,6.425278663635254
2000-07-05,6.313154697418213
2000-07-06,6.064500331878662
2000-07-07,6.212203502655029
2000-07-10,6.229578018188477
2000-07-11,6.168762683868408
2000-07-12,6.246953964233398
2000-07-13,6.359906196594238
2000-07-14,6.30777645111084
2000-07-17,6.016714572906494
2000-07-18,6.047122955322266
2000-07-19,6.064500331878662
2000-07-20,5.994992733001709
2000-07-21,5.97761344909668
2000-07-24,6.003684997558594
2000-07-25,6.116629600524902
2000-07-26,5.994992733001709
2000-07-27,5.951549053192139
2000-07-28,5.908109188079834
2000-07-31,5.916797161102295
2000-08-01,6.073189735412598
2000-08-02,6.1600751876831055
2000-08-03,6.116629600524902
2000-08-04,6.1079421043396
2000-08-07,6.168762683868408
2000-08-08,5.908109188079834
2000-08-09,5.795160293579102
2000-08-10,5.882045269012451
2000-08-11,5.916797161102295
2000-08-14,5.821224212646484
2000-08-15,5.838603496551514
2000-08-16,5.743030548095703
2000-08-17,5.491063117980957
2000-08-18,5.465000152587891
2000-08-21,5.569263458251953
2000-08-22,5.508441925048828
2000-08-23,5.586639404296875
2000-08-24,5.630082130432129
2000-08-25,5.725652694702148
2000-08-28,5.855980396270752
2000-08-29,5.882045269012451
2000-08-30,5.855980396270752
2000-08-31,5.806021213531494
2000-09-01,5.968926429748535
2000-09-05,6.003684997558594
2000-09-06,5.960237979888916
2000-09-07,5.9428629875183105
2000-09-08,6.264334201812744
2000-09-11,6.385969638824463
2000-09-12,6.342529773712158
2000-09-13,6.30777645111084
2000-09-14,6.238269805908203
2000-09-15,6.1513848304748535
2000-09-18,6.220892906188965
2000-09-19,6.325153350830078
2000-09-20,6.177449703216553
2000-09-21,6.490231513977051
2000-09-22,6.663999557495117
2000-09-25,6.742196083068848
2000-09-26,6.716133117675781
2000-09-27,6.5944929122924805
2000-09-28,6.9072747230529785
2000-09-29,6.933341979980469
2000-10-02,6.959410190582275
2000-10-03,6.942030429840088
2000-10-04,7.193989276885986
2000-10-05,7.494659423828125
2000-10-06,7.45967960357666
2000-10-09,7.337244033813477
2000-10-10,7.127365589141846
2000-10-11,6.8737473487854
2000-10-12,6.978691577911377
2000-10-13,7.013671398162842
2000-10-16,7.101127624511719
2000-10-17,7.337244033813477
2000-10-18,7.372226238250732
2000-10-19,7.284773349761963
2000-10-20,7.101127624511719
2000-10-23,7.573365211486816
2000-10-24,7.538388252258301
2000-10-25,7.669562816619873
2000-10-26,7.617091655731201
2000-10-27,7.879450798034668
2000-10-30,8.133063316345215
2000-10-31,8.0718412399292
2000-11-01,7.844467639923096
2000-11-02,7.835720062255859
2000-11-03,8.001879692077637
2000-11-06,7.914430141448975
2000-11-07,7.984391689300537
2000-11-08,8.02811336517334
2000-11-09,8.063104629516602
2000-11-10,7.993133544921875
2000-11-13,8.115572929382324
2000-11-14,8.019369125366211
2000-11-15,8.019369125366211
2000-11-16,8.124314308166504
2000-11-17,7.835720062255859
2000-11-20,7.975649833679199
2000-11-21,7.966903209686279
2000-11-22,8.18553352355957
2000-11-24,7.9406657218933105
2000-11-27,7.757013320922852
2000-11-28,7.800745487213135
2000-11-29,7.722039222717285
2000-11-30,7.687053680419922
2000-12-01,7.302266597747803
2000-12-04,7.415954113006592
2000-12-05,7.477169036865234
2000-12-06,7.590854167938232
2000-12-07,7.590854167938232
2000-12-08,7.232300758361816
2000-12-11,7.109869956970215
2000-12-12,7.311009407043457
2000-12-13,7.477169036865234
2000-12-14,7.6433258056640625
2000-12-15,7.512146949768066
2000-12-18,7.45967960357666
2000-12-19,6.515195846557617
2000-12-20,6.165384769439697
2000-12-21,6.2790727615356445
2000-12-22,6.418996334075928
2000-12-26,6.550173759460449
2000-12-27,6.681353569030762
2000-12-28,6.593901634216309
2000-12-29,6.681353569030762
2001-01-02,7.048651695251465
2001-01-03,7.136106014251709
2001-01-04,7.241048812866211
2001-01-05,6.996183395385742
2001-01-08,7.060978412628174
2001-01-09,7.316299915313721
2001-01-10,7.3779296875
2001-01-11,7.3779296875
2001-01-12,7.175433158874512
2001-01-16,7.052175045013428
2001-01-17,7.0873918533325195
2001-01-18,7.122603416442871
2001-01-19,6.999344348907471
2001-01-22,6.884891510009766
2001-01-23,6.946523189544678
2001-01-24,6.67358922958374
2001-01-25,6.67358922958374
2001-01-26,6.576743125915527
2001-01-29,6.7475481033325195
2001-01-30,6.750362873077393
2001-01-31,6.810938835144043
2001-02-01,7.120841979980469
2001-02-02,7.015193462371826
2001-02-05,7.00110387802124
2001-02-06,7.008152961730957
2001-02-07,6.85319709777832
2001-02-08,6.792625427246094
2001-02-09,6.560195446014404
2001-02-12,6.729232311248779
2001-02-13,6.826432228088379
2001-02-14,6.620765209197998
2001-02-15,6.620765209197998
2001-02-16,6.722189903259277
2001-02-20,6.870100021362305
2001-02-21,6.691201686859131
2001-02-22,6.892639636993408
2001-02-23,7.0039238929748535
2001-02-26,7.085628032684326
2001-02-27,7.125068187713623
2001-02-28,6.7193732261657715
2001-03-01,6.409463882446289
2001-03-02,6.560195446014404
2001-03-05,6.396787643432617
2001-03-06,6.481307029724121
2001-03-07,6.193940162658691
2001-03-08,6.403833389282227
2001-03-09,6.33903169631958
2001-03-12,6.323537826538086
2001-03-13,6.329172134399414
2001-03-14,5.931924343109131
2001-03-15,6.031939506530762
2001-03-16,5.936150074005127
2001-03-19,6.0657477378845215
2001-03-20,5.761474609375
2001-03-21,5.651601791381836
2001-03-22,5.706535339355469
2001-03-23,5.896708011627197
2001-03-26,5.810779094696045
2001-03-27,6.18407678604126
2001-03-28,5.943195343017578
2001-03-29,6.124914169311523
2001-03-30,6.286909103393555
2001-04-02,6.1643571853637695
2001-04-03,6.074201583862305
2001-04-04,6.195346832275391
2001-04-05,6.260146141052246
2001-04-06,6.146437168121338
2001-04-09,6.153533935546875
2001-04-10,6.10243034362793
2001-04-11,5.848342418670654
2001-04-12,5.845500946044922
2001-04-16,5.960481643676758
2001-04-17,6.127985954284668
2001-04-18,5.924993515014648
2001-04-19,5.869634628295898
2001-04-20,5.677999973297119
2001-04-23,5.571536540985107
2001-04-24,5.635415554046631
2001-04-25,5.7901411056518555
2001-04-26,5.808591842651367
2001-04-27,5.9477033615112305
2001-04-30,5.855439186096191
2001-05-01,6.065525531768799
2001-05-02,6.014424800872803
2001-05-03,5.9335103034973145
2001-05-04,5.983190059661865
2001-05-07,6.099592208862305
2001-05-08,6.027196407318115
2001-05-09,5.99738883972168
2001-05-10,6.052750110626221
2001-05-11,5.99738883972168
2001-05-14,6.075459957122803
2001-05-15,6.153533935546875
2001-05-16,6.3735575675964355
2001-05-17,6.203216552734375
2001-05-18,6.319618225097656
2001-05-21,6.247219562530518
2001-05-22,6.156371593475342
2001-05-23,6.0825605392456055
2001-05-24,6.116626739501953
2001-05-25,6.011582374572754
2001-05-29,6.129399299621582
2001-05-30,5.998806953430176
2001-05-31,6.110947132110596
2001-06-01,5.968997478485107
2001-06-04,5.967578887939453
2001-06-05,6.018681049346924
2001-06-06,5.9335103034973145
2001-06-07,5.919314384460449
2001-06-08,5.882409572601318
2001-06-11,5.987453937530518
2001-06-12,5.967578887939453
2001-06-13,5.966159820556641
2001-06-14,5.9207353591918945
2001-06-15,5.7220048904418945
2001-06-18,5.643930912017822
2001-06-19,5.7376203536987305
2001-06-20,5.677999973297119
2001-06-21,5.58431339263916
2001-06-22,5.514755725860596
2001-06-25,5.493465900421143
2001-06-26,5.598506927490234
2001-06-27,5.592832088470459
2001-06-28,5.651031494140625
2001-06-29,5.68651819229126
2001-07-02,5.7631731033325195
2001-07-03,5.7660088539123535
2001-07-05,5.862536430358887
2001-07-06,5.724985599517822
2001-07-09,5.7607645988464355
2001-07-10,5.7607645988464355
2001-07-11,6.014099597930908
2001-07-12,6.01123571395874
2001-07-13,6.0040764808654785
2001-07-16,6.151496410369873
2001-07-17,6.30607271194458
2001-07-18,6.31179666519165
2001-07-19,6.274581432342529
2001-07-20,6.140047550201416
2001-07-23,6.019824028015137
2001-07-24,5.839486598968506
2001-07-25,6.2087483406066895
2001-07-26,6.261703014373779
2001-07-27,6.278878211975098
2001-07-30,6.318950176239014
2001-07-31,6.4449028968811035
2001-08-01,6.429159641265869
2001-08-02,6.328970432281494
2001-08-03,6.224490165710449
2001-08-06,6.224490165710449
2001-08-07,6.271719455718994
2001-08-08,6.135752201080322
2001-08-09,6.1772613525390625
2001-08-10,6.371910095214844
2001-08-13,6.357597827911377
2001-08-14,6.297483921051025
2001-08-15,6.205883026123047
2001-08-16,6.240235805511475
2001-08-17,6.089951038360596
2001-08-20,6.254544734954834
2001-08-21,6.167241096496582
2001-08-22,6.0470147132873535
2001-08-23,6.01839017868042
2001-08-24,6.098540782928467
2001-08-27,5.974020004272461
2001-08-28,5.921066761016846
2001-08-29,5.932514190673828
2001-08-30,5.86524772644043
2001-08-31,5.855227470397949
2001-09-04,6.01123571395874
2001-09-05,6.0455851554870605
2001-09-06,5.996921062469482
2001-09-07,5.868110179901123
2001-09-10,6.215902805328369
2001-09-17,6.340421676635742
2001-09-18,6.533641815185547
2001-09-19,6.482115268707275
2001-09-20,6.569422245025635
2001-09-21,6.333266258239746
2001-09-24,6.449195384979248
2001-09-25,6.748327732086182
2001-09-26,6.775520324707031
2001-09-27,6.619513988494873
2001-09-28,6.744033336639404
2001-10-01,6.652432441711426
2001-10-02,6.726856231689453
2001-10-03,6.609494686126709
2001-10-04,6.543656826019287
2001-10-05,6.471409797668457
2001-10-08,6.611276149749756
2001-10-09,6.732397556304932
2001-10-10,6.765565395355225
2001-10-11,6.568019390106201
2001-10-12,6.366147041320801
2001-10-15,6.325771808624268
2001-10-16,6.256561279296875
2001-10-17,6.22628116607666
2001-10-18,6.242143154144287
2001-10-19,6.2926106452941895
2001-10-22,5.9696149826049805
2001-10-23,5.591827392578125
2001-10-24,5.653831481933594
2001-10-25,5.609131336212158
2001-10-26,5.652386665344238
2001-10-29,5.7158331871032715
2001-10-30,5.493776321411133
2001-10-31,5.495217323303223
2001-11-01,5.643738269805908
2001-11-02,5.567314147949219
2001-11-05,5.554338455200195
2001-11-06,5.521172523498535
2001-11-07,5.485124111175537
2001-11-08,5.4779133796691895
2001-11-09,5.542802333831787
2001-11-12,5.470704555511475
2001-11-13,5.3928399085998535
2001-11-14,5.398606300354004
2001-11-15,5.623549461364746
2001-11-16,5.642293930053711
2001-11-19,5.753325462341309
2001-11-20,5.636528015136719
2001-11-21,5.622107982635498
2001-11-23,5.659597873687744
2001-11-26,5.626434326171875
2001-11-27,5.512519836425781
2001-11-28,5.423120975494385
2001-11-29,5.45772647857666
2001-11-30,5.389955997467041
2001-12-03,5.489447116851807
2001-12-04,5.46349573135376
2001-12-05,5.532710075378418
2001-12-06,5.509639263153076
2001-12-07,5.400047779083252
2001-12-10,5.434657573699951
2001-12-11,5.479358196258545
2001-12-12,5.51396369934082
2001-12-13,5.5774102210998535
2001-12-14,5.616342067718506
2001-12-17,5.757647514343262
2001-12-18,5.652386665344238
2001-12-19,5.678346157073975
2001-12-20,5.731696128845215
2001-12-21,5.666810989379883
2001-12-24,5.637969017028809
2001-12-26,5.640852451324463
2001-12-27,5.723041534423828
2001-12-28,5.6942057609558105
2001-12-31,5.648064136505127
2002-01-02,5.753325462341309
2002-01-03,5.792257785797119
2002-01-04,5.76630163192749
2002-01-07,5.75476598739624
2002-01-08,5.779334545135498
2002-01-09,5.551013946533203
2002-01-10,5.599006175994873
2002-01-11,5.501567840576172
2002-01-14,5.527745246887207
2002-01-15,5.495752334594727
2002-01-16,5.396856307983398
2002-01-17,5.363409519195557
2002-01-18,5.309601306915283
2002-01-22,5.17289924621582
2002-01-23,5.283423900604248
2002-01-24,5.293604373931885
2002-01-25,5.165626525878906
2002-01-28,5.241248607635498
2002-01-29,5.24997615814209
2002-01-30,5.279061317443848
2002-01-31,5.446303844451904
2002-02-01,5.3750457763671875
2002-02-04,5.207801342010498
2002-02-05,5.236886501312256
2002-02-06,5.015835762023926
2002-02-07,5.1045451164245605
2002-02-08,5.181623935699463
2002-02-11,5.140902519226074
2002-02-12,5.24270486831665
2002-02-13,5.348865985870361
2002-02-14,5.3837690353393555
2002-02-15,5.398312568664551
2002-02-19,5.308145046234131
2002-02-20,5.388132572174072
2002-02-21,5.308145046234131
2002-02-22,5.353229522705078
2002-02-25,5.471024036407471
2002-02-26,5.453576564788818
2002-02-27,5.497203350067139
2002-02-28,5.503020286560059
2002-03-01,5.671716690063477
2002-03-04,5.724075794219971
2002-03-05,5.638269424438477
2002-03-06,5.676080226898193
2002-03-07,5.63536262512207
2002-03-08,5.584462642669678
2002-03-11,5.6135478019714355
2002-03-12,5.639724254608154
2002-03-13,5.64263391494751
2002-03-14,5.6266326904296875
2002-03-15,5.671716690063477
2002-03-18,5.657175064086914
2002-03-19,5.708076000213623
2002-03-20,5.674627304077148
2002-03-21,5.617910861968994
2002-03-22,5.514654636383057
2002-03-25,5.526290416717529
2002-03-26,5.575735092163086
2002-03-27,5.47538948059082
2002-03-28,5.44484806060791
2002-04-01,5.331417083740234
2002-04-02,5.409946918487549
2002-04-03,5.471024036407471
2002-04-04,5.548104763031006
2002-04-05,5.430309295654297
2002-04-08,5.36386251449585
2002-04-09,5.124520778656006
2002-04-10,5.234647274017334
2002-04-11,4.955661773681641
2002-04-12,4.992371559143066
2002-04-15,4.914547920227051
2002-04-16,5.076066493988037
2002-04-17,5.065786361694336
2002-04-18,4.976219177246094
2002-04-19,4.804419994354248
2002-04-22,4.648776531219482
2002-04-23,4.592982292175293
2002-04-24,4.637030124664307
2002-04-25,4.6942949295043945
2002-04-26,4.610599517822266
2002-04-29,4.42705774307251
2002-04-30,4.560675144195557
2002-05-01,4.794142246246338
2002-05-02,4.761837482452393
2002-05-03,4.572421550750732
2002-05-06,4.560675144195557
2002-05-07,4.478447437286377
2002-05-08,4.675206661224365
2002-05-09,4.603261470794678
2002-05-10,4.47110652923584
2002-05-13,4.706042289733887
2002-05-14,4.851409435272217
2002-05-15,4.905737400054932
2002-05-16,5.092217445373535
2002-05-17,5.076066493988037
2002-05-20,5.01586389541626
2002-05-21,5.095154762268066
2002-05-22,5.128925800323486
2002-05-23,5.322747707366943
2002-05-24,5.149484634399414
2002-05-28,5.195002555847168
2002-05-29,5.146546363830566
2002-05-30,5.074596881866455
2002-05-31,5.034952163696289
2002-06-03,4.8675618171691895
2002-06-04,4.882246971130371
2002-06-05,4.930699348449707
2002-06-06,4.750095367431641
2002-06-07,4.854347229003906
2002-06-10,4.8675618171691895
2002-06-11,4.717787742614746
2002-06-12,4.820576190948486
2002-06-13,4.794142246246338
2002-06-14,4.732472896575928
2002-06-17,4.889585971832275
2002-06-18,4.842597961425781
2002-06-19,4.5871076583862305
2002-06-20,4.544527530670166
2002-06-21,4.603261470794678
2002-06-24,4.47110652923584
2002-06-25,4.3463006019592285
2002-06-26,4.3316168785095215
2002-06-27,4.42705774307251
2002-06-28,4.478447437286377
2002-07-01,4.399158000946045
2002-07-02,4.39622163772583
2002-07-03,4.507816314697266
2002-07-05,4.65464973449707
2002-07-08,4.6943745613098145
2002-07-09,4.541409492492676
2002-07-10,4.456758975982666
2002-07-11,4.55180549621582
2002-07-12,4.401810646057129
2002-07-15,4.382504463195801
2002-07-16,4.391416072845459
2002-07-17,4.290429592132568
2002-07-18,4.119643211364746
2002-07-19,3.9622244834899902
2002-07-22,3.558279037475586
2002-07-23,3.46026349067688
2002-07-24,3.6711463928222656
2002-07-25,3.862722635269165
2002-07-26,3.898366689682007
2002-07-29,3.8924241065979004
2002-07-30,3.907276153564453
2002-07-31,4.107764720916748
2002-08-01,4.076575756072998
2002-08-02,3.935492515563965
2002-08-05,3.876088857650757
2002-08-06,3.8746042251586914
2002-08-07,3.8196568489074707
2002-08-08,3.9547998905181885
2002-08-09,4.003808975219727
2002-08-12,3.9874706268310547
2002-08-13,3.9547998905181885
2002-08-14,4.179046154022217
2002-08-15,4.167166233062744
2002-08-16,4.260726451873779
2002-08-19,4.435967922210693
2002-08-20,4.110732555389404
2002-08-21,4.174592971801758
2002-08-22,4.06618070602417
2002-08-23,3.905790090560913
2002-08-26,3.9577698707580566
2002-08-27,3.9444024562835693
2002-08-28,3.833021640777588
2002-08-29,3.831535816192627
2002-08-30,3.674116373062134
2002-09-03,3.430560827255249
2002-09-04,3.6087734699249268
2002-09-05,3.4855120182037354
2002-09-06,3.5642189979553223
2002-09-09,3.6444146633148193
2002-09-10,3.6949074268341064
2002-09-11,3.838961362838745
2002-09-12,3.6904518604278564
2002-09-13,3.6459004878997803
2002-09-16,3.6503541469573975
2002-09-17,3.6087734699249268
2002-09-18,3.589466094970703
2002-09-19,3.472144603729248
2002-09-20,3.4454126358032227
2002-09-23,3.3726422786712646
2002-09-24,3.360762119293213
2002-09-25,3.354820728302002
2002-09-26,3.252352237701416
2002-09-27,2.992459535598755
2002-09-30,2.9850330352783203
2002-10-01,3.091961145401001
2002-10-02,2.996915340423584
2002-10-03,3.2375004291534424
2002-10-04,3.210768461227417
2002-10-07,3.1231489181518555
2002-10-08,3.0940628051757812
2002-10-09,3.075932502746582
2002-10-10,3.2103915214538574
2002-10-11,3.3916845321655273
2002-10-14,3.3841309547424316
2002-10-15,3.5895955562591553
2002-10-16,3.5125458240509033
2002-10-17,3.701392650604248
2002-10-18,3.8146982192993164
2002-10-21,3.8902385234832764
2002-10-22,4.086638927459717
2002-10-23,3.905346155166626
2002-10-24,3.8751325607299805
2002-10-25,3.772399663925171
2002-10-28,3.9008145332336426
2002-10-29,3.8146982192993164
2002-10-30,3.9219632148742676
2002-10-31,3.876643180847168
2002-11-01,4.116857528686523
2002-11-04,4.210525035858154
2002-11-05,4.187862396240234
2002-11-06,4.199948787689209
2002-11-07,4.044336318969727
2002-11-08,4.110812664031982
2002-11-11,3.9582247734069824
2002-11-12,3.778442144393921
2002-11-13,3.6741998195648193
2002-11-14,3.686285972595215
2002-11-15,3.8056344985961914
2002-11-18,3.8736226558685303
2002-11-19,3.849447727203369
2002-11-20,3.9582247734069824
2002-11-21,4.151602268218994
2002-11-22,4.162176132202148
2002-11-25,4.290594577789307
2002-11-26,4.147069931030273
2002-11-27,4.34044885635376
2002-11-29,4.30570125579834
2002-12-02,4.2830424308776855
2002-12-03,4.068510055541992
2002-12-04,3.9959933757781982
2002-12-05,3.965777635574341
2002-12-06,3.9929726123809814
2002-12-09,3.881174325942993
2002-12-10,3.882685422897339
2002-12-11,3.857002019882202
2002-12-12,3.86153507232666
2002-12-13,3.8902385234832764
2002-12-16,4.098726272583008
2002-12-17,4.162176132202148
2002-12-18,4.116857528686523
2002-12-19,4.183330059051514
2002-12-20,4.2618889808654785
2002-12-23,4.230163097381592
2002-12-24,4.199948787689209
2002-12-26,4.237716197967529
2002-12-27,4.1213860511779785
2002-12-30,4.119877338409424
2002-12-31,4.095703125
2003-01-02,4.367645263671875
2003-01-03,4.3631110191345215
2003-01-06,4.712099075317383
2003-01-07,4.574619770050049
2003-01-08,4.399948596954346
2003-01-09,4.444283962249756
2003-01-10,4.403005123138428
2003-01-13,4.396890640258789
2003-01-14,4.5268378257751465
2003-01-15,4.363256454467773
2003-01-16,4.257767200469971
2003-01-17,4.170626640319824
2003-01-21,4.0819549560546875
2003-01-22,4.117115497589111
2003-01-23,3.9030799865722656
2003-01-24,3.75172758102417
2003-01-27,3.799121379852295
2003-01-28,3.718095541000366
2003-01-29,3.718095541000366
2003-01-30,3.646240234375
2003-01-31,3.7364399433135986
2003-02-03,3.8648605346679688
2003-02-04,3.9168410301208496
2003-02-05,3.875563859939575
2003-02-06,3.8082942962646484
2003-02-07,3.8495731353759766
2003-02-10,3.7456119060516357
2003-02-11,3.624835252761841
2003-02-12,3.526991844177246
2003-02-13,3.432204484939575
2003-02-14,3.569798707962036
2003-02-18,3.6217784881591797
2003-02-19,3.520876407623291
2003-02-20,3.256389856338501
2003-02-21,3.169246196746826
2003-02-24,3.1723058223724365
2003-02-25,3.2640340328216553
2003-02-26,3.158545732498169
2003-02-27,3.221226692199707
2003-02-28,3.179949998855591
2003-03-03,3.1723058223724365
2003-03-04,3.1279687881469727
2003-03-05,3.187593460083008
2003-03-06,3.121852397918701
2003-03-07,3.1325557231903076
2003-03-10,2.958268165588379
2003-03-11,2.9567415714263916
2003-03-12,2.9735569953918457
2003-03-13,3.1340835094451904
2003-03-14,3.187593460083008
2003-03-17,3.3236582279205322
2003-03-18,3.2823801040649414
2003-03-19,3.335890293121338
2003-03-20,3.328244686126709
2003-03-21,3.3083693981170654
2003-03-24,3.199824810028076
2003-03-25,3.2334587574005127
2003-03-26,3.2762646675109863
2003-03-27,3.187593460083008
2003-03-28,3.0943353176116943
2003-03-31,3.0668158531188965
2003-04-01,3.2686192989349365
2003-04-02,3.3863401412963867
2003-04-03,3.3144848346710205
2003-04-04,3.3481202125549316
2003-04-07,3.3496479988098145
2003-04-08,3.3513479232788086
2003-04-09,3.2811381816864014
2003-04-10,3.2842578887939453
2003-04-11,3.231210947036743
2003-04-14,3.3061013221740723
2003-04-15,3.315462827682495
2003-04-16,3.1656816005706787
2003-04-17,3.214048385620117
2003-04-21,3.1251158714294434
2003-04-22,3.1173150539398193
2003-04-23,3.401275157928467
2003-04-24,3.513608694076538
2003-04-25,3.4511992931365967
2003-04-28,3.596303701400757
2003-04-29,3.596303701400757
2003-04-30,3.6446666717529297
2003-05-01,3.6337473392486572
2003-05-02,3.7460830211639404
2003-05-05,3.671192169189453
2003-05-06,3.705517292022705
2003-05-07,3.5994222164154053
2003-05-08,3.590059757232666
2003-05-09,3.6930365562438965
2003-05-12,3.8443763256073
2003-05-13,3.8287734985351562
2003-05-14,3.8474960327148438
2003-05-15,3.8630988597869873
2003-05-16,3.892744779586792
2003-05-19,3.7991302013397217
2003-05-20,3.8022520542144775
2003-05-21,3.753883123397827
2003-05-22,3.775728225708008
2003-05-23,3.923947811126709
2003-05-27,3.9707539081573486
2003-05-28,3.950471878051758
2003-05-29,3.931748390197754
2003-05-30,3.9723153114318848
2003-06-02,4.025362491607666
2003-06-03,4.030041694641113
2003-06-04,4.084648609161377
2003-06-05,4.139256477355957
2003-06-06,4.122096061706543
2003-06-09,4.025362491607666
2003-06-10,4.016000747680664
2003-06-11,4.030041694641113
2003-06-12,4.059686183929443
2003-06-13,3.950471878051758
2003-06-16,4.0331621170043945
2003-06-17,3.986356496810913
2003-06-18,4.003519058227539
2003-06-19,3.995717763900757
2003-06-20,4.07216739654541
2003-06-23,4.061245918273926
2003-06-24,4.11897611618042
2003-06-25,4.025362491607666
2003-06-26,4.061245918273926
2003-06-27,3.9691946506500244
2003-06-30,3.986356496810913
2003-07-01,4.061245918273926
2003-07-02,4.150180339813232
2003-07-03,4.092452049255371
2003-07-07,4.111173629760742
2003-07-08,4.153663158416748
2003-07-09,4.09798526763916
2003-07-10,3.9739017486572266
2003-07-11,4.042306900024414
2003-07-14,4.00412654876709
2003-07-15,3.945266008377075
2003-07-16,3.837087869644165
2003-07-17,3.7320926189422607
2003-07-18,3.8466317653656006
2003-07-21,3.6795966625213623
2003-07-22,3.7814085483551025
2003-07-23,3.8132240772247314
2003-07-24,3.7066383361816406
2003-07-25,3.7448177337646484
2003-07-28,3.810044527053833
2003-07-29,3.74959135055542
2003-07-30,3.7591397762298584
2003-07-31,3.7161834239959717
2003-08-01,3.722548246383667
2003-08-04,3.7941346168518066
2003-08-05,3.6955032348632812
2003-08-06,3.730501890182495
2003-08-07,3.7193660736083984
2003-08-08,3.722548246383667
2003-08-11,3.741640090942383
2003-08-12,3.754364490509033
2003-08-13,3.6748225688934326
2003-08-14,3.6716413497924805
2003-08-15,3.6955032348632812
2003-08-18,3.7432291507720947
2003-08-19,3.763909101486206
2003-08-20,3.7766361236572266
2003-08-21,3.7814085483551025
2003-08-22,3.6827757358551025
2003-08-25,3.639824390411377
2003-08-26,3.6748225688934326
2003-08-27,3.6111900806427
2003-08-28,3.627098321914673
2003-08-29,3.5730087757110596
2003-09-02,3.5777804851531982
2003-09-03,3.65096116065979
2003-09-04,3.678006649017334
2003-09-05,3.6589150428771973
2003-09-08,3.6795966625213623
2003-09-09,3.6461875438690186
2003-09-10,3.7066383361816406
2003-09-11,3.7050487995147705
2003-09-12,3.7273199558258057
2003-09-15,3.668461561203003
2003-09-16,3.7241384983062744
2003-09-17,3.7368645668029785
2003-09-18,3.824362277984619
2003-09-19,3.7957282066345215
2003-09-22,3.722548246383667
2003-09-23,3.582554578781128
2003-09-24,3.48551344871521
2003-09-25,3.506195306777954
2003-09-26,3.4711978435516357
2003-09-29,3.4966487884521484
2003-09-30,3.539602041244507
2003-10-01,3.595282554626465
2003-10-02,3.5793731212615967
2003-10-03,3.5968704223632812
2003-10-06,3.622323751449585
2003-10-07,3.6445975303649902
2003-10-08,3.6050801277160645
2003-10-09,3.5855584144592285
2003-10-10,3.570916175842285
2003-10-13,3.5302445888519287
2003-10-14,3.481440305709839
2003-10-15,3.5188584327697754
2003-10-16,3.5741708278656006
2003-10-17,3.579050302505493
2003-10-20,3.64412522315979
2003-10-21,3.579050302505493
2003-10-22,3.5953187942504883
2003-10-23,3.6343629360198975
2003-10-24,3.7319722175598145
2003-10-27,3.819821357727051
2003-10-28,3.8377184867858887
2003-10-29,3.853984832763672
2003-10-30,3.819821357727051
2003-10-31,3.901165723800659
2003-11-03,3.9158077239990234
2003-11-04,3.8848979473114014
2003-11-05,3.8393449783325195
2003-11-06,3.7645108699798584
2003-11-07,3.7352287769317627
2003-11-10,3.8230769634246826
2003-11-11,3.829582691192627
2003-11-12,3.831212282180786
2003-11-13,3.7905383110046387
2003-11-14,3.8409721851348877
2003-11-17,3.8051819801330566
2003-11-18,3.759629011154175
2003-11-19,3.7449874877929688
2003-11-20,3.7303481101989746
2003-11-21,3.7466137409210205
2003-11-24,3.7514960765838623
2003-11-25,3.8165693283081055
2003-11-26,3.8051819801330566
2003-11-28,3.787285804748535
2003-12-01,3.7742714881896973
2003-12-02,3.7710189819335938
2003-12-03,3.7661354541778564
2003-12-04,3.907672166824341
2003-12-05,3.9678659439086914
2003-12-08,3.932075023651123
2003-12-09,3.8995368480682373
2003-12-10,4.003655910491943
2003-12-11,4.034566402435303
2003-12-12,3.9955203533172607
2003-12-15,4.045952796936035
2003-12-16,4.031309604644775
2003-12-17,4.078489303588867
2003-12-18,4.117537498474121
2003-12-19,4.106147289276123
2003-12-22,4.140308856964111
2003-12-23,4.119162559509277
2003-12-24,4.086625576019287
2003-12-26,4.101266384124756
2003-12-29,4.2118916511535645
2003-12-30,4.2395477294921875
2003-12-31,4.241173267364502
2004-01-02,4.252562999725342
2004-01-05,4.40060567855835
2004-01-06,4.411991596221924
2004-01-07,4.4771528244018555
2004-01-08,4.558104038238525
2004-01-09,4.328466415405273
2004-01-12,4.432546615600586
2004-01-13,4.369768142700195
2004-01-14,4.407766342163086
2004-01-15,4.417675971984863
2004-01-16,4.373071670532227
2004-01-20,4.46063232421875
2004-01-21,4.3763747215271
2004-01-22,4.348291873931885
2004-01-23,4.364811420440674
2004-01-26,4.409416675567627
2004-01-27,4.287160873413086
2004-01-28,4.222731590270996
2004-01-29,4.2458600997924805
2004-01-30,4.212818145751953
2004-02-02,4.371418476104736
2004-02-03,4.308640480041504
2004-02-04,4.222731590270996
2004-02-05,4.242555618286133
2004-02-06,4.298727989196777
2004-02-09,4.237600803375244
2004-02-10,4.285510063171387
2004-02-11,4.288815498352051
2004-02-12,4.235948085784912
2004-02-13,4.138477325439453
2004-02-17,4.108738422393799
2004-02-18,4.039349555969238
2004-02-19,3.996396064758301
2004-02-20,3.9451820850372314
2004-02-23,3.96500563621521
2004-02-24,3.9864823818206787
2004-02-25,3.989788770675659
2004-02-26,3.984832286834717
2004-02-27,3.966658115386963
2004-03-01,4.006307601928711
2004-03-02,4.20951509475708
2004-03-03,4.169864654541016
2004-03-04,4.161603927612305
2004-03-05,4.133519649505615
2004-03-08,4.154996871948242
2004-03-09,4.153345108032227
2004-03-10,4.021177768707275
2004-03-11,3.9732651710510254
2004-03-12,4.024479866027832
2004-03-15,3.9947431087493896
2004-03-16,4.009613037109375
2004-03-17,4.05256462097168
2004-03-18,4.080652713775635
2004-03-19,4.0674333572387695
2004-03-22,3.9815268516540527
2004-03-23,3.961702823638916
2004-03-24,3.9170966148376465
2004-03-25,3.9765708446502686
2004-03-26,3.9517898559570312
2004-03-29,4.003004550933838
2004-03-30,4.024479866027832
2004-03-31,4.054220199584961
2004-04-01,4.085607528686523
2004-04-02,4.108738422393799
2004-04-05,4.186385154724121
2004-04-06,4.207283020019531
2004-04-07,4.128343105316162
2004-04-08,4.108188629150391
2004-04-12,4.109867572784424
2004-04-13,4.074597358703613
2004-04-14,4.057800769805908
2004-04-15,4.091391563415527
2004-04-16,4.059479713439941
2004-04-19,4.099788665771484
2004-04-20,4.091391563415527
2004-04-21,4.160254001617432
2004-04-22,4.2660651206970215
2004-04-23,4.269425392150879
2004-04-26,4.282861232757568
2004-04-27,4.281181812286377
2004-04-28,4.234154224395752
2004-04-29,4.261026859283447
2004-04-30,4.182088375091553
2004-05-03,4.237514495849609
2004-05-04,4.267745018005371
2004-05-05,4.274463653564453
2004-05-06,4.249269962310791
2004-05-07,4.155216217041016
2004-05-10,4.1165876388549805
2004-05-11,4.113226413726807
2004-05-12,4.114904880523682
2004-05-13,4.145137786865234
2004-05-14,4.114904880523682
2004-05-17,4.081315517425537
2004-05-18,4.130022048950195
2004-05-19,4.099788665771484
2004-05-20,4.082995414733887
2004-05-21,4.086353778839111
2004-05-24,4.062840938568115
2004-05-25,4.039324760437012
2004-05-26,3.9469499588012695
2004-05-27,4.005735874176025
2004-05-28,3.980541467666626
2004-06-01,3.987260580062866
2004-06-02,4.00909423828125
2004-06-03,3.9839019775390625
2004-06-04,4.01917028427124
2004-06-07,4.077957630157471
2004-06-08,4.088034152984619
2004-06-09,4.135058403015137
2004-06-10,4.1669721603393555
2004-06-14,4.123304843902588
2004-06-15,4.109867572784424
2004-06-16,4.10482931137085
2004-06-17,4.1216254234313965
2004-06-18,4.131701469421387
2004-06-21,4.098111629486084
2004-06-22,4.0426859855651855
2004-06-23,4.0729169845581055
2004-06-24,3.9956579208374023
2004-06-25,3.997337579727173
2004-06-28,4.056120872497559
2004-06-29,4.074597358703613
2004-06-30,4.0729169845581055
2004-07-01,4.054440498352051
2004-07-02,4.049403190612793
2004-07-06,4.052762031555176
2004-07-07,4.075732707977295
2004-07-08,4.009085655212402
2004-07-09,4.031301021575928
2004-07-12,4.0449724197387695
2004-07-13,4.000540256500244
2004-07-14,4.022755146026611
2004-07-15,3.9304747581481934
2004-07-16,3.9475643634796143
2004-07-19,3.957818031311035
2004-07-20,3.976616382598877
2004-07-21,3.9646522998809814
2004-07-22,4.029592514038086
2004-07-23,4.138962268829346
2004-07-26,4.2295331954956055
2004-07-27,4.330357551574707
2004-07-28,4.340611934661865
2004-07-29,4.340611934661865
2004-07-30,4.330357551574707
2004-08-02,4.355991840362549
2004-08-03,4.367952346801758
2004-08-04,4.373081207275391
2004-08-05,4.3201069831848145
2004-08-06,4.246621608734131
2004-08-09,4.248331069946289
2004-08-10,4.31497859954834
2004-08-11,4.32181453704834
2004-08-12,4.313270568847656
2004-08-13,4.282510757446289
2004-08-16,4.364535331726074
2004-08-17,4.335484027862549
2004-08-18,4.371373176574707
2004-08-19,4.366246223449707
2004-08-20,4.369664669036865
2004-08-23,4.376499652862549
2004-08-24,4.373081207275391
2004-08-25,4.390170097351074
2004-08-26,4.398715972900391
2004-08-27,4.415802478790283
2004-08-30,4.408967018127441
2004-08-31,4.407259464263916
2004-09-01,4.441438674926758
2004-09-02,4.473908424377441
2004-09-03,4.477325439453125
2004-09-07,4.561061382293701
2004-09-08,4.537135124206543
2004-09-09,4.49441385269165
2004-09-10,4.540555477142334
2004-09-13,4.586694717407227
2004-09-14,4.549097537994385
2004-09-15,4.453399658203125
2004-09-16,4.538845062255859
2004-09-17,4.525174140930176
2004-09-20,4.518339157104492
2004-09-21,4.513211250305176
2004-09-22,4.504666805267334
2004-09-23,4.4499831199646
2004-09-24,4.451691150665283
2004-09-27,4.4380202293396
2004-09-28,4.4123854637146
2004-09-29,4.444855690002441
2004-09-30,4.434599876403809
2004-10-01,4.497831344604492
2004-10-04,4.5969462394714355
2004-10-05,4.6482133865356445
2004-10-06,4.711453914642334
2004-10-07,4.685421466827393
2004-10-08,4.65592098236084
2004-10-11,4.662860870361328
2004-10-12,4.666334629058838
2004-10-13,4.621213912963867
2004-10-14,4.572625160217285
2004-10-15,4.629892349243164
2004-10-18,4.669805526733398
2004-10-19,4.633363246917725
2004-10-20,4.59171199798584
2004-10-21,4.456356525421143
2004-10-22,4.380002975463867
2004-10-25,4.336618900299072
2004-10-26,4.294970512390137
2004-10-27,4.3314127922058105
2004-10-28,4.3990912437438965
2004-10-29,4.3834733963012695
2004-11-01,4.454622268676758
2004-11-02,4.428592205047607
2004-11-03,4.459827423095703
2004-11-04,4.532711982727051
2004-11-05,4.55527400970459
2004-11-08,4.562212944030762
2004-11-09,4.537917613983154
2004-11-10,4.506682872772217
2004-11-11,4.546596527099609
2004-11-12,4.628157138824463
2004-11-15,4.5778303146362305
2004-11-16,4.534445285797119
2004-11-17,4.543124675750732
2004-11-18,4.530978202819824
2004-11-19,4.492799758911133
2004-11-22,4.428592205047607
2004-11-23,4.418179035186768
2004-11-24,4.400825500488281
2004-11-26,4.421648979187012
2004-11-29,4.3990912437438965
2004-11-30,4.367856025695801
2004-12-01,4.4737091064453125
2004-12-02,4.529242515563965
2004-12-03,4.478917121887207
2004-12-06,4.42685604095459
2004-12-07,4.40950345993042
2004-12-08,4.3834733963012695
2004-12-09,4.341826438903809
2004-12-10,4.392152309417725
2004-12-13,4.470240116119385
2004-12-14,4.503210067749023
2004-12-15,4.456356525421143
2004-12-16,4.459827423095703
2004-12-17,4.459827423095703
2004-12-20,4.478917121887207
2004-12-21,4.494534492492676
2004-12-22,4.503210067749023
2004-12-23,4.517093658447266
2004-12-27,4.503210067749023
2004-12-28,4.520566463470459
2004-12-29,4.491064071655273
2004-12-30,4.470240116119385
2004-12-31,4.4719743728637695
2005-01-03,4.440740585327148
2005-01-04,4.393884658813477
2005-01-05,4.414709091186523
2005-01-06,4.439006328582764
2005-01-07,4.426650524139404
2005-01-10,4.394881725311279
2005-01-11,4.350752830505371
2005-01-12,4.378993511199951
2005-01-13,4.311925411224365
2005-01-14,4.308393955230713
2005-01-18,4.391349792480469
2005-01-19,4.375463008880615
2005-01-20,4.318983554840088
2005-01-21,4.338398456573486
2005-01-24,4.331338405609131
2005-01-25,4.315453052520752
2005-01-26,4.338398456573486
2005-01-27,4.177783489227295
2005-01-28,4.168957710266113
2005-01-31,4.193669319152832
2005-02-01,4.221908092498779
2005-02-02,4.30486536026001
2005-02-03,4.345457553863525
2005-02-04,4.341929912567139
2005-02-07,4.318983554840088
2005-02-08,4.34369421005249
2005-02-09,4.303099155426025
2005-02-10,4.253677845001221
2005-02-11,4.281919002532959
2005-02-14,4.301332950592041
2005-02-15,4.327808380126953
2005-02-16,4.326043605804443
2005-02-17,4.280153751373291
2005-02-18,4.267798900604248
2005-02-22,4.241322994232178
2005-02-23,4.260739803314209
2005-02-24,4.264268398284912
2005-02-25,4.273091793060303
2005-02-28,4.246618270874023
2005-03-01,4.292509078979492
2005-03-02,4.292509078979492
2005-03-03,4.2995686531066895
2005-03-04,4.322514057159424
2005-03-07,4.310160160064697
2005-03-08,4.2660346031188965
2005-03-09,4.253677845001221
2005-03-10,4.257210731506348
2005-03-11,4.236029148101807
2005-03-14,4.251914024353027
2005-03-15,4.176016807556152
2005-03-16,4.133658409118652
2005-03-17,4.130128860473633
2005-03-18,4.121303081512451
2005-03-21,4.096593379974365
2005-03-22,4.066587924957275
2005-03-23,4.130128860473633
2005-03-24,4.112476825714111
2005-03-28,4.146012783050537
2005-03-29,4.117773532867432
2005-03-30,4.183078289031982
2005-03-31,4.181313514709473
2005-04-01,4.176016807556152
2005-04-04,4.220144271850586
2005-04-05,4.271327972412109
2005-04-06,4.296061992645264
2005-04-07,4.283484935760498
2005-04-08,4.267313003540039
2005-04-11,4.281688213348389
2005-04-12,4.292468070983887
2005-04-13,4.281688213348389
2005-04-14,4.249345779418945
2005-04-15,4.1325578689575195
2005-04-18,4.1702880859375
2005-04-19,4.168490409851074
2005-04-20,4.125369548797607
2005-04-21,4.1648993492126465
2005-04-22,4.168490409851074
2005-04-25,4.190052032470703
2005-04-26,4.1613054275512695
2005-04-27,4.211612701416016
2005-04-28,4.225990295410156
2005-04-29,4.276297092437744
2005-05-02,4.272704124450684
2005-05-03,4.276297092437744
2005-05-04,4.276297092437744
2005-05-05,4.254737377166748
2005-05-06,4.243955612182617
2005-05-09,4.236767292022705
2005-05-10,4.213411331176758
2005-05-11,4.186459064483643
2005-05-12,4.1774749755859375
2005-05-13,4.146928310394287
2005-05-16,4.195443630218506
2005-05-17,4.220596790313721
2005-05-18,4.254737377166748
2005-05-19,4.263719081878662
2005-05-20,4.2457499504089355
2005-05-23,4.25832986831665
2005-05-24,4.242158889770508
2005-05-25,4.231376647949219
2005-05-26,4.249345779418945
2005-05-27,4.252940654754639
2005-05-31,4.200833797454834
2005-06-01,4.182864665985107
2005-06-02,4.208021640777588
2005-06-03,4.19364595413208
2005-06-06,4.186459064483643
2005-06-07,4.211612701416016
2005-06-08,4.229580879211426
2005-06-09,4.206221580505371
2005-06-10,4.2457499504089355
2005-06-13,4.296061992645264
2005-06-14,4.294265270233154
2005-06-15,4.314028263092041
2005-06-16,4.303248882293701
2005-06-17,4.315825462341309
2005-06-20,4.324810981750488
2005-06-21,4.288877487182617
2005-06-22,4.272704124450684
2005-06-23,4.251142978668213
2005-06-24,4.222395420074463
2005-06-27,4.234969139099121
2005-06-28,4.25832986831665
2005-06-29,4.301450729370117
2005-06-30,4.267313003540039
2005-07-01,4.299655914306641
2005-07-05,4.3302001953125
2005-07-06,4.318795680999756
2005-07-07,4.273064613342285
2005-07-08,4.311478137969971
2005-07-11,4.351720809936523
2005-07-12,4.368185043334961
2005-07-13,4.37001371383667
2005-07-14,4.408428192138672
2005-07-15,4.41208553314209
2005-07-18,4.360867977142334
2005-07-19,4.351720809936523
2005-07-20,4.353551387786865
2005-07-21,4.3370866775512695
2005-07-22,4.3389177322387695
2005-07-25,4.359038352966309
2005-07-26,4.3974528312683105
2005-07-27,4.446841239929199
2005-07-28,4.523667335510254
2005-07-29,4.472447395324707
2005-08-01,4.476106643676758
2005-08-02,4.510863304138184
2005-08-03,4.567568778991699
2005-08-04,4.525497913360596
2005-08-05,4.501717567443848
2005-08-08,4.476106643676758
2005-08-09,4.488912582397461
2005-08-10,4.509033679962158
2005-08-11,4.525497913360596
2005-08-12,4.474278450012207
2005-08-15,4.474278450012207
2005-08-16,4.437695503234863
2005-08-17,4.428546905517578
2005-08-18,4.3992791175842285
2005-08-19,4.415744781494141
2005-08-22,4.395622730255127
2005-08-23,4.426718711853027
2005-08-24,4.373672008514404
2005-08-25,4.368185043334961
2005-08-26,4.3370866775512695
2005-08-29,4.359038352966309
2005-08-30,4.355379581451416
2005-08-31,4.404768466949463
2005-09-01,4.393792152404785
2005-09-02,4.36635684967041
2005-09-06,4.434035778045654
2005-09-07,4.404768466949463
2005-09-08,4.391963481903076
2005-09-09,4.3992791175842285
2005-09-12,4.357210159301758
2005-09-13,4.351720809936523
2005-09-14,4.333427906036377
2005-09-15,4.373672008514404
2005-09-16,4.432206630706787
2005-09-19,4.40110969543457
2005-09-20,4.404768466949463
2005-09-21,4.379159450531006
2005-09-22,4.359038352966309
2005-09-23,4.348062992095947
2005-09-26,4.360867977142334
2005-09-27,4.324284553527832
2005-09-28,4.371844291687012
2005-09-29,4.3389177322387695
2005-09-30,4.384645938873291
2005-10-03,4.382819652557373
2005-10-04,4.382819652557373
2005-10-05,4.343269348144531
2005-10-06,4.300433158874512
2005-10-07,4.23710823059082
2005-10-10,4.2389726638793945
2005-10-11,4.201720237731934
2005-10-12,4.155160427093506
2005-10-13,4.143986225128174
2005-10-14,4.134673118591309
2005-10-17,4.134673118591309
2005-10-18,4.116048812866211
2005-10-19,4.173785209655762
2005-10-20,4.197996139526367
2005-10-21,4.283672332763672
2005-10-24,4.393556118011475
2005-10-25,4.412178993225098
2005-10-26,4.404730319976807
2005-10-27,4.41404390335083
2005-10-28,4.449429512023926
2005-10-31,4.441979885101318
2005-11-01,4.428944110870361
2005-11-02,4.453155040740967
2005-11-03,4.380520343780518
2005-11-04,4.406591892242432
2005-11-07,4.360030651092529
2005-11-08,4.395417213439941
2005-11-09,4.395417213439941
2005-11-10,4.449429512023926
2005-11-11,4.460605621337891
2005-11-14,4.460605621337891
2005-11-15,4.449429512023926
2005-11-16,4.436393737792969
2005-11-17,4.501579284667969
2005-11-18,4.540691375732422
2005-11-21,4.538828372955322
2005-11-22,4.613326549530029
2005-11-23,4.596562385559082
2005-11-25,4.613326549530029
2005-11-28,4.67106294631958
2005-11-29,4.665474891662598
2005-11-30,4.63939905166626
2005-12-01,4.7120361328125
2005-12-02,4.669200420379639
2005-12-05,4.710174083709717
2005-12-06,4.693411827087402
2005-12-07,4.672926902770996
2005-12-08,4.628226280212402
2005-12-09,4.637538909912109
2005-12-12,4.630087852478027
2005-12-13,4.659888744354248
2005-12-14,4.631951332092285
2005-12-15,4.628226280212402
2005-12-16,4.648711681365967
2005-12-19,4.624500751495361
2005-12-20,4.590976238250732
2005-12-21,4.553724765777588
2005-12-22,4.577939987182617
2005-12-23,4.587252140045166
2005-12-27,4.587252140045166
2005-12-28,4.585390090942383
2005-12-29,4.585390090942383
2005-12-30,4.561178684234619
2006-01-03,4.6021504402160645
2006-01-04,4.63567590713501
2006-01-05,4.646849632263184
2006-01-06,4.726652145385742
2006-01-09,4.743715763092041
2006-01-10,4.715276718139648
2006-01-11,4.7531938552856445
2006-01-12,4.732340335845947
2006-01-13,4.738028526306152
2006-01-17,4.709587574005127
2006-01-18,4.705795764923096
2006-01-19,4.7209649085998535
2006-01-20,4.684938430786133
2006-01-23,4.635644435882568
2006-01-24,4.67546272277832
2006-01-25,4.7797369956970215
2006-01-26,4.836615562438965
2006-01-27,4.908666133880615
2006-01-30,4.939000606536865
2006-01-31,4.920039653778076
2006-02-01,5.033797264099121
2006-02-02,5.028111934661865
2006-02-03,5.079301357269287
2006-02-06,5.128597736358643
2006-02-07,5.103946685791016
2006-02-08,5.143764495849609
2006-02-09,5.143764495849609
2006-02-10,5.210119724273682
2006-02-13,5.242356300354004
2006-02-14,5.363696575164795
2006-02-15,5.369383811950684
2006-02-16,5.394032001495361
2006-02-17,5.361800670623779
2006-02-21,5.337153434753418
2006-02-22,5.356113433837891
2006-02-23,5.297338485717773
2006-02-24,5.227187633514404
2006-02-27,5.265108108520508
2006-02-28,5.230978488922119
2006-03-01,5.325776100158691
2006-03-02,5.361800670623779
2006-03-03,5.306817054748535
2006-03-06,5.1229095458984375
2006-03-07,5.030008316040039
2006-03-08,5.079301357269287
2006-03-09,5.10963773727417
2006-03-10,5.162722587585449
2006-03-13,5.1418657302856445
2006-03-14,5.179789066314697
2006-03-15,5.177891731262207
2006-03-16,5.13997220993042
2006-03-17,5.119117736816406
2006-03-20,5.084989547729492
2006-03-21,5.066028594970703
2006-03-22,5.103946685791016
2006-03-23,5.119117736816406
2006-03-24,5.189269542694092
2006-03-27,5.177891731262207
2006-03-28,5.1229095458984375
2006-03-29,5.168409824371338
2006-03-30,5.1229095458984375
2006-03-31,5.126701831817627
2006-04-03,5.10963773727417
2006-04-04,5.1418657302856445
2006-04-05,5.136181831359863
2006-04-06,5.097805023193359
2006-04-07,5.041911602020264
2006-04-10,5.0168585777282715
2006-04-11,4.9686737060546875
2006-04-12,4.937837600708008
2006-04-13,4.9301276206970215
2006-04-17,4.901218414306641
2006-04-18,4.99951171875
2006-04-19,4.962892055511475
2006-04-20,4.883872032165527
2006-04-21,4.885797500610352
2006-04-24,4.920489311218262
2006-04-25,4.933984279632568
2006-04-26,5.041911602020264
2006-04-27,5.08431339263916
2006-04-28,5.051548957824707
2006-05-01,5.041911602020264
2006-05-02,5.041911602020264
2006-05-03,5.009148597717285
2006-05-04,4.995656967163086
2006-05-05,5.005292892456055
2006-05-08,5.038055419921875
2006-05-09,5.070822238922119
2006-05-10,5.043839931488037
2006-05-11,5.032276153564453
2006-05-12,4.937837600708008
2006-05-15,4.970601558685303
2006-05-16,4.966744899749756
2006-05-17,4.8376145362854
2006-05-18,4.768231391906738
2006-05-19,4.872308254241943
2006-05-22,4.864597797393799
2006-05-23,4.866521835327148
2006-05-24,4.9069976806640625
2006-05-25,4.953255653381348
2006-05-26,5.05540657043457
2006-05-30,4.980238437652588
2006-05-31,5.02263879776001
2006-06-01,5.186464309692383
2006-06-02,5.151771068572998
2006-06-05,5.126715660095215
2006-06-06,5.151771068572998
2006-06-07,5.1247878074646
2006-06-08,5.122862339019775
2006-06-09,5.1305718421936035
2006-06-12,5.138279914855957
2006-06-13,5.207664966583252
2006-06-14,5.236572742462158
2006-06-15,5.344505310058594
2006-06-16,5.356069564819336
2006-06-19,5.36570405960083
2006-06-20,5.3155951499938965
2006-06-21,5.2674150466918945
2006-06-22,5.259702682495117
2006-06-23,5.275122165679932
2006-06-26,5.2674150466918945
2006-06-27,5.271264553070068
2006-06-28,5.282830238342285
2006-06-29,5.3387227058410645
2006-06-30,5.375343322753906
2006-07-03,5.383049964904785
2006-07-05,5.377270698547363
2006-07-06,5.416611194610596
2006-07-07,5.432275772094727
2006-07-10,5.361776828765869
2006-07-11,5.334362030029297
2006-07-12,5.318695068359375
2006-07-13,5.201198101043701
2006-07-14,5.205116271972656
2006-07-17,5.238405227661133
2006-07-18,5.285407066345215
2006-07-19,5.379401683807373
2006-07-20,5.34611177444458
2006-07-21,5.353944301605225
2006-07-24,5.440107822418213
2006-07-25,5.66922664642334
2006-07-26,5.7769341468811035
2006-07-27,5.812183380126953
2006-07-28,5.886596202850342
2006-07-31,5.872889041900635
2006-08-01,5.827850818634033
2006-08-02,5.988428115844727
2006-08-03,6.051094055175781
2006-08-04,6.064802169799805
2006-08-07,6.0295538902282715
2006-08-08,6.0138840675354
2006-08-09,5.921846866607666
2006-08-10,5.9179301261901855
2006-08-11,5.9179301261901855
2006-08-14,5.872889041900635
2006-08-15,5.945346355438232
2006-08-16,5.923805236816406
2006-08-17,5.9629693031311035
2006-08-18,5.974720478057861
2006-08-21,5.984510898590088
2006-08-22,5.9825544357299805
2006-08-23,5.96884822845459
2006-08-24,5.9668869972229
2006-08-25,5.9982194900512695
2006-08-28,6.064802169799805
2006-08-29,6.123551368713379
2006-08-30,6.107883453369141
2006-08-31,6.096133232116699
2006-09-01,6.190129280090332
2006-09-05,6.209714412689209
2006-09-06,6.180342674255371
2006-09-07,6.125510215759277
2006-09-08,6.139217376708984
2006-09-11,6.188170909881592
2006-09-12,6.246923446655273
2006-09-13,6.239091873168945
2006-09-14,6.3154616355896
2006-09-15,6.239091873168945
2006-09-18,6.1509623527526855
2006-09-19,6.1568403244018555
2006-09-20,6.278254508972168
2006-09-21,6.321338653564453
2006-09-22,6.44275426864624
2006-09-25,6.558286190032959
2006-09-26,6.530872821807861
2006-09-27,6.378127098083496
2006-09-28,6.338960647583008
2006-09-29,6.376168727874756
2006-10-02,6.311546325683594
2006-10-03,6.374212265014648
2006-10-04,6.407500267028809
2006-10-05,6.338201999664307
2006-10-06,6.308424472808838
2006-10-09,6.387828826904297
2006-10-10,6.504945278167725
2006-10-11,6.542657852172852
2006-10-12,6.669700622558594
2006-10-13,6.669700622558594
2006-10-16,6.548614025115967
2006-10-17,6.562509536743164
2006-10-18,6.538689613342285
2006-10-19,6.699476718902588
2006-10-20,6.836446762084961
2006-10-23,6.8900370597839355
2006-10-24,6.894009113311768
2006-10-25,6.814610004425049
2006-10-26,6.8285017013549805
2006-10-27,6.792773246765137
2006-10-30,6.733222961425781
2006-10-31,6.798728942871094
2006-11-01,6.7014641761779785
2006-11-02,6.753073215484619
2006-11-03,6.693521499633789
2006-11-06,6.808654308319092
2006-11-07,6.808654308319092
2006-11-08,6.822547435760498
2006-11-09,6.633971691131592
2006-11-10,6.560526371002197
2006-11-13,6.562509536743164
2006-11-14,6.542657852172852
2006-11-15,6.443408489227295
2006-11-16,6.431498050689697
2006-11-17,6.590301036834717
2006-11-20,6.592287540435791
2006-11-21,6.500972747802734
2006-11-22,6.485091209411621
2006-11-24,6.485091209411621
2006-11-27,6.487076759338379
2006-11-28,6.514867782592773
2006-11-29,6.6498494148254395
2006-11-30,6.731238842010498
2006-12-01,6.749101638793945
2006-12-04,6.796745300292969
2006-12-05,6.8840861320495605
2006-12-06,6.903934955596924
2006-12-07,6.874159812927246
2006-12-08,6.941652297973633
2006-12-11,6.983337879180908
2006-12-12,7.074650287628174
2006-12-13,7.056782245635986
2006-12-14,7.078619003295898
2006-12-15,7.078619003295898
2006-12-18,7.040903091430664
2006-12-19,6.945621013641357
2006-12-20,6.937682628631592
2006-12-21,6.981351375579834
2006-12-22,6.9436354637146
2006-12-26,6.949594020843506
2006-12-27,7.03097677230835
2006-12-28,7.046858787536621
2006-12-29,7.096484184265137
2007-01-03,6.937682628631592
2007-01-04,6.848354339599609
2007-01-05,6.741161823272705
2007-01-08,6.805578708648682
2007-01-09,6.831749439239502
2007-01-10,6.8498640060424805
2007-01-11,6.942456245422363
2007-01-12,6.99076509475708
2007-01-16,6.970635414123535
2007-01-17,6.942456245422363
2007-01-18,7.049139022827148
2007-01-19,7.059203147888184
2007-01-22,7.099459648132324
2007-01-23,7.117578506469727
2007-01-24,7.373213291168213
2007-01-25,7.405422687530518
2007-01-26,7.3269171714782715
2007-01-29,7.349060535430908
2007-01-30,7.465806484222412
2007-01-31,7.574501991271973
2007-02-01,7.598654270172119
2007-02-02,7.673136234283447
2007-02-05,7.606712818145752
2007-02-06,7.55034875869751
2007-02-07,7.479895114898682
2007-02-08,7.524179935455322
2007-02-09,7.427562713623047
2007-02-12,7.439639568328857
2007-02-13,7.48593807220459
2007-02-14,7.48593807220459
2007-02-15,7.493985652923584
2007-02-16,7.544307231903076
2007-02-20,7.520155429840088
2007-02-21,7.489960670471191
2007-02-22,7.457754611968994
2007-02-23,7.447691917419434
2007-02-26,7.548330783843994
2007-02-27,7.276595592498779
2007-02-28,7.407433986663818
2007-03-01,7.389315605163574
2007-03-02,7.3349714279174805
2007-03-05,7.190039157867432
2007-03-06,7.24639892578125
2007-03-07,7.131666660308838
2007-03-08,7.349060535430908
2007-03-09,7.357109546661377
2007-03-12,7.45976448059082
2007-03-13,7.500026702880859
2007-03-14,7.489960670471191
2007-03-15,7.435614109039307
2007-03-16,7.443665504455566
2007-03-19,7.564438343048096
2007-03-20,7.630864143371582
2007-03-21,7.822087287902832
2007-03-22,7.872409820556641
2007-03-23,7.826112270355225
2007-03-26,7.9126667976379395
2007-03-27,7.938833713531494
2007-03-28,7.840206146240234
2007-03-29,7.884487628936768
2007-03-30,7.936824798583984
2007-04-02,7.942861557006836
2007-04-03,7.999224662780762
2007-04-04,7.896563529968262
2007-04-05,8.000468254089355
2007-04-09,8.012697219848633
2007-04-10,8.037144660949707
2007-04-11,7.9332404136657715
2007-04-12,7.8761982917785645
2007-04-13,7.912866592407227
2007-04-16,7.998436450958252
2007-04-17,7.98417329788208
2007-04-18,7.939353942871094
2007-04-19,8.008618354797363
2007-04-20,8.122708320617676
2007-04-23,8.102337837219238
2007-04-24,7.965836048126221
2007-04-25,7.973989486694336
2007-04-26,7.937315464019775
2007-04-27,7.8721232414245605
2007-04-30,7.8884196281433105
2007-05-01,7.912866592407227
2007-05-02,7.880271911621094
2007-05-03,7.9250898361206055
2007-05-04,8.043254852294922
2007-05-07,8.067702293395996
2007-05-08,8.000468254089355
2007-05-09,8.041219711303711
2007-05-10,7.927128791809082
2007-05-11,8.065665245056152
2007-05-14,8.155305862426758
2007-05-15,8.228647232055664
2007-05-16,8.381446838378906
2007-05-17,8.40589714050293
2007-05-18,8.373296737670898
2007-05-21,8.261246681213379
2007-05-22,8.238837242126465
2007-05-23,8.2327241897583
2007-05-24,8.234758377075195
2007-05-25,8.304027557373047
2007-05-29,8.249022483825684
2007-05-30,8.348846435546875
2007-05-31,8.42219352722168
2007-06-01,8.257172584533691
2007-06-04,8.332551956176758
2007-06-05,8.249022483825684
2007-06-06,8.226613998413086
2007-06-07,8.051409721374512
2007-06-08,8.202163696289062
2007-06-11,8.173644065856934
2007-06-12,7.961760520935059
2007-06-13,8.145116806030273
2007-06-14,8.263284683227539
2007-06-15,8.206241607666016
2007-06-18,8.151230812072754
2007-06-19,8.198088645935059
2007-06-20,8.053443908691406
2007-06-21,8.065665245056152
2007-06-22,7.914909839630127
2007-06-25,7.961760520935059
2007-06-26,8.004545211791992
2007-06-27,8.145116806030273
2007-06-28,8.29995346069336
2007-06-29,8.454792022705078
2007-07-02,8.526092529296875
2007-07-03,8.454792022705078
2007-07-05,8.344773292541504
2007-07-06,8.379814147949219
2007-07-09,8.344780921936035
2007-07-10,8.140746116638184
2007-07-11,8.204634666442871
2007-07-12,8.342717170715332
2007-07-13,8.3262300491333
2007-07-16,8.28707218170166
2007-07-17,8.210816383361816
2007-07-18,8.167535781860352
2007-07-19,8.171662330627441
2007-07-20,8.050063133239746
2007-07-23,8.249975204467773
2007-07-24,8.177842140197754
2007-07-25,8.34683895111084
2007-07-26,8.237611770629883
2007-07-27,8.087159156799316
2007-07-30,8.196390151977539
2007-07-31,8.070672988891602
2007-08-01,8.2911958694458
2007-08-02,8.367448806762695
2007-08-03,8.130443572998047
2007-08-06,8.297377586364746
2007-08-07,8.338597297668457
2007-08-08,8.315925598144531
2007-08-09,8.089221000671387
2007-08-10,8.010906219482422
2007-08-13,8.05418586730957
2007-08-14,7.885188579559326
2007-08-15,7.829543590545654
2007-08-16,7.815117835998535
2007-08-17,8.048005104064941
2007-08-20,7.965563774108887
2007-08-21,7.986173629760742
2007-08-22,8.198450088500977
2007-08-23,8.26440143585205
2007-08-24,8.317986488342285
2007-08-27,8.26440143585205
2007-08-28,7.99441385269165
2007-08-29,8.285012245178223
2007-08-30,8.194329261779785
2007-08-31,8.217000007629395
2007-09-04,8.301499366760254
2007-09-05,8.188143730163574
2007-09-06,8.190210342407227
2007-09-07,7.982053279876709
2007-09-10,7.992352485656738
2007-09-11,8.204634666442871
2007-09-12,8.21494197845459
2007-09-13,8.402487754821777
2007-09-14,8.334473609924316
2007-09-17,8.243788719177246
2007-09-18,8.414850234985352
2007-09-19,8.56942367553711
2007-09-20,8.662163734436035
2007-09-21,8.765213966369629
2007-09-24,8.711628913879395
2007-09-25,8.773454666137695
2007-09-26,8.827044486999512
2007-09-27,8.827044486999512
2007-09-28,8.719871520996094
2007-10-01,8.703385353088379
2007-10-02,8.740477561950684
2007-10-03,8.639496803283691
2007-10-04,8.653921127319336
2007-10-05,8.783153533935547
2007-10-08,8.739383697509766
2007-10-09,8.749800682067871
2007-10-10,8.701864242553711
2007-10-11,8.672682762145996
2007-10-12,8.814414978027344
2007-10-15,8.793569564819336
2007-10-16,8.716452598571777
2007-10-17,8.739383697509766
2007-10-18,8.714374542236328
2007-10-19,8.622660636901855
2007-10-22,8.580977439880371
2007-10-23,8.758139610290527
2007-10-24,8.660181999206543
2007-10-25,8.545541763305664
2007-10-26,8.641419410705566
2007-10-29,8.699775695800781
2007-10-30,8.630998611450195
2007-10-31,8.71020221710205
2007-11-01,8.432991981506348
2007-11-02,8.424654960632324
2007-11-05,8.345455169677734
2007-11-06,8.345455169677734
2007-11-07,8.057822227478027
2007-11-08,8.19955062866211
2007-11-09,8.170371055603027
2007-11-12,8.055736541748047
2007-11-13,8.305853843688965
2007-11-14,8.19955062866211
2007-11-15,8.205804824829102
2007-11-16,8.243322372436523
2007-11-19,7.868153095245361
2007-11-20,7.926513195037842
2007-11-21,7.805622577667236
2007-11-23,7.843140602111816
2007-11-26,7.576353549957275
2007-11-27,7.6555585861206055
2007-11-28,7.816043853759766
2007-11-29,7.926513195037842
2007-11-30,7.964025974273682
2007-12-03,7.978620529174805
2007-12-04,7.891077995300293
2007-12-05,8.00779914855957
2007-12-06,8.091172218322754
2007-12-07,8.018217086791992
2007-12-10,7.899415969848633
2007-12-11,8.224563598632812
2007-12-12,8.693524360656738
2007-12-13,8.712285041809082
2007-12-14,8.574722290039062
2007-12-17,8.441329002380371
2007-12-18,8.462172508239746
2007-12-19,8.32460880279541
2007-12-20,8.39130687713623
2007-12-21,8.645588874816895
2007-12-24,8.649758338928223
2007-12-26,8.816499710083008
2007-12-27,8.758139610290527
2007-12-28,8.845678329467773
2007-12-31,8.662263870239258
2008-01-02,8.545541763305664
2008-01-03,8.6268310546875
2008-01-04,8.522614479064941
2008-01-07,8.63516616821289
2008-01-08,8.26772403717041
2008-01-09,8.233942031860352
2008-01-10,8.318391799926758
2008-01-11,8.065040588378906
2008-01-14,8.130492210388184
2008-01-15,7.94469690322876
2008-01-16,7.995368480682373
2008-01-17,7.875027179718018
2008-01-18,7.62378454208374
2008-01-22,7.592115879058838
2008-01-23,7.746237277984619
2008-01-24,7.547779083251953
2008-01-25,7.444325923919678
2008-01-28,7.685009956359863
2008-01-29,7.999592304229736
2008-01-30,7.8855814933776855
2008-01-31,8.126269340515137
2008-02-01,8.081930160522461
2008-02-04,8.056594848632812
2008-02-05,7.7546844482421875
2008-02-06,7.685009956359863
2008-02-07,7.811688423156738
2008-02-08,7.678675651550293
2008-02-11,7.784241199493408
2008-02-12,7.919363498687744
2008-02-13,8.164267539978027
2008-02-14,7.989031791687012
2008-02-15,7.99747896194458
2008-02-19,7.577335834503174
2008-02-20,7.254311561584473
2008-02-21,7.277538776397705
2008-02-22,7.385213375091553
2008-02-25,7.494997978210449
2008-02-26,7.509777545928955
2008-02-27,7.431662082672119
2008-02-28,7.592115879058838
2008-02-29,7.353541374206543
2008-03-03,7.402104377746582
2008-03-04,7.361987590789795
2008-03-05,7.484440326690674
2008-03-06,7.3936567306518555
2008-03-07,7.391549587249756
2008-03-10,7.315539836883545
2008-03-11,7.619561672210693
2008-03-12,7.456995964050293
2008-03-13,7.494997978210449
2008-03-14,7.395765781402588
2008-03-17,7.556225776672363
2008-03-18,7.826467990875244
2008-03-19,7.6111159324646
2008-03-20,7.780021667480469
2008-03-24,8.029150009155273
2008-03-25,8.02281665802002
2008-03-26,7.972144603729248
2008-03-27,7.9510345458984375
2008-03-28,7.9510345458984375
2008-03-31,8.086156845092773
2008-04-01,8.335283279418945
2008-04-02,8.174826622009277
2008-04-03,8.236050605773926
2008-04-04,8.12415599822998
2008-04-07,8.236050605773926
2008-04-08,8.304457664489746
2008-04-09,8.17389965057373
2008-04-10,8.176040649414062
2008-04-11,7.983407974243164
2008-04-14,7.962006568908691
2008-04-15,7.9898295402526855
2008-04-16,8.049759864807129
2008-04-17,8.041197776794434
2008-04-18,8.02835464477539
2008-04-21,8.045478820800781
2008-04-22,8.092568397521973
2008-04-23,8.24666976928711
2008-04-24,8.27235221862793
2008-04-25,8.257372856140137
2008-04-28,8.197443962097168
2008-04-29,8.259509086608887
2008-04-30,8.285194396972656
2008-05-01,8.548455238342285
2008-05-02,8.58912181854248
2008-05-05,8.529194831848145
2008-05-06,8.467123031616211
2008-05-07,8.308741569519043
2008-05-08,8.317299842834473
2008-05-09,8.259509086608887
2008-05-12,8.370810508728027
2008-05-13,8.402915954589844
2008-05-14,8.477822303771973
2008-05-15,8.531332969665527
2008-05-16,8.576282501220703
2008-05-19,8.670453071594238
2008-05-20,8.426456451416016
2008-05-21,8.323719024658203
2008-05-22,8.385788917541504
2008-05-23,8.24666976928711
2008-05-27,8.310876846313477
2008-05-28,8.456422805786133
2008-05-29,8.604103088378906
2008-05-30,8.539892196655273
2008-06-02,8.422175407409668
2008-06-03,8.300175666809082
2008-06-04,8.240246772766113
2008-06-05,8.445718765258789
2008-06-06,8.178177833557129
2008-06-09,8.039056777954102
2008-06-10,7.966287612915039
2008-06-11,7.735134601593018
2008-06-12,7.78864049911499
2008-06-13,7.850709915161133
2008-06-16,7.741553783416748
2008-06-17,7.6388163566589355
2008-06-18,7.544643402099609
2008-06-19,7.523240566253662
2008-06-20,7.369134902954102
2008-06-23,7.358432769775391
2008-06-24,7.334892749786377
2008-06-25,7.3776984214782715
2008-06-26,7.163663864135742
2008-06-27,7.011703968048096
2008-06-30,7.210753440856934
2008-07-01,7.127278804779053
2008-07-02,7.0395283699035645
2008-07-03,6.973178386688232
2008-07-07,6.994583606719971
2008-07-08,7.170715808868408
2008-07-09,6.987967014312744
2008-07-10,7.129376411437988
2008-07-11,7.088045120239258
2008-07-14,7.042356491088867
2008-07-15,6.950982093811035
2008-07-16,6.944454669952393
2008-07-17,6.907470226287842
2008-07-18,6.987967014312744
2008-07-21,6.924872398376465
2008-07-22,6.922698497772217
2008-07-23,7.192472457885742
2008-07-24,6.896592140197754
2008-07-25,6.831320762634277
2008-07-28,6.663804531097412
2008-07-29,6.67902946472168
2008-07-30,6.724721908569336
2008-07-31,6.702963352203369
2008-08-01,6.6224684715271
2008-08-04,6.563727378845215
2008-08-05,6.755178451538086
2008-08-06,6.716014862060547
2008-08-07,6.5941853523254395
2008-08-08,6.73777437210083
2008-08-11,6.927048206329346
2008-08-12,6.885715484619141
2008-08-13,6.809567451477051
2008-08-14,6.770406246185303
2008-08-15,6.887890338897705
2008-08-18,6.831320762634277
2008-08-19,6.700789928436279
2008-08-20,6.676855564117432
2008-08-21,6.692089080810547
2008-08-22,6.781283378601074
2008-08-25,6.639873027801514
2008-08-26,6.661629676818848
2008-08-27,6.787811756134033
2008-08-28,7.011897087097168
2008-08-29,6.9596848487854
2008-09-02,7.016247749328613
2008-09-03,7.053231716156006
2008-09-04,6.870487689971924
2008-09-05,6.853082180023193
2008-09-08,7.081515789031982
2008-09-09,7.081515789031982
2008-09-10,6.863959312438965
2008-09-11,6.8661346435546875
2008-09-12,6.861782073974609
2008-09-15,6.518040180206299
2008-09-16,6.500635623931885
2008-09-17,6.26567268371582
2008-09-18,6.3265886306762695
2008-09-19,6.620293140411377
2008-09-22,6.354869365692139
2008-09-23,6.254794597625732
2008-09-24,6.304832458496094
2008-09-25,6.541972637176514
2008-09-26,6.526742458343506
2008-09-29,6.037236213684082
2008-09-30,6.074222087860107
2008-10-01,6.1112060546875
2008-10-02,6.085098743438721
2008-10-03,6.117733955383301
2008-10-06,5.843612194061279
2008-10-07,5.5999436378479
2008-10-08,5.493235111236572
2008-10-09,5.108952045440674
2008-10-10,4.980118274688721
2008-10-13,5.790885925292969
2008-10-14,5.926384449005127
2008-10-15,5.4688005447387695
2008-10-16,5.655386447906494
2008-10-17,5.617625713348389
2008-10-20,5.995245933532715
2008-10-21,5.715363025665283
2008-10-22,5.282214641571045
2008-10-23,5.6109619140625
2008-10-24,5.4821271896362305
2008-10-27,5.417710781097412
2008-10-28,6.132962226867676
2008-10-29,5.9752516746521
2008-10-30,6.01967716217041
2008-10-31,5.946376800537109
2008-11-03,6.177389144897461
2008-11-04,6.503917694091797
2008-11-05,6.030787467956543
2008-11-06,5.77311372756958
2008-11-07,5.997466564178467
2008-11-10,6.101870059967041
2008-11-11,6.070768356323242
2008-11-12,5.815319538116455
2008-11-13,6.368420600891113
2008-11-14,6.141849517822266
2008-11-17,5.946376800537109
2008-11-18,5.901950836181641
2008-11-19,5.604299068450928
2008-11-20,5.444368362426758
2008-11-21,5.595412731170654
2008-11-24,5.9841389656066895
2008-11-25,6.061882495880127
2008-11-26,6.3062262535095215
2008-11-28,6.3439860343933105
2008-12-01,5.988579273223877
2008-12-02,6.228479385375977
2008-12-03,6.45949125289917
2008-12-04,6.257358551025391
2008-12-05,6.252912998199463
2008-12-08,6.659409523010254
2008-12-09,6.477264404296875
2008-12-10,6.237363815307617
2008-12-11,6.206268310546875
2008-12-12,6.25957727432251
2008-12-15,6.02634334564209
2008-12-16,6.270685195922852
2008-12-17,6.246248722076416
2008-12-18,6.157398700714111
2008-12-19,6.246248722076416
2008-12-22,6.24846887588501
2008-12-23,6.157398700714111
2008-12-24,6.1818318367004395
2008-12-26,6.206268310546875
2008-12-29,6.188494682312012
2008-12-30,6.270685195922852
2008-12-31,6.330660343170166
2009-01-02,6.535014629364014
2009-01-05,6.315109729766846
2009-01-06,6.286235332489014
2009-01-07,6.16231632232666
2009-01-08,6.155523300170898
2009-01-09,6.042285442352295
2009-01-12,5.874699115753174
2009-01-13,5.886017322540283
2009-01-14,5.754665851593018
2009-01-15,5.688988208770752
2009-01-16,5.713900089263916
2009-01-20,5.666341781616211
2009-01-21,5.840726375579834
2009-01-22,5.777311325073242
2009-01-23,5.915461540222168
2009-01-26,6.076254844665527
2009-01-27,5.872430801391602
2009-01-28,5.86790132522583
2009-01-29,5.59613561630249
2009-01-30,5.575753211975098
2009-02-02,5.698049068450928
2009-02-03,5.745605945587158
2009-02-04,5.58481502532959
2009-02-05,5.6957831382751465
2009-02-06,5.906401634216309
2009-02-09,5.863373756408691
2009-02-10,5.562163829803467
2009-02-11,5.534987449645996
2009-02-12,5.501016139984131
2009-02-13,5.478369235992432
2009-02-17,5.258692264556885
2009-02-18,5.1998090744018555
2009-02-19,5.251899242401123
2009-02-20,5.340221881866455
2009-02-23,5.136396408081055
2009-02-24,5.265484809875488
2009-02-25,5.369661808013916
2009-02-26,5.455721378326416
2009-02-27,5.383251667022705
2009-03-02,5.217925071716309
2009-03-03,5.134130477905273
2009-03-04,5.208866596221924
2009-03-05,5.109218597412109
2009-03-06,5.113749980926514
2009-03-09,4.918983459472656
2009-03-10,5.21339750289917
2009-03-11,5.288130283355713
2009-03-12,5.5146050453186035
2009-03-13,5.496488094329834
2009-03-16,5.51686954498291
2009-03-17,5.745605945587158
2009-03-18,5.820343494415283
2009-03-19,5.797695159912109
2009-03-20,5.736546993255615
2009-03-23,6.096640110015869
2009-03-24,5.963020324707031
2009-03-25,5.929049015045166
2009-03-26,5.967550754547119
2009-03-27,5.888284683227539
2009-03-30,5.698049068450928
2009-03-31,5.707107067108154
2009-04-01,5.870166301727295
2009-04-02,6.010578155517578
2009-04-03,6.076254844665527
2009-04-06,6.0219011306762695
2009-04-07,5.902338027954102
2009-04-08,5.869973659515381
2009-04-09,6.034119606018066
2009-04-13,6.015624523162842
2009-04-14,5.844542026519775
2009-04-15,5.883843421936035
2009-04-16,6.008688449859619
2009-04-17,5.9994378089904785
2009-04-20,5.846851825714111
2009-04-21,5.844542026519775
2009-04-22,5.950891494750977
2009-04-23,5.895404815673828
2009-04-24,5.816799163818359
2009-04-27,5.85147762298584
2009-04-28,5.930083751678467
2009-04-29,5.900025844573975
2009-04-30,5.923146724700928
2009-05-01,6.013312339782715
2009-05-04,6.1705217361450195
2009-05-05,6.126595497131348
2009-05-06,6.1705217361450195
2009-05-07,5.883843421936035
2009-05-08,5.837602615356445
2009-05-11,5.863035678863525
2009-05-12,5.94857931137085
2009-05-13,5.8352952003479
2009-05-14,5.775183200836182
2009-05-15,5.752063274383545
2009-05-18,5.685019493103027
2009-05-19,5.703513145446777
2009-05-20,5.578668117523193
2009-05-21,5.472321510314941
2009-05-22,5.474632740020752
2009-05-26,5.6665239334106445
2009-05-27,5.564799785614014
2009-05-28,5.6942667961120605
2009-05-29,5.731258392333984
2009-06-01,5.696578502655029
2009-06-02,5.742816925048828
2009-06-03,5.654965877532959
2009-06-04,5.631845474243164
2009-06-05,5.678082466125488
2009-06-08,5.6410908699035645
2009-06-09,5.597165107727051
2009-06-10,5.613350868225098
2009-06-11,5.731258392333984
2009-06-12,5.782121658325195
2009-06-15,5.6942667961120605
2009-06-16,5.599476337432861
2009-06-17,5.580981254577637
2009-06-18,5.578668117523193
2009-06-19,5.557865142822266
2009-06-22,5.583294868469238
2009-06-23,5.701202869415283
2009-06-24,5.698889255523682
2009-06-25,5.745128154754639
2009-06-26,5.738193035125732
2009-06-29,5.8306684494018555
2009-06-30,5.742816925048828
2009-07-01,5.79599142074585
2009-07-02,5.685019493103027
2009-07-06,5.7335686683654785
2009-07-07,5.624908924102783
2009-07-08,5.566463470458984
2009-07-09,5.528627395629883
2009-07-10,5.542815685272217
2009-07-13,5.620851516723633
2009-07-14,5.545180797576904
2009-07-15,5.668145179748535
2009-07-16,5.606662750244141
2009-07-17,5.670509338378906
2009-07-20,5.7745561599731445
2009-07-21,5.8100266456604
2009-07-22,5.873871803283691
2009-07-23,6.025210857391357
2009-07-24,6.018117427825928
2009-07-27,6.0843305587768555
2009-07-28,6.034668922424316
2009-07-29,6.1363525390625
2009-07-30,6.22857666015625
2009-07-31,6.202564716339111
2009-08-03,6.202564716339111
2009-08-04,6.2120232582092285
2009-08-05,6.0843305587768555
2009-08-06,6.041764736175537
2009-08-07,6.058316707611084
2009-08-10,6.048859119415283
2009-08-11,5.9968366622924805
2009-08-12,6.065411567687988
2009-08-13,6.025210857391357
2009-08-14,6.018117427825928
2009-08-17,5.916438102722168
2009-08-18,5.935352802276611
2009-08-19,6.0015645027160645
2009-08-20,6.039398193359375
2009-08-21,6.148174285888672
2009-08-24,6.181280136108398
2009-08-25,6.219114780426025
2009-08-26,6.268772125244141
2009-08-27,6.247490406036377
2009-08-28,6.197834014892578
2009-08-31,6.160000324249268
2009-09-01,5.9968366622924805
2009-09-02,5.999198913574219
2009-09-03,5.947177886962891
2009-09-04,6.03230619430542
2009-09-08,6.089056491851807
2009-09-09,6.13399076461792
2009-09-10,6.280597686767578
2009-09-11,6.304243087768555
2009-09-14,6.273503303527832
2009-09-15,6.313704490661621
2009-09-16,6.275871276855469
2009-09-17,6.235671043395996
2009-09-18,6.396466255187988
2009-09-21,6.353900909423828
2009-09-22,6.2664103507995605
2009-09-23,6.415383815765381
2009-09-24,6.39173698425293
2009-09-25,6.375186443328857
2009-09-28,6.486321926116943
2009-09-29,6.431937217712402
2009-09-30,6.3870086669921875
2009-10-01,6.292420864105225
2009-10-02,6.271139144897461
2009-10-05,6.327889442443848
2009-10-06,6.420114517211914
2009-10-07,6.317043781280518
2009-10-08,6.259136199951172
2009-10-09,6.191571235656738
2009-10-12,6.177096843719482
2009-10-13,6.24948263168335
2009-10-14,6.232590198516846
2009-10-15,6.251893043518066
2009-10-16,6.201224327087402
2009-10-19,6.273609638214111
2009-10-20,6.27119779586792
2009-10-21,6.259136199951172
2009-10-22,6.297740459442139
2009-10-23,6.208463668823242
2009-10-26,6.107118129730225
2009-10-27,6.177096843719482
2009-10-28,6.292913913726807
2009-10-29,6.3291096687316895
2009-10-30,6.193981647491455
2009-11-02,6.174679756164551
2009-11-03,6.119183540344238
2009-11-04,6.160199165344238
2009-11-05,6.259136199951172
2009-11-06,6.256718158721924
2009-11-09,6.355652332305908
2009-11-10,6.36047887802124
2009-11-11,6.379781723022461
2009-11-12,6.3435845375061035
2009-11-13,6.333932399749756
2009-11-16,6.3435845375061035
2009-11-17,6.341175079345703
2009-11-18,6.348410606384277
2009-11-19,6.300152778625488
2009-11-20,6.278438568115234
2009-11-23,6.461819171905518
2009-11-24,6.539033889770508
2009-11-25,6.534208297729492
2009-11-27,6.512491226196289
2009-11-30,6.50042724609375
2009-12-01,6.55833625793457
2009-12-02,6.599356174468994
2009-12-03,6.640373706817627
2009-12-04,6.659677505493164
2009-12-07,6.748958587646484
2009-12-08,6.662092685699463
2009-12-09,6.650026798248291
2009-12-10,6.69828462600708
2009-12-11,6.758607864379883
2009-12-14,6.768256187438965
2009-12-15,6.659677505493164
2009-12-16,6.640373706817627
2009-12-17,6.567989349365234
2009-12-18,6.592117786407471
2009-12-21,6.645200729370117
2009-12-22,6.732064247131348
2009-12-23,6.765848159790039
2009-12-24,6.780325889587402
2009-12-28,6.8358235359191895
2009-12-29,6.838236331939697
2009-12-30,6.833408832550049
2009-12-31,6.763433456420898
2010-01-04,6.896144390106201
2010-01-05,6.862367153167725
2010-01-06,6.794953346252441
2010-01-07,6.718659400939941
2010-01-08,6.669440746307373
2010-01-11,6.637445449829102
2010-01-12,6.634984016418457
2010-01-13,6.5562286376953125
2010-01-14,6.445484161376953
2010-01-15,6.347042560577393
2010-01-19,6.447944164276123
2010-01-20,6.35688591003418
2010-01-21,6.317509174346924
2010-01-22,6.248600959777832
2010-01-25,6.295358180999756
2010-01-26,6.233834266662598
2010-01-27,6.305202960968018
2010-01-28,6.285515308380127
2010-01-29,6.241214752197266
2010-02-01,6.246137619018555
2010-02-02,6.322429656982422
2010-02-03,6.295358180999756
2010-02-04,6.160001277923584
2010-02-05,6.2116875648498535
2010-02-08,6.147696495056152
2010-02-09,6.216607093811035
2010-02-10,6.18215274810791
2010-02-11,6.1993794441223145
2010-02-12,6.169846534729004
2010-02-16,6.231371879577637
2010-02-17,6.251058101654053
2010-02-18,6.2116875648498535
2010-02-19,6.177231788635254
2010-02-22,6.1575422286987305
2010-02-23,6.110780239105225
2010-02-24,6.13046932220459
2010-02-25,6.096015930175781
2010-02-26,6.10585880279541
2010-03-01,6.152618408203125
2010-03-02,6.123085021972656
2010-03-03,6.125546932220459
2010-03-04,6.14277458190918
2010-03-05,6.150157928466797
2010-03-08,6.221527099609375
2010-03-09,6.2904372215271
2010-03-10,6.280594348907471
2010-03-11,6.300281047821045
2010-03-12,6.305202960968018
2010-03-15,6.344580173492432
2010-03-16,6.361807346343994
2010-03-17,6.374112606048584
2010-03-18,6.413487911224365
2010-03-19,6.457789421081543
2010-03-22,6.497165203094482
2010-03-23,6.534082412719727
2010-03-24,6.462711811065674
2010-03-25,6.435639381408691
2010-03-26,6.457789421081543
2010-03-29,6.524236679077148
2010-03-30,6.386417388916016
2010-03-31,6.359346389770508
2010-04-01,6.425793170928955
2010-04-05,6.475014686584473
2010-04-06,6.475014686584473
2010-04-07,6.448887348175049
2010-04-08,6.541913032531738
2010-04-09,6.647510528564453
2010-04-12,6.6324238777160645
2010-04-13,6.587168216705322
2010-04-14,6.597224712371826
2010-04-15,6.597224712371826
2010-04-16,6.519284248352051
2010-04-19,6.6324238777160645
2010-04-20,6.702822208404541
2010-04-21,6.622365951538086
2010-04-22,6.604769706726074
2010-04-23,6.599738121032715
2010-04-26,6.604769706726074
2010-04-27,6.52431583404541
2010-04-28,6.5142598152160645
2010-04-29,6.572081089019775
2010-04-30,6.551969528198242
2010-05-03,6.6072821617126465
2010-05-04,6.511741638183594
2010-05-05,6.479057312011719
2010-05-06,6.320664405822754
2010-05-07,6.310608386993408
2010-05-10,6.453916549682617
2010-05-11,6.4463725090026855
2010-05-12,6.491630554199219
2010-05-13,6.471517562866211
2010-05-14,6.386033535003662
2010-05-17,6.479057312011719
2010-05-18,6.433801174163818
2010-05-19,6.428775310516357
2010-05-20,6.275408744812012
2010-05-21,6.24775505065918
2010-05-24,6.142158508300781
2010-05-25,6.114504337310791
2010-05-26,6.0667338371276855
2010-05-27,6.192439556121826
2010-05-28,6.109473705291748
2010-06-01,6.117015361785889
2010-06-02,6.230153560638428
2010-06-03,6.235182285308838
2010-06-04,6.07678747177124
2010-06-07,6.114504337310791
2010-06-08,6.277925968170166
2010-06-09,6.260324001312256
2010-06-10,6.396090030670166
2010-06-11,6.358376502990723
2010-06-14,6.328208923339844
2010-06-15,6.421231269836426
2010-06-16,6.41620397567749
2010-06-17,6.428775310516357
2010-06-18,6.393576622009277
2010-06-21,6.396090030670166
2010-06-22,6.375977516174316
2010-06-23,6.396090030670166
2010-06-24,6.298036098480225
2010-06-25,6.232668399810791
2010-06-28,6.272894382476807
2010-06-29,6.149702548980713
2010-06-30,6.081818103790283
2010-07-01,6.119531154632568
2010-07-02,6.106958866119385
2010-07-06,6.1371307373046875
2010-07-07,6.259614944458008
2010-07-08,6.321363925933838
2010-07-09,6.388253211975098
2010-07-12,6.390827178955078
2010-07-13,6.419126510620117
2010-07-14,6.421700954437256
2010-07-15,6.4319939613342285
2010-07-16,6.35223388671875
2010-07-19,6.401119232177734
2010-07-20,6.377963066101074
2010-07-21,6.411409854888916
2010-07-22,6.563206195831299
2010-07-23,6.5709228515625
2010-07-26,6.678982734680176
2010-07-27,6.727866172790527
2010-07-28,6.740728855133057
2010-07-29,6.694417953491211
2010-07-30,6.6738362312316895
2010-08-02,6.841065406799316
2010-08-03,6.866796016693115
2010-08-04,6.853930473327637
2010-08-05,6.879658222198486
2010-08-06,6.828202724456787
2010-08-09,6.910533905029297
2010-08-10,6.949124336242676
2010-08-11,6.830775737762451
2010-08-12,6.859079837799072
2010-08-13,6.87451171875
2010-08-16,6.856505870819092
2010-08-17,6.9388346672058105
2010-08-18,7.018589496612549
2010-08-19,6.9388346672058105
2010-08-20,6.8050456047058105
2010-08-23,6.8153395652771
2010-08-24,6.87451171875
2010-08-25,6.918251991271973
2010-08-26,6.869369029998779
2010-08-27,6.931117534637451
2010-08-30,6.8513569831848145
2010-08-31,6.954268932342529
2010-09-01,7.036602020263672
2010-09-02,7.049463748931885
2010-09-03,7.059756755828857
2010-09-07,7.016018390655518
2010-09-08,7.0468902587890625
2010-09-09,7.154948711395264
2010-09-10,7.160094738006592
2010-09-13,7.185822010040283
2010-09-14,7.185822010040283
2010-09-15,7.20640754699707
2010-09-16,7.232132434844971
2010-09-17,7.24757194519043
2010-09-20,7.342765808105469
2010-09-21,7.3607683181762695
2010-09-22,7.355628967285156
2010-09-23,7.335043430328369
2010-09-24,7.353053092956543
2010-09-27,7.4276628494262695
2010-09-28,7.440528869628906
2010-09-29,7.386500835418701
2010-09-30,7.358198642730713
2010-10-01,7.412225723266602
2010-10-04,7.425090789794922
2010-10-05,7.553730010986328
2010-10-06,7.505498886108398
2010-10-07,7.408468246459961
2010-10-08,7.400600433349609
2010-10-11,7.426825046539307
2010-10-12,7.445182800292969
2010-10-13,7.466161251068115
2010-10-14,7.474028587341309
2010-10-15,7.429450511932373
2010-10-18,7.505498886108398
2010-10-19,7.397978782653809
2010-10-20,7.502872467041016
2010-10-21,7.432069301605225
2010-10-22,7.418956756591797
2010-10-25,7.43731689453125
2010-10-26,7.424201965332031
2010-10-27,7.4346923828125
2010-10-28,7.474028587341309
2010-10-29,7.479273796081543
2010-11-01,7.531723976135254
2010-11-02,7.589417457580566
2010-11-03,7.620886325836182
2010-11-04,7.720540523529053
2010-11-05,7.675954818725586
2010-11-08,7.6523566246032715
2010-11-09,7.6523566246032715
2010-11-10,7.618264198303223
2010-11-11,7.560571670532227
2010-11-12,7.463541507720947
2010-11-15,7.508121013641357
2010-11-16,7.405847072601318
2010-11-17,7.332415580749512
2010-11-18,7.4582929611206055
2010-11-19,7.426825046539307
2010-11-22,7.418956756591797
2010-11-23,7.350773334503174
2010-11-24,7.37962007522583
2010-11-26,7.324549198150635
2010-11-29,7.264232635498047
2010-11-30,7.287835597991943
2010-12-01,7.416335105895996
2010-12-02,7.487142562866211
2010-12-03,7.471406936645508
2010-12-06,7.421582221984863
2010-12-07,7.484522342681885
2010-12-08,7.508121013641357
2010-12-09,7.557949066162109
2010-12-10,7.576304912567139
2010-12-13,7.547459602355957
2010-12-14,7.694316387176514
2010-12-15,7.639247894287109
2010-12-16,7.665470123291016
2010-12-17,7.660226345062256
2010-12-20,7.639247894287109
2010-12-21,7.623513221740723
2010-12-22,7.639247894287109
2010-12-23,7.657602310180664
2010-12-27,7.67071533203125
2010-12-28,7.665470123291016
2010-12-29,7.686450958251953
2010-12-30,7.69169282913208
2010-12-31,7.704805374145508
2011-01-03,7.780858516693115
2011-01-04,7.835933685302734
2011-01-05,7.862154006958008
2011-01-06,7.792469501495361
2011-01-07,7.712272644042969
2011-01-10,7.575937747955322
2011-01-11,7.46098518371582
2011-01-12,7.4957404136657715
2011-01-13,7.506435394287109
2011-01-14,7.599996566772461
2011-01-18,7.573263645172119
2011-01-19,7.573263645172119
2011-01-20,7.546534061431885
2011-01-21,7.573263645172119
2011-01-24,7.613362789154053
2011-01-25,7.688211917877197
2011-01-26,7.680195331573486
2011-01-27,7.5197978019714355
2011-01-28,7.348712921142578
2011-01-31,7.3567328453063965
2011-02-01,7.450294494628906
2011-02-02,7.3968329429626465
2011-02-03,7.482372760772705
2011-02-04,7.477025032043457
2011-02-07,7.474354267120361
2011-02-08,7.46098518371582
2011-02-09,7.477025032043457
2011-02-10,7.549204349517822
2011-02-11,7.610688209533691
2011-02-14,7.6080145835876465
2011-02-15,7.549204349517822
2011-02-16,7.565241813659668
2011-02-17,7.61870813369751
2011-02-18,7.63742208480835
2011-02-22,7.538509845733643
2011-02-23,7.493068218231201
2011-02-24,7.463662624359131
2011-02-25,7.5197978019714355
2011-02-28,7.586630344390869
2011-03-01,7.506435394287109
2011-03-02,7.53049373626709
2011-03-03,7.5197978019714355
2011-03-04,7.463662624359131
2011-03-07,7.458314418792725
2011-03-08,7.605343341827393
2011-03-09,7.696232318878174
2011-03-10,7.648115634918213
2011-03-11,7.6080145835876465
2011-03-14,7.535835266113281
2011-03-15,7.434256553649902
2011-03-16,7.305942058563232
2011-03-17,7.415543556213379
2011-03-18,7.469006538391113
2011-03-21,7.554553508758545
2011-03-22,7.511777877807617
2011-03-23,7.522471904754639
2011-03-24,7.629398822784424
2011-03-25,7.712272644042969
2011-03-28,7.848606586456299
2011-03-29,8.033060073852539
2011-03-30,8.209492683410645
2011-03-31,8.18276309967041
2011-04-01,8.185433387756348
2011-04-04,8.225530624389648
2011-04-05,8.206818580627441
2011-04-06,8.299241065979004
2011-04-07,8.31830883026123
2011-04-08,8.364611625671387
2011-04-11,8.350991249084473
2011-04-12,8.299241065979004
2011-04-13,8.220254898071289
2011-04-14,8.250215530395508
2011-04-15,8.348271369934082
2011-04-18,8.25566291809082
2011-04-19,8.25566291809082
2011-04-20,8.206632614135742
2011-04-21,8.356438636779785
2011-04-25,8.32103157043457
2011-04-26,8.427260398864746
2011-04-27,8.557994842529297
2011-04-28,8.544378280639648
2011-04-29,8.476285934448242
2011-05-02,8.500797271728516
2011-05-03,8.677842140197754
2011-05-04,8.658774375915527
2011-05-05,8.503521919250488
2011-05-06,8.514416694641113
2011-05-09,8.53892993927002
2011-05-10,8.631538391113281
2011-05-11,8.547103881835938
2011-05-12,8.617919921875
2011-05-13,8.555274963378906
2011-05-16,8.459940910339355
2011-05-17,8.476285934448242
2011-05-18,8.49807357788086
2011-05-19,8.552547454833984
2011-05-20,8.530757904052734
2011-05-23,8.465391159057617
2011-05-24,8.487178802490234
2011-05-25,8.443595886230469
2011-05-26,8.473559379577637
2011-05-27,8.522591590881348
2011-05-31,8.596128463745117
2011-06-01,8.489903450012207
2011-06-02,8.435431480407715
2011-06-03,8.348271369934082
2011-06-06,8.269282341003418
2011-06-07,8.25566291809082
2011-06-08,8.263832092285156
2011-06-09,8.2611083984375
2011-06-10,8.263832092285156
2011-06-13,8.32103157043457
2011-06-14,8.386399269104004
2011-06-15,8.266558647155762
2011-06-16,8.288346290588379
2011-06-17,8.380952835083008
2011-06-20,8.432707786560059
2011-06-21,8.473559379577637
2011-06-22,8.410919189453125
2011-06-23,8.367334365844727
2011-06-24,8.291068077087402
2011-06-27,8.378229141235352
2011-06-28,8.44904613494873
2011-06-29,8.514416694641113
2011-06-30,8.555274963378906
2011-07-01,8.628814697265625
2011-07-05,8.615194320678711
2011-07-06,8.662158012390137
2011-07-07,8.662158012390137
2011-07-08,8.63719654083252
2011-07-11,8.542892456054688
2011-07-12,8.534568786621094
2011-07-13,8.548437118530273
2011-07-14,8.48187255859375
2011-07-15,8.406982421875
2011-07-18,8.35428524017334
2011-07-19,8.412528991699219
2011-07-20,8.38479232788086
2011-07-21,8.398659706115723
2011-07-22,8.40975570678711
2011-07-25,8.296034812927246
2011-07-26,8.304353713989258
2011-07-27,8.309906005859375
2011-07-28,8.115743637084961
2011-07-29,8.115743637084961
2011-08-01,8.187862396240234
2011-08-02,8.09355640411377
2011-08-03,8.1823148727417
2011-08-04,7.982614040374756
2011-08-05,8.02421760559082
2011-08-08,7.6830549240112305
2011-08-09,8.00202751159668
2011-08-10,7.732981204986572
2011-08-11,7.8883056640625
2011-08-12,7.82728385925293
2011-08-15,7.99092960357666
2011-08-16,7.985385417938232
2011-08-17,8.09078598022461
2011-08-18,7.893854141235352
2011-08-19,7.763491630554199
2011-08-22,7.891081809997559
2011-08-23,8.038084030151367
2011-08-24,8.1628999710083
2011-08-25,8.060272216796875
2011-08-26,8.054725646972656
2011-08-29,8.115743637084961
2011-08-30,8.21560001373291
2011-08-31,7.8994011878967285
2011-09-01,7.841155052185059
2011-09-02,7.7801337242126465
2011-09-06,7.719112396240234
2011-09-07,7.802320957183838
2011-09-08,7.755171775817871
2011-09-09,7.638676643371582
2011-09-12,7.732981204986572
2011-09-13,7.799551486968994
2011-09-14,7.838380336761475
2011-09-15,7.916042804718018
2011-09-16,8.026989936828613
2011-09-19,7.927140235900879
2011-09-20,8.00202751159668
2011-09-21,7.849477291107178
2011-09-22,7.696924209594727
2011-09-23,7.724660396575928
2011-09-26,7.860569000244141
2011-09-27,7.952099323272705
2011-09-28,7.91881799697876
2011-09-29,7.999251842498779
2011-09-30,7.910495758056641
2011-10-03,7.810642719268799
2011-10-04,7.852245807647705
2011-10-05,8.013395309448242
2011-10-06,8.041706085205078
2011-10-07,8.05019760131836
2011-10-10,8.256830215454102
2011-10-11,8.14360523223877
2011-10-12,8.205880165100098
2011-10-13,8.237015724182129
2011-10-14,8.256830215454102
2011-10-17,8.214369773864746
2011-10-18,8.268152236938477
2011-10-19,8.234184265136719
2011-10-20,8.205880165100098
2011-10-21,8.24550724029541
2011-10-24,8.174745559692383
2011-10-25,8.041706085205078
2011-10-26,8.137948036193848
2011-10-27,8.341747283935547
2011-10-28,8.418172836303711
2011-10-31,8.29646110534668
2011-11-01,8.12379264831543
2011-11-02,8.231353759765625
2011-11-03,8.33325481414795
2011-11-04,8.25400161743164
2011-11-07,8.33325481414795
2011-11-08,8.338918685913086
2011-11-09,8.183234214782715
2011-11-10,8.25400161743164
2011-11-11,8.327595710754395
2011-11-14,8.262491226196289
2011-11-15,8.279478073120117
2011-11-16,8.146437644958496
2011-11-17,8.098316192626953
2011-11-18,8.106807708740234
2011-11-21,8.027554512023926
2011-11-22,7.94829797744751
2011-11-23,7.798274993896484
2011-11-25,7.7586469650268555
2011-11-28,7.911500453948975
2011-11-29,7.94263219833374
2011-11-30,8.203048706054688
2011-12-01,8.163419723510742
2011-12-02,8.197388648986816
2011-12-05,8.251167297363281
2011-12-06,8.256830215454102
2011-12-07,8.321938514709473
2011-12-08,8.16908073425293
2011-12-09,8.21720027923584
2011-12-12,8.211539268493652
2011-12-13,8.22003173828125
2011-12-14,8.154929161071777
2011-12-15,8.149269104003906
2011-12-16,8.166251182556152
2011-12-19,8.135115623474121
2011-12-20,8.242674827575684
2011-12-21,8.293628692626953
2011-12-22,8.395529747009277
2011-12-23,8.454970359802246
2011-12-27,8.503092765808105
2011-12-28,8.477615356445312
2011-12-29,8.539889335632324
2011-12-30,8.559701919555664
2012-01-03,8.599331855773926
2012-01-04,8.613482475280762
2012-01-05,8.604991912841797
2012-01-06,8.565327644348145
2012-01-09,8.559555053710938
2012-01-10,8.588414192199707
2012-01-11,8.654790878295898
2012-01-12,8.692309379577637
2012-01-13,8.67788028717041
2012-01-17,8.72982406616211
2012-01-18,8.752910614013672
2012-01-19,8.778884887695312
2012-01-20,8.804858207702637
2012-01-23,8.773110389709473
2012-01-24,8.683648109436035
2012-01-25,8.718282699584961
2012-01-26,8.498953819274902
2012-01-27,8.415264129638672
2012-01-30,8.46721076965332
2012-01-31,8.487410545349121
2012-02-01,8.542240142822266
2012-02-02,8.597073554992676
2012-02-03,8.643248558044434
2012-02-06,8.649019241333008
2012-02-07,8.669222831726074
2012-02-08,8.66344928741455
2012-02-09,8.654790878295898
2012-02-10,8.611504554748535
2012-02-13,8.669222831726074
2012-02-14,8.67788028717041
2012-02-15,8.620161056518555
2012-02-16,8.66344928741455
2012-02-17,8.660561561584473
2012-02-21,8.755797386169434
2012-02-22,8.738483428955078
2012-02-23,8.790428161621094
2012-02-24,8.755797386169434
2012-02-27,8.76156997680664
2012-02-28,8.81063175201416
2012-02-29,8.827949523925781
2012-03-01,8.839489936828613
2012-03-02,8.9087495803833
2012-03-05,8.943381309509277
2012-03-06,8.868350982666016
2012-03-07,8.911639213562012
2012-03-08,8.946263313293457
2012-03-09,8.998210906982422
2012-03-12,9.073246002197266
2012-03-13,9.128076553344727
2012-03-14,9.076128959655762
2012-03-15,9.130964279174805
2012-03-16,9.116536140441895
2012-03-19,9.13385009765625
2012-03-20,9.174250602722168
2012-03-21,9.188679695129395
2012-03-22,9.151166915893555
2012-03-23,9.096332550048828
2012-03-26,9.174250602722168
2012-03-27,9.130964279174805
2012-03-28,9.05016040802002
2012-03-29,9.006866455078125
2012-03-30,9.012639999389648
2012-04-02,9.076128959655762
2012-04-03,9.07036304473877
2012-04-04,9.110763549804688
2012-04-05,9.096817970275879
2012-04-09,9.0086088180542
2012-04-10,8.858664512634277
2012-04-11,8.952747344970703
2012-04-12,9.067413330078125
2012-04-13,8.979207992553711
2012-04-16,8.99979019165039
2012-04-17,9.082114219665527
2012-04-18,9.040950775146484
2012-04-19,9.038013458251953
2012-04-20,9.07329273223877
2012-04-23,8.99979019165039
2012-04-24,9.326144218444824
2012-04-25,9.332027435302734
2012-04-26,9.537837028503418
2012-04-27,9.605462074279785
2012-04-30,9.676023483276367
2012-05-01,9.720124244689941
2012-05-02,9.714244842529297
2012-05-03,9.734827041625977
2012-05-04,9.661322593688965
2012-05-07,9.702486991882324
2012-05-08,9.714244842529297
2012-05-09,9.646623611450195
2012-05-10,9.740707397460938
2012-05-11,9.875951766967773
2012-05-14,9.85831356048584
2012-05-15,9.805391311645508
2012-05-16,9.758346557617188
2012-05-17,9.787750244140625
2012-05-18,9.89653205871582
2012-05-21,9.887714385986328
2012-05-22,9.861249923706055
2012-05-23,9.808329582214355
2012-05-24,9.890655517578125
2012-05-25,9.905351638793945
2012-05-29,9.978860855102539
2012-05-30,9.949457168579102
2012-05-31,10.046481132507324
2012-06-01,9.967098236083984
2012-06-04,10.04060173034668
2012-06-05,10.014144897460938
2012-06-06,10.161149024963379
2012-06-07,10.043540954589844
2012-06-08,10.158201217651367
2012-06-11,10.169968605041504
2012-06-12,10.284635543823242
2012-06-13,10.284635543823242
2012-06-14,10.493386268615723
2012-06-15,10.499268531799316
2012-06-18,10.475744247436523
2012-06-19,10.42870044708252
2012-06-20,10.411060333251953
2012-06-21,10.299334526062012
2012-06-22,10.340497970581055
2012-06-25,10.275813102722168
2012-06-26,10.284635543823242
2012-06-27,10.346375465393066
2012-06-28,10.40517807006836
2012-06-29,10.484564781188965
2012-07-02,10.64333438873291
2012-07-03,10.584528923034668
2012-07-05,10.516908645629883
2012-07-06,10.592391967773438
2012-07-09,10.622278213500977
2012-07-10,10.592391967773438
2012-07-11,10.538590431213379
2012-07-12,10.422028541564941
2012-07-13,10.565489768981934
2012-07-16,10.586414337158203
2012-07-17,10.70596694946289
2012-07-18,10.81655216217041
2012-07-19,10.60434627532959
2012-07-20,10.547557830810547
2012-07-23,10.574461936950684
2012-07-24,10.350295066833496
2012-07-25,10.559513092041016
2012-07-26,10.849431991577148
2012-07-27,11.100491523742676
2012-07-30,11.18716812133789
2012-07-31,11.333620071411133
2012-08-01,11.249931335449219
2012-08-02,11.220046043395996
2012-08-03,11.231999397277832
2012-08-06,11.24096393585205
2012-08-07,11.190156936645508
2012-08-08,11.18716812133789
2012-08-09,11.127387046813965
2012-08-10,11.205099105834961
2012-08-13,11.175209045410156
2012-08-14,11.133368492126465
2012-08-15,11.088534355163574
2012-08-16,11.130375862121582
2012-08-17,11.10945987701416
2012-08-20,11.025769233703613
2012-08-21,10.936105728149414
2012-08-22,10.927143096923828
2012-08-23,10.927143096923828
2012-08-24,11.043702125549316
2012-08-27,11.019792556762695
2012-08-28,10.951051712036133
2012-08-29,11.00484848022461
2012-08-30,10.965996742248535
2012-08-31,10.951051712036133
2012-09-04,11.001858711242676
2012-09-05,11.037725448608398
2012-09-06,11.190156936645508
2012-09-07,11.148309707641602
2012-09-10,11.18418025970459
2012-09-11,11.243953704833984
2012-09-12,11.273846626281738
2012-09-13,11.402360916137695
2012-09-14,11.136357307434082
2012-09-17,11.237975120544434
2012-09-18,11.255912780761719
2012-09-19,11.285799026489258
2012-09-20,11.33959674835205
2012-09-21,11.38144588470459
2012-09-24,11.432249069213867
2012-09-25,11.375463485717773
2012-09-26,11.38144588470459
2012-09-27,11.354543685913086
2012-09-28,11.267864227294922
2012-10-01,11.282809257507324
2012-10-02,11.300743103027344
2012-10-03,11.408341407775879
2012-10-04,11.459151268005371
2012-10-05,11.490273475646973
2012-10-08,11.42957878112793
2012-10-09,11.271759033203125
2012-10-10,11.20499324798584
2012-10-11,11.004687309265137
2012-10-12,10.813485145568848
2012-10-15,10.686016082763672
2012-10-16,10.743680953979492
2012-10-17,10.840798377990723
2012-10-18,10.931846618652344
2012-10-19,10.719405174255371
2012-10-22,10.701189994812012
2012-10-23,10.622282028198242
2012-10-24,10.534270286560059
2012-10-25,10.470536231994629
2012-10-26,10.509993553161621
2012-10-31,10.497855186462402
2012-11-01,10.6496000289917
2012-11-02,10.601038932800293
2012-11-05,10.570693016052246
2012-11-06,10.561585426330566
2012-11-07,10.209527969360352
2012-11-08,10.075995445251465
2012-11-09,10.179183006286621
2012-11-12,10.279340744018555
2012-11-13,10.303613662719727
2012-11-14,10.252023696899414
2012-11-15,10.1427640914917
2012-11-16,10.057785034179688
2012-11-19,10.264162063598633
2012-11-20,10.221670150756836
2012-11-21,10.27326488494873
2012-11-23,10.42805004119873
2012-11-26,10.30968952178955
2012-11-27,10.203461647033691
2012-11-28,10.203461647033691
2012-11-29,10.297542572021484
2012-11-30,10.358241081237793
2012-12-03,10.361275672912598
2012-12-04,10.294508934020996
2012-12-05,10.29147720336914
2012-12-06,10.212563514709473
2012-12-07,10.239879608154297
2012-12-10,10.236845970153809
2012-12-11,10.36431884765625
2012-12-12,10.467499732971191
2012-12-13,10.415905952453613
2012-12-14,10.32182502746582
2012-12-17,10.388590812683105
2012-12-18,10.421978950500488
2012-12-19,10.29147720336914
2012-12-20,10.370386123657227
2012-12-21,10.218637466430664
2012-12-24,10.239879608154297
2012-12-26,10.252023696899414
2012-12-27,10.215604782104492
2012-12-28,10.112417221069336
2012-12-31,10.2307767868042
2013-01-02,10.622282028198242
2013-01-03,10.628355026245117
2013-01-04,10.692089080810547
2013-01-07,10.740642547607422
2013-01-08,10.603525161743164
2013-01-09,10.569568634033203
2013-01-10,10.609701156616211
2013-01-11,10.57883358001709
2013-01-14,10.501657485961914
2013-01-15,10.421396255493164
2013-01-16,10.26705265045166
2013-01-17,10.248531341552734
2013-01-18,10.322619438171387
2013-01-22,10.375094413757324
2013-01-23,10.427574157714844
2013-01-24,10.418309211730957
2013-01-25,10.501657485961914
2013-01-28,10.535611152648926
2013-01-29,10.705392837524414
2013-01-30,10.643654823303223
2013-01-31,10.739348411560059
2013-02-01,10.961607933044434
2013-02-04,10.875175476074219
2013-02-05,10.912217140197754
2013-02-06,10.936912536621094
2013-02-07,10.887521743774414
2013-02-08,10.887521743774414
2013-02-11,10.875175476074219
2013-02-12,10.98939323425293
2013-02-13,10.933823585510254
2013-02-14,10.893695831298828
2013-02-15,10.915306091308594
2013-02-19,11.010998725891113
2013-02-20,10.949263572692871
2013-02-21,10.936912536621094
2013-02-22,11.014084815979004
2013-02-25,10.862825393676758
2013-02-26,10.95543098449707
2013-02-27,11.066559791564941
2013-02-28,11.0850830078125
2013-03-01,11.115952491760254
2013-03-04,11.18386459350586
2013-03-05,11.298080444335938
2013-03-06,11.202386856079102
2013-03-07,11.233257293701172
2013-03-08,11.322772979736328
2013-03-11,11.298080444335938
2013-03-12,11.335119247436523
2013-03-13,11.298080444335938
2013-03-14,11.378338813781738
2013-03-15,11.245601654052734
2013-03-18,11.159170150756836
2013-03-19,11.156083106994629
2013-03-20,11.17151927947998
2013-03-21,11.159170150756836
2013-03-22,11.245601654052734
2013-03-25,11.233257293701172
2013-03-26,11.341296195983887
2013-03-27,11.304253578186035
2013-03-28,11.325862884521484
2013-04-01,11.498733520507812
2013-04-02,11.597508430480957
2013-04-03,11.507987976074219
2013-04-04,11.702467918395996
2013-04-05,11.736416816711426
2013-04-08,11.797826766967773
2013-04-09,11.841729164123535
2013-04-10,11.973447799682617
2013-04-11,12.086341857910156
2013-04-12,12.102021217346191
2013-04-15,11.901317596435547
2013-04-16,11.898181915283203
2013-04-17,11.848004341125488
2013-04-18,11.835457801818848
2013-04-19,12.004804611206055
2013-04-22,12.145926475524902
2013-04-23,12.230596542358398
2013-04-24,11.615933418273926
2013-04-25,11.691201210021973
2013-04-26,11.615933418273926
2013-04-29,11.697469711303711
2013-04-30,11.747645378112793
2013-05-01,11.779007911682129
2013-05-02,11.779007911682129
2013-05-03,11.7100191116333
2013-05-06,11.631614685058594
2013-05-07,11.766465187072754
2013-05-08,11.863683700561523
2013-05-09,11.706878662109375
2013-05-10,11.716290473937988
2013-05-13,11.60339069366455
2013-05-14,11.675520896911621
2013-05-15,11.76960277557373
2013-05-16,11.722559928894043
2013-05-17,11.741375923156738
2013-05-20,11.672382354736328
2013-05-21,11.584575653076172
2013-05-22,11.484220504760742
2013-05-23,11.52185344696045
2013-05-24,11.524989128112793
2013-05-28,11.346234321594238
2013-05-29,11.261560440063477
2013-05-30,11.132983207702637
2013-05-31,10.973043441772461
2013-06-03,10.99813175201416
2013-06-04,11.18629264831543
2013-06-05,11.05771541595459
2013-06-06,11.230198860168457
2013-06-07,11.117300987243652
2013-06-10,11.286648750305176
2013-06-11,11.214521408081055
2013-06-12,11.170619010925293
2013-06-13,11.383865356445312
2013-06-14,11.261560440063477
2013-06-17,11.214521408081055
2013-06-18,11.343095779418945
2013-06-19,11.054582595825195
2013-06-20,10.772340774536133
2013-06-21,10.809967994689941
2013-06-24,10.806830406188965
2013-06-25,10.985589027404785
2013-06-26,11.079669952392578
2013-06-27,11.173752784729004
2013-06-28,11.1016206741333
2013-07-01,11.070260047912598
2013-07-02,11.1423921585083
2013-07-03,11.170619010925293
2013-07-05,11.236473083496094
2013-07-08,11.346752166748047
2013-07-09,11.353129386901855
2013-07-10,11.286157608032227
2013-07-11,11.439231872558594
2013-07-12,11.420099258422852
2013-07-15,11.337181091308594
2013-07-16,11.442420959472656
2013-07-17,11.467936515808105
2013-07-18,11.397777557373047
2013-07-19,11.420099258422852
2013-07-22,11.346752166748047
2013-07-23,11.420099258422852
2013-07-24,11.289346694946289
2013-07-25,11.308480262756348
2013-07-26,11.353129386901855
2013-07-29,11.442420959472656
2013-07-30,11.295726776123047
2013-07-31,11.247888565063477
2013-08-01,11.391398429870605
2013-08-02,11.407343864440918
2013-08-05,11.375449180603027
2013-08-06,11.314860343933105
2013-08-07,11.349944114685059
2013-08-08,11.254267692565918
2013-08-09,11.098006248474121
2013-08-12,11.136270523071289
2013-08-13,11.072487831115723
2013-08-14,11.0884370803833
2013-08-15,10.954495429992676
2013-08-16,10.90027904510498
2013-08-19,10.77590560913086
2013-08-20,10.801419258117676
2013-08-21,10.677044868469238
2013-08-22,10.785469055175781
2013-08-23,10.935358047485352
2013-08-26,10.785469055175781
2013-08-27,10.744014739990234
2013-08-28,10.70893383026123
2013-08-29,10.731257438659668
2013-08-30,10.78866195678711
2013-09-03,10.626018524169922
2013-09-04,10.75995922088623
2013-09-05,10.632396697998047
2013-09-06,10.654719352722168
2013-09-09,10.724879264831543
2013-09-10,10.833307266235352
2013-09-11,10.833307266235352
2013-09-12,10.964058876037598
2013-09-13,10.94492244720459
2013-09-16,11.02465534210205
2013-09-17,11.082056045532227
2013-09-18,11.145845413208008
2013-09-19,11.101190567016602
2013-09-20,10.941736221313477
2013-09-23,10.913037300109863
2013-09-24,10.871580123901367
2013-09-25,10.858819007873535
2013-09-26,10.916220664978027
2013-09-27,10.836498260498047
2013-09-30,10.785469055175781
2013-10-01,10.862016677856445
2013-10-02,10.823742866516113
2013-10-03,10.728066444396973
2013-10-04,10.763147354125977
2013-10-07,10.842873573303223
2013-10-08,10.7473783493042
2013-10-09,10.955119132995605
2013-10-10,11.0849609375
2013-10-11,11.101189613342285
2013-10-14,11.01030158996582
2013-10-15,10.942134857177734
2013-10-16,11.101189613342285
2013-10-17,11.179095268249512
2013-10-18,11.234270095825195
2013-10-21,11.432278633117676
2013-10-22,11.435521125793457
2013-10-23,11.451752662658691
2013-10-24,11.240762710571289
2013-10-25,11.422536849975586
2013-10-28,11.545886039733887
2013-10-29,11.773101806640625
2013-10-30,11.769857406616211
2013-10-31,11.75037956237793
2013-11-01,11.76336669921875
2013-11-04,11.831527709960938
2013-11-05,11.532902717590332
2013-11-06,11.627035140991211
2013-11-07,11.39657211303711
2013-11-08,11.416048049926758
2013-11-11,11.37060260772705
2013-11-12,11.416048049926758
2013-11-13,11.383584022521973
2013-11-14,11.412799835205078
2013-11-15,11.500441551208496
2013-11-18,11.555624008178711
2013-11-19,11.594575881958008
2013-11-20,11.490704536437988
2013-11-21,11.458244323730469
2013-11-22,11.497197151184082
2013-11-25,11.480969429016113
2013-11-26,11.451752662658691
2013-11-27,11.493948936462402
2013-11-29,11.429033279418945
2013-12-02,11.295950889587402
2013-12-03,11.276473045349121
2013-12-04,11.231027603149414
2013-12-05,11.11741828918457
2013-12-06,11.208307266235352
2013-12-09,11.260238647460938
2013-12-10,11.166106224060059
2013-12-11,11.020040512084961
2013-12-12,11.000564575195312
2013-12-13,10.98758316040039
2013-12-16,11.0849609375
2013-12-17,10.98758316040039
2013-12-18,11.159614562988281
2013-12-19,11.182336807250977
2013-12-20,11.133649826049805
2013-12-23,11.260238647460938
2013-12-24,11.344643592834473
2013-12-26,11.412799835205078
2013-12-27,11.419292449951172
2013-12-30,11.425786972045898
2013-12-31,11.412799835205078
2014-01-02,11.344643592834473
2014-01-03,11.295950889587402
2014-01-06,11.347884178161621
2014-01-07,11.344643592834473
2014-01-08,11.311287879943848
2014-01-09,11.080037117004395
2014-01-10,11.106462478637695
2014-01-13,11.000755310058594
2014-01-14,11.060214042663574
2014-01-15,11.162626266479492
2014-01-16,11.218788146972656
2014-01-17,11.132892608642578
2014-01-21,11.089945793151855
2014-01-22,11.013964653015137
2014-01-23,11.165928840637207
2014-01-24,11.04039478302002
2014-01-27,11.070124626159668
2014-01-28,11.132892608642578
2014-01-29,11.004053115844727
2014-01-30,11.017269134521484
2014-01-31,11.007357597351074
2014-02-03,10.55477237701416
2014-02-04,10.719953536987305
2014-02-05,10.5977201461792
2014-02-06,10.571292877197266
2014-02-07,10.67039966583252
2014-02-10,10.716649055480957
2014-02-11,10.885129928588867
2014-02-12,10.881823539733887
2014-02-13,11.063515663146973
2014-02-14,10.95119857788086
2014-02-18,10.842183113098145
2014-02-19,10.852092742919922
2014-02-20,10.961111068725586
2014-02-21,10.835577011108398
2014-02-24,10.726561546325684
2014-02-25,10.62745189666748
2014-02-26,10.571292877197266
2014-02-27,10.647274017333984
2014-02-28,10.54816722869873
2014-03-03,10.525045394897461
2014-03-04,10.62084674835205
2014-03-05,10.614241600036621
2014-03-06,10.683611869812012
2014-03-07,10.749685287475586
2014-03-10,10.739771842956543
2014-03-11,10.647274017333984
2014-03-12,10.696828842163086
2014-03-13,10.68691635131836
2014-03-14,10.733165740966797
2014-03-17,10.865307807922363
2014-03-18,10.895038604736328
2014-03-19,10.888433456420898
2014-03-20,11.26173210144043
2014-03-21,11.331106185913086
2014-03-24,11.383960723876953
2014-03-25,11.46985149383545
2014-03-26,11.433511734008789
2014-03-27,11.549138069152832
2014-03-28,11.58547592163086
2014-03-31,11.58547592163086
2014-04-01,11.592086791992188
2014-04-02,11.684582710266113
2014-04-03,11.770474433898926
2014-04-04,11.744043350219727
2014-04-07,11.724223136901855
2014-04-08,11.85499095916748
2014-04-09,11.737347602844238
2014-04-10,11.804574966430664
2014-04-11,11.831459999084473
2014-04-14,11.885239601135254
2014-04-15,11.9927978515625
2014-04-16,12.1339693069458
2014-04-17,12.113802909851074
2014-04-21,12.120525360107422
2014-04-22,12.197834014892578
2014-04-23,11.737347602844238
2014-04-24,11.596177101135254
2014-04-25,11.592814445495605
2014-04-28,11.791126251220703
2014-04-29,11.90540885925293
2014-04-30,11.999519348144531
2014-05-01,11.959187507629395
2014-05-02,11.975994110107422
2014-05-05,12.01968765258789
2014-05-06,11.928936004638672
2014-05-07,12.01968765258789
2014-05-08,12.234803199768066
2014-05-09,12.248254776000977
2014-05-12,12.291943550109863
2014-05-13,12.167579650878906
2014-05-14,12.23144817352295
2014-05-15,12.275140762329102
2014-05-16,12.34908676147461
2014-05-19,12.228082656860352
2014-05-20,11.93229866027832
2014-05-21,11.85499095916748
2014-05-22,11.891965866088867
2014-05-23,11.871794700622559
2014-05-27,11.834824562072754
2014-05-28,11.878517150878906
2014-05-29,11.895320892333984
2014-05-30,11.92221450805664
2014-06-02,11.912129402160645
2014-06-03,11.831459999084473
2014-06-04,11.781045913696289
2014-06-05,11.797846794128418
2014-06-06,11.770957946777344
2014-06-09,11.767598152160645
2014-06-10,11.744071006774902
2014-06-11,11.700374603271484
2014-06-12,11.707097053527832
2014-06-13,11.774319648742676
2014-06-16,11.757515907287598
2014-06-17,11.770957946777344
2014-06-18,11.831459999084473
2014-06-19,11.885239601135254
2014-06-20,11.895320892333984
2014-06-23,11.895320892333984
2014-06-24,11.861711502075195
2014-06-25,11.851627349853516
2014-06-26,11.851627349853516
2014-06-27,11.902043342590332
2014-06-30,11.885239601135254
2014-07-01,11.925572395324707
2014-07-02,11.989435195922852
2014-07-03,12.046576499938965
2014-07-07,12.107081413269043
2014-07-08,12.158036231994629
2014-07-09,12.188811302185059
2014-07-10,12.205903053283691
2014-07-11,12.22641658782959
2014-07-14,12.26060962677002
2014-07-15,12.390532493591309
2014-07-16,12.462327003479004
2014-07-17,12.318733215332031
2014-07-18,12.366592407226562
2014-07-21,12.294797897338867
2014-07-22,12.287960052490234
2014-07-23,12.267446517944336
2014-07-24,12.13752269744873
2014-07-25,12.15119457244873
2014-07-28,12.188811302185059
2014-07-29,12.510196685791016
2014-07-30,12.431562423706055
2014-07-31,12.16830062866211
2014-08-01,12.079401016235352
2014-08-04,12.123849868774414
2014-08-05,12.004183769226074
2014-08-06,11.836649894714355
2014-08-07,11.696473121643066
2014-08-08,11.78536319732666
2014-08-11,11.78536319732666
2014-08-12,11.843485832214355
2014-08-13,11.860581398010254
2014-08-14,11.935803413391113
2014-08-15,11.877678871154785
2014-08-18,11.846904754638672
2014-08-19,11.78878402709961
2014-08-20,11.805878639221191
2014-08-21,11.843485832214355
2014-08-22,11.795621871948242
2014-08-25,11.799039840698242
2014-08-26,11.795621871948242
2014-08-27,11.881094932556152
2014-08-28,11.877678871154785
2014-08-29,11.952897071838379
2014-09-02,11.91186809539795
2014-09-03,11.956315994262695
2014-09-04,11.946061134338379
2014-09-05,12.017858505249023
2014-09-08,11.969992637634277
2014-09-09,11.850324630737305
2014-09-10,11.864002227783203
2014-09-11,11.915288925170898
2014-09-12,11.795621871948242
2014-09-15,11.860581398010254
2014-09-16,11.949481964111328
2014-09-17,11.973408699035645
2014-09-18,12.021272659301758
2014-09-19,12.127267837524414
2014-09-22,12.13752269744873
2014-09-23,12.055463790893555
2014-09-24,12.103330612182617
2014-09-25,11.993924140930176
2014-09-26,12.06230354309082
2014-09-29,12.045206069946289
2014-09-30,12.048628807067871
2014-10-01,11.952897071838379
2014-10-02,11.956315994262695
2014-10-03,12.0896577835083
2014-10-06,12.134102821350098
2014-10-07,12.079401016235352
2014-10-08,12.228663444519043
2014-10-09,12.05819034576416
2014-10-10,11.915553092956543
2014-10-13,11.765958786010742
2014-10-14,11.77291488647461
2014-10-15,11.783352851867676
2014-10-16,11.703333854675293
2014-10-17,11.85640811920166
2014-10-20,11.925986289978027
2014-10-21,12.044272422790527
2014-10-22,12.002527236938477
2014-10-23,11.710294723510742
2014-10-24,11.783352851867676
2014-10-27,11.866851806640625
2014-10-28,11.943384170532227
2014-10-29,11.967738151550293
2014-10-30,12.006010055541992
2014-10-31,12.120813369750977
2014-11-03,12.120813369750977
2014-11-04,12.103419303894043
2014-11-05,12.14864444732666
2014-11-06,12.079066276550293
2014-11-07,12.14516544342041
2014-11-10,12.218226432800293
2014-11-11,12.21126937866211
2014-11-12,12.315638542175293
2014-11-13,12.38869571685791
2014-11-14,12.48958683013916
2014-11-17,12.472187995910645
2014-11-18,12.42696475982666
2014-11-19,12.30519962310791
2014-11-20,12.27388858795166
2014-11-21,12.27388858795166
2014-11-24,12.07210922241211
2014-11-25,12.113855361938477
2014-11-26,12.221704483032227
2014-11-28,12.30867862701416
2014-12-01,12.19735050201416
2014-12-02,11.929469108581543
2014-12-03,11.828579902648926
2014-12-04,11.797269821166992
2014-12-05,11.807707786560059
2014-12-08,11.786832809448242
2014-12-09,11.442408561706543
2014-12-10,11.303251266479492
2014-12-11,11.37978744506836
2014-12-12,11.188443183898926
2014-12-15,11.219754219055176
2014-12-16,11.18148422241211
2014-12-17,11.365872383117676
2014-12-18,11.658106803894043
2014-12-19,11.66854476928711
2014-12-22,11.776389122009277
2014-12-23,11.83901596069336
2014-12-24,11.814661979675293
2014-12-26,11.88771915435791
2014-12-29,11.866851806640625
2014-12-30,11.85640811920166
2014-12-31,11.68593978881836
2015-01-02,11.783352851867676
2015-01-05,11.672019958496094
2015-01-06,11.689417839050293
2015-01-07,11.75757122039795
2015-01-08,11.874550819396973
2015-01-09,11.839101791381836
2015-01-12,11.871004104614258
2015-01-13,11.871004104614258
2015-01-14,11.814289093017578
2015-01-15,11.789477348327637
2015-01-16,11.980886459350586
2015-01-20,12.034056663513184
2015-01-21,12.051779747009277
2015-01-22,11.97734546661377
2015-01-23,11.828470230102539
2015-01-26,11.76112174987793
2015-01-27,11.629969596862793
2015-01-28,11.58388614654541
2015-01-29,11.683141708374023
2015-01-30,11.668960571289062
2015-02-02,11.895816802978516
2015-02-03,12.172294616699219
2015-02-04,12.197108268737793
2015-02-05,12.243188858032227
2015-02-06,12.360163688659668
2015-02-09,12.27863883972168
2015-02-10,12.35307502746582
2015-02-11,12.190022468566895
2015-02-12,12.268006324768066
2015-02-13,12.285725593566895
2015-02-17,12.303447723388672
2015-02-18,12.22546672821045
2015-02-19,12.083677291870117
2015-02-20,12.080138206481934
2015-02-23,11.998608589172363
2015-02-24,12.069503784179688
2015-02-25,12.12621784210205
2015-02-26,12.229010581970215
2015-02-27,12.250282287597656
2015-03-02,12.27863883972168
2015-03-03,12.197108268737793
2015-03-04,12.051779747009277
2015-03-05,12.051779747009277
2015-03-06,11.867460250854492
2015-03-09,11.821379661560059
2015-03-10,11.61933422088623
2015-03-11,11.562620162963867
2015-03-12,11.743395805358887
2015-03-13,11.612242698669434
2015-03-16,11.718585968017578
2015-03-17,11.661872863769531
2015-03-18,11.906453132629395
2015-03-19,11.768210411071777
2015-03-20,11.778838157653809
2015-03-23,11.796567916870117
2015-03-24,11.722128868103027
2015-03-25,11.562620162963867
2015-03-26,11.633514404296875
2015-03-27,11.608701705932617
2015-03-30,11.686684608459473
2015-03-31,11.573254585266113
2015-04-01,11.658324241638184
2015-04-02,11.743395805358887
2015-04-06,11.814289093017578
2015-04-07,11.754032135009766
2015-04-08,11.794590950012207
2015-04-09,11.809043884277344
2015-04-10,11.83794116973877
2015-04-13,11.877677917480469
2015-04-14,11.809043884277344
2015-04-15,11.881291389465332
2015-04-16,11.830714225769043
2015-04-17,11.744016647338867
2015-04-20,11.859613418579102
2015-04-21,11.798203468322754
2015-04-22,11.870450019836426
2015-04-23,12.365352630615234
2015-04-24,12.285880088806152
2015-04-27,12.31478214263916
2015-04-28,12.592938423156738
2015-04-29,12.556814193725586
2015-04-30,12.513463973999023
2015-05-01,12.433993339538574
2015-05-04,12.473730087280273
2015-05-05,12.181120872497559
2015-05-06,12.058300971984863
2015-05-07,12.054686546325684
2015-05-08,12.170276641845703
2015-05-11,12.098031997680664
2015-05-12,12.159446716308594
2015-05-13,12.246146202087402
2015-05-14,12.329232215881348
2015-05-15,12.401480674743652
2015-05-18,12.59654712677002
2015-05-19,12.415929794311523
2015-05-20,12.50623893737793
2015-05-21,12.66879940032959
2015-05-22,12.538749694824219
2015-05-26,12.52430248260498
2015-05-27,12.625452041625977
2015-05-28,12.571264266967773
2015-05-29,12.477340698242188
2015-06-01,12.408702850341797
2015-06-02,12.412317276000977
2015-06-03,12.654351234436035
2015-06-04,12.741048812866211
2015-06-05,12.488173484802246
2015-06-08,12.495405197143555
2015-06-09,12.46650218963623
2015-06-10,12.542366981506348
2015-06-11,12.600166320800781
2015-06-12,12.517077445983887
2015-06-15,12.430379867553711
2015-06-16,12.52430248260498
2015-06-17,12.571264266967773
2015-06-18,12.650739669799805
2015-06-19,12.639901161193848
2015-06-22,12.657960891723633
2015-06-23,12.972241401672363
2015-06-24,12.925285339355469
2015-06-25,13.069777488708496
2015-06-26,13.04810619354248
2015-06-29,12.921669006347656
2015-06-30,12.83135986328125
2015-07-01,12.849425315856934
2015-07-02,12.907220840454102
2015-07-06,12.863872528076172
2015-07-07,12.921669006347656
2015-07-08,12.790159225463867
2015-07-09,12.643102645874023
2015-07-10,12.738689422607422
2015-07-13,12.823244094848633
2015-07-14,12.911477088928223
2015-07-15,12.768097877502441
2015-07-16,12.926183700561523
2015-07-17,12.871039390563965
2015-07-20,12.830595016479492
2015-07-21,12.709272384643555
2015-07-22,12.598983764648438
2015-07-23,12.473991394042969
2015-07-24,12.606339454650879
2015-07-27,12.6173677444458
2015-07-28,12.621041297912598
2015-07-29,12.753395080566406
2015-07-30,12.793835639953613
2015-07-31,12.771770477294922
2015-08-03,12.742364883422852
2015-08-04,12.712953567504883
2015-08-05,12.709272384643555
2015-08-06,12.5879545211792
2015-08-07,12.576927185058594
2015-08-10,12.786481857299805
2015-08-11,12.738689422607422
2015-08-12,12.50707721710205
2015-08-13,12.42987060546875
2015-08-14,12.518105506896973
2015-08-17,12.584280967712402
2015-08-18,12.628395080566406
2015-08-19,12.632076263427734
2015-08-20,12.481341361999512
2015-08-21,12.271783828735352
2015-08-24,11.900472640991211
2015-08-25,11.690917015075684
2015-08-26,12.018115997314453
2015-08-27,12.293846130371094
2015-08-28,12.238700866699219
2015-08-31,12.20561408996582
2015-09-01,11.882085800170898
2015-09-02,12.065908432006836
2015-09-03,12.14678955078125
2015-09-04,11.970322608947754
2015-09-08,12.183553695678711
2015-09-09,12.051206588745117
2015-09-10,12.04017448425293
2015-09-11,12.029146194458008
2015-09-14,11.966647148132324
2015-09-15,12.08061408996582
2015-09-16,12.110026359558105
2015-09-17,12.051206588745117
2015-09-18,11.966647148132324
2015-09-21,11.970322608947754
2015-09-22,11.8637056350708
2015-09-23,11.837971687316895
2015-09-24,11.804886817932129
2015-09-25,11.885763168334961
2015-09-28,11.727681159973145
2015-09-29,11.790181159973145
2015-09-30,11.977673530578613
2015-10-01,11.959296226501465
2015-10-02,11.99973201751709
2015-10-05,12.290169715881348
2015-10-06,12.246052742004395
2015-10-07,12.408002853393555
2015-10-08,12.512898445129395
2015-10-09,12.415492057800293
2015-10-12,12.475433349609375
2015-10-13,12.445462226867676
2015-10-14,12.46419620513916
2015-10-15,12.546615600585938
2015-10-16,12.673991203308105
2015-10-19,12.599064826965332
2015-10-20,12.644023895263672
2015-10-21,12.587827682495117
2015-10-22,12.722700119018555
2015-10-23,12.640274047851562
2015-10-26,12.610306739807129
2015-10-27,12.441720008850098
2015-10-28,12.520393371582031
2015-10-29,12.56908893585205
2015-10-30,12.554107666015625
2015-11-02,12.591570854187012
2015-11-03,12.599064826965332
2015-11-04,12.542867660522461
2015-11-05,12.490419387817383
2015-11-06,12.422985076904297
2015-11-09,12.303102493286133
2015-11-10,12.284370422363281
2015-11-11,12.333076477050781
2015-11-12,12.246906280517578
2015-11-13,12.10454273223877
2015-11-16,12.378032684326172
2015-11-17,12.46044635772705
2015-11-18,12.565347671508789
2015-11-19,12.595318794250488
2015-11-20,12.610306739807129
2015-11-23,12.53537654876709
2015-11-24,12.509148597717285
2015-11-25,12.53162956237793
2015-11-27,12.57658863067627
2015-11-30,12.614049911499023
2015-12-01,12.651515007019043
2015-12-02,12.572840690612793
2015-12-03,12.400508880615234
2015-12-04,12.778887748718262
2015-12-07,12.83883285522461
2015-12-08,12.681487083435059
2015-12-09,12.57658863067627
2015-12-10,12.614049911499023
2015-12-11,12.426732063293457
2015-12-14,12.587827682495117
2015-12-15,12.666502952575684
2015-12-16,12.88753890991211
2015-12-17,12.748919486999512
2015-12-18,12.587827682495117
2015-12-21,12.771401405334473
2015-12-22,12.89128303527832
2015-12-23,13.029901504516602
2015-12-24,12.984942436218262
2015-12-28,13.022406578063965
2015-12-29,13.086094856262207
2015-12-30,13.014910697937012
2015-12-31,12.89128303527832
2016-01-04,12.868803977966309
2016-01-05,12.958714485168457
2016-01-06,12.998992919921875
2016-01-07,12.789080619812012
2016-01-08,12.80053424835205
2016-01-11,12.957009315490723
2016-01-12,12.937928199768066
2016-01-13,12.876859664916992
2016-01-14,13.090584754943848
2016-01-15,12.972273826599121
2016-01-19,13.170732498168945
2016-01-20,12.937928199768066
2016-01-21,13.182180404663086
2016-01-22,13.411172866821289
2016-01-25,13.357741355895996
2016-01-26,13.51039981842041
2016-01-27,13.540934562683105
2016-01-28,13.560017585754395
2016-01-29,13.762289047241211
2016-02-01,13.808085441589355
2016-02-02,13.762289047241211
2016-02-03,14.014177322387695
2016-02-04,13.941664695739746
2016-02-05,14.075243949890137
2016-02-08,14.163023948669434
2016-02-09,13.987466812133789
2016-02-10,13.903496742248535
2016-02-11,13.819540023803711
2016-02-12,13.9187650680542
2016-02-16,13.987466812133789
2016-02-17,13.983650207519531
2016-02-18,14.117218971252441
2016-02-19,13.956926345825195
2016-02-22,14.067608833312988
2016-02-23,14.021809577941895
2016-02-24,14.15920639038086
2016-02-25,14.262251853942871
2016-02-26,14.170650482177734
2016-02-29,14.101957321166992
2016-03-01,14.269880294799805
2016-03-02,14.384379386901855
2016-03-03,14.498872756958008
2016-03-04,14.475974082946777
2016-03-07,14.552305221557617
2016-03-08,14.53703784942627
2016-03-09,14.495057106018066
2016-03-10,14.620999336242676
2016-03-11,14.640082359313965
2016-03-14,14.6248140335083
2016-03-15,14.701152801513672
2016-03-16,14.796563148498535
2016-03-17,14.930135726928711
2016-03-18,14.716415405273438
2016-03-21,14.853805541992188
2016-03-22,14.743124961853027
2016-03-23,14.708778381347656
2016-03-24,14.838537216186523
2016-03-28,14.911053657531738
2016-03-29,15.056084632873535
2016-03-30,15.025548934936523
2016-03-31,14.949220657348633
2016-04-01,14.903425216674805
2016-04-04,15.021732330322266
2016-04-05,14.956853866577148
2016-04-06,14.990029335021973
2016-04-07,14.970633506774902
2016-04-08,14.935715675354004
2016-04-11,14.893043518066406
2016-04-12,15.00167465209961
2016-04-13,14.838736534118652
2016-04-14,14.904685020446777
2016-04-15,14.927957534790039
2016-04-18,14.993907928466797
2016-04-19,15.098654747009277
2016-04-20,15.021063804626465
2016-04-21,14.687439918518066
2016-04-22,14.768898010253906
2016-04-25,14.823216438293457
2016-04-26,14.776664733886719
2016-04-27,15.021063804626465
2016-04-28,14.990029335021973
2016-04-29,15.059861183166504
2016-05-02,15.16848373413086
2016-05-03,15.094775199890137
2016-05-04,15.08313274383545
2016-05-05,15.028824806213379
2016-05-06,15.125812530517578
2016-05-09,15.075379371643066
2016-05-10,15.24994945526123
2016-05-11,15.199518203735352
2016-05-12,15.343055725097656
2016-05-13,15.187878608703613
2016-05-16,15.238310813903809
2016-05-17,15.172362327575684
2016-05-18,14.91632080078125
2016-05-19,14.912443161010742
2016-05-20,14.91632080078125
2016-05-23,14.865884780883789
2016-05-24,14.935715675354004
2016-05-25,14.982275009155273
2016-05-26,15.067620277404785
2016-05-27,15.125812530517578
2016-05-31,15.187878608703613
2016-06-01,15.024945259094238
2016-06-02,15.067620277404785
2016-06-03,15.21115779876709
2016-06-06,15.26159381866455
2016-06-07,15.436164855957031
2016-06-08,15.46331787109375
2016-06-09,15.552544593811035
2016-06-10,15.645646095275879
2016-06-13,15.591338157653809
2016-06-14,15.665044784545898
2016-06-15,15.630133628845215
2016-06-16,15.70771598815918
2016-06-17,15.800825119018555
2016-06-20,15.820225715637207
2016-06-21,15.932732582092285
2016-06-22,16.02195167541504
2016-06-23,16.246959686279297
2016-06-24,16.1072998046875
2016-06-27,16.30514907836914
2016-06-28,16.301271438598633
2016-06-29,16.502994537353516
2016-06-30,16.76291847229004
2016-07-01,16.863784790039062
2016-07-05,16.817230224609375
2016-07-06,16.969017028808594
2016-07-07,16.65404510498047
2016-07-08,16.776092529296875
2016-07-11,16.73672103881836
2016-07-12,16.697355270385742
2016-07-13,16.768220901489258
2016-07-14,16.839088439941406
2016-07-15,16.886335372924805
2016-07-18,16.870588302612305
2016-07-19,16.839088439941406
2016-07-20,16.815467834472656
2016-07-21,16.74065589904785
2016-07-22,16.972951889038086
2016-07-25,16.90601921081543
2016-07-26,16.685544967651367
2016-07-27,16.835153579711914
2016-07-28,16.7642822265625
2016-07-29,17.043821334838867
2016-08-01,17.00051498413086
2016-08-02,16.992637634277344
2016-08-03,16.984764099121094
2016-08-04,16.96114158630371
2016-08-05,16.992637634277344
2016-08-08,16.902080535888672
2016-08-09,16.96114158630371
2016-08-10,17.00838279724121
2016-08-11,17.083192825317383
2016-08-12,17.039884567260742
2016-08-15,16.937515258789062
2016-08-16,16.520177841186523
2016-08-17,16.48080825805664
2016-08-18,16.299701690673828
2016-08-19,16.146154403686523
2016-08-22,16.10678482055664
2016-08-23,16.08316421508789
2016-08-24,16.091033935546875
2016-08-25,16.169775009155273
2016-08-26,16.0162296295166
2016-08-29,16.142223358154297
2016-08-30,16.098907470703125
2016-08-31,16.0949764251709
2016-09-01,16.126466751098633
2016-09-02,16.122528076171875
2016-09-06,16.232776641845703
2016-09-07,16.248519897460938
2016-09-08,16.21702003479004
2016-09-09,15.634331703186035
2016-09-12,16.028043746948242
2016-09-13,15.7366943359375
2016-09-14,15.705201148986816
2016-09-15,15.925674438476562
2016-09-16,15.827252388000488
2016-09-19,15.772125244140625
2016-09-20,15.732758522033691
2016-09-21,15.972928047180176
2016-09-22,16.185522079467773
2016-09-23,16.25245475769043
2016-09-26,16.197336196899414
2016-09-27,16.323333740234375
2016-09-28,16.08316421508789
2016-09-29,16.035913467407227
2016-09-30,15.988672256469727
2016-10-03,16.051666259765625
2016-10-04,15.709129333496094
2016-10-05,15.667332649230957
2016-10-06,15.647332191467285
2016-10-07,15.551307678222656
2016-10-10,15.607317924499512
2016-10-11,15.643329620361328
2016-10-12,15.735346794128418
2016-10-13,15.751347541809082
2016-10-14,15.691336631774902
2016-10-17,15.71134090423584
2016-10-18,15.747349739074707
2016-10-19,15.755352020263672
2016-10-20,15.463290214538574
2016-10-21,14.999190330505371
2016-10-24,14.747135162353516
2016-10-25,14.683120727539062
2016-10-26,14.575098991394043
2016-10-27,14.611109733581543
2016-10-28,14.607108116149902
2016-10-31,14.719128608703613
2016-11-01,14.627111434936523
2016-11-02,14.551095008850098
2016-11-03,14.65511417388916
2016-11-04,14.603103637695312
2016-11-07,14.727132797241211
2016-11-08,14.79914665222168
2016-11-09,14.9791898727417
2016-11-10,14.63111686706543
2016-11-11,14.607108116149902
2016-11-14,14.455076217651367
2016-11-15,14.711126327514648
2016-11-16,14.8631591796875
2016-11-17,14.967183113098145
2016-11-18,15.027200698852539
2016-11-21,15.099211692810059
2016-11-22,15.423277854919434
2016-11-23,15.495293617248535
2016-11-25,15.687335968017578
2016-11-28,15.819363594055176
2016-11-29,15.795357704162598
2016-11-30,15.455286979675293
2016-12-01,15.555310249328613
2016-12-02,15.447286605834961
2016-12-05,15.455286979675293
2016-12-06,15.743352890014648
2016-12-07,16.183439254760742
2016-12-08,16.16744041442871
2016-12-09,16.155433654785156
2016-12-12,16.451499938964844
2016-12-13,16.54751968383789
2016-12-14,16.443500518798828
2016-12-15,16.60352897644043
2016-12-16,16.67154884338379
2016-12-19,16.851581573486328
2016-12-20,16.991613388061523
2016-12-21,16.947601318359375
2016-12-22,17.09163475036621
2016-12-23,17.09563636779785
2016-12-27,17.06362533569336
2016-12-28,17.011613845825195
2016-12-29,17.067630767822266
2016-12-30,17.0156192779541
2017-01-03,17.21165657043457
2017-01-04,17.11163902282715
2017-01-05,17.06362533569336
2017-01-06,16.786867141723633
2017-01-09,16.575611114501953
2017-01-10,16.579673767089844
2017-01-11,16.498422622680664
2017-01-12,16.66092300415039
2017-01-13,16.640607833862305
2017-01-17,16.701547622680664
2017-01-18,16.575611114501953
2017-01-19,16.6568660736084
2017-01-20,16.839683532714844
2017-01-23,17.063125610351562
2017-01-24,16.803115844726562
2017-01-25,16.815305709838867
2017-01-26,16.96968650817871
2017-01-27,17.067188262939453
2017-01-30,16.990001678466797
2017-01-31,17.12812614440918
2017-02-01,17.08750343322754
2017-02-02,16.7299861907959
2017-02-03,16.758424758911133
2017-02-06,16.681232452392578
2017-02-07,16.70561408996582
2017-02-08,16.74217987060547
2017-02-09,16.782806396484375
2017-02-10,16.811241149902344
2017-02-13,16.514667510986328
2017-02-14,16.5552921295166
2017-02-15,16.70561408996582
2017-02-16,16.758424758911133
2017-02-17,16.851871490478516
2017-02-21,16.953432083129883
2017-02-22,16.896556854248047
2017-02-23,17.04280662536621
2017-02-24,17.209379196166992
2017-02-27,16.990001678466797
2017-02-28,16.977806091308594
2017-03-01,17.079376220703125
2017-03-02,17.09156608581543
2017-03-03,17.067188262939453
2017-03-06,17.046873092651367
2017-03-07,17.01436996459961
2017-03-08,16.96968650817871
2017-03-09,17.038745880126953
2017-03-10,17.205318450927734
2017-03-13,17.213443756103516
2017-03-14,17.099693298339844
2017-03-15,17.302824020385742
2017-03-16,17.24188804626465
2017-03-17,17.310945510864258
2017-03-20,17.233762741088867
2017-03-21,17.09562873840332
2017-03-22,16.92093276977539
2017-03-23,16.92093276977539
2017-03-24,16.933122634887695
2017-03-27,16.855928421020508
2017-03-28,16.884370803833008
2017-03-29,16.839683532714844
2017-03-30,16.965620040893555
2017-03-31,16.88030242919922
2017-04-03,16.888431549072266
2017-04-04,16.937183380126953
2017-04-05,16.864059448242188
2017-04-06,16.7562313079834
2017-04-07,16.75211524963379
2017-04-10,16.66543960571289
2017-04-11,16.636550903320312
2017-04-12,16.739730834960938
2017-04-13,16.62417221069336
2017-04-17,16.632423400878906
2017-04-18,16.611793518066406
2017-04-19,16.611793518066406
2017-04-20,16.657184600830078
2017-04-21,16.479721069335938
2017-04-24,16.51686668395996
2017-04-25,16.483844757080078
2017-04-26,16.690204620361328
2017-04-27,16.471464157104492
2017-04-28,16.355905532836914
2017-05-01,16.137168884277344
2017-05-02,16.075258255004883
2017-05-03,15.848265647888184
2017-05-04,15.687308311462402
2017-05-05,15.914301872253418
2017-05-08,15.91842269897461
2017-05-09,15.77397632598877
2017-05-10,15.86889934539795
2017-05-11,15.864777565002441
2017-05-12,15.885407447814941
2017-05-15,15.926680564880371
2017-05-16,15.761594772338867
2017-05-17,15.460311889648438
2017-05-18,15.662541389465332
2017-05-19,15.782232284545898
2017-05-22,15.786355018615723
2017-05-23,15.811119079589844
2017-05-24,15.745088577270508
2017-05-25,15.778099060058594
2017-05-26,15.732704162597656
2017-05-30,15.910170555114746
2017-05-31,15.9019193649292
2017-06-01,16.04224395751953
2017-06-02,16.04224395751953
2017-06-05,16.017478942871094
2017-06-06,15.984460830688477
2017-06-07,15.996842384338379
2017-06-08,15.889535903930664
2017-06-09,16.009225845336914
2017-06-12,16.124786376953125
2017-06-13,15.963828086853027
2017-06-14,15.980334281921387
2017-06-15,16.02985954284668
2017-06-16,16.079387664794922
2017-06-19,16.058748245239258
2017-06-20,15.955568313598633
2017-06-21,15.745088577270508
2017-06-22,15.72445011138916
2017-06-23,15.662541389465332
2017-06-26,15.745088577270508
2017-06-27,15.559362411499023
2017-06-28,15.658411979675293
2017-06-29,15.526348114013672
2017-06-30,15.571745872497559
2017-07-03,15.728578567504883
2017-07-05,15.732704162597656
2017-07-06,15.610427856445312
2017-07-07,15.526453018188477
2017-07-10,15.463475227355957
2017-07-11,15.366901397705078
2017-07-12,15.463475227355957
2017-07-13,15.203161239624023
2017-07-14,15.24094295501709
2017-07-17,15.278735160827637
2017-07-18,15.11078929901123
2017-07-19,15.169568061828613
2017-07-20,15.333316802978516
2017-07-21,15.329120635986328
2017-07-24,15.21155834197998
2017-07-25,15.20736026763916
2017-07-26,15.96730899810791
2017-07-27,16.546710968017578
2017-07-28,16.374574661254883
2017-07-31,16.374574661254883
2017-08-01,16.324186325073242
2017-08-02,16.068073272705078
2017-08-03,16.072267532348633
2017-08-04,16.1352481842041
2017-08-07,16.17304229736328
2017-08-08,16.105863571166992
2017-08-09,16.105863571166992
2017-08-10,16.034482955932617
2017-08-11,15.996695518493652
2017-08-14,16.164640426635742
2017-08-15,16.02189064025879
2017-08-16,16.051279067993164
2017-08-17,15.786766052246094
2017-08-18,15.690196990966797
2017-08-21,15.778369903564453
2017-08-22,15.946317672729492
2017-08-23,15.921122550964355
2017-08-24,15.820354461669922
2017-08-25,15.95051097869873
2017-08-28,15.929518699645996
2017-08-29,15.891728401184082
2017-08-30,15.816160202026367
2017-08-31,15.727986335754395
2017-09-01,15.736384391784668
2017-09-05,15.572637557983398
2017-09-06,15.354307174682617
2017-09-07,14.94704532623291
2017-09-08,14.94284439086914
2017-09-11,15.00582504272461
2017-09-12,15.224154472351074
2017-09-13,15.345914840698242
2017-09-14,15.249344825744629
2017-09-15,15.576838493347168
2017-09-18,15.711193084716797
2017-09-19,16.042877197265625
2017-09-20,16.1352481842041
2017-09-21,16.04707908630371
2017-09-22,16.202430725097656
2017-09-25,16.42495346069336
2017-09-26,16.257007598876953
2017-09-27,16.278003692626953
2017-09-28,16.39136505126953
2017-09-29,16.44594955444336
2017-10-02,16.420757293701172
2017-10-03,16.57610511779785
2017-10-04,16.584501266479492
2017-10-05,16.588699340820312
2017-10-06,16.472917556762695
2017-10-09,16.349124908447266
2017-10-10,16.434499740600586
2017-10-11,16.302165985107422
2017-10-12,15.307560920715332
2017-10-13,15.239258766174316
2017-10-16,15.43989086151123
2017-10-17,15.465500831604004
2017-10-18,15.243526458740234
2017-10-19,15.23499584197998
2017-10-20,15.170963287353516
2017-10-23,15.047171592712402
2017-10-24,14.880693435668945
2017-10-25,14.295875549316406
2017-10-26,14.376983642578125
2017-10-27,14.500772476196289
2017-10-30,14.317221641540527
2017-10-31,14.364176750183105
2017-11-01,14.321491241455078
2017-11-02,14.159278869628906
2017-11-03,14.214771270751953
2017-11-06,14.026947975158691
2017-11-07,14.116593360900879
2017-11-08,14.274535179138184
2017-11-09,14.513578414916992
2017-11-10,14.60749340057373
2017-11-13,14.586151123046875
2017-11-14,14.394059181213379
2017-11-15,14.432477951049805
2017-11-16,14.735555648803711
2017-11-17,14.731283187866211
2017-11-20,14.786781311035156
2017-11-21,14.654450416564941
2017-11-22,14.88496208190918
2017-11-24,14.859341621398926
2017-11-27,14.803855895996094
2017-11-28,15.119738578796387
2017-11-29,15.572221755981445
2017-11-30,15.529537200927734
2017-12-01,15.580760955810547
2017-12-04,15.90944766998291
2017-12-05,15.602100372314453
2017-12-06,15.41427993774414
2017-12-07,15.43989086151123
2017-12-08,15.67894172668457
2017-12-11,15.751503944396973
2017-12-12,16.263748168945312
2017-12-13,16.238140106201172
2017-12-14,16.110076904296875
2017-12-15,16.323511123657227
2017-12-18,16.41741943359375
2017-12-19,16.24240493774414
2017-12-20,16.455841064453125
2017-12-21,16.59670639038086
2017-12-22,16.622323989868164
2017-12-26,16.673542022705078
2017-12-27,16.600975036621094
2017-12-28,16.72476577758789
2017-12-29,16.59670639038086
2018-01-02,16.451570510864258
2018-01-03,16.071657180786133
2018-01-04,16.2210636138916
2018-01-05,16.280824661254883
2018-01-08,16.327783584594727
2018-01-09,16.28521156311035
2018-01-10,15.907294273376465
2018-01-11,15.846477508544922
2018-01-12,16.02892303466797
2018-01-16,15.950725555419922
2018-01-17,16.007200241088867
2018-01-18,16.137510299682617
2018-01-19,16.163583755493164
2018-01-22,16.45027732849121
2018-01-23,16.154891967773438
2018-01-24,16.08104705810547
2018-01-25,16.26783561706543
2018-01-26,16.428558349609375
2018-01-29,16.185298919677734
2018-01-30,16.26349449157715
2018-01-31,16.26783561706543
2018-02-01,17.010639190673828
2018-02-02,16.53715705871582
2018-02-05,15.91163158416748
2018-02-06,15.998515129089355
2018-02-07,16.041954040527344
2018-02-08,15.451186180114746
2018-02-09,15.65969181060791
2018-02-12,15.798696517944336
2018-02-13,15.898605346679688
2018-02-14,15.81607437133789
2018-02-15,16.07236099243164
2018-02-16,16.1331729888916
2018-02-20,15.972448348999023
2018-02-21,15.77263355255127
2018-02-22,15.842131614685059
2018-02-23,15.950725555419922
2018-02-26,16.27217674255371
2018-02-27,16.015886306762695
2018-02-28,15.768282890319824
2018-03-01,15.637969017028809
2018-03-02,15.790009498596191
2018-03-05,15.942042350769043
2018-03-06,16.015886306762695
2018-03-07,16.033262252807617
2018-03-08,16.12014389038086
2018-03-09,16.09407615661621
2018-03-12,16.22873878479004
2018-03-13,16.241769790649414
2018-03-14,16.08539390563965
2018-03-15,16.089733123779297
2018-03-16,16.07236099243164
2018-03-19,15.889918327331543
2018-03-20,15.785662651062012
2018-03-21,15.637969017028809
2018-03-22,15.364306449890137
2018-03-23,15.07326889038086
2018-03-26,15.068922996520996
2018-03-27,15.16014289855957
2018-03-28,15.446836471557617
2018-03-29,15.485936164855957
2018-04-02,15.247018814086914
2018-04-03,15.364306449890137
2018-04-04,15.585843086242676
2018-04-05,15.698786735534668
2018-04-06,15.477245330810547
2018-04-09,15.566657066345215
2018-04-10,15.849925994873047
2018-04-11,15.602068901062012
2018-04-12,15.562226295471191
2018-04-13,15.553377151489258
2018-04-16,15.774683952331543
2018-04-17,15.650748252868652
2018-04-18,15.584359169006348
2018-04-19,15.411742210388184
2018-04-20,15.345351219177246
2018-04-23,15.442726135253906
2018-04-24,15.491411209106445
2018-04-25,15.579933166503906
2018-04-26,14.6504487991333
2018-04-27,14.623893737792969
2018-04-30,14.473404884338379
2018-05-01,14.402586936950684
2018-05-02,14.190134048461914
2018-05-03,14.137020111083984
2018-05-04,14.225540161132812
2018-05-07,14.181279182434082
2018-05-08,14.030790328979492
2018-05-09,13.898009300231934
2018-05-10,14.110464096069336
2018-05-11,14.291932106018066
2018-05-14,14.247672080993652
2018-05-15,14.203411102294922
2018-05-16,14.296358108520508
2018-05-17,14.132590293884277
2018-05-18,14.185708999633789
2018-05-21,14.424717903137207
2018-05-22,14.353898048400879
2018-05-23,14.309637069702148
2018-05-24,14.50881576538086
2018-05-25,14.389307022094727
2018-05-29,14.309637069702148
2018-05-30,14.415863990783691
2018-05-31,14.305212020874023
2018-06-01,14.371606826782227
2018-06-04,14.345048904418945
2018-06-05,14.464550971984863
2018-06-06,14.77437973022461
2018-06-07,14.964705467224121
2018-06-08,14.973554611206055
2018-06-11,15.12846851348877
2018-06-12,15.20371150970459
2018-06-13,14.260951042175293
2018-06-14,14.393733978271484
2018-06-15,14.672578811645508
2018-06-18,14.247672080993652
2018-06-19,14.336194038391113
2018-06-20,14.16357421875
2018-06-21,13.986534118652344
2018-06-22,14.026363372802734
2018-06-25,14.035221099853516
2018-06-26,13.995384216308594
2018-06-27,14.008659362792969
2018-06-28,14.247672080993652
2018-06-29,14.212265014648438
2018-07-02,14.256525039672852
2018-07-03,14.477828979492188
2018-07-05,14.429145812988281
2018-07-06,14.464550971984863
2018-07-09,14.524184226989746
2018-07-10,14.682304382324219
2018-07-11,14.39769458770752
2018-07-12,14.560327529907227
2018-07-13,14.30733871459961
2018-07-16,14.411248207092285
2018-07-17,14.347993850708008
2018-07-18,14.325413703918457
2018-07-19,14.126632690429688
2018-07-20,14.049833297729492
2018-07-23,14.004654884338379
2018-07-24,14.31185245513916
2018-07-25,13.665833473205566
2018-07-26,13.711010932922363
2018-07-27,14.040797233581543
2018-07-30,14.45641803741455
2018-07-31,14.442862510681152
2018-08-01,14.411248207092285
2018-08-02,14.388655662536621
2018-08-03,14.578399658203125
2018-08-06,14.506117820739746
2018-08-07,14.637125015258789
2018-08-08,14.619058609008789
2018-08-09,14.677787780761719
2018-08-10,14.573878288269043
2018-08-13,14.551288604736328
2018-08-14,14.564840316772461
2018-08-15,14.66874885559082
2018-08-16,14.948843002319336
2018-08-17,14.921736717224121
2018-08-20,14.957878112792969
2018-08-21,15.088889122009277
2018-08-22,14.763619422912598
2018-08-23,14.677787780761719
2018-08-24,14.745551109313965
2018-08-27,14.831382751464844
2018-08-28,14.759099960327148
2018-08-29,14.560327529907227
2018-08-30,14.438347816467285
2018-08-31,14.429315567016602
2018-09-04,14.39317512512207
2018-09-05,14.4654541015625
2018-09-06,14.537737846374512
2018-09-07,14.510632514953613
2018-09-10,14.632606506347656
2018-09-11,14.759099960327148
2018-09-12,15.097925186157227
2018-09-13,15.215381622314453
2018-09-14,15.179242134094238
2018-09-17,15.18828010559082
2018-09-18,15.233453750610352
2018-09-19,15.075335502624512
2018-09-20,15.106962203979492
2018-09-21,15.260560035705566
2018-09-24,15.31928539276123
2018-09-25,15.251524925231934
2018-09-26,15.066300392150879
2018-09-27,15.097925186157227
2018-09-28,15.170209884643555
2018-10-01,15.12954330444336
2018-10-02,15.323806762695312
2018-10-03,15.323806762695312
2018-10-04,15.41415786743164
2018-10-05,15.355428695678711
2018-10-08,15.409635543823242
2018-10-09,15.43359661102295
2018-10-10,15.134139060974121
2018-10-11,14.627364158630371
2018-10-12,14.857717514038086
2018-10-15,14.908398628234863
2018-10-16,14.92221450805664
2018-10-17,15.005145072937012
2018-10-18,14.972893714904785
2018-10-19,15.143354415893555
2018-10-22,15.051215171813965
2018-10-23,15.212462425231934
2018-10-24,13.986985206604004
2018-10-25,13.811915397644043
2018-10-26,13.401890754699707
2018-10-29,13.655277252197266
2018-10-30,14.037668228149414
2018-10-31,14.134410858154297
2018-11-01,14.046878814697266
2018-11-02,14.060696601867676
2018-11-05,14.11137866973877
2018-11-06,14.263406753540039
2018-11-07,14.327905654907227
2018-11-08,14.300264358520508
2018-11-09,14.139013290405273
2018-11-12,14.180482864379883
2018-11-13,13.973166465759277
2018-11-14,14.056089401245117
2018-11-15,13.876415252685547
2018-11-16,13.954739570617676
2018-11-19,13.982380867004395
2018-11-20,13.553922653198242
2018-11-21,13.71517276763916
2018-11-23,13.526281356811523
2018-11-26,13.798096656799316
2018-11-27,14.023845672607422
2018-11-28,14.162055969238281
2018-11-29,14.083736419677734
2018-11-30,14.392406463623047
2018-12-03,14.608939170837402
2018-12-04,14.15744400024414
2018-12-06,14.065303802490234
2018-12-07,13.885631561279297
2018-12-10,13.779670715332031
2018-12-11,13.682921409606934
2018-12-12,13.894845008850098
2018-12-13,13.779670715332031
2018-12-14,13.922486305236816
2018-12-17,13.756631851196289
2018-12-18,13.705955505371094
2018-12-19,13.73820686340332
2018-12-20,13.199175834655762
2018-12-21,13.042540550231934
2018-12-24,12.60487174987793
2018-12-26,12.9365816116333
2018-12-27,12.968830108642578
2018-12-28,13.11164665222168
2018-12-31,13.1485013961792
2019-01-02,13.609210968017578
2019-01-03,13.627636909484863
2019-01-04,13.977768898010254
2019-01-07,14.231159210205078
2019-01-08,14.410834312438965
2019-01-09,14.17315673828125
2019-01-10,14.314417839050293
2019-01-11,14.535727500915527
2019-01-14,14.418010711669922
2019-01-15,14.408594131469727
2019-01-16,14.389760971069336
2019-01-17,14.427425384521484
2019-01-18,14.578104019165039
2019-01-22,14.399176597595215
2019-01-23,14.545145034790039
2019-01-24,14.408594131469727
2019-01-25,14.436842918395996
2019-01-28,14.441554069519043
2019-01-29,14.455679893493652
2019-01-30,13.829421997070312
2019-01-31,14.15432357788086
2019-02-01,14.126069068908691
2019-02-04,13.942435264587402
2019-02-05,13.951849937438965
2019-02-06,13.918890953063965
2019-02-07,13.867093086242676
2019-02-08,13.914182662963867
2019-02-11,13.989516258239746
2019-02-12,14.036604881286621
2019-02-13,14.050731658935547
2019-02-14,14.027188301086426
2019-02-15,14.347384452819824
2019-02-19,14.422720909118652
2019-02-20,14.526305198669434
2019-02-21,14.516892433166504
2019-02-22,14.667573928833008
2019-02-25,14.658154487609863
2019-02-26,14.700528144836426
2019-02-27,14.625191688537598
2019-02-28,14.653446197509766
2019-03-01,14.51218032836914
2019-03-04,14.116650581359863
2019-03-05,14.102527618408203
2019-03-06,14.036604881286621
2019-03-07,14.088399887084961
2019-03-08,14.107234954833984
2019-03-11,14.229660987854004
2019-03-12,14.422720909118652
2019-03-13,14.257914543151855
2019-03-14,14.257914543151855
2019-03-15,14.441554069519043
2019-03-18,14.502765655517578
2019-03-19,14.446261405944824
2019-03-20,14.366211891174316
2019-03-21,14.625191688537598
2019-03-22,14.629901885986328
2019-03-25,14.488637924194336
2019-03-26,14.780577659606934
2019-03-27,14.785286903381348
2019-03-28,14.60164737701416
2019-03-29,14.766450881958008
2019-04-01,15.044265747070312
2019-04-02,14.89359188079834
2019-04-03,15.006595611572266
2019-04-04,15.058390617370605
2019-04-05,15.232616424560547
2019-04-08,15.251446723937988
2019-04-09,15.268397331237793
2019-04-10,15.330910682678223
2019-04-11,15.484798431396484
2019-04-12,15.484798431396484
2019-04-15,15.398233413696289
2019-04-16,15.508840560913086
2019-04-17,15.364580154418945
2019-04-18,15.403045654296875
2019-04-22,15.427090644836426
2019-04-23,15.4367094039917
2019-04-24,14.806735038757324
2019-04-25,14.59033203125
2019-04-26,14.753835678100586
2019-04-29,14.850016593933105
2019-04-30,14.888489723205566
2019-05-01,14.806735038757324
2019-05-02,14.72498607635498
2019-05-03,14.763457298278809
2019-05-06,14.71056079864502
2019-05-07,14.681703567504883
2019-05-08,14.571098327636719
2019-05-09,14.609570503234863
2019-05-10,14.72498607635498
2019-05-13,14.652852058410645
2019-05-14,14.951004981994629
2019-05-15,15.027944564819336
2019-05-16,15.205877304077148
2019-05-17,15.292437553405762
2019-05-20,15.47999095916748
2019-05-21,15.58578872680664
2019-05-22,15.523269653320312
2019-05-23,15.455945014953613
2019-05-24,15.518464088439941
2019-05-28,15.354955673217773
2019-05-29,15.34533977508545
2019-05-30,15.321290969848633
2019-05-31,14.705745697021484
2019-06-03,14.951004981994629
2019-06-04,15.138553619384766
2019-06-05,15.234726905822754
2019-06-06,15.4367094039917
2019-06-07,15.624260902404785
2019-06-10,15.354955673217773
2019-06-11,15.44151782989502
2019-06-12,15.475180625915527
2019-06-13,15.52807903289795
2019-06-14,15.556933403015137
2019-06-17,15.53288745880127
2019-06-18,15.600215911865234
2019-06-19,15.58578872680664
2019-06-20,15.648303031921387
2019-06-21,15.605018615722656
2019-06-24,15.667537689208984
2019-06-25,15.653108596801758
2019-06-26,15.6434907913208
2019-06-27,15.859891891479492
2019-06-28,16.11477279663086
2019-07-01,16.076295852661133
2019-07-02,16.273462295532227
2019-07-03,16.340789794921875
2019-07-05,16.494670867919922
2019-07-08,16.470630645751953
2019-07-09,16.453580856323242
2019-07-10,16.56150245666504
2019-07-11,16.414331436157227
2019-07-12,16.507543563842773
2019-07-15,16.536975860595703
2019-07-16,16.473201751708984
2019-07-17,16.316219329833984
2019-07-18,16.23282241821289
2019-07-19,16.08565330505371
2019-07-22,15.76187801361084
2019-07-23,15.742258071899414
2019-07-24,16.306407928466797
2019-07-25,16.58603286743164
2019-07-26,16.752822875976562
2019-07-29,16.846031188964844
2019-07-30,16.767539978027344
2019-07-31,16.703767776489258
2019-08-01,16.738113403320312
2019-08-02,16.762630462646484
2019-08-05,16.429048538208008
2019-08-06,16.65961265563965
2019-08-07,16.70867919921875
2019-08-08,16.94414710998535
2019-08-09,16.94414710998535
2019-08-12,16.914710998535156
2019-08-13,17.10112762451172
2019-08-14,16.723388671875
2019-08-15,16.846031188964844
2019-08-16,17.155086517333984
2019-08-19,17.356218338012695
2019-08-20,17.15999412536621
2019-08-21,17.2482967376709
2019-08-22,17.361127853393555
2019-08-23,17.081504821777344
2019-08-26,17.135465621948242
2019-08-27,17.032447814941406
2019-08-28,17.15018081665039
2019-08-29,17.24338722229004
2019-08-30,17.297353744506836
2019-09-03,17.356218338012695
2019-09-04,17.523012161254883
2019-09-05,17.606407165527344
2019-09-06,17.78301239013672
2019-09-09,18.04791831970215
2019-09-10,18.43546485900879
2019-09-11,19.004526138305664
2019-09-12,18.82791519165039
2019-09-13,18.597354888916016
2019-09-16,18.303007125854492
2019-09-17,18.22942352294922
2019-09-18,18.033203125
2019-09-19,18.224523544311523
2019-09-20,18.597354888916016
2019-09-23,18.445274353027344
2019-09-24,18.337352752685547
2019-09-25,18.337352752685547
2019-09-26,18.337352752685547
2019-09-27,18.361879348754883
2019-09-30,18.56300926208496
2019-10-01,18.352067947387695
2019-10-02,18.190185546875
2019-10-03,18.244144439697266
2019-10-04,18.401123046875
2019-10-07,18.47471046447754
2019-10-08,18.386409759521484
2019-10-09,18.508922576904297
2019-10-10,18.69375991821289
2019-10-11,18.77369499206543
2019-10-14,18.71873664855957
2019-10-15,18.933549880981445
2019-10-16,18.878599166870117
2019-10-17,18.888591766357422
2019-10-18,19.218303680419922
2019-10-21,19.098411560058594
2019-10-22,19.068435668945312
2019-10-23,18.853622436523438
2019-10-24,18.39402198791504
2019-10-25,18.438980102539062
2019-10-28,19.228296279907227
2019-10-29,19.013486862182617
2019-10-30,19.083423614501953
2019-10-31,19.228296279907227
2019-11-01,19.45809555053711
2019-11-04,19.428123474121094
2019-11-05,19.5679988861084
2019-11-06,19.607969284057617
2019-11-07,19.692890167236328
2019-11-08,19.672908782958984
2019-11-11,19.667917251586914
2019-11-12,19.5679988861084
2019-11-13,19.563005447387695
2019-11-14,19.45809555053711
2019-11-15,19.73285675048828
2019-11-18,19.797801971435547
2019-11-19,18.983509063720703
2019-11-20,18.57386016845703
2019-11-21,18.783681869506836
2019-11-22,18.85862159729004
2019-11-25,18.613828659057617
2019-11-26,18.683767318725586
2019-11-27,18.813655853271484
2019-11-29,18.673778533935547
2019-12-02,18.6438045501709
2019-12-03,18.758705139160156
2019-12-04,19.033462524414062
2019-12-05,19.078426361083984
2019-12-06,19.083423614501953
2019-12-09,19.003490447998047
2019-12-10,19.013486862182617
2019-12-11,19.068435668945312
2019-12-12,19.158355712890625
2019-12-13,19.11339569091797
2019-12-16,19.278255462646484
2019-12-17,19.233293533325195
2019-12-18,19.353187561035156
2019-12-19,19.448104858398438
2019-12-20,19.558012008666992
2019-12-23,19.51804542541504
2019-12-24,19.463088989257812
2019-12-26,19.563005447387695
2019-12-27,19.602970123291016
2019-12-30,19.5030574798584
2019-12-31,19.523040771484375
2020-01-02,19.41313362121582
2020-01-03,19.51304817199707
2020-01-06,19.533031463623047
2020-01-07,19.607969284057617
2020-01-08,19.667917251586914
2020-01-09,19.7281551361084
2020-01-10,19.611207962036133
2020-01-13,19.372236251831055
2020-01-14,19.367151260375977
2020-01-15,19.25528907775879
2020-01-16,19.336641311645508
2020-01-17,19.514604568481445
2020-01-21,19.58578872680664
2020-01-22,19.85018539428711
2020-01-23,19.6417179107666
2020-01-24,19.575618743896484
2020-01-27,19.44850730895996
2020-01-28,19.616294860839844
2020-01-29,18.838356018066406
2020-01-30,19.03156852722168
2020-01-31,19.128177642822266
2020-02-03,18.792591094970703
2020-02-04,19.133258819580078
2020-02-05,19.22478485107422
2020-02-06,19.545114517211914
2020-02-07,19.550193786621094
2020-02-10,19.494266510009766
2020-02-11,19.407827377319336
2020-02-12,19.341726303100586
2020-02-13,19.479013442993164
2020-02-14,19.44850730895996
2020-02-18,19.45358657836914
2020-02-19,19.545114517211914
2020-02-20,19.631549835205078
2020-02-21,19.60103988647461
2020-02-24,19.346811294555664
2020-02-25,18.990896224975586
2020-02-26,18.863779067993164
2020-02-27,18.16718864440918
2020-02-28,17.907873153686523
2020-03-02,18.90445327758789
2020-03-03,18.457014083862305
2020-03-04,19.412914276123047
2020-03-05,18.90445327758789
2020-03-06,18.828187942504883
2020-03-09,17.638399124145508
2020-03-10,18.22820472717285
2020-03-11,17.551956176757812
2020-03-12,15.929976463317871
2020-03-13,17.526531219482422
2020-03-16,16.17403793334961
2020-03-17,17.155359268188477
2020-03-18,16.702835083007812
2020-03-19,15.838458061218262
2020-03-20,14.465620994567871
2020-03-23,13.611410140991211
2020-03-24,14.282570838928223
2020-03-25,14.440192222595215
2020-03-26,15.558805465698242
2020-03-27,15.17237377166748
2020-03-30,15.370675086975098
2020-03-31,14.821540832519531
2020-04-01,14.262237548828125
2020-04-02,14.623237609863281
2020-04-03,13.962242126464844
2020-04-06,14.968990325927734
2020-04-07,15.294404029846191
2020-04-08,15.55379581451416
2020-04-09,15.990909576416016
2020-04-13,15.709905624389648
2020-04-14,16.199058532714844
2020-04-15,15.657869338989258
2020-04-16,15.69429874420166
2020-04-17,16.25109100341797
2020-04-20,16.121000289916992
2020-04-21,15.543388366699219
2020-04-22,15.335244178771973
2020-04-23,15.35085678100586
2020-04-24,15.46013355255127
2020-04-27,15.892038345336914
2020-04-28,15.949277877807617
2020-04-29,16.355161666870117
2020-04-30,15.855609893798828
2020-05-01,15.559003829956055
2020-05-04,15.402894020080566
2020-05-05,15.475739479064941
2020-05-06,14.981390953063965
2020-05-07,15.033430099487305
2020-05-08,15.501758575439453
2020-05-11,15.288410186767578
2020-05-12,15.033430099487305
2020-05-13,14.617133140563965
2020-05-14,14.872116088867188
2020-05-15,14.731616973876953
2020-05-18,15.324838638305664
2020-05-19,15.069856643676758
2020-05-20,15.397688865661621
2020-05-21,15.491354942321777
2020-05-22,15.54859447479248
2020-05-26,16.03774070739746
2020-05-27,16.573720932006836
2020-05-28,16.162630081176758
2020-05-29,16.058551788330078
2020-06-01,16.094980239868164
2020-06-02,16.126205444335938
2020-06-03,16.39678955078125
2020-06-04,16.547698974609375
2020-06-05,17.052457809448242
2020-06-08,17.291824340820312
2020-06-09,16.97439956665039
2020-06-10,16.724624633789062
2020-06-11,15.699501991271973
2020-06-12,15.871220588684082
2020-06-15,15.871220588684082
2020-06-16,16.016925811767578
2020-06-17,15.746339797973633
2020-06-18,15.793166160583496
2020-06-19,15.772355079650879
2020-06-22,15.668279647827148
2020-06-23,15.741129875183105
2020-06-24,15.309226036071777
2020-06-25,15.465331077575684
2020-06-26,15.132299423217773
2020-06-29,15.56420612335205
2020-06-30,15.73072338104248
2020-07-01,15.559003829956055
2020-07-02,15.652668952941895
2020-07-06,15.866021156311035
2020-07-07,15.777552604675293
2020-07-08,15.850406646728516
2020-07-09,15.727147102355957
2020-07-10,16.041261672973633
2020-07-13,15.844271659851074
2020-07-14,15.950759887695312
2020-07-15,15.977375984191895
2020-07-16,16.1796932220459
2020-07-17,16.105148315429688
2020-07-20,15.892189979553223
2020-07-21,16.105148315429688
2020-07-22,16.057233810424805
2020-07-23,15.91881275177002
2020-07-24,15.743119239807129
2020-07-27,15.59404468536377
2020-07-28,15.8070068359375
2020-07-29,15.73779296875
2020-07-30,15.743119239807129
2020-07-31,15.74844741821289
2020-08-03,15.769737243652344
2020-08-04,15.977375984191895
2020-08-05,15.892189979553223
2020-08-06,15.886865615844727
2020-08-07,15.98270034790039
2020-08-10,16.078535079956055
2020-08-11,16.078535079956055
2020-08-12,16.067882537841797
2020-08-13,15.924137115478516
2020-08-14,15.977375984191895
2020-08-17,15.892189979553223
2020-08-18,15.860243797302246
2020-08-19,15.828304290771484
2020-08-20,15.796361923217773
2020-08-21,15.8070068359375
2020-08-24,15.988022804260254
2020-08-25,15.91881275177002
2020-08-26,15.96672534942627
2020-08-27,15.91881275177002
2020-08-28,15.99334716796875
2020-08-31,15.870894432067871
2020-09-01,15.689878463745117
2020-09-02,15.812329292297363
2020-09-03,15.753767967224121
2020-09-04,15.663257598876953
2020-09-08,15.711174011230469
2020-09-09,15.636636734008789
2020-09-10,15.391729354858398
2020-09-11,15.43964672088623
2020-09-14,15.51418685913086
2020-09-15,15.5035400390625
2020-09-16,15.567424774169922
2020-09-17,15.476917266845703
2020-09-18,15.40238094329834
2020-09-21,15.24266242980957
2020-09-22,15.178775787353516
2020-09-23,14.838035583496094
2020-09-24,14.928543090820312
2020-09-25,14.928543090820312
2020-09-28,15.109562873840332
2020-09-29,15.066963195800781
2020-09-30,15.178775787353516
2020-10-01,15.16812515258789
2020-10-02,15.269282341003418
2020-10-05,15.263957023620605
2020-10-06,15.28525161743164
2020-10-07,15.333169937133789
2020-10-08,15.605059623718262
2020-10-09,15.446882247924805
2020-10-12,15.34324836730957
2020-10-13,15.135981559753418
2020-10-14,14.99416732788086
2020-10-15,14.972344398498535
2020-10-16,14.906895637512207
2020-10-19,14.661449432373047
2020-10-20,14.595993995666504
2020-10-21,14.574173927307129
2020-10-22,15.42506217956543
2020-10-23,15.174161911010742
2020-10-26,14.934167861938477
2020-10-27,14.683267593383789
2020-10-28,14.454182624816895
2020-10-29,14.595993995666504
2020-10-30,14.737813949584961
2020-11-02,14.912353515625
2020-11-03,14.977802276611328
2020-11-04,14.74871826171875
2020-11-05,15.005074501037598
2020-11-06,14.966897010803223
2020-11-09,15.4359712600708
2020-11-10,15.735965728759766
2020-11-11,15.670512199401855
2020-11-12,15.512336730957031
2020-11-13,15.768691062927246
2020-11-16,15.80141830444336
2020-11-17,15.834142684936523
2020-11-18,15.610512733459473
2020-11-19,15.42506217956543
2020-11-20,15.446882247924805
2020-11-23,15.610512733459473
2020-11-24,15.943231582641602
2020-11-25,15.812329292297363
2020-11-27,15.834142684936523
2020-11-30,15.681421279907227
2020-12-01,15.746871948242188
2020-12-02,15.866869926452637
2020-12-03,15.943231582641602
2020-12-04,16.11231803894043
2020-12-07,16.1668643951416
2020-12-08,16.80503273010254
2020-12-09,17.159570693969727
2020-12-10,16.739580154418945
2020-12-11,16.914119720458984
2020-12-14,16.66321563720703
2020-12-15,16.679574966430664
2020-12-16,16.521404266357422
2020-12-17,16.15595817565918
2020-12-18,16.03595733642578
2020-12-21,15.823235511779785
2020-12-22,15.490513801574707
2020-12-23,15.681421279907227
2020-12-24,15.648695945739746
2020-12-28,15.57233715057373
2020-12-29,15.566877365112305
2020-12-30,15.539608001708984
2020-12-31,15.686878204345703
2021-01-04,16.057775497436523
2021-01-05,15.959598541259766
2021-01-06,16.27049446105957
2021-01-07,16.314136505126953
2021-01-08,16.201627731323242
2021-01-11,16.11787986755371
2021-01-12,16.050884246826172
2021-01-13,15.972726821899414
2021-01-14,16.35236930847168
2021-01-15,16.285367965698242
2021-01-19,16.16254425048828
2021-01-20,16.168127059936523
2021-01-21,16.095552444458008
2021-01-22,16.151378631591797
2021-01-25,16.251867294311523
2021-01-26,16.609182357788086
2021-01-27,16.26862335205078
2021-01-28,16.078800201416016
2021-01-29,15.983892440795898
2021-02-01,15.995062828063965
2021-02-02,15.93364429473877
2021-02-03,15.916901588439941
2021-02-04,16.129047393798828
2021-02-05,16.151378631591797
2021-02-08,16.06205177307129
2021-02-09,15.978306770324707
2021-02-10,15.939229965209961
2021-02-11,16.01738929748535
2021-02-12,16.078800201416016
2021-02-16,16.173707962036133
2021-02-17,16.50868797302246
2021-02-18,16.31886863708496
2021-02-19,16.190460205078125
2021-02-22,16.369108200073242
2021-02-23,16.29095458984375
2021-02-24,16.40261459350586
2021-02-25,15.983892440795898
2021-02-26,15.570758819580078
2021-03-01,15.682413101196289
2021-03-02,15.75499153137207
2021-03-03,16.034141540527344
2021-03-04,16.145797729492188
2021-03-05,16.536602020263672
2021-03-08,16.743165969848633
2021-03-09,16.54776954650879
2021-03-10,16.743165969848633
2021-03-11,16.49193572998047
2021-03-12,16.642677307128906
2021-03-15,16.709674835205078
2021-03-16,16.743165969848633
2021-03-17,16.832490921020508
2021-03-18,16.754335403442383
2021-03-19,16.614765167236328
2021-03-22,16.743165969848633
2021-03-23,16.74875259399414
2021-03-24,16.743165969848633
2021-03-25,16.79341697692871
2021-03-26,16.921823501586914
2021-03-29,17.061397552490234
2021-03-30,17.156309127807617
2021-03-31,16.89948844909668
2021-04-01,17.011150360107422
2021-04-05,17.1451416015625
2021-04-06,17.295879364013672
2021-04-07,17.267963409423828
2021-04-08,17.130056381225586
2021-04-09,17.15289306640625
2021-04-12,17.107213973999023
2021-04-13,16.91878318786621
2021-04-14,16.97588539123535
2021-04-15,16.987308502197266
2021-04-16,17.101505279541016
2021-04-19,17.12434196472168
2021-04-20,17.067243576049805
2021-04-21,17.1928653717041
2021-04-22,17.9066162109375
2021-04-23,17.929454803466797
2021-04-26,17.6496639251709
2021-04-27,17.569725036621094
2021-04-28,17.6782169342041
2021-04-29,17.89519691467285
2021-04-30,17.93516731262207
2021-05-03,17.98655891418457
2021-05-04,18.283477783203125
2021-05-05,18.289186477661133
2021-05-06,18.506168365478516
2021-05-07,18.363418579101562
2021-05-10,18.631793975830078
2021-05-11,18.420522689819336
2021-05-12,18.254928588867188
2021-05-13,18.3919677734375
2021-05-14,18.409099578857422
2021-05-17,17.912328720092773
2021-05-18,16.873106002807617
2021-05-19,16.536211013793945
2021-05-20,16.924497604370117
2021-05-21,17.135765075683594
2021-05-24,16.987308502197266
2021-05-25,16.855974197387695
2021-05-26,16.873106002807617
2021-05-27,16.964466094970703
2021-05-28,16.804582595825195
2021-06-01,16.74176788330078
2021-06-02,16.907363891601562
2021-06-03,16.690383911132812
2021-06-04,16.71322250366211
2021-06-07,16.604734420776367
2021-06-08,16.547632217407227
2021-06-09,16.564760208129883
2021-06-10,16.661834716796875
2021-06-11,16.74176788330078
2021-06-14,16.610441207885742
2021-06-15,16.71893310546875
2021-06-16,16.593311309814453
2021-06-17,16.41059684753418
2021-06-18,16.359207153320312
2021-06-21,16.519081115722656
2021-06-22,16.43343162536621
2021-06-23,16.359207153320312
2021-06-24,16.43914031982422
2021-06-25,16.49624252319336
2021-06-28,16.43343162536621
2021-06-29,16.364912033081055
2021-06-30,16.43343162536621
2021-07-01,16.621858596801758
2021-07-02,16.690383911132812
2021-07-06,16.57047462463379
2021-07-07,16.519081115722656
2021-07-08,16.48309898376465
2021-07-09,16.641029357910156
2021-07-12,16.658573150634766
2021-07-13,16.535741806030273
2021-07-14,16.529890060424805
2021-07-15,16.629329681396484
2021-07-16,16.576688766479492
2021-07-19,16.254980087280273
2021-07-20,16.325164794921875
2021-07-21,16.31932258605957
2021-07-22,16.38365936279297
2021-07-23,16.465551376342773
2021-07-26,16.48309898376465
2021-07-27,16.49479866027832
2021-07-28,16.38365936279297
2021-07-29,16.547439575195312
2021-07-30,16.407060623168945
2021-08-02,16.442153930664062
2021-08-03,16.488948822021484
2021-08-04,16.290071487426758
2021-08-05,16.342716217041016
2021-08-06,16.354415893554688
2021-08-09,16.290071487426758
2021-08-10,16.43045425415039
2021-08-11,16.47140121459961
2021-08-12,16.389509201049805
2021-08-13,16.488948822021484
2021-08-16,16.49479866027832
2021-08-17,16.488948822021484
2021-08-18,16.278371810913086
2021-08-19,16.10289764404297
2021-08-20,16.126298904418945
2021-08-23,16.0970516204834
2021-08-24,16.056102752685547
2021-08-25,16.044408798217773
2021-08-26,15.80458927154541
2021-08-27,15.868928909301758
2021-08-30,15.927422523498535
2021-08-31,16.038557052612305
2021-09-01,15.90402603149414
2021-09-02,16.167238235473633
2021-09-03,16.120447158813477
2021-09-07,16.038557052612305
2021-09-08,16.143840789794922
2021-09-09,16.038557052612305
2021-09-10,15.898172378540039
2021-09-13,16.0970516204834
2021-09-14,15.98591136932373
2021-09-15,16.126298904418945
2021-09-16,16.143840789794922
2021-09-17,16.10289764404297
2021-09-20,15.915726661682129
2021-09-21,15.769495010375977
2021-09-22,15.798741340637207
2021-09-23,15.90402603149414
2021-09-24,15.868928909301758
2021-09-27,16.026857376098633
2021-09-28,15.933269500732422
2021-09-29,16.026857376098633
2021-09-30,15.798741340637207
2021-10-01,15.886479377746582
2021-10-04,15.939125061035156
2021-10-05,15.997612953186035
2021-10-06,15.974212646484375
2021-10-07,16.25533103942871
2021-10-08,16.063310623168945
2021-10-11,15.619274139404297
2021-10-12,15.259245872497559
2021-10-13,15.181238174438477
2021-10-14,15.373251914978027
2021-10-15,15.421259880065918
2021-10-18,15.199238777160645
2021-10-19,15.35525131225586
2021-10-20,15.54726791381836
2021-10-21,15.45726203918457
2021-10-22,15.295246124267578
2021-10-25,15.38525390625
2021-10-26,15.22323989868164
2021-10-27,15.037223815917969
2021-10-28,15.331254005432129
2021-10-29,15.157240867614746
2021-11-01,15.22323989868164
2021-11-02,15.139236450195312
2021-11-03,15.109234809875488
2021-11-04,14.881214141845703
2021-11-05,15.06123161315918
2021-11-08,14.929218292236328
2021-11-09,14.827208518981934
2021-11-10,14.971220016479492
2021-11-11,14.953222274780273
2021-11-12,14.96522331237793
2021-11-15,14.881214141845703
2021-11-16,14.797207832336426
2021-11-17,14.797207832336426
2021-11-18,14.63519287109375
2021-11-19,14.479182243347168
2021-11-22,14.821210861206055
2021-11-23,14.857211112976074
2021-11-24,14.683197975158691
2021-11-26,14.533185958862305
2021-11-29,14.33517074584961
2021-11-30,13.699118614196777
2021-12-01,13.339085578918457
2021-12-02,13.831128120422363
2021-12-03,14.0771484375
2021-12-06,13.969141006469727
2021-12-07,13.849130630493164
2021-12-08,13.903133392333984
2021-12-09,13.76512622833252
2021-12-10,13.705120086669922
2021-12-13,13.46510124206543
2021-12-14,13.375091552734375
2021-12-15,13.303086280822754
2021-12-16,14.227163314819336
2021-12-17,14.2691650390625
2021-12-20,14.515185356140137
2021-12-21,14.683197975158691
2021-12-22,14.869214057922363
2021-12-23,14.923216819763184
2021-12-27,14.869214057922363
2021-12-28,14.893218040466309
2021-12-29,14.78520679473877
2021-12-30,14.869214057922363
2021-12-31,14.761202812194824
2022-01-03,15.259245872497559
2022-01-04,15.38525390625
2022-01-05,15.727287292480469
2022-01-06,15.667278289794922
2022-01-07,16.20252227783203
2022-01-10,16.307292938232422
2022-01-11,16.23333740234375
2022-01-12,16.30112648010254
2022-01-13,16.51683807373047
2022-01-14,16.751028060913086
2022-01-18,16.83115005493164
2022-01-19,16.81266212463379
2022-01-20,16.652420043945312
2022-01-21,16.399736404418945
2022-01-24,16.23333740234375
2022-01-25,16.319622039794922
2022-01-26,14.945269584655762
2022-01-27,14.865152359008789
2022-01-28,15.536918640136719
2022-01-31,15.715644836425781
2022-02-01,15.050044059753418
2022-02-02,15.123997688293457
2022-02-03,15.136323928833008
2022-02-04,14.840498924255371
2022-02-07,14.748053550720215
2022-02-08,14.754217147827148
2022-02-09,15.099347114562988
2022-02-10,14.945269584655762
2022-02-11,14.87131404876709
2022-02-14,14.82201099395752
2022-02-15,15.000738143920898
2022-02-16,14.754217147827148
2022-02-17,14.643284797668457
2022-02-18,14.711078643798828
2022-02-22,14.63712215423584
2022-02-23,14.489208221435547
2022-02-24,14.316643714904785
2022-02-25,14.735725402832031
2022-02-28,14.600144386291504
2022-03-01,14.501533508300781
2022-03-02,14.680262565612793
2022-03-03,14.735725402832031
2022-03-04,14.711078643798828
2022-03-07,14.5261869430542
2022-03-08,14.174897193908691
2022-03-09,14.335134506225586
2022-03-10,14.291994094848633
2022-03-11,14.291994094848633
2022-03-14,14.107102394104004
2022-03-15,14.230363845825195
2022-03-16,14.291994094848633
2022-03-17,14.291994094848633
2022-03-18,14.310483932495117
2022-03-21,14.273503303527832
2022-03-22,14.304316520690918
2022-03-23,14.304316520690918
2022-03-24,14.378273010253906
2022-03-25,14.692588806152344
2022-03-28,14.711078643798828
2022-03-29,14.7850341796875
2022-03-30,14.877474784851074
2022-03-31,14.563163757324219
2022-04-01,14.778870582580566
2022-04-04,14.902132034301758
2022-04-05,14.723402976989746
2022-04-06,14.809684753417969
2022-04-07,14.624792098999023
2022-04-08,14.877474784851074
2022-04-11,16.017709732055664
2022-04-12,15.960586547851562
2022-04-13,16.07481575012207
2022-04-14,16.174148559570312
2022-04-18,16.107925415039062
2022-04-19,16.13275718688965
2022-04-20,16.08309555053711
2022-04-21,16.72873306274414
2022-04-22,16.157590866088867
2022-04-25,16.149316787719727
2022-04-26,15.975488662719727
2022-04-27,15.785106658935547
2022-04-28,16.07481575012207
2022-04-29,15.611279487609863
2022-05-02,15.826491355895996
2022-05-03,16.000322341918945
2022-05-04,16.51352310180664
2022-05-05,16.51352310180664
2022-05-06,16.579744338989258
2022-05-09,16.18242645263672
2022-05-10,16.02515411376953
2022-05-11,16.08309555053711
2022-05-12,16.323139190673828
2022-05-13,16.42247200012207
2022-05-16,16.78667640686035
2022-05-17,17.026723861694336
2022-05-18,16.745288848876953
2022-05-19,16.72873306274414
2022-05-20,16.88600730895996
2022-05-23,17.16744041442871
2022-05-24,17.515094757080078
2022-05-25,17.630977630615234
2022-05-26,17.64753532409668
2022-05-27,17.62270164489746
2022-05-31,17.62270164489746
2022-06-01,17.564756393432617
2022-06-02,17.539926528930664
2022-06-03,17.299880981445312
2022-06-06,17.332990646362305
2022-06-07,17.498538970947266
2022-06-08,17.424041748046875
2022-06-09,17.283323287963867
2022-06-10,17.126052856445312
2022-06-13,16.35624885559082
2022-06-14,16.09964942932129
2022-06-15,16.09136962890625
2022-06-16,15.694053649902344
2022-06-17,16.041706085205078
2022-06-21,16.521799087524414
2022-06-22,16.819786071777344
2022-06-23,17.059833526611328
2022-06-24,17.37437629699707
2022-06-27,17.200550079345703
2022-06-28,17.059833526611328
2022-06-29,17.341270446777344
2022-06-30,17.34954261779785
2022-07-01,17.639253616333008
2022-07-05,17.523372650146484
2022-07-06,17.457149505615234
2022-07-07,17.50681495666504
2022-07-08,17.446428298950195
2022-07-11,17.328994750976562
2022-07-12,17.27867317199707
2022-07-13,17.152854919433594
2022-07-14,17.052204132080078
2022-07-15,17.253507614135742
2022-07-18,17.219959259033203
2022-07-19,17.446428298950195
2022-07-20,17.17801856994629
2022-07-21,15.869536399841309
2022-07-22,15.433374404907227
2022-07-25,15.542418479919434
2022-07-26,15.349499702453613
2022-07-27,15.42498779296875
2022-07-28,15.584354400634766
2022-07-29,15.752110481262207
2022-08-01,15.710169792175293
2022-08-02,15.399824142456055
2022-08-03,15.408210754394531
2022-08-04,15.32433795928955
2022-08-05,15.391438484191895
2022-08-08,15.09786605834961
2022-08-09,15.181742668151855
2022-08-10,15.106256484985352
2022-08-11,15.131417274475098
2022-08-12,15.32433795928955
2022-08-15,15.42498779296875
2022-08-16,15.575967788696289
2022-08-17,15.450149536132812
2022-08-18,15.458539009094238
2022-08-19,15.458539009094238
2022-08-22,15.2069091796875
2022-08-23,15.148193359375
2022-08-24,15.106256484985352
2022-08-25,15.173356056213379
2022-08-26,15.005602836608887
2022-08-29,14.913335800170898
2022-08-30,14.946887969970703
2022-08-31,14.71203327178955
2022-09-01,14.678482055664062
2022-09-02,14.418464660644531
2022-09-06,14.082955360412598
2022-09-07,14.15005874633789
2022-09-08,14.066179275512695
2022-09-09,14.284259796142578
2022-09-12,14.577828407287598
2022-09-13,14.116504669189453
2022-09-14,14.066179275512695
2022-09-15,14.057792663574219
2022-09-16,14.041016578674316
2022-09-19,14.057792663574219
2022-09-20,13.89003849029541
2022-09-21,13.630019187927246
2022-09-22,13.62162971496582
2022-09-23,13.42871379852295
2022-09-26,13.143532752990723
2022-09-27,13.193857192993164
2022-09-28,13.277734756469727
2022-09-29,13.026104927062988
2022-09-30,12.866737365722656
2022-10-03,13.336448669433594
2022-10-04,13.495814323425293
2022-10-05,13.361613273620605
2022-10-06,13.078194618225098
2022-10-07,12.753802299499512
2022-10-10,12.71965503692627
2022-10-11,12.642823219299316
2022-10-12,12.489164352416992
2022-10-13,12.907461166381836
2022-10-14,12.796483993530273
2022-10-17,13.069659233093262
2022-10-18,13.317222595214844
2022-10-19,13.266002655029297
2022-10-20,14.290403366088867
2022-10-21,14.597724914550781
2022-10-24,14.947729110717773
2022-10-25,15.101388931274414
2022-10-26,15.4855375289917
2022-10-27,15.391636848449707
2022-10-28,15.775785446166992
2022-10-31,15.56236743927002
2022-11-01,15.664810180664062
2022-11-02,15.733102798461914
2022-11-03,15.511150360107422
2022-11-04,15.639201164245605
2022-11-07,15.673344612121582
2022-11-08,15.852617263793945
2022-11-09,15.690417289733887
2022-11-10,16.083105087280273
2022-11-11,16.262374877929688
2022-11-14,16.270915985107422
2022-11-15,16.23676872253418
2022-11-16,16.159936904907227
2022-11-17,16.17700958251953
2022-11-18,16.19408416748047
2022-11-21,16.083105087280273
2022-11-22,16.219694137573242
2022-11-23,16.29652214050293
2022-11-25,16.32213592529297
2022-11-28,16.0660343170166
2022-11-29,16.228229522705078
2022-11-30,16.458721160888672
2022-12-01,16.38188934326172
2022-12-02,16.23676872253418
2022-12-05,16.006277084350586
2022-12-06,16.364816665649414
2022-12-07,16.47579002380371
2022-12-08,16.32213592529297
2022-12-09,16.29652214050293
2022-12-12,16.47579002380371
2022-12-13,16.32213592529297
2022-12-14,16.134326934814453
2022-12-15,15.767248153686523
2022-12-16,15.784320831298828
2022-12-19,15.246513366699219
2022-12-20,15.425783157348633
2022-12-21,15.494073867797852
2022-12-22,15.596516609191895
2022-12-23,15.63066291809082
2022-12-27,15.758710861206055
2022-12-28,15.553829193115234
2022-12-29,15.750175476074219
2022-12-30,15.71602725982666
2023-01-03,15.997739791870117
2023-01-04,16.339202880859375
2023-01-05,16.39896583557129
2023-01-06,16.67213249206543
2023-01-09,16.48854637145996
2023-01-10,16.86092185974121
2023-01-11,16.8089656829834
2023-01-12,16.8089656829834
2023-01-13,16.930204391479492
2023-01-17,16.739683151245117
2023-01-18,16.471223831176758
2023-01-19,16.401948928833008
2023-01-20,16.653085708618164
2023-01-23,16.54050636291504
2023-01-24,16.59246826171875
2023-01-25,17.683618545532227
2023-01-26,17.319902420043945
2023-01-27,17.276599884033203
2023-01-30,17.45846176147461
2023-01-31,17.640321731567383
2023-02-01,17.47578239440918
2023-02-02,17.5623779296875
2023-02-03,17.17268180847168
2023-02-06,16.95618438720703
2023-02-07,16.670406341552734
2023-02-08,16.59246826171875
2023-02-09,16.42792510986328
2023-02-10,16.514524459838867
2023-02-13,16.67906379699707
2023-02-14,16.58380699157715
2023-02-15,16.670406341552734
2023-02-16,16.67906379699707
2023-02-17,16.834945678710938
2023-02-21,16.635765075683594
2023-02-22,16.782983779907227
2023-02-23,16.757003784179688
2023-02-24,16.661745071411133
2023-02-27,16.47988510131836
2023-02-28,16.375965118408203
2023-03-01,16.159469604492188
2023-03-02,16.159469604492188
2023-03-03,16.28936767578125
2023-03-06,16.254728317260742
2023-03-07,16.20276641845703
2023-03-08,16.116167068481445
2023-03-09,15.865028381347656
2023-03-10,15.960290908813477
2023-03-13,15.847711563110352
2023-03-14,15.968948364257812
2023-03-15,15.856369018554688
2023-03-16,15.925652503967285
2023-03-17,15.700488090515137
2023-03-20,16.012248992919922
2023-03-21,16.0555477142334
2023-03-22,15.925652503967285
2023-03-23,15.98626708984375
2023-03-24,16.116167068481445
2023-03-27,16.341325759887695
2023-03-28,16.21142578125
2023-03-29,16.453903198242188
2023-03-30,16.52318572998047
2023-03-31,16.670406341552734
2023-04-03,16.791641235351562
2023-04-04,17.008140563964844
2023-04-05,17.215980529785156
2023-04-06,17.258136749267578
2023-04-10,17.18787384033203
2023-04-11,17.293270111083984
2023-04-12,17.3635311126709
2023-04-13,17.530406951904297
2023-04-14,17.50405502319336
2023-04-17,17.381099700927734
2023-04-18,17.40744400024414
2023-04-19,17.302053451538086
2023-04-20,15.501585006713867
2023-04-21,16.002201080322266
2023-04-24,15.396191596984863
2023-04-25,15.378626823425293
2023-04-26,15.106359481811523
2023-04-27,15.466455459594727
2023-04-28,15.51915168762207
2023-05-01,15.369845390319824
2023-05-02,14.992183685302734
2023-05-03,15.009749412536621
2023-05-04,14.851661682128906
2023-05-05,15.044879913330078
2023-05-08,15.036099433898926
2023-05-09,14.948269844055176
2023-05-10,14.965838432312012
2023-05-11,14.895573616027832
2023-05-12,14.957056045532227
2023-05-15,14.88679313659668
2023-05-16,14.517914772033691
2023-05-17,14.63209056854248
2023-05-18,14.535482406616211
2023-05-19,14.324692726135254
2023-05-22,14.386174201965332
2023-05-23,14.14025592803955
2023-05-24,14.008516311645508
2023-05-25,13.305893898010254
2023-05-26,13.613289833068848
2023-05-30,13.736248970031738
2023-05-31,13.81529426574707
2023-06-01,13.8855562210083
2023-06-02,13.358591079711914
2023-06-05,13.516678810119629
2023-06-06,13.762598037719727
2023-06-07,14.14025592803955
2023-06-08,14.113908767700195
2023-06-09,14.008516311645508
2023-06-12,13.990949630737305
2023-06-13,13.894338607788086
2023-06-14,13.911904335021973
2023-06-15,14.078779220581055
2023-06-16,14.105124473571777
2023-06-20,13.859208106994629
2023-06-21,13.709900856018066
2023-06-22,13.683551788330078
2023-06-23,13.569375991821289
2023-06-26,13.727466583251953
2023-06-27,13.911904335021973
2023-06-28,13.859208106994629
2023-06-29,14.034863471984863
2023-06-30,14.008516311645508
2023-07-03,14.15782356262207
2023-07-05,14.113908767700195
2023-07-06,13.938252449035645
2023-07-07,13.95434284210205
2023-07-10,13.650404930114746
2023-07-11,13.614646911621094
2023-07-12,13.516315460205078
2023-07-13,13.516315460205078
2023-07-14,12.962076187133789
2023-07-17,12.094956398010254
2023-07-18,12.023441314697266
2023-07-19,13.04252815246582
2023-07-20,13.10510540008545
2023-07-21,13.194498062133789
2023-07-24,13.364344596862793
2023-07-25,13.230256080627441
2023-07-26,13.310710906982422
2023-07-27,12.971013069152832
2023-07-28,12.917377471923828
2023-07-31,12.979952812194824
2023-08-01,12.783287048339844
2023-08-02,12.827984809875488
2023-08-03,12.595561981201172
2023-08-04,12.515105247497559
2023-08-07,12.524045944213867
2023-08-08,12.676015853881836
2023-08-09,12.7564697265625
2023-08-10,12.667075157165527
2023-08-11,12.845861434936523
2023-08-14,12.747529983520508
2023-08-15,12.6402587890625
2023-08-16,12.604499816894531
2023-08-17,12.524045944213867
2023-08-18,12.559803009033203
2023-08-21,12.604499816894531
2023-08-22,12.747529983520508
2023-08-23,12.658137321472168
2023-08-24,12.64919662475586
2023-08-25,12.613439559936523
2023-08-28,12.702832221984863
2023-08-29,13.203438758850098
2023-08-30,13.167678833007812
2023-08-31,13.221315383911133
2023-09-01,13.096162796020508
2023-09-05,12.944195747375488
2023-09-06,13.060406684875488
2023-09-07,13.060406684875488
2023-09-08,12.8726806640625
2023-09-11,12.979952812194824
2023-09-12,12.926318168640137
2023-09-13,13.069347381591797
2023-09-14,13.462678909301758
2023-09-15,13.614646911621094
2023-09-18,13.489496231079102
2023-09-19,13.596769332885742
2023-09-20,13.90070629119873
2023-09-21,13.686162948608398
2023-09-22,13.516315460205078
2023-09-25,13.462678909301758
2023-09-26,13.426921844482422
2023-09-27,13.292831420898438
2023-09-28,13.417983055114746
2023-09-29,13.426921844482422
2023-10-02,13.114044189453125
2023-10-03,13.21237850189209
2023-10-04,13.096162796020508
2023-10-05,13.257074356079102
2023-10-06,13.16415023803711
2023-10-09,13.419232368469238
2023-10-10,13.628767013549805
2023-10-11,13.45567512512207
2023-10-12,13.16415023803711
2023-10-13,13.082158088684082
2023-10-16,13.127710342407227
2023-10-17,13.282581329345703
2023-10-18,13.045716285705566
2023-10-19,13.902070045471191
2023-10-20,14.011392593383789
2023-10-23,13.619658470153809
2023-10-24,14.148043632507324
2023-10-25,13.838298797607422
2023-10-26,13.774529457092285
2023-10-27,13.501225471496582
2023-10-30,13.902070045471191
2023-10-31,14.02961254119873
2023-11-01,14.193596839904785
2023-11-02,14.330246925354004
2023-11-03,14.466899871826172
2023-11-06,14.348468780517578
2023-11-07,14.430459022521973
2023-11-08,14.257365226745605
2023-11-09,14.239147186279297
2023-11-10,14.24825668334961
2023-11-13,14.193596839904785
2023-11-14,14.239147186279297
2023-11-15,14.357579231262207
2023-11-16,14.466899871826172
2023-11-17,14.485118865966797
2023-11-20,14.66732406616211
2023-11-21,14.749314308166504
2023-11-22,14.731094360351562
2023-11-24,14.767534255981445
2023-11-27,14.767534255981445
2023-11-28,14.740204811096191
2023-11-29,14.84952449798584
2023-11-30,15.095500946044922
2023-12-01,15.26859188079834
2023-12-04,15.177489280700684
2023-12-05,15.687658309936523
2023-12-06,15.432575225830078
2023-12-07,15.569230079650879
2023-12-08,15.414353370666504
2023-12-11,15.141050338745117
2023-12-12,14.949736595153809
2023-12-13,14.986178398132324
2023-12-14,15.168380737304688
2023-12-15,15.049948692321777
2023-12-18,14.995285987854004
2023-12-19,15.131939888000488
2023-12-20,14.94062614440918
2023-12-21,15.02261734008789
2023-12-22,15.077278137207031
2023-12-26,15.095500946044922
2023-12-27,15.104609489440918
2023-12-28,15.250371932983398
2023-12-29,15.286812782287598
2024-01-02,15.714987754821777
2024-01-03,15.696770668029785
2024-01-04,15.62388801574707
2024-01-05,15.915409088134766
2024-01-08,15.77876091003418
2024-01-09,15.69357967376709
2024-01-10,15.619510650634766
2024-01-11,15.026947975158691
2024-01-12,15.258419036865234
2024-01-16,15.221384048461914
2024-01-17,15.19360637664795
2024-01-18,15.184347152709961
2024-01-19,15.434333801269531
2024-01-22,15.554696083068848
2024-01-23,15.915791511535645
2024-01-24,15.443594932556152
2024-01-25,15.906530380249023
2024-01-26,16.00837516784668
2024-01-29,15.971341133117676
2024-01-30,16.2305850982666
2024-01-31,16.37872886657715
2024-02-01,16.70278549194336
2024-02-02,16.50834846496582
2024-02-05,16.415761947631836
2024-02-06,16.304656982421875
2024-02-07,16.04541015625
2024-02-08,15.57321548461914
2024-02-09,15.591733932495117
2024-02-12,15.758390426635742
2024-02-13,15.647285461425781
2024-02-14,15.656545639038086
2024-02-15,15.82320499420166
2024-02-16,15.712096214294434
2024-02-20,15.656545639038086
2024-02-21,15.739873886108398
2024-02-22,15.360265731811523
2024-02-23,15.554696083068848
2024-02-26,15.369523048400879
2024-02-27,15.582474708557129
2024-02-28,15.702836036682129
2024-02-29,15.675061225891113
2024-03-01,15.721355438232422
2024-03-04,15.554696083068848
2024-03-05,15.897273063659668
2024-03-06,15.906530380249023
2024-03-07,15.786164283752441
2024-03-08,15.925046920776367
2024-03-11,16.04541015625
2024-03-12,15.925046920776367
2024-03-13,15.915791511535645
2024-03-14,15.74913215637207
2024-03-15,15.786164283752441
2024-03-18,16.01763343811035
2024-03-19,15.897273063659668
2024-03-20,15.934306144714355
2024-03-21,15.88801383972168
2024-03-22,15.721355438232422
2024-03-25,15.850976943969727
2024-03-26,15.906530380249023
2024-03-27,16.249101638793945
2024-03-28,16.295400619506836
2024-04-01,16.20281410217285
2024-04-02,16.221330642700195
2024-04-03,16.304656982421875
2024-04-04,16.267621994018555
2024-04-05,16.128740310668945
2024-04-08,15.971341133117676
2024-04-09,15.90358829498291
2024-04-10,15.743610382080078
2024-04-11,15.451889038085938
2024-04-12,15.348373413085938
2024-04-15,15.282499313354492
2024-04-16,15.141345024108887
2024-04-17,15.169576644897461
2024-04-18,15.367195129394531
2024-04-19,15.536581039428711
2024-04-22,15.348373413085938
2024-04-23,15.527172088623047
2024-04-24,15.81889533996582
2024-04-25,15.60245418548584
2024-04-26,15.762432098388672
2024-04-29,16.016511917114258
2024-04-30,15.894177436828613
2024-05-01,15.922406196594238
2024-05-02,15.828303337097168
2024-05-03,15.856536865234375
2024-05-06,15.988280296325684
2024-05-07,16.072975158691406
2024-05-08,16.101205825805664
2024-05-09,16.167078018188477
2024-05-10,16.157669067382812
2024-05-13,16.24236297607422
2024-05-14,16.280000686645508
2024-05-15,16.3082332611084
2024-05-16,16.280000686645508
2024-05-17,16.37410545349121
2024-05-20,16.48703384399414
2024-05-21,16.251771926879883
2024-05-22,16.468212127685547
2024-05-23,16.439979553222656
2024-05-24,16.468212127685547
2024-05-28,16.251771926879883
2024-05-29,16.110614776611328
2024-05-30,16.58113670349121
2024-05-31,17.1457576751709
2024-06-03,16.948143005371094
2024-06-04,17.268095016479492
2024-06-05,17.221044540405273
2024-06-06,17.202224731445312
2024-06-07,17.032835006713867
2024-06-10,16.806987762451172
2024-06-11,16.806987762451172
2024-06-12,16.571727752685547
2024-06-13,16.628189086914062
2024-06-14,16.599956512451172
2024-06-17,16.628189086914062
2024-06-18,16.985782623291016
2024-06-20,17.042245864868164
2024-06-21,17.315149307250977
2024-06-24,17.55040740966797
2024-06-25,17.588050842285156
2024-06-26,17.65392303466797
2024-06-27,17.644512176513672
2024-06-28,17.983285903930664
2024-07-01,17.860950469970703
2024-07-02,17.710386276245117
2024-07-03,17.57863998413086
2024-07-05,17.663333892822266
2024-07-08,17.70097541809082
2024-07-09,17.691564559936523
2024-07-10,17.899791717529297
2024-07-11,18.01441192626953
2024-07-12,17.966651916503906
2024-07-15,17.746965408325195
2024-07-16,18.004858016967773
2024-07-17,18.300960540771484
2024-07-18,18.29140853881836
2024-07-19,18.262754440307617
2024-07-22,17.718307495117188
2024-07-23,17.393552780151367
2024-07-24,18.300960540771484
2024-07-25,18.329614639282227
2024-07-26,18.157686233520508
2024-07-29,18.0526180267334
2024-07-30,18.129030227661133
2024-07-31,18.386926651000977
2024-08-01,18.597061157226562
2024-08-02,18.501544952392578
2024-08-05,18.06216812133789
2024-08-06,18.329614639282227
2024-08-07,18.386926651000977
2024-08-08,18.530200958251953
2024-08-09,18.616165161132812
2024-08-12,18.558855056762695
2024-08-13,18.644819259643555
2024-08-14,18.74988555908203
2024-08-15,18.234098434448242
2024-08-16,18.472890853881836
2024-08-19,18.616165161132812
2024-08-20,18.616165161132812
2024-08-21,18.663923263549805
2024-08-22,18.635269165039062
2024-08-23,18.84540367126465
2024-08-26,18.874059677124023
2024-08-27,18.768991470336914
2024-08-28,18.93136978149414
2024-08-29,18.874059677124023
2024-08-30,19.007781982421875
2024-09-03,19.514019012451172
2024-09-04,19.64774513244629
2024-09-05,19.72415542602539
2024-09-06,20.02980613708496
2024-09-09,20.536046981811523
2024-09-10,20.736629486083984
2024-09-11,20.4882869720459
2024-09-12,20.622011184692383
2024-09-13,20.669767379760742
2024-09-16,21.271522521972656
2024-09-17,20.80349349975586
2024-09-18,20.755733489990234
2024-09-19,20.402324676513672
2024-09-20,20.57425308227539
2024-09-23,20.5264949798584
2024-09-24,20.622011184692383
2024-09-25,20.59335708618164
2024-09-26,20.679323196411133
2024-09-27,20.918113708496094
2024-09-30,21.013628005981445
2024-10-01,21.137798309326172
2024-10-02,21.195110321044922
2024-10-03,21.061384201049805
2024-10-04,20.92766571044922
2024-10-07,20.80349349975586
2024-10-08,20.879905700683594
2024-10-09,20.946767807006836
2024-10-10,20.528839111328125
2024-10-11,20.673954010009766
2024-10-14,20.567535400390625
2024-10-15,20.80939292907715
2024-10-16,21.002878189086914
2024-10-17,21.022226333618164
2024-10-18,21.13831901550293
2024-10-21,20.954505920410156
2024-10-22,20.799718856811523
2024-10-23,21.757471084594727
2024-10-24,21.476919174194336
2024-10-25,21.118968963623047
2024-10-28,21.389848709106445
2024-10-29,21.457569122314453
2024-10-30,21.30278205871582
2024-10-31,21.805845260620117
2024-11-01,21.399526596069336
2024-11-04,21.206037521362305
2024-11-05,21.331804275512695
2024-11-06,21.59300994873047
2024-11-07,21.32213020324707
2024-11-08,21.61236000061035
2024-11-11,21.583335876464844
2024-11-12,21.428546905517578
2024-11-13,21.573659896850586
2024-11-14,21.52528953552246
2024-11-15,21.9412841796875
2024-11-18,22.241188049316406
2024-11-19,21.989654541015625
2024-11-20,22.086397171020508
2024-11-21,22.23151206970215
2024-11-22,22.424997329711914
2024-11-25,22.347604751586914
2024-11-26,22.33793067932129
2024-11-27,22.512067794799805
2024-11-29,22.405649185180664
2024-12-02,21.96063232421875
2024-12-03,22.966758728027344
2024-12-04,22.763599395751953
2024-12-05,23.0538272857666
2024-12-06,23.102197647094727
2024-12-09,22.608808517456055
2024-12-10,22.74424934387207
2024-12-11,22.715227127075195
2024-12-12,22.599136352539062
2024-12-13,22.860342025756836
2024-12-16,22.096073150634766
2024-12-17,22.086397171020508
2024-12-18,21.747798919677734
2024-12-19,21.83486557006836
2024-12-20,22.009004592895508
2024-12-23,22.096073150634766
2024-12-24,22.202489852905273
2024-12-26,22.2121639251709
2024-12-27,22.115421295166016
2024-12-30,21.873565673828125
2024-12-31,22.028352737426758
2025-01-02,22.086397171020508
2025-01-03,21.931608200073242
2025-01-06,21.863889694213867
2025-01-07,21.476919174194336
2025-01-08,21.457569122314453
2025-01-10,21.2498722076416
2025-01-13,21.122509002685547
2025-01-14,21.357637405395508
2025-01-15,21.46540641784668
2025-01-16,21.57317543029785
2025-01-17,21.837696075439453
2025-01-21,22.03363800048828
2025-01-22,21.86708641052246
2025-01-23,22.072826385498047
2025-01-24,22.258970260620117
2025-01-27,23.650156021118164
2025-01-28,23.90488052368164
2025-01-29,23.73832893371582
2025-01-30,23.532590866088867
2025-01-31,23.24847412109375
2025-02-03,23.757925033569336
2025-02-04,23.757925033569336
2025-02-05,23.973459243774414
2025-02-06,23.953866958618164
2025-02-07,24.04203987121582
2025-02-10,24.355546951293945
2025-02-11,24.639659881591797
2025-02-12,24.845401763916016
2025-02-13,25.109920501708984
2025-02-14,25.34505271911621
2025-02-18,25.540992736816406
2025-02-19,25.707542419433594
2025-02-20,25.619369506835938
2025-02-21,26.079833984375
2025-02-24,26.197397232055664
2025-02-25,26.109224319458008
2025-02-26,26.030845642089844
2025-02-27,26.354150772094727
2025-02-28,26.853801727294922
2025-03-03,27.15751075744629
2025-03-04,25.68794822692871
2025-03-05,25.648761749267578
2025-03-06,26.187599182128906
2025-03-07,26.569686889648438
2025-03-10,26.7264404296875
2025-03-11,25.482210159301758
2025-03-12,25.198095321655273
2025-03-13,25.56058692932129
2025-03-14,26.0406436920166
2025-03-17,26.285572052001953
2025-03-18,26.070035934448242
2025-03-19,26.29537010192871
2025-03-20,26.246383666992188
2025-03-21,26.471715927124023
2025-03-24,26.412933349609375
2025-03-25,26.755830764770508
2025-03-26,27.088930130004883
2025-03-27,27.627771377563477
2025-03-28,27.608177185058594
2025-03-31,27.706148147583008
2025-04-01,27.902088165283203
2025-04-02,27.568986892700195
2025-04-03,28.0196533203125
2025-04-04,26.09942626953125
2025-04-07,26.285572052001953
2025-04-08,25.8544979095459
2025-04-09,25.932876586914062
2025-04-10,26.128917694091797
2025-04-11,26.524961471557617
2025-04-14,26.930904388427734
2025-04-15,27.227935791015625
2025-04-16,26.752685546875
2025-04-17,26.881397247314453
2025-04-21,26.06951141357422
2025-04-22,26.69327735900879
2025-04-23,26.921003341674805
2025-04-24,27.257638931274414
2025-04-25,26.544761657714844
2025-04-28,26.990310668945312
2025-04-29,27.0299129486084
2025-04-30,27.42595863342285
2025-05-01,27.36655044555664
2025-05-02,27.336849212646484
2025-05-05,27.237836837768555
2025-05-06,27.881406784057617
2025-05-07,27.82200050354004
2025-05-08,27.198232650756836
2025-05-09,27.564573287963867
2025-05-12,26.74278450012207
2025-05-13,26.188323974609375
2025-05-14,26.178422927856445
2025-05-15,27.05961799621582
2025-05-16,27.445758819580078
2025-05-19,27.7427921295166
2025-05-20,27.50516700744629
2025-05-21,27.198232650756836
2025-05-22,26.960607528686523
2025-05-23,27.148727416992188
2025-05-27,27.1190242767334
2025-05-28,27.227935791015625
2025-05-29,27.10912322998047
2025-05-30,27.524967193603516
2025-06-02,27.653682708740234
2025-06-03,27.68338394165039
2025-06-04,27.08932113647461
2025-06-05,27.485363006591797
2025-06-06,27.80219841003418
2025-06-09,27.584375381469727
2025-06-10,28.13883399963379
2025-06-11,28.05962562561035
2025-06-12,27.990318298339844
2025-06-13,27.911109924316406
2025-06-16,27.69328498840332
2025-06-17,27.37645149230957
2025-06-18,27.3863525390625
2025-06-20,27.49526596069336
2025-06-23,27.921010971069336
2025-06-24,28.000219345092773
2025-06-25,27.643781661987305
2025-06-26,27.722990036010742
2025-06-27,27.80219841003418
2025-06-30,28.653690338134766
2025-07-01,28.594282150268555
2025-07-02,28.029922485351562
2025-07-03,28.07942771911621
2025-07-07,28.12893295288086
2025-07-08,28.010120391845703
2025-07-09,27.82200050354004
2025-07-10,27.6200008392334
2025-07-11,26.969999313354492
